type,price,timestamp,entry_price,pnl
OPEN_SHORT,3729.47,720,3729.47,0.0
CLOSE_SHORT,3718.69,725,3729.47,10.779999999999745
OPEN_LONG,3718.69,725,3718.69,0.0
CLOSE_LONG,3728.43,733,3718.69,9.739999999999782
OPEN_SHORT,3728.43,733,3728.43,0.0
CLOSE_SHORT,3750.4,754,3728.43,-21.970000000000255
OPEN_LONG,3750.4,754,3750.4,0.0
CLOSE_LONG,3754.59,766,3750.4,4.190000000000055
OPEN_SHORT,3754.59,766,3754.59,0.0
CLOSE_SHORT,3736.96,775,3754.59,17.63000000000011
OPEN_LONG,3736.96,775,3736.96,0.0
CLOSE_LONG,3736.74,791,3736.96,-0.22000000000025466
OPEN_SHORT,3736.74,791,3736.74,0.0
CLOSE_SHORT,3742.0,849,3736.74,-5.260000000000218
OPEN_LONG,3742.0,849,3742.0,0.0
CLOSE_LONG,3743.3,867,3742.0,1.300000000000182
OPEN_SHORT,3743.3,867,3743.3,0.0
CLOSE_SHORT,3737.0,891,3743.3,6.300000000000182
OPEN_LONG,3737.0,891,3737.0,0.0
CLOSE_LONG,3744.51,896,3737.0,7.510000000000218
OPEN_SHORT,3744.51,896,3744.51,0.0
CLOSE_SHORT,3744.03,923,3744.51,0.4800000000000182
OPEN_LONG,3744.03,923,3744.03,0.0
CLOSE_LONG,3767.8,939,3744.03,23.769999999999982
OPEN_SHORT,3767.8,939,3767.8,0.0
CLOSE_SHORT,3758.76,944,3767.8,9.039999999999964
OPEN_LONG,3758.76,944,3758.76,0.0
CLOSE_LONG,3760.98,951,3758.76,2.2199999999998
OPEN_SHORT,3760.98,951,3760.98,0.0
CLOSE_SHORT,3756.03,955,3760.98,4.949999999999818
OPEN_LONG,3756.03,955,3756.03,0.0
CLOSE_LONG,3754.11,967,3756.03,-1.9200000000000728
OPEN_SHORT,3754.11,967,3754.11,0.0
CLOSE_SHORT,3767.4,977,3754.11,-13.289999999999964
OPEN_LONG,3767.4,977,3767.4,0.0
CLOSE_LONG,3781.09,988,3767.4,13.690000000000055
OPEN_SHORT,3781.09,988,3781.09,0.0
CLOSE_SHORT,3777.5,1004,3781.09,3.5900000000001455
OPEN_LONG,3777.5,1004,3777.5,0.0
CLOSE_LONG,3777.23,1025,3777.5,-0.2699999999999818
OPEN_SHORT,3777.23,1025,3777.23,0.0
CLOSE_SHORT,3791.15,1059,3777.23,-13.920000000000073
OPEN_LONG,3791.15,1059,3791.15,0.0
CLOSE_LONG,3781.21,1077,3791.15,-9.940000000000055
OPEN_SHORT,3781.21,1077,3781.21,0.0
CLOSE_SHORT,3776.21,1084,3781.21,5.0
OPEN_LONG,3776.21,1084,3776.21,0.0
CLOSE_LONG,3775.84,1091,3776.21,-0.36999999999989086
OPEN_SHORT,3775.84,1091,3775.84,0.0
CLOSE_SHORT,3751.87,1099,3775.84,23.970000000000255
OPEN_LONG,3751.87,1099,3751.87,0.0
CLOSE_LONG,3749.55,1121,3751.87,-2.319999999999709
OPEN_SHORT,3749.55,1121,3749.55,0.0
CLOSE_SHORT,3749.2,1130,3749.55,0.3500000000003638
OPEN_LONG,3749.2,1130,3749.2,0.0
CLOSE_LONG,3746.41,1143,3749.2,-2.7899999999999636
OPEN_SHORT,3746.41,1143,3746.41,0.0
CLOSE_SHORT,3744.12,1151,3746.41,2.2899999999999636
OPEN_LONG,3744.12,1151,3744.12,0.0
CLOSE_LONG,3755.0,1165,3744.12,10.88000000000011
OPEN_SHORT,3755.0,1165,3755.0,0.0
CLOSE_SHORT,3745.8,1179,3755.0,9.199999999999818
OPEN_LONG,3745.8,1179,3745.8,0.0
CLOSE_LONG,3755.34,1190,3745.8,9.539999999999964
OPEN_SHORT,3755.34,1190,3755.34,0.0
CLOSE_SHORT,3749.38,1238,3755.34,5.960000000000036
OPEN_LONG,3749.38,1238,3749.38,0.0
CLOSE_LONG,3732.59,1247,3749.38,-16.789999999999964
OPEN_SHORT,3732.59,1247,3732.59,0.0
CLOSE_SHORT,3730.62,1260,3732.59,1.9700000000002547
OPEN_LONG,3730.62,1260,3730.62,0.0
CLOSE_LONG,3742.03,1264,3730.62,11.41000000000031
OPEN_SHORT,3742.03,1264,3742.03,0.0
CLOSE_SHORT,3743.32,1296,3742.03,-1.2899999999999636
OPEN_LONG,3743.32,1296,3743.32,0.0
CLOSE_LONG,3735.92,1313,3743.32,-7.400000000000091
OPEN_SHORT,3735.92,1313,3735.92,0.0
CLOSE_SHORT,3756.91,1359,3735.92,-20.98999999999978
OPEN_LONG,3756.91,1359,3756.91,0.0
CLOSE_LONG,3710.01,1380,3756.91,-46.899999999999636
OPEN_SHORT,3710.01,1380,3710.01,0.0
CLOSE_SHORT,3713.81,1390,3710.01,-3.799999999999727
OPEN_LONG,3713.81,1390,3713.81,0.0
CLOSE_LONG,3731.72,1392,3713.81,17.909999999999854
OPEN_SHORT,3731.72,1392,3731.72,0.0
CLOSE_SHORT,3748.73,1411,3731.72,-17.01000000000022
OPEN_LONG,3748.73,1411,3748.73,0.0
CLOSE_LONG,3752.81,1436,3748.73,4.079999999999927
OPEN_SHORT,3752.81,1436,3752.81,0.0
CLOSE_SHORT,3738.11,1454,3752.81,14.699999999999818
OPEN_LONG,3738.11,1454,3738.11,0.0
CLOSE_LONG,3751.59,1456,3738.11,13.480000000000018
OPEN_SHORT,3751.59,1456,3751.59,0.0
CLOSE_SHORT,3753.81,1466,3751.59,-2.2199999999998
OPEN_LONG,3753.81,1466,3753.81,0.0
CLOSE_LONG,3766.33,1468,3753.81,12.519999999999982
OPEN_SHORT,3766.33,1468,3766.33,0.0
CLOSE_SHORT,3755.92,1480,3766.33,10.409999999999854
OPEN_LONG,3755.92,1480,3755.92,0.0
CLOSE_LONG,3733.19,1505,3755.92,-22.730000000000018
OPEN_SHORT,3733.19,1505,3733.19,0.0
CLOSE_SHORT,3721.63,1513,3733.19,11.559999999999945
OPEN_LONG,3721.63,1513,3721.63,0.0
CLOSE_LONG,3733.85,1519,3721.63,12.2199999999998
OPEN_SHORT,3733.85,1519,3733.85,0.0
CLOSE_SHORT,3722.9,1524,3733.85,10.949999999999818
OPEN_LONG,3722.9,1524,3722.9,0.0
CLOSE_LONG,3738.68,1527,3722.9,15.779999999999745
OPEN_SHORT,3738.68,1527,3738.68,0.0
CLOSE_SHORT,3740.1,1549,3738.68,-1.4200000000000728
OPEN_LONG,3740.1,1549,3740.1,0.0
CLOSE_LONG,3733.69,1569,3740.1,-6.4099999999998545
OPEN_SHORT,3733.69,1569,3733.69,0.0
CLOSE_SHORT,3708.89,1573,3733.69,24.800000000000182
OPEN_LONG,3708.89,1573,3708.89,0.0
CLOSE_LONG,3714.78,1580,3708.89,5.890000000000327
OPEN_SHORT,3714.78,1580,3714.78,0.0
CLOSE_SHORT,3729.04,1614,3714.78,-14.259999999999764
OPEN_LONG,3729.04,1614,3729.04,0.0
CLOSE_LONG,3740.1,1621,3729.04,11.059999999999945
OPEN_SHORT,3740.1,1621,3740.1,0.0
CLOSE_SHORT,3768.0,1767,3740.1,-27.90000000000009
OPEN_LONG,3768.0,1767,3768.0,0.0
CLOSE_LONG,3755.76,1807,3768.0,-12.239999999999782
OPEN_SHORT,3755.76,1807,3755.76,0.0
CLOSE_SHORT,3798.7,1869,3755.76,-42.9399999999996
OPEN_LONG,3798.7,1869,3798.7,0.0
CLOSE_LONG,3796.96,1888,3798.7,-1.7399999999997817
OPEN_SHORT,3796.96,1888,3796.96,0.0
CLOSE_SHORT,3795.41,1908,3796.96,1.550000000000182
OPEN_LONG,3795.41,1908,3795.41,0.0
CLOSE_LONG,3796.96,1964,3795.41,1.550000000000182
OPEN_SHORT,3796.96,1964,3796.96,0.0
CLOSE_SHORT,3802.11,1996,3796.96,-5.150000000000091
OPEN_LONG,3802.11,1996,3802.11,0.0
CLOSE_LONG,3778.03,2015,3802.11,-24.079999999999927
OPEN_SHORT,3778.03,2015,3778.03,0.0
CLOSE_SHORT,3776.16,2035,3778.03,1.8700000000003456
OPEN_LONG,3776.16,2035,3776.16,0.0
CLOSE_LONG,3782.15,2091,3776.16,5.9900000000002365
OPEN_SHORT,3782.15,2091,3782.15,0.0
CLOSE_SHORT,3777.0,2103,3782.15,5.150000000000091
OPEN_LONG,3777.0,2103,3777.0,0.0
CLOSE_LONG,3783.89,2116,3777.0,6.889999999999873
OPEN_SHORT,3783.89,2116,3783.89,0.0
CLOSE_SHORT,3808.74,2131,3783.89,-24.84999999999991
OPEN_LONG,3808.74,2131,3808.74,0.0
CLOSE_LONG,3808.93,2151,3808.74,0.19000000000005457
OPEN_SHORT,3808.93,2151,3808.93,0.0
CLOSE_SHORT,3824.19,2176,3808.93,-15.260000000000218
OPEN_LONG,3824.19,2176,3824.19,0.0
CLOSE_LONG,3817.33,2204,3824.19,-6.860000000000127
OPEN_SHORT,3817.33,2204,3817.33,0.0
CLOSE_SHORT,3800.1,2209,3817.33,17.230000000000018
OPEN_LONG,3800.1,2209,3800.1,0.0
CLOSE_LONG,3810.0,2213,3800.1,9.900000000000091
OPEN_SHORT,3810.0,2213,3810.0,0.0
CLOSE_SHORT,3813.42,2252,3810.0,-3.4200000000000728
OPEN_LONG,3813.42,2252,3813.42,0.0
CLOSE_LONG,3786.56,2277,3813.42,-26.860000000000127
OPEN_SHORT,3786.56,2277,3786.56,0.0
CLOSE_SHORT,3815.03,2315,3786.56,-28.470000000000255
OPEN_LONG,3815.03,2315,3815.03,0.0
CLOSE_LONG,3836.15,2334,3815.03,21.11999999999989
OPEN_SHORT,3836.15,2334,3836.15,0.0
CLOSE_SHORT,3835.59,2343,3836.15,0.5599999999999454
OPEN_LONG,3835.59,2343,3835.59,0.0
CLOSE_LONG,3842.89,2349,3835.59,7.299999999999727
OPEN_SHORT,3842.89,2349,3842.89,0.0
CLOSE_SHORT,3843.28,2357,3842.89,-0.3900000000003274
OPEN_LONG,3843.28,2357,3843.28,0.0
CLOSE_LONG,3853.57,2363,3843.28,10.289999999999964
OPEN_SHORT,3853.57,2363,3853.57,0.0
CLOSE_SHORT,3849.39,2370,3853.57,4.180000000000291
OPEN_LONG,3849.39,2370,3849.39,0.0
CLOSE_LONG,3849.83,2390,3849.39,0.44000000000005457
OPEN_SHORT,3849.83,2390,3849.83,0.0
CLOSE_SHORT,3836.5,2405,3849.83,13.329999999999927
OPEN_LONG,3836.5,2405,3836.5,0.0
CLOSE_LONG,3822.43,2429,3836.5,-14.070000000000164
OPEN_SHORT,3822.43,2429,3822.43,0.0
CLOSE_SHORT,3815.48,2435,3822.43,6.949999999999818
OPEN_LONG,3815.48,2435,3815.48,0.0
CLOSE_LONG,3817.86,2441,3815.48,2.380000000000109
OPEN_SHORT,3817.86,2441,3817.86,0.0
CLOSE_SHORT,3802.07,2444,3817.86,15.789999999999964
OPEN_LONG,3802.07,2444,3802.07,0.0
CLOSE_LONG,3769.4,2463,3802.07,-32.67000000000007
OPEN_SHORT,3769.4,2463,3769.4,0.0
CLOSE_SHORT,3782.64,2478,3769.4,-13.239999999999782
OPEN_LONG,3782.64,2478,3782.64,0.0
CLOSE_LONG,3772.23,2490,3782.64,-10.409999999999854
OPEN_SHORT,3772.23,2490,3772.23,0.0
CLOSE_SHORT,3766.35,2499,3772.23,5.880000000000109
OPEN_LONG,3766.35,2499,3766.35,0.0
CLOSE_LONG,3780.8,2502,3766.35,14.450000000000273
OPEN_SHORT,3780.8,2502,3780.8,0.0
CLOSE_SHORT,3775.3,2526,3780.8,5.5
OPEN_LONG,3775.3,2526,3775.3,0.0
CLOSE_LONG,3782.67,2532,3775.3,7.369999999999891
OPEN_SHORT,3782.67,2532,3782.67,0.0
CLOSE_SHORT,3768.34,2536,3782.67,14.329999999999927
OPEN_LONG,3768.34,2536,3768.34,0.0
CLOSE_LONG,3762.3,2550,3768.34,-6.039999999999964
OPEN_SHORT,3762.3,2550,3762.3,0.0
CLOSE_SHORT,3787.06,2584,3762.3,-24.759999999999764
OPEN_LONG,3787.06,2584,3787.06,0.0
CLOSE_LONG,3750.01,2611,3787.06,-37.04999999999973
OPEN_SHORT,3750.01,2611,3750.01,0.0
CLOSE_SHORT,3739.43,2614,3750.01,10.580000000000382
OPEN_LONG,3739.43,2614,3739.43,0.0
CLOSE_LONG,3748.6,2619,3739.43,9.170000000000073
OPEN_SHORT,3748.6,2619,3748.6,0.0
CLOSE_SHORT,3748.5,2637,3748.6,0.09999999999990905
OPEN_LONG,3748.5,2637,3748.5,0.0
CLOSE_LONG,3757.19,2642,3748.5,8.690000000000055
OPEN_SHORT,3757.19,2642,3757.19,0.0
CLOSE_SHORT,3744.6,2645,3757.19,12.590000000000146
OPEN_LONG,3744.6,2645,3744.6,0.0
CLOSE_LONG,3733.23,2654,3744.6,-11.36999999999989
OPEN_SHORT,3733.23,2654,3733.23,0.0
CLOSE_SHORT,3727.53,2665,3733.23,5.699999999999818
OPEN_LONG,3727.53,2665,3727.53,0.0
CLOSE_LONG,3737.88,2671,3727.53,10.349999999999909
OPEN_SHORT,3737.88,2671,3737.88,0.0
CLOSE_SHORT,3724.61,2679,3737.88,13.269999999999982
OPEN_LONG,3724.61,2679,3724.61,0.0
CLOSE_LONG,3735.67,2685,3724.61,11.059999999999945
OPEN_SHORT,3735.67,2685,3735.67,0.0
CLOSE_SHORT,3747.9,2716,3735.67,-12.230000000000018
OPEN_LONG,3747.9,2716,3747.9,0.0
CLOSE_LONG,3754.97,2722,3747.9,7.069999999999709
OPEN_SHORT,3754.97,2722,3754.97,0.0
CLOSE_SHORT,3750.5,2739,3754.97,4.4699999999998
OPEN_LONG,3750.5,2739,3750.5,0.0
CLOSE_LONG,3762.43,2743,3750.5,11.929999999999836
OPEN_SHORT,3762.43,2743,3762.43,0.0
CLOSE_SHORT,3746.84,2752,3762.43,15.58999999999969
OPEN_LONG,3746.84,2752,3746.84,0.0
CLOSE_LONG,3756.6,2757,3746.84,9.759999999999764
OPEN_SHORT,3756.6,2757,3756.6,0.0
CLOSE_SHORT,3755.22,2784,3756.6,1.3800000000001091
OPEN_LONG,3755.22,2784,3755.22,0.0
CLOSE_LONG,3760.61,2808,3755.22,5.390000000000327
OPEN_SHORT,3760.61,2808,3760.61,0.0
CLOSE_SHORT,3764.3,2901,3760.61,-3.6900000000000546
OPEN_LONG,3764.3,2901,3764.3,0.0
CLOSE_LONG,3768.08,2935,3764.3,3.7799999999997453
OPEN_SHORT,3768.08,2935,3768.08,0.0
CLOSE_SHORT,3768.2,2950,3768.08,-0.11999999999989086
OPEN_LONG,3768.2,2950,3768.2,0.0
CLOSE_LONG,3762.32,2963,3768.2,-5.879999999999654
OPEN_SHORT,3762.32,2963,3762.32,0.0
CLOSE_SHORT,3751.21,2971,3762.32,11.110000000000127
OPEN_LONG,3751.21,2971,3751.21,0.0
CLOSE_LONG,3732.45,2987,3751.21,-18.76000000000022
OPEN_SHORT,3732.45,2987,3732.45,0.0
CLOSE_SHORT,3719.2,2991,3732.45,13.25
OPEN_LONG,3719.2,2991,3719.2,0.0
CLOSE_LONG,3730.23,2996,3719.2,11.0300000000002
OPEN_SHORT,3730.23,2996,3730.23,0.0
CLOSE_SHORT,3764.01,3022,3730.23,-33.7800000000002
OPEN_LONG,3764.01,3022,3764.01,0.0
CLOSE_LONG,3775.75,3024,3764.01,11.739999999999782
OPEN_SHORT,3775.75,3024,3775.75,0.0
CLOSE_SHORT,3784.67,3041,3775.75,-8.920000000000073
OPEN_LONG,3784.67,3041,3784.67,0.0
CLOSE_LONG,3786.54,3059,3784.67,1.8699999999998909
OPEN_SHORT,3786.54,3059,3786.54,0.0
CLOSE_SHORT,3765.9,3079,3786.54,20.639999999999873
OPEN_LONG,3765.9,3079,3765.9,0.0
CLOSE_LONG,3726.83,3123,3765.9,-39.070000000000164
OPEN_SHORT,3726.83,3123,3726.83,0.0
CLOSE_SHORT,3716.84,3130,3726.83,9.989999999999782
OPEN_LONG,3716.84,3130,3716.84,0.0
CLOSE_LONG,3720.29,3142,3716.84,3.449999999999818
OPEN_SHORT,3720.29,3142,3720.29,0.0
CLOSE_SHORT,3721.23,3171,3720.29,-0.9400000000000546
OPEN_LONG,3721.23,3171,3721.23,0.0
CLOSE_LONG,3712.3,3188,3721.23,-8.929999999999836
OPEN_SHORT,3712.3,3188,3712.3,0.0
CLOSE_SHORT,3699.85,3197,3712.3,12.450000000000273
OPEN_LONG,3699.85,3197,3699.85,0.0
CLOSE_LONG,3678.16,3221,3699.85,-21.690000000000055
OPEN_SHORT,3678.16,3221,3678.16,0.0
CLOSE_SHORT,3688.23,3242,3678.16,-10.070000000000164
OPEN_LONG,3688.23,3242,3688.23,0.0
CLOSE_LONG,3691.02,3253,3688.23,2.7899999999999636
OPEN_SHORT,3691.02,3253,3691.02,0.0
CLOSE_SHORT,3682.0,3263,3691.02,9.019999999999982
OPEN_LONG,3682.0,3263,3682.0,0.0
CLOSE_LONG,3686.99,3269,3682.0,4.989999999999782
OPEN_SHORT,3686.99,3269,3686.99,0.0
CLOSE_SHORT,3681.89,3333,3686.99,5.099999999999909
OPEN_LONG,3681.89,3333,3681.89,0.0
CLOSE_LONG,3693.38,3337,3681.89,11.490000000000236
OPEN_SHORT,3693.38,3337,3693.38,0.0
CLOSE_SHORT,3703.61,3368,3693.38,-10.230000000000018
OPEN_LONG,3703.61,3368,3703.61,0.0
CLOSE_LONG,3711.29,3373,3703.61,7.679999999999836
OPEN_SHORT,3711.29,3373,3711.29,0.0
CLOSE_SHORT,3700.58,3377,3711.29,10.710000000000036
OPEN_LONG,3700.58,3377,3700.58,0.0
CLOSE_LONG,3648.99,3412,3700.58,-51.590000000000146
OPEN_SHORT,3648.99,3412,3648.99,0.0
CLOSE_SHORT,3632.88,3414,3648.99,16.109999999999673
OPEN_LONG,3632.88,3414,3632.88,0.0
CLOSE_LONG,3643.72,3419,3632.88,10.83999999999969
OPEN_SHORT,3643.72,3419,3643.72,0.0
CLOSE_SHORT,3634.17,3421,3643.72,9.549999999999727
OPEN_LONG,3634.17,3421,3634.17,0.0
CLOSE_LONG,3630.85,3427,3634.17,-3.3200000000001637
OPEN_SHORT,3630.85,3427,3630.85,0.0
CLOSE_SHORT,3645.79,3457,3630.85,-14.940000000000055
OPEN_LONG,3645.79,3457,3645.79,0.0
CLOSE_LONG,3629.41,3479,3645.79,-16.38000000000011
OPEN_SHORT,3629.41,3479,3629.41,0.0
CLOSE_SHORT,3707.13,3631,3629.41,-77.72000000000025
OPEN_LONG,3707.13,3631,3707.13,0.0
CLOSE_LONG,3710.0,3643,3707.13,2.869999999999891
OPEN_SHORT,3710.0,3643,3710.0,0.0
CLOSE_SHORT,3693.43,3685,3710.0,16.570000000000164
OPEN_LONG,3693.43,3685,3693.43,0.0
CLOSE_LONG,3703.66,3690,3693.43,10.230000000000018
OPEN_SHORT,3703.66,3690,3703.66,0.0
CLOSE_SHORT,3696.28,3704,3703.66,7.379999999999654
OPEN_LONG,3696.28,3704,3696.28,0.0
CLOSE_LONG,3681.26,3734,3696.28,-15.019999999999982
OPEN_SHORT,3681.26,3734,3681.26,0.0
CLOSE_SHORT,3682.8,3742,3681.26,-1.5399999999999636
OPEN_LONG,3682.8,3742,3682.8,0.0
CLOSE_LONG,3656.89,3763,3682.8,-25.91000000000031
OPEN_SHORT,3656.89,3763,3656.89,0.0
CLOSE_SHORT,3658.2,3776,3656.89,-1.3099999999999454
OPEN_LONG,3658.2,3776,3658.2,0.0
CLOSE_LONG,3671.5,3788,3658.2,13.300000000000182
OPEN_SHORT,3671.5,3788,3671.5,0.0
CLOSE_SHORT,3695.96,3822,3671.5,-24.460000000000036
OPEN_LONG,3695.96,3822,3695.96,0.0
CLOSE_LONG,3706.42,3827,3695.96,10.460000000000036
OPEN_SHORT,3706.42,3827,3706.42,0.0
CLOSE_SHORT,3714.28,3843,3706.42,-7.860000000000127
OPEN_LONG,3714.28,3843,3714.28,0.0
CLOSE_LONG,3721.0,3852,3714.28,6.7199999999998
OPEN_SHORT,3721.0,3852,3721.0,0.0
CLOSE_SHORT,3716.18,3875,3721.0,4.820000000000164
OPEN_LONG,3716.18,3875,3716.18,0.0
CLOSE_LONG,3729.15,3881,3716.18,12.970000000000255
OPEN_SHORT,3729.15,3881,3729.15,0.0
CLOSE_SHORT,3734.78,3899,3729.15,-5.630000000000109
OPEN_LONG,3734.78,3899,3734.78,0.0
CLOSE_LONG,3738.36,3907,3734.78,3.5799999999999272
OPEN_SHORT,3738.36,3907,3738.36,0.0
CLOSE_SHORT,3727.59,3918,3738.36,10.769999999999982
OPEN_LONG,3727.59,3918,3727.59,0.0
CLOSE_LONG,3691.15,3960,3727.59,-36.440000000000055
OPEN_SHORT,3691.15,3960,3691.15,0.0
CLOSE_SHORT,3686.23,3969,3691.15,4.920000000000073
OPEN_LONG,3686.23,3969,3686.23,0.0
CLOSE_LONG,3705.18,3972,3686.23,18.949999999999818
OPEN_SHORT,3705.18,3972,3705.18,0.0
CLOSE_SHORT,3693.15,3977,3705.18,12.029999999999745
OPEN_LONG,3693.15,3977,3693.15,0.0
CLOSE_LONG,3704.33,3990,3693.15,11.179999999999836
OPEN_SHORT,3704.33,3990,3704.33,0.0
CLOSE_SHORT,3684.18,4006,3704.33,20.15000000000009
OPEN_LONG,3684.18,4006,3684.18,0.0
CLOSE_LONG,3698.21,4011,3684.18,14.0300000000002
OPEN_SHORT,3698.21,4011,3698.21,0.0
CLOSE_SHORT,3692.98,4015,3698.21,5.230000000000018
OPEN_LONG,3692.98,4015,3692.98,0.0
CLOSE_LONG,3705.12,4023,3692.98,12.139999999999873
OPEN_SHORT,3705.12,4023,3705.12,0.0
CLOSE_SHORT,3699.68,4037,3705.12,5.440000000000055
OPEN_LONG,3699.68,4037,3699.68,0.0
CLOSE_LONG,3712.23,4049,3699.68,12.550000000000182
OPEN_SHORT,3712.23,4049,3712.23,0.0
CLOSE_SHORT,3711.0,4055,3712.23,1.2300000000000182
OPEN_LONG,3711.0,4055,3711.0,0.0
CLOSE_LONG,3719.13,4070,3711.0,8.13000000000011
OPEN_SHORT,3719.13,4070,3719.13,0.0
CLOSE_SHORT,3706.07,4080,3719.13,13.059999999999945
OPEN_LONG,3706.07,4080,3706.07,0.0
CLOSE_LONG,3670.11,4115,3706.07,-35.960000000000036
OPEN_SHORT,3670.11,4115,3670.11,0.0
CLOSE_SHORT,3688.67,4133,3670.11,-18.559999999999945
OPEN_LONG,3688.67,4133,3688.67,0.0
CLOSE_LONG,3696.49,4139,3688.67,7.819999999999709
OPEN_SHORT,3696.49,4139,3696.49,0.0
CLOSE_SHORT,3737.84,4359,3696.49,-41.350000000000364
OPEN_LONG,3737.84,4359,3737.84,0.0
CLOSE_LONG,3747.08,4374,3737.84,9.239999999999782
OPEN_SHORT,3747.08,4374,3747.08,0.0
CLOSE_SHORT,3732.85,4384,3747.08,14.230000000000018
OPEN_LONG,3732.85,4384,3732.85,0.0
CLOSE_LONG,3744.03,4393,3732.85,11.180000000000291
OPEN_SHORT,3744.03,4393,3744.03,0.0
CLOSE_SHORT,3738.63,4407,3744.03,5.400000000000091
OPEN_LONG,3738.63,4407,3738.63,0.0
CLOSE_LONG,3729.0,4431,3738.63,-9.63000000000011
OPEN_SHORT,3729.0,4431,3729.0,0.0
CLOSE_SHORT,3725.7,4442,3729.0,3.300000000000182
OPEN_LONG,3725.7,4442,3725.7,0.0
CLOSE_LONG,3732.61,4448,3725.7,6.910000000000309
OPEN_SHORT,3732.61,4448,3732.61,0.0
CLOSE_SHORT,3734.7,4456,3732.61,-2.0899999999996908
OPEN_LONG,3734.7,4456,3734.7,0.0
CLOSE_LONG,3750.0,4483,3734.7,15.300000000000182
OPEN_SHORT,3750.0,4483,3750.0,0.0
CLOSE_SHORT,3740.74,4491,3750.0,9.260000000000218
OPEN_LONG,3740.74,4491,3740.74,0.0
CLOSE_LONG,3756.12,4507,3740.74,15.38000000000011
OPEN_SHORT,3756.12,4507,3756.12,0.0
CLOSE_SHORT,3754.16,4519,3756.12,1.9600000000000364
OPEN_LONG,3754.16,4519,3754.16,0.0
CLOSE_LONG,3740.15,4526,3754.16,-14.009999999999764
OPEN_SHORT,3740.15,4526,3740.15,0.0
CLOSE_SHORT,3735.0,4554,3740.15,5.150000000000091
OPEN_LONG,3735.0,4554,3735.0,0.0
CLOSE_LONG,3742.73,4560,3735.0,7.730000000000018
OPEN_SHORT,3742.73,4560,3742.73,0.0
CLOSE_SHORT,3744.78,4580,3742.73,-2.050000000000182
OPEN_LONG,3744.78,4580,3744.78,0.0
CLOSE_LONG,3727.05,4609,3744.78,-17.730000000000018
OPEN_SHORT,3727.05,4609,3727.05,0.0
CLOSE_SHORT,3726.8,4661,3727.05,0.25
OPEN_LONG,3726.8,4661,3726.8,0.0
CLOSE_LONG,3719.19,4693,3726.8,-7.610000000000127
OPEN_SHORT,3719.19,4693,3719.19,0.0
CLOSE_SHORT,3698.34,4735,3719.19,20.84999999999991
OPEN_LONG,3698.34,4735,3698.34,0.0
CLOSE_LONG,3699.68,4742,3698.34,1.3399999999996908
OPEN_SHORT,3699.68,4742,3699.68,0.0
CLOSE_SHORT,3688.82,4751,3699.68,10.859999999999673
OPEN_LONG,3688.82,4751,3688.82,0.0
CLOSE_LONG,3695.65,4756,3688.82,6.829999999999927
OPEN_SHORT,3695.65,4756,3695.65,0.0
CLOSE_SHORT,3688.39,4785,3695.65,7.260000000000218
OPEN_LONG,3688.39,4785,3688.39,0.0
CLOSE_LONG,3696.56,4791,3688.39,8.170000000000073
OPEN_SHORT,3696.56,4791,3696.56,0.0
CLOSE_SHORT,3683.69,4812,3696.56,12.86999999999989
OPEN_LONG,3683.69,4812,3683.69,0.0
CLOSE_LONG,3671.44,4830,3683.69,-12.25
OPEN_SHORT,3671.44,4830,3671.44,0.0
CLOSE_SHORT,3660.94,4924,3671.44,10.5
OPEN_LONG,3660.94,4924,3660.94,0.0
CLOSE_LONG,3663.11,4930,3660.94,2.1700000000000728
OPEN_SHORT,3663.11,4930,3663.11,0.0
CLOSE_SHORT,3656.25,4955,3663.11,6.860000000000127
OPEN_LONG,3656.25,4955,3656.25,0.0
CLOSE_LONG,3649.05,4974,3656.25,-7.199999999999818
OPEN_SHORT,3649.05,4974,3649.05,0.0
CLOSE_SHORT,3654.7,5024,3649.05,-5.649999999999636
OPEN_LONG,3654.7,5024,3654.7,0.0
CLOSE_LONG,3665.5,5033,3654.7,10.800000000000182
OPEN_SHORT,3665.5,5033,3665.5,0.0
CLOSE_SHORT,3662.31,5084,3665.5,3.1900000000000546
OPEN_LONG,3662.31,5084,3662.31,0.0
CLOSE_LONG,3676.22,5087,3662.31,13.909999999999854
OPEN_SHORT,3676.22,5087,3676.22,0.0
CLOSE_SHORT,3666.3,5115,3676.22,9.919999999999618
OPEN_LONG,3666.3,5115,3666.3,0.0
CLOSE_LONG,3662.87,5122,3666.3,-3.430000000000291
OPEN_SHORT,3662.87,5122,3662.87,0.0
CLOSE_SHORT,3646.5,5129,3662.87,16.36999999999989
OPEN_LONG,3646.5,5129,3646.5,0.0
CLOSE_LONG,3643.57,5137,3646.5,-2.9299999999998363
OPEN_SHORT,3643.57,5137,3643.57,0.0
CLOSE_SHORT,3631.65,5143,3643.57,11.920000000000073
OPEN_LONG,3631.65,5143,3631.65,0.0
CLOSE_LONG,3644.72,5147,3631.65,13.069999999999709
OPEN_SHORT,3644.72,5147,3644.72,0.0
CLOSE_SHORT,3640.0,5154,3644.72,4.7199999999998
OPEN_LONG,3640.0,5154,3640.0,0.0
CLOSE_LONG,3649.19,5158,3640.0,9.190000000000055
OPEN_SHORT,3649.19,5158,3649.19,0.0
CLOSE_SHORT,3644.85,5160,3649.19,4.3400000000001455
OPEN_LONG,3644.85,5160,3644.85,0.0
CLOSE_LONG,3661.99,5162,3644.85,17.139999999999873
OPEN_SHORT,3661.99,5162,3661.99,0.0
CLOSE_SHORT,3654.44,5167,3661.99,7.549999999999727
OPEN_LONG,3654.44,5167,3654.44,0.0
CLOSE_LONG,3604.97,5189,3654.44,-49.470000000000255
OPEN_SHORT,3604.97,5189,3604.97,0.0
CLOSE_SHORT,3586.65,5194,3604.97,18.31999999999971
OPEN_LONG,3586.65,5194,3586.65,0.0
CLOSE_LONG,3606.33,5196,3586.65,19.679999999999836
OPEN_SHORT,3606.33,5196,3606.33,0.0
CLOSE_SHORT,3593.05,5202,3606.33,13.279999999999745
OPEN_LONG,3593.05,5202,3593.05,0.0
CLOSE_LONG,3598.25,5212,3593.05,5.199999999999818
OPEN_SHORT,3598.25,5212,3598.25,0.0
CLOSE_SHORT,3607.52,5229,3598.25,-9.269999999999982
OPEN_LONG,3607.52,5229,3607.52,0.0
CLOSE_LONG,3600.76,5247,3607.52,-6.7599999999997635
OPEN_SHORT,3600.76,5247,3600.76,0.0
CLOSE_SHORT,3606.24,5261,3600.76,-5.479999999999563
OPEN_LONG,3606.24,5261,3606.24,0.0
CLOSE_LONG,3611.62,5271,3606.24,5.380000000000109
OPEN_SHORT,3611.62,5271,3611.62,0.0
CLOSE_SHORT,3621.48,5325,3611.62,-9.860000000000127
OPEN_LONG,3621.48,5325,3621.48,0.0
CLOSE_LONG,3594.31,5358,3621.48,-27.170000000000073
OPEN_SHORT,3594.31,5358,3594.31,0.0
CLOSE_SHORT,3576.9,5361,3594.31,17.409999999999854
OPEN_LONG,3576.9,5361,3576.9,0.0
CLOSE_LONG,3581.01,5366,3576.9,4.110000000000127
OPEN_SHORT,3581.01,5366,3581.01,0.0
CLOSE_SHORT,3576.4,5373,3581.01,4.610000000000127
OPEN_LONG,3576.4,5373,3576.4,0.0
CLOSE_LONG,3583.4,5379,3576.4,7.0
OPEN_SHORT,3583.4,5379,3583.4,0.0
CLOSE_SHORT,3560.59,5383,3583.4,22.809999999999945
OPEN_LONG,3560.59,5383,3560.59,0.0
CLOSE_LONG,3570.91,5391,3560.59,10.319999999999709
OPEN_SHORT,3570.91,5391,3570.91,0.0
CLOSE_SHORT,3556.37,5393,3570.91,14.539999999999964
OPEN_LONG,3556.37,5393,3556.37,0.0
CLOSE_LONG,3578.47,5398,3556.37,22.09999999999991
OPEN_SHORT,3578.47,5398,3578.47,0.0
CLOSE_SHORT,3568.12,5404,3578.47,10.349999999999909
OPEN_LONG,3568.12,5404,3568.12,0.0
CLOSE_LONG,3580.44,5408,3568.12,12.320000000000164
OPEN_SHORT,3580.44,5408,3580.44,0.0
CLOSE_SHORT,3579.94,5426,3580.44,0.5
OPEN_LONG,3579.94,5426,3579.94,0.0
CLOSE_LONG,3590.55,5431,3579.94,10.610000000000127
OPEN_SHORT,3590.55,5431,3590.55,0.0
CLOSE_SHORT,3595.48,5464,3590.55,-4.929999999999836
OPEN_LONG,3595.48,5464,3595.48,0.0
CLOSE_LONG,3602.49,5470,3595.48,7.0099999999997635
OPEN_SHORT,3602.49,5470,3602.49,0.0
CLOSE_SHORT,3593.07,5510,3602.49,9.419999999999618
OPEN_LONG,3593.07,5510,3593.07,0.0
CLOSE_LONG,3606.59,5515,3593.07,13.519999999999982
OPEN_SHORT,3606.59,5515,3606.59,0.0
CLOSE_SHORT,3597.45,5518,3606.59,9.140000000000327
OPEN_LONG,3597.45,5518,3597.45,0.0
CLOSE_LONG,3597.6,5530,3597.45,0.15000000000009095
OPEN_SHORT,3597.6,5530,3597.6,0.0
CLOSE_SHORT,3597.6,5549,3597.6,0.0
OPEN_LONG,3597.6,5549,3597.6,0.0
CLOSE_LONG,3605.03,5557,3597.6,7.430000000000291
OPEN_SHORT,3605.03,5557,3605.03,0.0
CLOSE_SHORT,3590.3,5562,3605.03,14.730000000000018
OPEN_LONG,3590.3,5562,3590.3,0.0
CLOSE_LONG,3580.31,5578,3590.3,-9.990000000000236
OPEN_SHORT,3580.31,5578,3580.31,0.0
CLOSE_SHORT,3564.16,5581,3580.31,16.15000000000009
OPEN_LONG,3564.16,5581,3564.16,0.0
CLOSE_LONG,3561.16,5593,3564.16,-3.0
OPEN_SHORT,3561.16,5593,3561.16,0.0
CLOSE_SHORT,3568.2,5614,3561.16,-7.039999999999964
OPEN_LONG,3568.2,5614,3568.2,0.0
CLOSE_LONG,3570.3,5630,3568.2,2.100000000000364
OPEN_SHORT,3570.3,5630,3570.3,0.0
CLOSE_SHORT,3557.0,5633,3570.3,13.300000000000182
OPEN_LONG,3557.0,5633,3557.0,0.0
CLOSE_LONG,3555.28,5645,3557.0,-1.7199999999998
OPEN_SHORT,3555.28,5645,3555.28,0.0
CLOSE_SHORT,3536.32,5652,3555.28,18.960000000000036
OPEN_LONG,3536.32,5652,3536.32,0.0
CLOSE_LONG,3562.34,5654,3536.32,26.019999999999982
OPEN_SHORT,3562.34,5654,3562.34,0.0
CLOSE_SHORT,3584.98,5673,3562.34,-22.639999999999873
OPEN_LONG,3584.98,5673,3584.98,0.0
CLOSE_LONG,3591.66,5681,3584.98,6.679999999999836
OPEN_SHORT,3591.66,5681,3591.66,0.0
CLOSE_SHORT,3608.76,5730,3591.66,-17.100000000000364
OPEN_LONG,3608.76,5730,3608.76,0.0
CLOSE_LONG,3615.8,5737,3608.76,7.039999999999964
OPEN_SHORT,3615.8,5737,3615.8,0.0
CLOSE_SHORT,3618.9,5799,3615.8,-3.099999999999909
OPEN_LONG,3618.9,5799,3618.9,0.0
CLOSE_LONG,3622.14,5805,3618.9,3.2399999999997817
OPEN_SHORT,3622.14,5805,3622.14,0.0
CLOSE_SHORT,3632.42,5841,3622.14,-10.2800000000002
OPEN_LONG,3632.42,5841,3632.42,0.0
CLOSE_LONG,3643.0,5847,3632.42,10.579999999999927
OPEN_SHORT,3643.0,5847,3643.0,0.0
CLOSE_SHORT,3637.99,5878,3643.0,5.010000000000218
OPEN_LONG,3637.99,5878,3637.99,0.0
CLOSE_LONG,3635.99,5896,3637.99,-2.0
OPEN_SHORT,3635.99,5896,3635.99,0.0
CLOSE_SHORT,3645.06,5922,3635.99,-9.070000000000164
OPEN_LONG,3645.06,5922,3645.06,0.0
CLOSE_LONG,3650.48,5970,3645.06,5.420000000000073
OPEN_SHORT,3650.48,5970,3650.48,0.0
CLOSE_SHORT,3655.01,6020,3650.48,-4.5300000000002
OPEN_LONG,3655.01,6020,3655.01,0.0
CLOSE_LONG,3649.6,6038,3655.01,-5.410000000000309
OPEN_SHORT,3649.6,6038,3649.6,0.0
CLOSE_SHORT,3637.81,6044,3649.6,11.789999999999964
OPEN_LONG,3637.81,6044,3637.81,0.0
CLOSE_LONG,3652.27,6047,3637.81,14.460000000000036
OPEN_SHORT,3652.27,6047,3652.27,0.0
CLOSE_SHORT,3639.66,6057,3652.27,12.610000000000127
OPEN_LONG,3639.66,6057,3639.66,0.0
CLOSE_LONG,3594.9,6111,3639.66,-44.75999999999976
OPEN_SHORT,3594.9,6111,3594.9,0.0
CLOSE_SHORT,3585.98,6115,3594.9,8.920000000000073
OPEN_LONG,3585.98,6115,3585.98,0.0
CLOSE_LONG,3586.09,6128,3585.98,0.11000000000012733
OPEN_SHORT,3586.09,6128,3586.09,0.0
CLOSE_SHORT,3581.99,6142,3586.09,4.100000000000364
OPEN_LONG,3581.99,6142,3581.99,0.0
CLOSE_LONG,3565.72,6157,3581.99,-16.269999999999982
OPEN_SHORT,3565.72,6157,3565.72,0.0
CLOSE_SHORT,3565.22,6189,3565.72,0.5
OPEN_LONG,3565.22,6189,3565.22,0.0
CLOSE_LONG,3543.63,6204,3565.22,-21.58999999999969
OPEN_SHORT,3543.63,6204,3543.63,0.0
CLOSE_SHORT,3534.0,6215,3543.63,9.63000000000011
OPEN_LONG,3534.0,6215,3534.0,0.0
CLOSE_LONG,3533.85,6222,3534.0,-0.15000000000009095
OPEN_SHORT,3533.85,6222,3533.85,0.0
CLOSE_SHORT,3562.15,6239,3533.85,-28.300000000000182
OPEN_LONG,3562.15,6239,3562.15,0.0
CLOSE_LONG,3571.19,6243,3562.15,9.039999999999964
OPEN_SHORT,3571.19,6243,3571.19,0.0
CLOSE_SHORT,3562.33,6248,3571.19,8.860000000000127
OPEN_LONG,3562.33,6248,3562.33,0.0
CLOSE_LONG,3569.3,6252,3562.33,6.970000000000255
OPEN_SHORT,3569.3,6252,3569.3,0.0
CLOSE_SHORT,3616.26,6295,3569.3,-46.960000000000036
OPEN_LONG,3616.26,6295,3616.26,0.0
CLOSE_LONG,3626.63,6300,3616.26,10.36999999999989
OPEN_SHORT,3626.63,6300,3626.63,0.0
CLOSE_SHORT,3630.24,6347,3626.63,-3.6099999999996726
OPEN_LONG,3630.24,6347,3630.24,0.0
CLOSE_LONG,3629.93,6357,3630.24,-0.30999999999994543
OPEN_SHORT,3629.93,6357,3629.93,0.0
CLOSE_SHORT,3625.0,6383,3629.93,4.929999999999836
OPEN_LONG,3625.0,6383,3625.0,0.0
CLOSE_LONG,3633.49,6388,3625.0,8.489999999999782
OPEN_SHORT,3633.49,6388,3633.49,0.0
CLOSE_SHORT,3639.61,6403,3633.49,-6.120000000000346
OPEN_LONG,3639.61,6403,3639.61,0.0
CLOSE_LONG,3602.25,6431,3639.61,-37.36000000000013
OPEN_SHORT,3602.25,6431,3602.25,0.0
CLOSE_SHORT,3647.23,6477,3602.25,-44.98000000000002
OPEN_LONG,3647.23,6477,3647.23,0.0
CLOSE_LONG,3642.39,6537,3647.23,-4.8400000000001455
OPEN_SHORT,3642.39,6537,3642.39,0.0
CLOSE_SHORT,3638.98,6547,3642.39,3.4099999999998545
OPEN_LONG,3638.98,6547,3638.98,0.0
CLOSE_LONG,3634.8,6570,3638.98,-4.179999999999836
OPEN_SHORT,3634.8,6570,3634.8,0.0
CLOSE_SHORT,3639.26,6613,3634.8,-4.460000000000036
OPEN_LONG,3639.26,6613,3639.26,0.0
CLOSE_LONG,3646.08,6617,3639.26,6.819999999999709
OPEN_SHORT,3646.08,6617,3646.08,0.0
CLOSE_SHORT,3644.4,6626,3646.08,1.6799999999998363
OPEN_LONG,3644.4,6626,3644.4,0.0
CLOSE_LONG,3639.72,6638,3644.4,-4.680000000000291
OPEN_SHORT,3639.72,6638,3639.72,0.0
CLOSE_SHORT,3628.32,6643,3639.72,11.399999999999636
OPEN_LONG,3628.32,6643,3628.32,0.0
CLOSE_LONG,3632.14,6652,3628.32,3.819999999999709
OPEN_SHORT,3632.14,6652,3632.14,0.0
CLOSE_SHORT,3626.16,6657,3632.14,5.980000000000018
OPEN_LONG,3626.16,6657,3626.16,0.0
CLOSE_LONG,3643.33,6659,3626.16,17.170000000000073
OPEN_SHORT,3643.33,6659,3643.33,0.0
CLOSE_SHORT,3683.6,6676,3643.33,-40.26999999999998
OPEN_LONG,3683.6,6676,3683.6,0.0
CLOSE_LONG,3697.72,6681,3683.6,14.11999999999989
OPEN_SHORT,3697.72,6681,3697.72,0.0
CLOSE_SHORT,3754.19,6712,3697.72,-56.470000000000255
OPEN_LONG,3754.19,6712,3754.19,0.0
CLOSE_LONG,3746.01,6720,3754.19,-8.179999999999836
OPEN_SHORT,3746.01,6720,3746.01,0.0
CLOSE_SHORT,3732.31,6724,3746.01,13.700000000000273
OPEN_LONG,3732.31,6724,3732.31,0.0
CLOSE_LONG,3725.1,6731,3732.31,-7.210000000000036
OPEN_SHORT,3725.1,6731,3725.1,0.0
CLOSE_SHORT,3735.33,6748,3725.1,-10.230000000000018
OPEN_LONG,3735.33,6748,3735.33,0.0
CLOSE_LONG,3720.06,6772,3735.33,-15.269999999999982
OPEN_SHORT,3720.06,6772,3720.06,0.0
CLOSE_SHORT,3709.05,6779,3720.06,11.009999999999764
OPEN_LONG,3709.05,6779,3709.05,0.0
CLOSE_LONG,3684.47,6796,3709.05,-24.580000000000382
OPEN_SHORT,3684.47,6796,3684.47,0.0
CLOSE_SHORT,3700.0,6830,3684.47,-15.5300000000002
OPEN_LONG,3700.0,6830,3700.0,0.0
CLOSE_LONG,3712.57,6835,3700.0,12.570000000000164
OPEN_SHORT,3712.57,6835,3712.57,0.0
CLOSE_SHORT,3708.78,6843,3712.57,3.7899999999999636
OPEN_LONG,3708.78,6843,3708.78,0.0
CLOSE_LONG,3718.62,6848,3708.78,9.83999999999969
OPEN_SHORT,3718.62,6848,3718.62,0.0
CLOSE_SHORT,3721.54,6871,3718.62,-2.9200000000000728
OPEN_LONG,3721.54,6871,3721.54,0.0
CLOSE_LONG,3729.6,6881,3721.54,8.059999999999945
OPEN_SHORT,3729.6,6881,3729.6,0.0
CLOSE_SHORT,3729.0,6889,3729.6,0.599999999999909
OPEN_LONG,3729.0,6889,3729.0,0.0
CLOSE_LONG,3750.68,6938,3729.0,21.679999999999836
OPEN_SHORT,3750.68,6938,3750.68,0.0
CLOSE_SHORT,3743.13,6944,3750.68,7.549999999999727
OPEN_LONG,3743.13,6944,3743.13,0.0
CLOSE_LONG,3734.39,6980,3743.13,-8.740000000000236
OPEN_SHORT,3734.39,6980,3734.39,0.0
CLOSE_SHORT,3724.5,6994,3734.39,9.889999999999873
OPEN_LONG,3724.5,6994,3724.5,0.0
CLOSE_LONG,3736.74,6999,3724.5,12.239999999999782
OPEN_SHORT,3736.74,6999,3736.74,0.0
CLOSE_SHORT,3724.4,7013,3736.74,12.33999999999969
OPEN_LONG,3724.4,7013,3724.4,0.0
CLOSE_LONG,3732.67,7018,3724.4,8.269999999999982
OPEN_SHORT,3732.67,7018,3732.67,0.0
CLOSE_SHORT,3728.38,7063,3732.67,4.289999999999964
OPEN_LONG,3728.38,7063,3728.38,0.0
CLOSE_LONG,3731.19,7078,3728.38,2.8099999999999454
OPEN_SHORT,3731.19,7078,3731.19,0.0
CLOSE_SHORT,3718.08,7083,3731.19,13.110000000000127
OPEN_LONG,3718.08,7083,3718.08,0.0
CLOSE_LONG,3724.75,7096,3718.08,6.670000000000073
OPEN_SHORT,3724.75,7096,3724.75,0.0
CLOSE_SHORT,3722.1,7103,3724.75,2.650000000000091
OPEN_LONG,3722.1,7103,3722.1,0.0
CLOSE_LONG,3716.43,7132,3722.1,-5.670000000000073
OPEN_SHORT,3716.43,7132,3716.43,0.0
CLOSE_SHORT,3716.01,7162,3716.43,0.419999999999618
OPEN_LONG,3716.01,7162,3716.01,0.0
CLOSE_LONG,3726.9,7167,3716.01,10.889999999999873
OPEN_SHORT,3726.9,7167,3726.9,0.0
CLOSE_SHORT,3717.87,7173,3726.9,9.0300000000002
OPEN_LONG,3717.87,7173,3717.87,0.0
CLOSE_LONG,3716.21,7180,3717.87,-1.6599999999998545
OPEN_SHORT,3716.21,7180,3716.21,0.0
CLOSE_SHORT,3702.64,7195,3716.21,13.570000000000164
OPEN_LONG,3702.64,7195,3702.64,0.0
CLOSE_LONG,3705.97,7208,3702.64,3.3299999999999272
OPEN_SHORT,3705.97,7208,3705.97,0.0
CLOSE_SHORT,3704.02,7221,3705.97,1.949999999999818
OPEN_LONG,3704.02,7221,3704.02,0.0
CLOSE_LONG,3707.55,7228,3704.02,3.5300000000002
OPEN_SHORT,3707.55,7228,3707.55,0.0
CLOSE_SHORT,3686.22,7237,3707.55,21.330000000000382
OPEN_LONG,3686.22,7237,3686.22,0.0
CLOSE_LONG,3690.02,7246,3686.22,3.800000000000182
OPEN_SHORT,3690.02,7246,3690.02,0.0
CLOSE_SHORT,3671.0,7266,3690.02,19.019999999999982
OPEN_LONG,3671.0,7266,3671.0,0.0
CLOSE_LONG,3669.41,7278,3671.0,-1.5900000000001455
OPEN_SHORT,3669.41,7278,3669.41,0.0
CLOSE_SHORT,3652.5,7282,3669.41,16.909999999999854
OPEN_LONG,3652.5,7282,3652.5,0.0
CLOSE_LONG,3662.4,7286,3652.5,9.900000000000091
OPEN_SHORT,3662.4,7286,3662.4,0.0
CLOSE_SHORT,3655.13,7305,3662.4,7.269999999999982
OPEN_LONG,3655.13,7305,3655.13,0.0
CLOSE_LONG,3660.66,7311,3655.13,5.529999999999745
OPEN_SHORT,3660.66,7311,3660.66,0.0
CLOSE_SHORT,3643.37,7317,3660.66,17.289999999999964
OPEN_LONG,3643.37,7317,3643.37,0.0
CLOSE_LONG,3658.18,7322,3643.37,14.809999999999945
OPEN_SHORT,3658.18,7322,3658.18,0.0
CLOSE_SHORT,3669.3,7334,3658.18,-11.120000000000346
OPEN_LONG,3669.3,7334,3669.3,0.0
CLOSE_LONG,3677.51,7336,3669.3,8.210000000000036
OPEN_SHORT,3677.51,7336,3677.51,0.0
CLOSE_SHORT,3665.43,7342,3677.51,12.080000000000382
OPEN_LONG,3665.43,7342,3665.43,0.0
CLOSE_LONG,3674.47,7347,3665.43,9.039999999999964
OPEN_SHORT,3674.47,7347,3674.47,0.0
CLOSE_SHORT,3676.54,7355,3674.47,-2.0700000000001637
OPEN_LONG,3676.54,7355,3676.54,0.0
CLOSE_LONG,3685.16,7360,3676.54,8.61999999999989
OPEN_SHORT,3685.16,7360,3685.16,0.0
CLOSE_SHORT,3674.81,7368,3685.16,10.349999999999909
OPEN_LONG,3674.81,7368,3674.81,0.0
CLOSE_LONG,3682.17,7374,3674.81,7.360000000000127
OPEN_SHORT,3682.17,7374,3682.17,0.0
CLOSE_SHORT,3670.83,7387,3682.17,11.340000000000146
OPEN_LONG,3670.83,7387,3670.83,0.0
CLOSE_LONG,3627.34,7406,3670.83,-43.48999999999978
OPEN_SHORT,3627.34,7406,3627.34,0.0
CLOSE_SHORT,3614.17,7412,3627.34,13.170000000000073
OPEN_LONG,3614.17,7412,3614.17,0.0
CLOSE_LONG,3629.4,7420,3614.17,15.230000000000018
OPEN_SHORT,3629.4,7420,3629.4,0.0
CLOSE_SHORT,3620.7,7425,3629.4,8.700000000000273
OPEN_LONG,3620.7,7425,3620.7,0.0
CLOSE_LONG,3623.47,7433,3620.7,2.769999999999982
OPEN_SHORT,3623.47,7433,3623.47,0.0
CLOSE_SHORT,3601.99,7443,3623.47,21.480000000000018
OPEN_LONG,3601.99,7443,3601.99,0.0
CLOSE_LONG,3588.01,7451,3601.99,-13.979999999999563
OPEN_SHORT,3588.01,7451,3588.01,0.0
CLOSE_SHORT,3587.08,7482,3588.01,0.930000000000291
OPEN_LONG,3587.08,7482,3587.08,0.0
CLOSE_LONG,3592.04,7490,3587.08,4.960000000000036
OPEN_SHORT,3592.04,7490,3592.04,0.0
CLOSE_SHORT,3635.63,7541,3592.04,-43.590000000000146
OPEN_LONG,3635.63,7541,3635.63,0.0
CLOSE_LONG,3627.0,7551,3635.63,-8.63000000000011
OPEN_SHORT,3627.0,7551,3627.0,0.0
CLOSE_SHORT,3623.69,7566,3627.0,3.3099999999999454
OPEN_LONG,3623.69,7566,3623.69,0.0
CLOSE_LONG,3629.74,7571,3623.69,6.049999999999727
OPEN_SHORT,3629.74,7571,3629.74,0.0
CLOSE_SHORT,3625.0,7597,3629.74,4.739999999999782
OPEN_LONG,3625.0,7597,3625.0,0.0
CLOSE_LONG,3619.74,7605,3625.0,-5.260000000000218
OPEN_SHORT,3619.74,7605,3619.74,0.0
CLOSE_SHORT,3612.01,7620,3619.74,7.729999999999563
OPEN_LONG,3612.01,7620,3612.01,0.0
CLOSE_LONG,3618.29,7625,3612.01,6.279999999999745
OPEN_SHORT,3618.29,7625,3618.29,0.0
CLOSE_SHORT,3620.28,7654,3618.29,-1.9900000000002365
OPEN_LONG,3620.28,7654,3620.28,0.0
CLOSE_LONG,3626.61,7665,3620.28,6.329999999999927
OPEN_SHORT,3626.61,7665,3626.61,0.0
CLOSE_SHORT,3642.6,7674,3626.61,-15.989999999999782
OPEN_LONG,3642.6,7674,3642.6,0.0
CLOSE_LONG,3621.58,7710,3642.6,-21.019999999999982
OPEN_SHORT,3621.58,7710,3621.58,0.0
CLOSE_SHORT,3630.0,7724,3621.58,-8.420000000000073
OPEN_LONG,3630.0,7724,3630.0,0.0
CLOSE_LONG,3647.2,7729,3630.0,17.199999999999818
OPEN_SHORT,3647.2,7729,3647.2,0.0
CLOSE_SHORT,3657.13,7746,3647.2,-9.930000000000291
OPEN_LONG,3657.13,7746,3657.13,0.0
CLOSE_LONG,3661.55,7760,3657.13,4.420000000000073
OPEN_SHORT,3661.55,7760,3661.55,0.0
CLOSE_SHORT,3662.93,7768,3661.55,-1.3799999999996544
OPEN_LONG,3662.93,7768,3662.93,0.0
CLOSE_LONG,3668.49,7787,3662.93,5.559999999999945
OPEN_SHORT,3668.49,7787,3668.49,0.0
CLOSE_SHORT,3713.76,7811,3668.49,-45.27000000000044
OPEN_LONG,3713.76,7811,3713.76,0.0
CLOSE_LONG,3718.49,7826,3713.76,4.729999999999563
OPEN_SHORT,3718.49,7826,3718.49,0.0
CLOSE_SHORT,3723.68,7839,3718.49,-5.190000000000055
OPEN_LONG,3723.68,7839,3723.68,0.0
CLOSE_LONG,3718.44,7866,3723.68,-5.239999999999782
OPEN_SHORT,3718.44,7866,3718.44,0.0
CLOSE_SHORT,3736.24,7924,3718.44,-17.799999999999727
OPEN_LONG,3736.24,7924,3736.24,0.0
CLOSE_LONG,3726.45,7949,3736.24,-9.789999999999964
OPEN_SHORT,3726.45,7949,3726.45,0.0
CLOSE_SHORT,3718.6,7971,3726.45,7.849999999999909
OPEN_LONG,3718.6,7971,3718.6,0.0
CLOSE_LONG,3716.77,7989,3718.6,-1.8299999999999272
OPEN_SHORT,3716.77,7989,3716.77,0.0
CLOSE_SHORT,3720.42,8000,3716.77,-3.650000000000091
OPEN_LONG,3720.42,8000,3720.42,0.0
CLOSE_LONG,3708.59,8021,3720.42,-11.829999999999927
OPEN_SHORT,3708.59,8021,3708.59,0.0
CLOSE_SHORT,3699.16,8042,3708.59,9.430000000000291
OPEN_LONG,3699.16,8042,3699.16,0.0
CLOSE_LONG,3718.24,8045,3699.16,19.079999999999927
OPEN_SHORT,3718.24,8045,3718.24,0.0
CLOSE_SHORT,3685.27,8049,3718.24,32.9699999999998
OPEN_LONG,3685.27,8049,3685.27,0.0
CLOSE_LONG,3690.59,8057,3685.27,5.320000000000164
OPEN_SHORT,3690.59,8057,3690.59,0.0
CLOSE_SHORT,3683.87,8062,3690.59,6.720000000000255
OPEN_LONG,3683.87,8062,3683.87,0.0
CLOSE_LONG,3699.07,8064,3683.87,15.200000000000273
OPEN_SHORT,3699.07,8064,3699.07,0.0
CLOSE_SHORT,3696.52,8075,3699.07,2.550000000000182
OPEN_LONG,3696.52,8075,3696.52,0.0
CLOSE_LONG,3684.43,8094,3696.52,-12.090000000000146
OPEN_SHORT,3684.43,8094,3684.43,0.0
CLOSE_SHORT,3676.88,8098,3684.43,7.549999999999727
OPEN_LONG,3676.88,8098,3676.88,0.0
CLOSE_LONG,3649.01,8121,3676.88,-27.86999999999989
OPEN_SHORT,3649.01,8121,3649.01,0.0
CLOSE_SHORT,3633.3,8128,3649.01,15.710000000000036
OPEN_LONG,3633.3,8128,3633.3,0.0
CLOSE_LONG,3639.7,8134,3633.3,6.399999999999636
OPEN_SHORT,3639.7,8134,3639.7,0.0
CLOSE_SHORT,3627.02,8139,3639.7,12.679999999999836
OPEN_LONG,3627.02,8139,3627.02,0.0
CLOSE_LONG,3633.64,8146,3627.02,6.619999999999891
OPEN_SHORT,3633.64,8146,3633.64,0.0
CLOSE_SHORT,3621.0,8168,3633.64,12.639999999999873
OPEN_LONG,3621.0,8168,3621.0,0.0
CLOSE_LONG,3615.13,8179,3621.0,-5.869999999999891
OPEN_SHORT,3615.13,8179,3615.13,0.0
CLOSE_SHORT,3627.87,8209,3615.13,-12.739999999999782
OPEN_LONG,3627.87,8209,3627.87,0.0
CLOSE_LONG,3626.48,8217,3627.87,-1.3899999999998727
OPEN_SHORT,3626.48,8217,3626.48,0.0
CLOSE_SHORT,3618.3,8227,3626.48,8.179999999999836
OPEN_LONG,3618.3,8227,3618.3,0.0
CLOSE_LONG,3624.05,8232,3618.3,5.75
OPEN_SHORT,3624.05,8232,3624.05,0.0
CLOSE_SHORT,3636.6,8269,3624.05,-12.549999999999727
OPEN_LONG,3636.6,8269,3636.6,0.0
CLOSE_LONG,3639.95,8276,3636.6,3.349999999999909
OPEN_SHORT,3639.95,8276,3639.95,0.0
CLOSE_SHORT,3625.82,8287,3639.95,14.129999999999654
OPEN_LONG,3625.82,8287,3625.82,0.0
CLOSE_LONG,3630.41,8295,3625.82,4.589999999999691
OPEN_SHORT,3630.41,8295,3630.41,0.0
CLOSE_SHORT,3644.21,8339,3630.41,-13.800000000000182
OPEN_LONG,3644.21,8339,3644.21,0.0
CLOSE_LONG,3651.35,8343,3644.21,7.139999999999873
OPEN_SHORT,3651.35,8343,3651.35,0.0
CLOSE_SHORT,3642.72,8401,3651.35,8.63000000000011
OPEN_LONG,3642.72,8401,3642.72,0.0
CLOSE_LONG,3654.41,8405,3642.72,11.690000000000055
OPEN_SHORT,3654.41,8405,3654.41,0.0
CLOSE_SHORT,3646.08,8425,3654.41,8.329999999999927
OPEN_LONG,3646.08,8425,3646.08,0.0
CLOSE_LONG,3653.91,8451,3646.08,7.829999999999927
OPEN_SHORT,3653.91,8451,3653.91,0.0
CLOSE_SHORT,3686.32,8482,3653.91,-32.41000000000031
OPEN_LONG,3686.32,8482,3686.32,0.0
CLOSE_LONG,3691.97,8492,3686.32,5.649999999999636
OPEN_SHORT,3691.97,8492,3691.97,0.0
CLOSE_SHORT,3716.72,8560,3691.97,-24.75
OPEN_LONG,3716.72,8560,3716.72,0.0
CLOSE_LONG,3718.72,8631,3716.72,2.0
OPEN_SHORT,3718.72,8631,3718.72,0.0
CLOSE_SHORT,3719.46,8674,3718.72,-0.7400000000002365
OPEN_LONG,3719.46,8674,3719.46,0.0
CLOSE_LONG,3710.27,8796,3719.46,-9.190000000000055
OPEN_SHORT,3710.27,8796,3710.27,0.0
CLOSE_SHORT,3739.36,8828,3710.27,-29.090000000000146
OPEN_LONG,3739.36,8828,3739.36,0.0
CLOSE_LONG,3747.91,8845,3739.36,8.549999999999727
OPEN_SHORT,3747.91,8845,3747.91,0.0
CLOSE_SHORT,3750.62,9017,3747.91,-2.7100000000000364
OPEN_LONG,3750.62,9017,3750.62,0.0
CLOSE_LONG,3745.74,9065,3750.62,-4.880000000000109
OPEN_SHORT,3745.74,9065,3745.74,0.0
CLOSE_SHORT,3756.94,9187,3745.74,-11.200000000000273
OPEN_LONG,3756.94,9187,3756.94,0.0
CLOSE_LONG,3766.0,9199,3756.94,9.059999999999945
OPEN_SHORT,3766.0,9199,3766.0,0.0
CLOSE_SHORT,3761.24,9206,3766.0,4.760000000000218
OPEN_LONG,3761.24,9206,3761.24,0.0
CLOSE_LONG,3756.0,9246,3761.24,-5.239999999999782
OPEN_SHORT,3756.0,9246,3756.0,0.0
CLOSE_SHORT,3762.4,9320,3756.0,-6.400000000000091
OPEN_LONG,3762.4,9320,3762.4,0.0
CLOSE_LONG,3765.02,9336,3762.4,2.619999999999891
OPEN_SHORT,3765.02,9336,3765.02,0.0
CLOSE_SHORT,3755.75,9352,3765.02,9.269999999999982
OPEN_LONG,3755.75,9352,3755.75,0.0
CLOSE_LONG,3745.61,9457,3755.75,-10.139999999999873
OPEN_SHORT,3745.61,9457,3745.61,0.0
CLOSE_SHORT,3734.17,9538,3745.61,11.440000000000055
OPEN_LONG,3734.17,9538,3734.17,0.0
CLOSE_LONG,3736.0,9544,3734.17,1.8299999999999272
OPEN_SHORT,3736.0,9544,3736.0,0.0
CLOSE_SHORT,3723.47,9583,3736.0,12.5300000000002
OPEN_LONG,3723.47,9583,3723.47,0.0
CLOSE_LONG,3737.55,9622,3723.47,14.080000000000382
OPEN_SHORT,3737.55,9622,3737.55,0.0
CLOSE_SHORT,3728.89,9637,3737.55,8.66000000000031
OPEN_LONG,3728.89,9637,3728.89,0.0
CLOSE_LONG,3728.22,9646,3728.89,-0.6700000000000728
OPEN_SHORT,3728.22,9646,3728.22,0.0
CLOSE_SHORT,3714.19,9767,3728.22,14.029999999999745
OPEN_LONG,3714.19,9767,3714.19,0.0
CLOSE_LONG,3721.91,9772,3714.19,7.7199999999998
OPEN_SHORT,3721.91,9772,3721.91,0.0
CLOSE_SHORT,3742.5,9797,3721.91,-20.590000000000146
OPEN_LONG,3742.5,9797,3742.5,0.0
CLOSE_LONG,3750.56,9829,3742.5,8.059999999999945
OPEN_SHORT,3750.56,9829,3750.56,0.0
CLOSE_SHORT,3750.75,9992,3750.56,-0.19000000000005457
OPEN_LONG,3750.75,9992,3750.75,0.0
CLOSE_LONG,3769.8,10009,3750.75,19.050000000000182
OPEN_SHORT,3769.8,10009,3769.8,0.0
CLOSE_SHORT,3768.0,10017,3769.8,1.800000000000182
OPEN_LONG,3768.0,10017,3768.0,0.0
CLOSE_LONG,3751.5,10072,3768.0,-16.5
OPEN_SHORT,3751.5,10072,3751.5,0.0
CLOSE_SHORT,3738.47,10082,3751.5,13.0300000000002
OPEN_LONG,3738.47,10082,3738.47,0.0
CLOSE_LONG,3743.55,10128,3738.47,5.080000000000382
OPEN_SHORT,3743.55,10128,3743.55,0.0
CLOSE_SHORT,3743.74,10155,3743.55,-0.18999999999959982
OPEN_LONG,3743.74,10155,3743.74,0.0
CLOSE_LONG,3752.18,10161,3743.74,8.440000000000055
OPEN_SHORT,3752.18,10161,3752.18,0.0
CLOSE_SHORT,3771.35,10360,3752.18,-19.170000000000073
OPEN_LONG,3771.35,10360,3771.35,0.0
CLOSE_LONG,3785.59,10386,3771.35,14.240000000000236
OPEN_SHORT,3785.59,10386,3785.59,0.0
CLOSE_SHORT,3795.49,10440,3785.59,-9.899999999999636
OPEN_LONG,3795.49,10440,3795.49,0.0
CLOSE_LONG,3801.91,10449,3795.49,6.420000000000073
OPEN_SHORT,3801.91,10449,3801.91,0.0
CLOSE_SHORT,3788.7,10454,3801.91,13.210000000000036
OPEN_LONG,3788.7,10454,3788.7,0.0
CLOSE_LONG,3772.7,10634,3788.7,-16.0
OPEN_SHORT,3772.7,10634,3772.7,0.0
CLOSE_SHORT,3814.99,10767,3772.7,-42.289999999999964
OPEN_LONG,3814.99,10767,3814.99,0.0
CLOSE_LONG,3818.68,10782,3814.99,3.6900000000000546
OPEN_SHORT,3818.68,10782,3818.68,0.0
CLOSE_SHORT,3821.32,10806,3818.68,-2.6400000000003274
OPEN_LONG,3821.32,10806,3821.32,0.0
CLOSE_LONG,3817.02,10823,3821.32,-4.300000000000182
OPEN_SHORT,3817.02,10823,3817.02,0.0
CLOSE_SHORT,3818.28,10858,3817.02,-1.2600000000002183
OPEN_LONG,3818.28,10858,3818.28,0.0
CLOSE_LONG,3818.11,10875,3818.28,-0.17000000000007276
OPEN_SHORT,3818.11,10875,3818.11,0.0
CLOSE_SHORT,3811.53,10923,3818.11,6.579999999999927
OPEN_LONG,3811.53,10923,3811.53,0.0
CLOSE_LONG,3820.39,10966,3811.53,8.859999999999673
OPEN_SHORT,3820.39,10966,3820.39,0.0
CLOSE_SHORT,3812.13,10971,3820.39,8.259999999999764
OPEN_LONG,3812.13,10971,3812.13,0.0
CLOSE_LONG,3807.53,11001,3812.13,-4.599999999999909
OPEN_SHORT,3807.53,11001,3807.53,0.0
CLOSE_SHORT,3804.67,11017,3807.53,2.8600000000001273
OPEN_LONG,3804.67,11017,3804.67,0.0
CLOSE_LONG,3807.36,11028,3804.67,2.6900000000000546
OPEN_SHORT,3807.36,11028,3807.36,0.0
CLOSE_SHORT,3835.84,11113,3807.36,-28.480000000000018
OPEN_LONG,3835.84,11113,3835.84,0.0
CLOSE_LONG,3823.49,11134,3835.84,-12.350000000000364
OPEN_SHORT,3823.49,11134,3823.49,0.0
CLOSE_SHORT,3816.97,11164,3823.49,6.519999999999982
OPEN_LONG,3816.97,11164,3816.97,0.0
CLOSE_LONG,3833.82,11174,3816.97,16.850000000000364
OPEN_SHORT,3833.82,11174,3833.82,0.0
CLOSE_SHORT,3854.93,11228,3833.82,-21.109999999999673
OPEN_LONG,3854.93,11228,3854.93,0.0
CLOSE_LONG,3838.62,11311,3854.93,-16.309999999999945
OPEN_SHORT,3838.62,11311,3838.62,0.0
CLOSE_SHORT,3830.81,11329,3838.62,7.809999999999945
OPEN_LONG,3830.81,11329,3830.81,0.0
CLOSE_LONG,3827.64,11416,3830.81,-3.1700000000000728
OPEN_SHORT,3827.64,11416,3827.64,0.0
CLOSE_SHORT,3845.62,11447,3827.64,-17.980000000000018
OPEN_LONG,3845.62,11447,3845.62,0.0
CLOSE_LONG,3853.39,11452,3845.62,7.769999999999982
OPEN_SHORT,3853.39,11452,3853.39,0.0
CLOSE_SHORT,3865.01,11482,3853.39,-11.620000000000346
OPEN_LONG,3865.01,11482,3865.01,0.0
CLOSE_LONG,3856.88,11496,3865.01,-8.13000000000011
OPEN_SHORT,3856.88,11496,3856.88,0.0
CLOSE_SHORT,3844.0,11499,3856.88,12.88000000000011
OPEN_LONG,3844.0,11499,3844.0,0.0
CLOSE_LONG,3848.01,11507,3844.0,4.010000000000218
OPEN_SHORT,3848.01,11507,3848.01,0.0
CLOSE_SHORT,3851.67,11521,3848.01,-3.6599999999998545
OPEN_LONG,3851.67,11521,3851.67,0.0
CLOSE_LONG,3859.4,11526,3851.67,7.730000000000018
OPEN_SHORT,3859.4,11526,3859.4,0.0
CLOSE_SHORT,3863.1,11594,3859.4,-3.699999999999818
OPEN_LONG,3863.1,11594,3863.1,0.0
CLOSE_LONG,3868.7,11602,3863.1,5.599999999999909
OPEN_SHORT,3868.7,11602,3868.7,0.0
CLOSE_SHORT,3858.9,11609,3868.7,9.799999999999727
OPEN_LONG,3858.9,11609,3858.9,0.0
CLOSE_LONG,3862.9,11618,3858.9,4.0
OPEN_SHORT,3862.9,11618,3862.9,0.0
CLOSE_SHORT,3853.28,11623,3862.9,9.61999999999989
OPEN_LONG,3853.28,11623,3853.28,0.0
CLOSE_LONG,3854.39,11680,3853.28,1.1099999999996726
OPEN_SHORT,3854.39,11680,3854.39,0.0
CLOSE_SHORT,3888.8,11707,3854.39,-34.41000000000031
OPEN_LONG,3888.8,11707,3888.8,0.0
CLOSE_LONG,3894.15,11731,3888.8,5.349999999999909
OPEN_SHORT,3894.15,11731,3894.15,0.0
CLOSE_SHORT,3879.49,11740,3894.15,14.66000000000031
OPEN_LONG,3879.49,11740,3879.49,0.0
CLOSE_LONG,3875.9,11778,3879.49,-3.5899999999996908
OPEN_SHORT,3875.9,11778,3875.9,0.0
CLOSE_SHORT,3875.8,11798,3875.9,0.09999999999990905
OPEN_LONG,3875.8,11798,3875.8,0.0
CLOSE_LONG,3876.19,11815,3875.8,0.38999999999987267
OPEN_SHORT,3876.19,11815,3876.19,0.0
CLOSE_SHORT,3929.28,11886,3876.19,-53.090000000000146
OPEN_LONG,3929.28,11886,3929.28,0.0
CLOSE_LONG,3935.55,11893,3929.28,6.269999999999982
OPEN_SHORT,3935.55,11893,3935.55,0.0
CLOSE_SHORT,3924.12,11928,3935.55,11.430000000000291
OPEN_LONG,3924.12,11928,3924.12,0.0
CLOSE_LONG,3929.41,11935,3924.12,5.289999999999964
OPEN_SHORT,3929.41,11935,3929.41,0.0
CLOSE_SHORT,3914.95,11951,3929.41,14.460000000000036
OPEN_LONG,3914.95,11951,3914.95,0.0
CLOSE_LONG,3887.68,11990,3914.95,-27.269999999999982
OPEN_SHORT,3887.68,11990,3887.68,0.0
CLOSE_SHORT,3885.44,12000,3887.68,2.2399999999997817
OPEN_LONG,3885.44,12000,3885.44,0.0
CLOSE_LONG,3899.76,12034,3885.44,14.320000000000164
OPEN_SHORT,3899.76,12034,3899.76,0.0
CLOSE_SHORT,3889.84,12038,3899.76,9.920000000000073
OPEN_LONG,3889.84,12038,3889.84,0.0
CLOSE_LONG,3900.54,12052,3889.84,10.699999999999818
OPEN_SHORT,3900.54,12052,3900.54,0.0
CLOSE_SHORT,3886.66,12061,3900.54,13.88000000000011
OPEN_LONG,3886.66,12061,3886.66,0.0
CLOSE_LONG,3884.7,12135,3886.66,-1.9600000000000364
OPEN_SHORT,3884.7,12135,3884.7,0.0
CLOSE_SHORT,3885.01,12157,3884.7,-0.3100000000004002
OPEN_LONG,3885.01,12157,3885.01,0.0
CLOSE_LONG,3887.38,12167,3885.01,2.369999999999891
OPEN_SHORT,3887.38,12167,3887.38,0.0
CLOSE_SHORT,3881.52,12216,3887.38,5.860000000000127
OPEN_LONG,3881.52,12216,3881.52,0.0
CLOSE_LONG,3871.51,12246,3881.52,-10.009999999999764
OPEN_SHORT,3871.51,12246,3871.51,0.0
CLOSE_SHORT,3862.3,12330,3871.51,9.210000000000036
OPEN_LONG,3862.3,12330,3862.3,0.0
CLOSE_LONG,3870.2,12335,3862.3,7.899999999999636
OPEN_SHORT,3870.2,12335,3870.2,0.0
CLOSE_SHORT,3861.9,12341,3870.2,8.299999999999727
OPEN_LONG,3861.9,12341,3861.9,0.0
CLOSE_LONG,3843.77,12358,3861.9,-18.13000000000011
OPEN_SHORT,3843.77,12358,3843.77,0.0
CLOSE_SHORT,3828.38,12360,3843.77,15.389999999999873
OPEN_LONG,3828.38,12360,3828.38,0.0
CLOSE_LONG,3846.1,12364,3828.38,17.7199999999998
OPEN_SHORT,3846.1,12364,3846.1,0.0
CLOSE_SHORT,3853.96,12374,3846.1,-7.860000000000127
OPEN_LONG,3853.96,12374,3853.96,0.0
CLOSE_LONG,3843.8,12387,3853.96,-10.159999999999854
OPEN_SHORT,3843.8,12387,3843.8,0.0
CLOSE_SHORT,3834.9,12392,3843.8,8.900000000000091
OPEN_LONG,3834.9,12392,3834.9,0.0
CLOSE_LONG,3850.61,12396,3834.9,15.710000000000036
OPEN_SHORT,3850.61,12396,3850.61,0.0
CLOSE_SHORT,3837.59,12400,3850.61,13.019999999999982
OPEN_LONG,3837.59,12400,3837.59,0.0
CLOSE_LONG,3792.92,12426,3837.59,-44.67000000000007
OPEN_SHORT,3792.92,12426,3792.92,0.0
CLOSE_SHORT,3804.4,12474,3792.92,-11.480000000000018
OPEN_LONG,3804.4,12474,3804.4,0.0
CLOSE_LONG,3815.99,12478,3804.4,11.58999999999969
OPEN_SHORT,3815.99,12478,3815.99,0.0
CLOSE_SHORT,3804.49,12486,3815.99,11.5
OPEN_LONG,3804.49,12486,3804.49,0.0
CLOSE_LONG,3809.07,12491,3804.49,4.580000000000382
OPEN_SHORT,3809.07,12491,3809.07,0.0
CLOSE_SHORT,3794.64,12498,3809.07,14.430000000000291
OPEN_LONG,3794.64,12498,3794.64,0.0
CLOSE_LONG,3806.35,12503,3794.64,11.710000000000036
OPEN_SHORT,3806.35,12503,3806.35,0.0
CLOSE_SHORT,3807.16,12560,3806.35,-0.8099999999999454
OPEN_LONG,3807.16,12560,3807.16,0.0
CLOSE_LONG,3789.18,12588,3807.16,-17.980000000000018
OPEN_SHORT,3789.18,12588,3789.18,0.0
CLOSE_SHORT,3767.99,12631,3789.18,21.190000000000055
OPEN_LONG,3767.99,12631,3767.99,0.0
CLOSE_LONG,3771.09,12638,3767.99,3.100000000000364
OPEN_SHORT,3771.09,12638,3771.09,0.0
CLOSE_SHORT,3765.0,12646,3771.09,6.0900000000001455
OPEN_LONG,3765.0,12646,3765.0,0.0
CLOSE_LONG,3769.66,12652,3765.0,4.6599999999998545
OPEN_SHORT,3769.66,12652,3769.66,0.0
CLOSE_SHORT,3759.42,12659,3769.66,10.239999999999782
OPEN_LONG,3759.42,12659,3759.42,0.0
CLOSE_LONG,3770.14,12667,3759.42,10.7199999999998
OPEN_SHORT,3770.14,12667,3770.14,0.0
CLOSE_SHORT,3787.34,12718,3770.14,-17.200000000000273
OPEN_LONG,3787.34,12718,3787.34,0.0
CLOSE_LONG,3775.46,12738,3787.34,-11.88000000000011
OPEN_SHORT,3775.46,12738,3775.46,0.0
CLOSE_SHORT,3784.7,12754,3775.46,-9.239999999999782
OPEN_LONG,3784.7,12754,3784.7,0.0
CLOSE_LONG,3776.77,12780,3784.7,-7.929999999999836
OPEN_SHORT,3776.77,12780,3776.77,0.0
CLOSE_SHORT,3780.29,12817,3776.77,-3.519999999999982
OPEN_LONG,3780.29,12817,3780.29,0.0
CLOSE_LONG,3787.46,12829,3780.29,7.170000000000073
OPEN_SHORT,3787.46,12829,3787.46,0.0
CLOSE_SHORT,3774.09,12833,3787.46,13.36999999999989
OPEN_LONG,3774.09,12833,3774.09,0.0
CLOSE_LONG,3785.89,12836,3774.09,11.799999999999727
OPEN_SHORT,3785.89,12836,3785.89,0.0
CLOSE_SHORT,3791.43,12857,3785.89,-5.539999999999964
OPEN_LONG,3791.43,12857,3791.43,0.0
CLOSE_LONG,3793.52,12868,3791.43,2.0900000000001455
OPEN_SHORT,3793.52,12868,3793.52,0.0
CLOSE_SHORT,3789.64,12879,3793.52,3.880000000000109
OPEN_LONG,3789.64,12879,3789.64,0.0
CLOSE_LONG,3797.07,12894,3789.64,7.430000000000291
OPEN_SHORT,3797.07,12894,3797.07,0.0
CLOSE_SHORT,3786.12,12899,3797.07,10.950000000000273
OPEN_LONG,3786.12,12899,3786.12,0.0
CLOSE_LONG,3778.55,12916,3786.12,-7.569999999999709
OPEN_SHORT,3778.55,12916,3778.55,0.0
CLOSE_SHORT,3776.36,12931,3778.55,2.1900000000000546
OPEN_LONG,3776.36,12931,3776.36,0.0
CLOSE_LONG,3784.56,12936,3776.36,8.199999999999818
OPEN_SHORT,3784.56,12936,3784.56,0.0
CLOSE_SHORT,3785.14,12956,3784.56,-0.5799999999999272
OPEN_LONG,3785.14,12956,3785.14,0.0
CLOSE_LONG,3790.76,12985,3785.14,5.620000000000346
OPEN_SHORT,3790.76,12985,3790.76,0.0
CLOSE_SHORT,3808.65,13016,3790.76,-17.889999999999873
OPEN_LONG,3808.65,13016,3808.65,0.0
CLOSE_LONG,3768.17,13033,3808.65,-40.48000000000002
OPEN_SHORT,3768.17,13033,3768.17,0.0
CLOSE_SHORT,3768.75,13049,3768.17,-0.5799999999999272
OPEN_LONG,3768.75,13049,3768.75,0.0
CLOSE_LONG,3778.16,13054,3768.75,9.409999999999854
OPEN_SHORT,3778.16,13054,3778.16,0.0
CLOSE_SHORT,3790.16,13083,3778.16,-12.0
OPEN_LONG,3790.16,13083,3790.16,0.0
CLOSE_LONG,3767.4,13112,3790.16,-22.759999999999764
OPEN_SHORT,3767.4,13112,3767.4,0.0
CLOSE_SHORT,3755.9,13123,3767.4,11.5
OPEN_LONG,3755.9,13123,3755.9,0.0
CLOSE_LONG,3737.03,13130,3755.9,-18.86999999999989
OPEN_SHORT,3737.03,13130,3737.03,0.0
CLOSE_SHORT,3745.39,13145,3737.03,-8.359999999999673
OPEN_LONG,3745.39,13145,3745.39,0.0
CLOSE_LONG,3752.33,13150,3745.39,6.940000000000055
OPEN_SHORT,3752.33,13150,3752.33,0.0
CLOSE_SHORT,3746.12,13158,3752.33,6.210000000000036
OPEN_LONG,3746.12,13158,3746.12,0.0
CLOSE_LONG,3753.61,13164,3746.12,7.4900000000002365
OPEN_SHORT,3753.61,13164,3753.61,0.0
CLOSE_SHORT,3779.31,13219,3753.61,-25.699999999999818
OPEN_LONG,3779.31,13219,3779.31,0.0
CLOSE_LONG,3797.13,13224,3779.31,17.820000000000164
OPEN_SHORT,3797.13,13224,3797.13,0.0
CLOSE_SHORT,3792.01,13244,3797.13,5.119999999999891
OPEN_LONG,3792.01,13244,3792.01,0.0
CLOSE_LONG,3791.98,13267,3792.01,-0.03000000000020009
OPEN_SHORT,3791.98,13267,3791.98,0.0
CLOSE_SHORT,3777.75,13278,3791.98,14.230000000000018
OPEN_LONG,3777.75,13278,3777.75,0.0
CLOSE_LONG,3789.96,13294,3777.75,12.210000000000036
OPEN_SHORT,3789.96,13294,3789.96,0.0
CLOSE_SHORT,3836.2,13429,3789.96,-46.23999999999978
OPEN_LONG,3836.2,13429,3836.2,0.0
CLOSE_LONG,3851.01,13439,3836.2,14.8100000000004
OPEN_SHORT,3851.01,13439,3851.01,0.0
CLOSE_SHORT,3871.0,13474,3851.01,-19.98999999999978
OPEN_LONG,3871.0,13474,3871.0,0.0
CLOSE_LONG,3872.88,13501,3871.0,1.8800000000001091
OPEN_SHORT,3872.88,13501,3872.88,0.0
CLOSE_SHORT,3873.36,13519,3872.88,-0.4800000000000182
OPEN_LONG,3873.36,13519,3873.36,0.0
CLOSE_LONG,3876.84,13547,3873.36,3.480000000000018
OPEN_SHORT,3876.84,13547,3876.84,0.0
CLOSE_SHORT,3865.08,13592,3876.84,11.760000000000218
OPEN_LONG,3865.08,13592,3865.08,0.0
CLOSE_LONG,3863.12,13618,3865.08,-1.9600000000000364
OPEN_SHORT,3863.12,13618,3863.12,0.0
CLOSE_SHORT,3857.25,13623,3863.12,5.869999999999891
OPEN_LONG,3857.25,13623,3857.25,0.0
CLOSE_LONG,3823.76,13699,3857.25,-33.48999999999978
OPEN_SHORT,3823.76,13699,3823.76,0.0
CLOSE_SHORT,3825.19,13715,3823.76,-1.4299999999998363
OPEN_LONG,3825.19,13715,3825.19,0.0
CLOSE_LONG,3844.02,13723,3825.19,18.829999999999927
OPEN_SHORT,3844.02,13723,3844.02,0.0
CLOSE_SHORT,3842.11,13773,3844.02,1.9099999999998545
OPEN_LONG,3842.11,13773,3842.11,0.0
CLOSE_LONG,3847.78,13778,3842.11,5.670000000000073
OPEN_SHORT,3847.78,13778,3847.78,0.0
CLOSE_SHORT,3854.65,13808,3847.78,-6.869999999999891
OPEN_LONG,3854.65,13808,3854.65,0.0
CLOSE_LONG,3856.36,13815,3854.65,1.7100000000000364
OPEN_SHORT,3856.36,13815,3856.36,0.0
CLOSE_SHORT,3839.56,13818,3856.36,16.800000000000182
OPEN_LONG,3839.56,13818,3839.56,0.0
CLOSE_LONG,3809.67,13839,3839.56,-29.889999999999873
OPEN_SHORT,3809.67,13839,3809.67,0.0
CLOSE_SHORT,3807.44,13860,3809.67,2.230000000000018
OPEN_LONG,3807.44,13860,3807.44,0.0
CLOSE_LONG,3808.06,13870,3807.44,0.6199999999998909
OPEN_SHORT,3808.06,13870,3808.06,0.0
CLOSE_SHORT,3796.49,13875,3808.06,11.570000000000164
OPEN_LONG,3796.49,13875,3796.49,0.0
CLOSE_LONG,3780.92,13886,3796.49,-15.569999999999709
OPEN_SHORT,3780.92,13886,3780.92,0.0
CLOSE_SHORT,3769.4,13890,3780.92,11.519999999999982
OPEN_LONG,3769.4,13890,3769.4,0.0
CLOSE_LONG,3778.8,13898,3769.4,9.400000000000091
OPEN_SHORT,3778.8,13898,3778.8,0.0
CLOSE_SHORT,3764.37,13905,3778.8,14.430000000000291
OPEN_LONG,3764.37,13905,3764.37,0.0
CLOSE_LONG,3763.31,13920,3764.37,-1.0599999999999454
OPEN_SHORT,3763.31,13920,3763.31,0.0
CLOSE_SHORT,3745.75,13929,3763.31,17.559999999999945
OPEN_LONG,3745.75,13929,3745.75,0.0
CLOSE_LONG,3763.92,13934,3745.75,18.170000000000073
OPEN_SHORT,3763.92,13934,3763.92,0.0
CLOSE_SHORT,3742.39,13965,3763.92,21.5300000000002
OPEN_LONG,3742.39,13965,3742.39,0.0
CLOSE_LONG,3746.09,13976,3742.39,3.700000000000273
OPEN_SHORT,3746.09,13976,3746.09,0.0
CLOSE_SHORT,3734.33,13980,3746.09,11.760000000000218
OPEN_LONG,3734.33,13980,3734.33,0.0
CLOSE_LONG,3730.37,13988,3734.33,-3.9600000000000364
OPEN_SHORT,3730.37,13988,3730.37,0.0
CLOSE_SHORT,3745.42,14000,3730.37,-15.050000000000182
OPEN_LONG,3745.42,14000,3745.42,0.0
CLOSE_LONG,3757.96,14011,3745.42,12.539999999999964
OPEN_SHORT,3757.96,14011,3757.96,0.0
CLOSE_SHORT,3760.8,14024,3757.96,-2.8400000000001455
OPEN_LONG,3760.8,14024,3760.8,0.0
CLOSE_LONG,3774.0,14028,3760.8,13.199999999999818
OPEN_SHORT,3774.0,14028,3774.0,0.0
CLOSE_SHORT,3772.99,14041,3774.0,1.0100000000002183
OPEN_LONG,3772.99,14041,3772.99,0.0
CLOSE_LONG,3764.5,14055,3772.99,-8.489999999999782
OPEN_SHORT,3764.5,14055,3764.5,0.0
CLOSE_SHORT,3752.13,14089,3764.5,12.36999999999989
OPEN_LONG,3752.13,14089,3752.13,0.0
CLOSE_LONG,3767.69,14094,3752.13,15.559999999999945
OPEN_SHORT,3767.69,14094,3767.69,0.0
CLOSE_SHORT,3765.34,14109,3767.69,2.349999999999909
OPEN_LONG,3765.34,14109,3765.34,0.0
CLOSE_LONG,3767.86,14127,3765.34,2.519999999999982
OPEN_SHORT,3767.86,14127,3767.86,0.0
CLOSE_SHORT,3766.43,14148,3767.86,1.430000000000291
OPEN_LONG,3766.43,14148,3766.43,0.0
CLOSE_LONG,3767.0,14157,3766.43,0.5700000000001637
OPEN_SHORT,3767.0,14157,3767.0,0.0
CLOSE_SHORT,3760.13,14188,3767.0,6.869999999999891
OPEN_LONG,3760.13,14188,3760.13,0.0
CLOSE_LONG,3768.3,14205,3760.13,8.170000000000073
OPEN_SHORT,3768.3,14205,3768.3,0.0
CLOSE_SHORT,3768.19,14212,3768.3,0.11000000000012733
OPEN_LONG,3768.19,14212,3768.19,0.0
CLOSE_LONG,3753.84,14236,3768.19,-14.349999999999909
OPEN_SHORT,3753.84,14236,3753.84,0.0
CLOSE_SHORT,3760.41,14269,3753.84,-6.569999999999709
OPEN_LONG,3760.41,14269,3760.41,0.0
CLOSE_LONG,3769.6,14280,3760.41,9.190000000000055
OPEN_SHORT,3769.6,14280,3769.6,0.0
CLOSE_SHORT,3775.37,14309,3769.6,-5.769999999999982
OPEN_LONG,3775.37,14309,3775.37,0.0
CLOSE_LONG,3769.76,14325,3775.37,-5.609999999999673
OPEN_SHORT,3769.76,14325,3769.76,0.0
CLOSE_SHORT,3784.41,14410,3769.76,-14.649999999999636
OPEN_LONG,3784.41,14410,3784.41,0.0
CLOSE_LONG,3791.59,14422,3784.41,7.180000000000291
OPEN_SHORT,3791.59,14422,3791.59,0.0
CLOSE_SHORT,3776.11,14447,3791.59,15.480000000000018
OPEN_LONG,3776.11,14447,3776.11,0.0
CLOSE_LONG,3765.9,14480,3776.11,-10.210000000000036
OPEN_SHORT,3765.9,14480,3765.9,0.0
CLOSE_SHORT,3773.09,14496,3765.9,-7.190000000000055
OPEN_LONG,3773.09,14496,3773.09,0.0
CLOSE_LONG,3771.34,14509,3773.09,-1.75
OPEN_SHORT,3771.34,14509,3771.34,0.0
CLOSE_SHORT,3766.5,14513,3771.34,4.8400000000001455
OPEN_LONG,3766.5,14513,3766.5,0.0
CLOSE_LONG,3779.01,14518,3766.5,12.510000000000218
OPEN_SHORT,3779.01,14518,3779.01,0.0
CLOSE_SHORT,3794.71,14538,3779.01,-15.699999999999818
OPEN_LONG,3794.71,14538,3794.71,0.0
CLOSE_LONG,3796.75,14557,3794.71,2.0399999999999636
OPEN_SHORT,3796.75,14557,3796.75,0.0
CLOSE_SHORT,3801.0,14565,3796.75,-4.25
OPEN_LONG,3801.0,14565,3801.0,0.0
CLOSE_LONG,3813.07,14580,3801.0,12.070000000000164
OPEN_SHORT,3813.07,14580,3813.07,0.0
CLOSE_SHORT,3805.11,14585,3813.07,7.960000000000036
OPEN_LONG,3805.11,14585,3805.11,0.0
CLOSE_LONG,3818.3,14587,3805.11,13.190000000000055
OPEN_SHORT,3818.3,14587,3818.3,0.0
CLOSE_SHORT,3815.19,14663,3818.3,3.1100000000001273
OPEN_LONG,3815.19,14663,3815.19,0.0
CLOSE_LONG,3823.03,14671,3815.19,7.8400000000001455
OPEN_SHORT,3823.03,14671,3823.03,0.0
CLOSE_SHORT,3808.39,14697,3823.03,14.640000000000327
OPEN_LONG,3808.39,14697,3808.39,0.0
CLOSE_LONG,3808.56,14710,3808.39,0.17000000000007276
OPEN_SHORT,3808.56,14710,3808.56,0.0
CLOSE_SHORT,3802.19,14734,3808.56,6.369999999999891
OPEN_LONG,3802.19,14734,3802.19,0.0
CLOSE_LONG,3800.13,14746,3802.19,-2.0599999999999454
OPEN_SHORT,3800.13,14746,3800.13,0.0
CLOSE_SHORT,3802.69,14759,3800.13,-2.5599999999999454
OPEN_LONG,3802.69,14759,3802.69,0.0
CLOSE_LONG,3811.85,14777,3802.69,9.159999999999854
OPEN_SHORT,3811.85,14777,3811.85,0.0
CLOSE_SHORT,3820.8,14856,3811.85,-8.950000000000273
OPEN_LONG,3820.8,14856,3820.8,0.0
CLOSE_LONG,3826.18,14874,3820.8,5.379999999999654
OPEN_SHORT,3826.18,14874,3826.18,0.0
CLOSE_SHORT,3814.83,14887,3826.18,11.349999999999909
OPEN_LONG,3814.83,14887,3814.83,0.0
CLOSE_LONG,3813.0,14911,3814.83,-1.8299999999999272
OPEN_SHORT,3813.0,14911,3813.0,0.0
CLOSE_SHORT,3802.16,14918,3813.0,10.840000000000146
OPEN_LONG,3802.16,14918,3802.16,0.0
CLOSE_LONG,3807.09,14925,3802.16,4.930000000000291
OPEN_SHORT,3807.09,14925,3807.09,0.0
CLOSE_SHORT,3815.58,14963,3807.09,-8.489999999999782
OPEN_LONG,3815.58,14963,3815.58,0.0
CLOSE_LONG,3818.38,14971,3815.58,2.800000000000182
OPEN_SHORT,3818.38,14971,3818.38,0.0
CLOSE_SHORT,3805.85,14976,3818.38,12.5300000000002
OPEN_LONG,3805.85,14976,3805.85,0.0
CLOSE_LONG,3793.48,15029,3805.85,-12.36999999999989
OPEN_SHORT,3793.48,15029,3793.48,0.0
CLOSE_SHORT,3791.49,15055,3793.48,1.9900000000002365
OPEN_LONG,3791.49,15055,3791.49,0.0
CLOSE_LONG,3799.2,15060,3791.49,7.710000000000036
OPEN_SHORT,3799.2,15060,3799.2,0.0
CLOSE_SHORT,3786.32,15075,3799.2,12.879999999999654
OPEN_LONG,3786.32,15075,3786.32,0.0
CLOSE_LONG,3776.25,15089,3786.32,-10.070000000000164
OPEN_SHORT,3776.25,15089,3776.25,0.0
CLOSE_SHORT,3770.67,15102,3776.25,5.579999999999927
OPEN_LONG,3770.67,15102,3770.67,0.0
CLOSE_LONG,3759.3,15119,3770.67,-11.36999999999989
OPEN_SHORT,3759.3,15119,3759.3,0.0
CLOSE_SHORT,3751.0,15129,3759.3,8.300000000000182
OPEN_LONG,3751.0,15129,3751.0,0.0
CLOSE_LONG,3756.88,15144,3751.0,5.880000000000109
OPEN_SHORT,3756.88,15144,3756.88,0.0
CLOSE_SHORT,3767.48,15176,3756.88,-10.599999999999909
OPEN_LONG,3767.48,15176,3767.48,0.0
CLOSE_LONG,3774.43,15185,3767.48,6.949999999999818
OPEN_SHORT,3774.43,15185,3774.43,0.0
CLOSE_SHORT,3762.82,15226,3774.43,11.609999999999673
OPEN_LONG,3762.82,15226,3762.82,0.0
CLOSE_LONG,3761.35,15239,3762.82,-1.4700000000002547
OPEN_SHORT,3761.35,15239,3761.35,0.0
CLOSE_SHORT,3756.45,15255,3761.35,4.900000000000091
OPEN_LONG,3756.45,15255,3756.45,0.0
CLOSE_LONG,3768.08,15262,3756.45,11.63000000000011
OPEN_SHORT,3768.08,15262,3768.08,0.0
CLOSE_SHORT,3774.46,15293,3768.08,-6.380000000000109
OPEN_LONG,3774.46,15293,3774.46,0.0
CLOSE_LONG,3781.83,15298,3774.46,7.369999999999891
OPEN_SHORT,3781.83,15298,3781.83,0.0
CLOSE_SHORT,3811.37,15325,3781.83,-29.539999999999964
OPEN_LONG,3811.37,15325,3811.37,0.0
CLOSE_LONG,3793.36,15342,3811.37,-18.009999999999764
OPEN_SHORT,3793.36,15342,3793.36,0.0
CLOSE_SHORT,3781.2,15355,3793.36,12.16000000000031
OPEN_LONG,3781.2,15355,3781.2,0.0
CLOSE_LONG,3787.8,15360,3781.2,6.600000000000364
OPEN_SHORT,3787.8,15360,3787.8,0.0
CLOSE_SHORT,3785.99,15387,3787.8,1.8100000000004002
OPEN_LONG,3785.99,15387,3785.99,0.0
CLOSE_LONG,3791.23,15398,3785.99,5.2400000000002365
OPEN_SHORT,3791.23,15398,3791.23,0.0
CLOSE_SHORT,3801.54,15412,3791.23,-10.309999999999945
OPEN_LONG,3801.54,15412,3801.54,0.0
CLOSE_LONG,3792.94,15437,3801.54,-8.599999999999909
OPEN_SHORT,3792.94,15437,3792.94,0.0
CLOSE_SHORT,3790.63,15452,3792.94,2.3099999999999454
OPEN_LONG,3790.63,15452,3790.63,0.0
CLOSE_LONG,3804.17,15465,3790.63,13.539999999999964
OPEN_SHORT,3804.17,15465,3804.17,0.0
CLOSE_SHORT,3801.55,15491,3804.17,2.619999999999891
OPEN_LONG,3801.55,15491,3801.55,0.0
CLOSE_LONG,3794.7,15511,3801.55,-6.850000000000364
OPEN_SHORT,3794.7,15511,3794.7,0.0
CLOSE_SHORT,3798.15,15519,3794.7,-3.450000000000273
OPEN_LONG,3798.15,15519,3798.15,0.0
CLOSE_LONG,3806.91,15524,3798.15,8.759999999999764
OPEN_SHORT,3806.91,15524,3806.91,0.0
CLOSE_SHORT,3797.75,15530,3806.91,9.159999999999854
OPEN_LONG,3797.75,15530,3797.75,0.0
CLOSE_LONG,3811.11,15540,3797.75,13.360000000000127
OPEN_SHORT,3811.11,15540,3811.11,0.0
CLOSE_SHORT,3795.38,15541,3811.11,15.730000000000018
OPEN_LONG,3795.38,15541,3795.38,0.0
CLOSE_LONG,3705.52,15578,3795.38,-89.86000000000013
OPEN_SHORT,3705.52,15578,3705.52,0.0
CLOSE_SHORT,3711.68,15585,3705.52,-6.1599999999998545
OPEN_LONG,3711.68,15585,3711.68,0.0
CLOSE_LONG,3715.41,15591,3711.68,3.730000000000018
OPEN_SHORT,3715.41,15591,3715.41,0.0
CLOSE_SHORT,3752.15,15713,3715.41,-36.74000000000024
OPEN_LONG,3752.15,15713,3752.15,0.0
CLOSE_LONG,3752.34,15731,3752.15,0.19000000000005457
OPEN_SHORT,3752.34,15731,3752.34,0.0
CLOSE_SHORT,3836.99,15916,3752.34,-84.64999999999964
OPEN_LONG,3836.99,15916,3836.99,0.0
CLOSE_LONG,3840.8,15952,3836.99,3.8100000000004
OPEN_SHORT,3840.8,15952,3840.8,0.0
CLOSE_SHORT,3833.76,15979,3840.8,7.039999999999964
OPEN_LONG,3833.76,15979,3833.76,0.0
CLOSE_LONG,3840.97,15985,3833.76,7.209999999999582
OPEN_SHORT,3840.97,15985,3840.97,0.0
CLOSE_SHORT,3846.75,16531,3840.97,-5.7800000000002
OPEN_LONG,3846.75,16531,3846.75,0.0
CLOSE_LONG,3848.0,16538,3846.75,1.25
OPEN_SHORT,3848.0,16538,3848.0,0.0
CLOSE_SHORT,3835.82,16542,3848.0,12.179999999999836
OPEN_LONG,3835.82,16542,3835.82,0.0
CLOSE_LONG,3836.0,16581,3835.82,0.1799999999998363
OPEN_SHORT,3836.0,16581,3836.0,0.0
CLOSE_SHORT,3826.33,16605,3836.0,9.670000000000073
OPEN_LONG,3826.33,16605,3826.33,0.0
CLOSE_LONG,3835.16,16610,3826.33,8.829999999999927
OPEN_SHORT,3835.16,16610,3835.16,0.0
CLOSE_SHORT,3822.91,16616,3835.16,12.25
OPEN_LONG,3822.91,16616,3822.91,0.0
CLOSE_LONG,3829.64,16621,3822.91,6.730000000000018
OPEN_SHORT,3829.64,16621,3829.64,0.0
CLOSE_SHORT,3824.52,16647,3829.64,5.119999999999891
OPEN_LONG,3824.52,16647,3824.52,0.0
CLOSE_LONG,3813.89,16664,3824.52,-10.63000000000011
OPEN_SHORT,3813.89,16664,3813.89,0.0
CLOSE_SHORT,3799.91,16668,3813.89,13.980000000000018
OPEN_LONG,3799.91,16668,3799.91,0.0
CLOSE_LONG,3801.99,16682,3799.91,2.0799999999999272
OPEN_SHORT,3801.99,16682,3801.99,0.0
CLOSE_SHORT,3796.53,16689,3801.99,5.459999999999582
OPEN_LONG,3796.53,16689,3796.53,0.0
CLOSE_LONG,3803.75,16692,3796.53,7.2199999999998
OPEN_SHORT,3803.75,16692,3803.75,0.0
CLOSE_SHORT,3799.04,16709,3803.75,4.710000000000036
OPEN_LONG,3799.04,16709,3799.04,0.0
CLOSE_LONG,3775.3,16734,3799.04,-23.73999999999978
OPEN_SHORT,3775.3,16734,3775.3,0.0
CLOSE_SHORT,3766.27,16763,3775.3,9.0300000000002
OPEN_LONG,3766.27,16763,3766.27,0.0
CLOSE_LONG,3776.0,16767,3766.27,9.730000000000018
OPEN_SHORT,3776.0,16767,3776.0,0.0
CLOSE_SHORT,3761.31,16774,3776.0,14.690000000000055
OPEN_LONG,3761.31,16774,3761.31,0.0
CLOSE_LONG,3774.19,16779,3761.31,12.88000000000011
OPEN_SHORT,3774.19,16779,3774.19,0.0
CLOSE_SHORT,3777.3,16813,3774.19,-3.1100000000001273
OPEN_LONG,3777.3,16813,3777.3,0.0
CLOSE_LONG,3784.82,16818,3777.3,7.519999999999982
OPEN_SHORT,3784.82,16818,3784.82,0.0
CLOSE_SHORT,3801.79,16869,3784.82,-16.9699999999998
OPEN_LONG,3801.79,16869,3801.79,0.0
CLOSE_LONG,3802.75,16877,3801.79,0.9600000000000364
OPEN_SHORT,3802.75,16877,3802.75,0.0
CLOSE_SHORT,3794.83,16884,3802.75,7.920000000000073
OPEN_LONG,3794.83,16884,3794.83,0.0
CLOSE_LONG,3788.26,16892,3794.83,-6.569999999999709
OPEN_SHORT,3788.26,16892,3788.26,0.0
CLOSE_SHORT,3777.26,16905,3788.26,11.0
OPEN_LONG,3777.26,16905,3777.26,0.0
CLOSE_LONG,3777.66,16917,3777.26,0.3999999999996362
OPEN_SHORT,3777.66,16917,3777.66,0.0
CLOSE_SHORT,3775.08,16933,3777.66,2.5799999999999272
OPEN_LONG,3775.08,16933,3775.08,0.0
CLOSE_LONG,3757.45,16963,3775.08,-17.63000000000011
OPEN_SHORT,3757.45,16963,3757.45,0.0
CLOSE_SHORT,3768.25,17000,3757.45,-10.800000000000182
OPEN_LONG,3768.25,17000,3768.25,0.0
CLOSE_LONG,3775.22,17005,3768.25,6.9699999999998
OPEN_SHORT,3775.22,17005,3775.22,0.0
CLOSE_SHORT,3761.92,17014,3775.22,13.299999999999727
OPEN_LONG,3761.92,17014,3761.92,0.0
CLOSE_LONG,3762.0,17023,3761.92,0.07999999999992724
OPEN_SHORT,3762.0,17023,3762.0,0.0
CLOSE_SHORT,3750.95,17028,3762.0,11.050000000000182
OPEN_LONG,3750.95,17028,3750.95,0.0
CLOSE_LONG,3756.45,17034,3750.95,5.5
OPEN_SHORT,3756.45,17034,3756.45,0.0
CLOSE_SHORT,3744.91,17038,3756.45,11.539999999999964
OPEN_LONG,3744.91,17038,3744.91,0.0
CLOSE_LONG,3724.53,17077,3744.91,-20.379999999999654
OPEN_SHORT,3724.53,17077,3724.53,0.0
CLOSE_SHORT,3728.62,17087,3724.53,-4.089999999999691
OPEN_LONG,3728.62,17087,3728.62,0.0
CLOSE_LONG,3737.23,17092,3728.62,8.610000000000127
OPEN_SHORT,3737.23,17092,3737.23,0.0
CLOSE_SHORT,3726.09,17097,3737.23,11.139999999999873
OPEN_LONG,3726.09,17097,3726.09,0.0
CLOSE_LONG,3732.07,17102,3726.09,5.980000000000018
OPEN_SHORT,3732.07,17102,3732.07,0.0
CLOSE_SHORT,3731.68,17173,3732.07,0.3900000000003274
OPEN_LONG,3731.68,17173,3731.68,0.0
CLOSE_LONG,3719.56,17188,3731.68,-12.11999999999989
OPEN_SHORT,3719.56,17188,3719.56,0.0
CLOSE_SHORT,3709.11,17209,3719.56,10.449999999999818
OPEN_LONG,3709.11,17209,3709.11,0.0
CLOSE_LONG,3718.49,17212,3709.11,9.379999999999654
OPEN_SHORT,3718.49,17212,3718.49,0.0
CLOSE_SHORT,3705.03,17221,3718.49,13.459999999999582
OPEN_LONG,3705.03,17221,3705.03,0.0
CLOSE_LONG,3712.41,17236,3705.03,7.379999999999654
OPEN_SHORT,3712.41,17236,3712.41,0.0
CLOSE_SHORT,3715.65,17261,3712.41,-3.2400000000002365
OPEN_LONG,3715.65,17261,3715.65,0.0
CLOSE_LONG,3698.49,17288,3715.65,-17.16000000000031
OPEN_SHORT,3698.49,17288,3698.49,0.0
CLOSE_SHORT,3674.34,17314,3698.49,24.149999999999636
OPEN_LONG,3674.34,17314,3674.34,0.0
CLOSE_LONG,3671.78,17320,3674.34,-2.5599999999999454
OPEN_SHORT,3671.78,17320,3671.78,0.0
CLOSE_SHORT,3684.1,17330,3671.78,-12.319999999999709
OPEN_LONG,3684.1,17330,3684.1,0.0
CLOSE_LONG,3681.31,17341,3684.1,-2.7899999999999636
OPEN_SHORT,3681.31,17341,3681.31,0.0
CLOSE_SHORT,3667.05,17346,3681.31,14.259999999999764
OPEN_LONG,3667.05,17346,3667.05,0.0
CLOSE_LONG,3657.23,17357,3667.05,-9.820000000000164
OPEN_SHORT,3657.23,17357,3657.23,0.0
CLOSE_SHORT,3673.03,17369,3657.23,-15.800000000000182
OPEN_LONG,3673.03,17369,3673.03,0.0
CLOSE_LONG,3673.73,17383,3673.03,0.6999999999998181
OPEN_SHORT,3673.73,17383,3673.73,0.0
CLOSE_SHORT,3674.59,17393,3673.73,-0.8600000000001273
OPEN_LONG,3674.59,17393,3674.59,0.0
CLOSE_LONG,3685.65,17398,3674.59,11.059999999999945
OPEN_SHORT,3685.65,17398,3685.65,0.0
CLOSE_SHORT,3676.2,17411,3685.65,9.450000000000273
OPEN_LONG,3676.2,17411,3676.2,0.0
CLOSE_LONG,3688.4,17416,3676.2,12.200000000000273
OPEN_SHORT,3688.4,17416,3688.4,0.0
CLOSE_SHORT,3704.1,17451,3688.4,-15.699999999999818
OPEN_LONG,3704.1,17451,3704.1,0.0
CLOSE_LONG,3709.15,17456,3704.1,5.050000000000182
OPEN_SHORT,3709.15,17456,3709.15,0.0
CLOSE_SHORT,3703.51,17485,3709.15,5.639999999999873
OPEN_LONG,3703.51,17485,3703.51,0.0
CLOSE_LONG,3709.84,17490,3703.51,6.329999999999927
OPEN_SHORT,3709.84,17490,3709.84,0.0
CLOSE_SHORT,3701.7,17534,3709.84,8.140000000000327
OPEN_LONG,3701.7,17534,3701.7,0.0
CLOSE_LONG,3682.66,17559,3701.7,-19.039999999999964
OPEN_SHORT,3682.66,17559,3682.66,0.0
CLOSE_SHORT,3684.06,17583,3682.66,-1.400000000000091
OPEN_LONG,3684.06,17583,3684.06,0.0
CLOSE_LONG,3687.51,17608,3684.06,3.450000000000273
OPEN_SHORT,3687.51,17608,3687.51,0.0
CLOSE_SHORT,3681.33,17620,3687.51,6.180000000000291
OPEN_LONG,3681.33,17620,3681.33,0.0
CLOSE_LONG,3687.96,17643,3681.33,6.630000000000109
OPEN_SHORT,3687.96,17643,3687.96,0.0
CLOSE_SHORT,3674.1,17647,3687.96,13.860000000000127
OPEN_LONG,3674.1,17647,3674.1,0.0
CLOSE_LONG,3677.87,17655,3674.1,3.769999999999982
OPEN_SHORT,3677.87,17655,3677.87,0.0
CLOSE_SHORT,3662.01,17668,3677.87,15.859999999999673
OPEN_LONG,3662.01,17668,3662.01,0.0
CLOSE_LONG,3672.9,17673,3662.01,10.889999999999873
OPEN_SHORT,3672.9,17673,3672.9,0.0
CLOSE_SHORT,3665.64,17675,3672.9,7.260000000000218
OPEN_LONG,3665.64,17675,3665.64,0.0
CLOSE_LONG,3654.34,17710,3665.64,-11.299999999999727
OPEN_SHORT,3654.34,17710,3654.34,0.0
CLOSE_SHORT,3654.0,17728,3654.34,0.3400000000001455
OPEN_LONG,3654.0,17728,3654.0,0.0
CLOSE_LONG,3644.75,17741,3654.0,-9.25
OPEN_SHORT,3644.75,17741,3644.75,0.0
CLOSE_SHORT,3632.0,17746,3644.75,12.75
OPEN_LONG,3632.0,17746,3632.0,0.0
CLOSE_LONG,3631.85,17754,3632.0,-0.15000000000009095
OPEN_SHORT,3631.85,17754,3631.85,0.0
CLOSE_SHORT,3630.99,17785,3631.85,0.8600000000001273
OPEN_LONG,3630.99,17785,3630.99,0.0
CLOSE_LONG,3616.91,17793,3630.99,-14.079999999999927
OPEN_SHORT,3616.91,17793,3616.91,0.0
CLOSE_SHORT,3605.21,17798,3616.91,11.699999999999818
OPEN_LONG,3605.21,17798,3605.21,0.0
CLOSE_LONG,3620.08,17801,3605.21,14.86999999999989
OPEN_SHORT,3620.08,17801,3620.08,0.0
CLOSE_SHORT,3609.25,17806,3620.08,10.829999999999927
OPEN_LONG,3609.25,17806,3609.25,0.0
CLOSE_LONG,3603.72,17812,3609.25,-5.5300000000002
OPEN_SHORT,3603.72,17812,3603.72,0.0
CLOSE_SHORT,3587.1,17818,3603.72,16.61999999999989
OPEN_LONG,3587.1,17818,3587.1,0.0
CLOSE_LONG,3616.88,17821,3587.1,29.7800000000002
OPEN_SHORT,3616.88,17821,3616.88,0.0
CLOSE_SHORT,3622.04,17852,3616.88,-5.1599999999998545
OPEN_LONG,3622.04,17852,3622.04,0.0
CLOSE_LONG,3629.68,17860,3622.04,7.639999999999873
OPEN_SHORT,3629.68,17860,3629.68,0.0
CLOSE_SHORT,3619.43,17941,3629.68,10.25
OPEN_LONG,3619.43,17941,3619.43,0.0
CLOSE_LONG,3611.49,17969,3619.43,-7.940000000000055
OPEN_SHORT,3611.49,17969,3611.49,0.0
CLOSE_SHORT,3645.07,18039,3611.49,-33.58000000000038
OPEN_LONG,3645.07,18039,3645.07,0.0
CLOSE_LONG,3662.3,18052,3645.07,17.230000000000018
OPEN_SHORT,3662.3,18052,3662.3,0.0
CLOSE_SHORT,3653.73,18060,3662.3,8.570000000000164
OPEN_LONG,3653.73,18060,3653.73,0.0
CLOSE_LONG,3661.8,18065,3653.73,8.070000000000164
OPEN_SHORT,3661.8,18065,3661.8,0.0
CLOSE_SHORT,3661.3,18081,3661.8,0.5
OPEN_LONG,3661.3,18081,3661.3,0.0
CLOSE_LONG,3670.97,18086,3661.3,9.669999999999618
OPEN_SHORT,3670.97,18086,3670.97,0.0
CLOSE_SHORT,3658.18,18102,3670.97,12.789999999999964
OPEN_LONG,3658.18,18102,3658.18,0.0
CLOSE_LONG,3653.23,18119,3658.18,-4.949999999999818
OPEN_SHORT,3653.23,18119,3653.23,0.0
CLOSE_SHORT,3635.51,18122,3653.23,17.7199999999998
OPEN_LONG,3635.51,18122,3635.51,0.0
CLOSE_LONG,3593.7,18140,3635.51,-41.8100000000004
OPEN_SHORT,3593.7,18140,3593.7,0.0
CLOSE_SHORT,3572.18,18145,3593.7,21.519999999999982
OPEN_LONG,3572.18,18145,3572.18,0.0
CLOSE_LONG,3597.0,18149,3572.18,24.820000000000164
OPEN_SHORT,3597.0,18149,3597.0,0.0
CLOSE_SHORT,3640.74,18180,3597.0,-43.73999999999978
OPEN_LONG,3640.74,18180,3640.74,0.0
CLOSE_LONG,3643.19,18187,3640.74,2.450000000000273
OPEN_SHORT,3643.19,18187,3643.19,0.0
CLOSE_SHORT,3629.8,18192,3643.19,13.389999999999873
OPEN_LONG,3629.8,18192,3629.8,0.0
CLOSE_LONG,3596.0,18228,3629.8,-33.80000000000018
OPEN_SHORT,3596.0,18228,3596.0,0.0
CLOSE_SHORT,3606.0,18252,3596.0,-10.0
OPEN_LONG,3606.0,18252,3606.0,0.0
CLOSE_LONG,3615.43,18257,3606.0,9.429999999999836
OPEN_SHORT,3615.43,18257,3615.43,0.0
CLOSE_SHORT,3607.49,18263,3615.43,7.940000000000055
OPEN_LONG,3607.49,18263,3607.49,0.0
CLOSE_LONG,3624.34,18268,3607.49,16.850000000000364
OPEN_SHORT,3624.34,18268,3624.34,0.0
CLOSE_SHORT,3614.37,18293,3624.34,9.970000000000255
OPEN_LONG,3614.37,18293,3614.37,0.0
CLOSE_LONG,3608.98,18299,3614.37,-5.389999999999873
OPEN_SHORT,3608.98,18299,3608.98,0.0
CLOSE_SHORT,3592.1,18302,3608.98,16.88000000000011
OPEN_LONG,3592.1,18302,3592.1,0.0
CLOSE_LONG,3610.73,18306,3592.1,18.63000000000011
OPEN_SHORT,3610.73,18306,3610.73,0.0
CLOSE_SHORT,3600.31,18312,3610.73,10.420000000000073
OPEN_LONG,3600.31,18312,3600.31,0.0
CLOSE_LONG,3603.66,18314,3600.31,3.349999999999909
OPEN_SHORT,3603.66,18314,3603.66,0.0
CLOSE_SHORT,3588.46,18317,3603.66,15.199999999999818
OPEN_LONG,3588.46,18317,3588.46,0.0
CLOSE_LONG,3578.46,18328,3588.46,-10.0
OPEN_SHORT,3578.46,18328,3578.46,0.0
CLOSE_SHORT,3566.48,18335,3578.46,11.980000000000018
OPEN_LONG,3566.48,18335,3566.48,0.0
CLOSE_LONG,3580.61,18344,3566.48,14.13000000000011
OPEN_SHORT,3580.61,18344,3580.61,0.0
CLOSE_SHORT,3571.48,18349,3580.61,9.13000000000011
OPEN_LONG,3571.48,18349,3571.48,0.0
CLOSE_LONG,3589.5,18352,3571.48,18.019999999999982
OPEN_SHORT,3589.5,18352,3589.5,0.0
CLOSE_SHORT,3566.35,18359,3589.5,23.15000000000009
OPEN_LONG,3566.35,18359,3566.35,0.0
CLOSE_LONG,3583.2,18364,3566.35,16.84999999999991
OPEN_SHORT,3583.2,18364,3583.2,0.0
CLOSE_SHORT,3572.15,18367,3583.2,11.049999999999727
OPEN_LONG,3572.15,18367,3572.15,0.0
CLOSE_LONG,3574.2,18382,3572.15,2.049999999999727
OPEN_SHORT,3574.2,18382,3574.2,0.0
CLOSE_SHORT,3554.84,18385,3574.2,19.359999999999673
OPEN_LONG,3554.84,18385,3554.84,0.0
CLOSE_LONG,3568.84,18390,3554.84,14.0
OPEN_SHORT,3568.84,18390,3568.84,0.0
CLOSE_SHORT,3555.63,18397,3568.84,13.210000000000036
OPEN_LONG,3555.63,18397,3555.63,0.0
CLOSE_LONG,3550.01,18403,3555.63,-5.619999999999891
OPEN_SHORT,3550.01,18403,3550.01,0.0
CLOSE_SHORT,3564.81,18427,3550.01,-14.799999999999727
OPEN_LONG,3564.81,18427,3564.81,0.0
CLOSE_LONG,3549.3,18448,3564.81,-15.509999999999764
OPEN_SHORT,3549.3,18448,3549.3,0.0
CLOSE_SHORT,3547.15,18462,3549.3,2.150000000000091
OPEN_LONG,3547.15,18462,3547.15,0.0
CLOSE_LONG,3548.3,18475,3547.15,1.150000000000091
OPEN_SHORT,3548.3,18475,3548.3,0.0
CLOSE_SHORT,3528.0,18480,3548.3,20.300000000000182
OPEN_LONG,3528.0,18480,3528.0,0.0
CLOSE_LONG,3526.47,18490,3528.0,-1.5300000000002
OPEN_SHORT,3526.47,18490,3526.47,0.0
CLOSE_SHORT,3520.89,18494,3526.47,5.579999999999927
OPEN_LONG,3520.89,18494,3520.89,0.0
CLOSE_LONG,3529.27,18503,3520.89,8.38000000000011
OPEN_SHORT,3529.27,18503,3529.27,0.0
CLOSE_SHORT,3514.39,18508,3529.27,14.88000000000011
OPEN_LONG,3514.39,18508,3514.39,0.0
CLOSE_LONG,3508.85,18514,3514.39,-5.539999999999964
OPEN_SHORT,3508.85,18514,3508.85,0.0
CLOSE_SHORT,3502.72,18516,3508.85,6.130000000000109
OPEN_LONG,3502.72,18516,3502.72,0.0
CLOSE_LONG,3509.32,18521,3502.72,6.600000000000364
OPEN_SHORT,3509.32,18521,3509.32,0.0
CLOSE_SHORT,3510.88,18542,3509.32,-1.5599999999999454
OPEN_LONG,3510.88,18542,3510.88,0.0
CLOSE_LONG,3521.04,18547,3510.88,10.159999999999854
OPEN_SHORT,3521.04,18547,3521.04,0.0
CLOSE_SHORT,3536.38,18580,3521.04,-15.340000000000146
OPEN_LONG,3536.38,18580,3536.38,0.0
CLOSE_LONG,3542.29,18590,3536.38,5.9099999999998545
OPEN_SHORT,3542.29,18590,3542.29,0.0
CLOSE_SHORT,3533.77,18620,3542.29,8.519999999999982
OPEN_LONG,3533.77,18620,3533.77,0.0
CLOSE_LONG,3468.1,18666,3533.77,-65.67000000000007
OPEN_SHORT,3468.1,18666,3468.1,0.0
CLOSE_SHORT,3459.54,18671,3468.1,8.559999999999945
OPEN_LONG,3459.54,18671,3459.54,0.0
CLOSE_LONG,3464.87,18674,3459.54,5.329999999999927
OPEN_SHORT,3464.87,18674,3464.87,0.0
CLOSE_SHORT,3454.18,18684,3464.87,10.690000000000055
OPEN_LONG,3454.18,18684,3454.18,0.0
CLOSE_LONG,3468.94,18690,3454.18,14.760000000000218
OPEN_SHORT,3468.94,18690,3468.94,0.0
CLOSE_SHORT,3470.9,18714,3468.94,-1.9600000000000364
OPEN_LONG,3470.9,18714,3470.9,0.0
CLOSE_LONG,3479.3,18719,3470.9,8.400000000000091
OPEN_SHORT,3479.3,18719,3479.3,0.0
CLOSE_SHORT,3482.52,18774,3479.3,-3.2199999999998
OPEN_LONG,3482.52,18774,3482.52,0.0
CLOSE_LONG,3489.38,18779,3482.52,6.860000000000127
OPEN_SHORT,3489.38,18779,3489.38,0.0
CLOSE_SHORT,3510.01,18810,3489.38,-20.63000000000011
OPEN_LONG,3510.01,18810,3510.01,0.0
CLOSE_LONG,3518.68,18818,3510.01,8.669999999999618
OPEN_SHORT,3518.68,18818,3518.68,0.0
CLOSE_SHORT,3509.7,18823,3518.68,8.980000000000018
OPEN_LONG,3509.7,18823,3509.7,0.0
CLOSE_LONG,3506.43,18836,3509.7,-3.269999999999982
OPEN_SHORT,3506.43,18836,3506.43,0.0
CLOSE_SHORT,3518.78,18972,3506.43,-12.350000000000364
OPEN_LONG,3518.78,18972,3518.78,0.0
CLOSE_LONG,3472.54,19136,3518.78,-46.24000000000024
OPEN_SHORT,3472.54,19136,3472.54,0.0
CLOSE_SHORT,3458.08,19141,3472.54,14.460000000000036
OPEN_LONG,3458.08,19141,3458.08,0.0
CLOSE_LONG,3469.13,19145,3458.08,11.050000000000182
OPEN_SHORT,3469.13,19145,3469.13,0.0
CLOSE_SHORT,3469.43,19170,3469.13,-0.29999999999972715
OPEN_LONG,3469.43,19170,3469.43,0.0
CLOSE_LONG,3478.99,19175,3469.43,9.559999999999945
OPEN_SHORT,3478.99,19175,3478.99,0.0
CLOSE_SHORT,3508.5,19247,3478.99,-29.51000000000022
OPEN_LONG,3508.5,19247,3508.5,0.0
CLOSE_LONG,3494.78,19284,3508.5,-13.7199999999998
OPEN_SHORT,3494.78,19284,3494.78,0.0
CLOSE_SHORT,3487.36,19308,3494.78,7.420000000000073
OPEN_LONG,3487.36,19308,3487.36,0.0
CLOSE_LONG,3492.05,19331,3487.36,4.690000000000055
OPEN_SHORT,3492.05,19331,3492.05,0.0
CLOSE_SHORT,3478.25,19379,3492.05,13.800000000000182
OPEN_LONG,3478.25,19379,3478.25,0.0
CLOSE_LONG,3487.89,19391,3478.25,9.639999999999873
OPEN_SHORT,3487.89,19391,3487.89,0.0
CLOSE_SHORT,3487.87,19410,3487.89,0.01999999999998181
OPEN_LONG,3487.87,19410,3487.87,0.0
CLOSE_LONG,3489.72,19417,3487.87,1.849999999999909
OPEN_SHORT,3489.72,19417,3489.72,0.0
CLOSE_SHORT,3504.28,19451,3489.72,-14.5600000000004
OPEN_LONG,3504.28,19451,3504.28,0.0
CLOSE_LONG,3503.14,19482,3504.28,-1.1400000000003274
OPEN_SHORT,3503.14,19482,3503.14,0.0
CLOSE_SHORT,3500.1,19503,3503.14,3.0399999999999636
OPEN_LONG,3500.1,19503,3500.1,0.0
CLOSE_LONG,3509.1,19513,3500.1,9.0
OPEN_SHORT,3509.1,19513,3509.1,0.0
CLOSE_SHORT,3492.08,19551,3509.1,17.019999999999982
OPEN_LONG,3492.08,19551,3492.08,0.0
CLOSE_LONG,3509.83,19555,3492.08,17.75
OPEN_SHORT,3509.83,19555,3509.83,0.0
CLOSE_SHORT,3499.8,19562,3509.83,10.029999999999745
OPEN_LONG,3499.8,19562,3499.8,0.0
CLOSE_LONG,3506.73,19567,3499.8,6.929999999999836
OPEN_SHORT,3506.73,19567,3506.73,0.0
CLOSE_SHORT,3507.18,19591,3506.73,-0.4499999999998181
OPEN_LONG,3507.18,19591,3507.18,0.0
CLOSE_LONG,3492.94,19606,3507.18,-14.239999999999782
OPEN_SHORT,3492.94,19606,3492.94,0.0
CLOSE_SHORT,3485.24,19611,3492.94,7.700000000000273
OPEN_LONG,3485.24,19611,3485.24,0.0
CLOSE_LONG,3480.21,19628,3485.24,-5.029999999999745
OPEN_SHORT,3480.21,19628,3480.21,0.0
CLOSE_SHORT,3470.31,19633,3480.21,9.900000000000091
OPEN_LONG,3470.31,19633,3470.31,0.0
CLOSE_LONG,3479.99,19639,3470.31,9.679999999999836
OPEN_SHORT,3479.99,19639,3479.99,0.0
CLOSE_SHORT,3471.22,19672,3479.99,8.769999999999982
OPEN_LONG,3471.22,19672,3471.22,0.0
CLOSE_LONG,3469.95,19679,3471.22,-1.2699999999999818
OPEN_SHORT,3469.95,19679,3469.95,0.0
CLOSE_SHORT,3456.0,19690,3469.95,13.949999999999818
OPEN_LONG,3456.0,19690,3456.0,0.0
CLOSE_LONG,3459.99,19699,3456.0,3.9899999999997817
OPEN_SHORT,3459.99,19699,3459.99,0.0
CLOSE_SHORT,3449.89,19710,3459.99,10.099999999999909
OPEN_LONG,3449.89,19710,3449.89,0.0
CLOSE_LONG,3460.73,19713,3449.89,10.840000000000146
OPEN_SHORT,3460.73,19713,3460.73,0.0
CLOSE_SHORT,3447.43,19718,3460.73,13.300000000000182
OPEN_LONG,3447.43,19718,3447.43,0.0
CLOSE_LONG,3453.83,19722,3447.43,6.400000000000091
OPEN_SHORT,3453.83,19722,3453.83,0.0
CLOSE_SHORT,3444.35,19727,3453.83,9.480000000000018
OPEN_LONG,3444.35,19727,3444.35,0.0
CLOSE_LONG,3443.99,19739,3444.35,-0.36000000000012733
OPEN_SHORT,3443.99,19739,3443.99,0.0
CLOSE_SHORT,3458.26,19751,3443.99,-14.270000000000437
OPEN_LONG,3458.26,19751,3458.26,0.0
CLOSE_LONG,3467.9,19757,3458.26,9.639999999999873
OPEN_SHORT,3467.9,19757,3467.9,0.0
CLOSE_SHORT,3446.7,19806,3467.9,21.200000000000273
OPEN_LONG,3446.7,19806,3446.7,0.0
CLOSE_LONG,3423.6,19818,3446.7,-23.09999999999991
OPEN_SHORT,3423.6,19818,3423.6,0.0
CLOSE_SHORT,3412.49,19832,3423.6,11.110000000000127
OPEN_LONG,3412.49,19832,3412.49,0.0
CLOSE_LONG,3415.52,19844,3412.49,3.0300000000002
OPEN_SHORT,3415.52,19844,3415.52,0.0
CLOSE_SHORT,3392.93,19848,3415.52,22.590000000000146
OPEN_LONG,3392.93,19848,3392.93,0.0
CLOSE_LONG,3398.0,19858,3392.93,5.070000000000164
OPEN_SHORT,3398.0,19858,3398.0,0.0
CLOSE_SHORT,3383.45,19863,3398.0,14.550000000000182
OPEN_LONG,3383.45,19863,3383.45,0.0
CLOSE_LONG,3385.75,19882,3383.45,2.300000000000182
OPEN_SHORT,3385.75,19882,3385.75,0.0
CLOSE_SHORT,3412.09,19919,3385.75,-26.340000000000146
OPEN_LONG,3412.09,19919,3412.09,0.0
CLOSE_LONG,3413.6,19925,3412.09,1.5099999999997635
OPEN_SHORT,3413.6,19925,3413.6,0.0
CLOSE_SHORT,3400.06,19928,3413.6,13.539999999999964
OPEN_LONG,3400.06,19928,3400.06,0.0
CLOSE_LONG,3396.27,19934,3400.06,-3.7899999999999636
OPEN_SHORT,3396.27,19934,3396.27,0.0
CLOSE_SHORT,3387.89,19936,3396.27,8.38000000000011
OPEN_LONG,3387.89,19936,3387.89,0.0
CLOSE_LONG,3392.01,19945,3387.89,4.120000000000346
OPEN_SHORT,3392.01,19945,3392.01,0.0
CLOSE_SHORT,3398.7,19960,3392.01,-6.6899999999996
OPEN_LONG,3398.7,19960,3398.7,0.0
CLOSE_LONG,3408.84,19965,3398.7,10.140000000000327
OPEN_SHORT,3408.84,19965,3408.84,0.0
CLOSE_SHORT,3402.35,19976,3408.84,6.4900000000002365
OPEN_LONG,3402.35,19976,3402.35,0.0
CLOSE_LONG,3413.76,19992,3402.35,11.41000000000031
OPEN_SHORT,3413.76,19992,3413.76,0.0
CLOSE_SHORT,3419.1,20006,3413.76,-5.339999999999691
OPEN_LONG,3419.1,20006,3419.1,0.0
CLOSE_LONG,3417.3,20031,3419.1,-1.7999999999997272
OPEN_SHORT,3417.3,20031,3417.3,0.0
CLOSE_SHORT,3415.53,20043,3417.3,1.7699999999999818
OPEN_LONG,3415.53,20043,3415.53,0.0
CLOSE_LONG,3425.6,20047,3415.53,10.069999999999709
OPEN_SHORT,3425.6,20047,3425.6,0.0
CLOSE_SHORT,3414.01,20058,3425.6,11.58999999999969
OPEN_LONG,3414.01,20058,3414.01,0.0
CLOSE_LONG,3418.5,20063,3414.01,4.489999999999782
OPEN_SHORT,3418.5,20063,3418.5,0.0
CLOSE_SHORT,3406.33,20076,3418.5,12.170000000000073
OPEN_LONG,3406.33,20076,3406.33,0.0
CLOSE_LONG,3401.87,20093,3406.33,-4.460000000000036
OPEN_SHORT,3401.87,20093,3401.87,0.0
CLOSE_SHORT,3409.2,20119,3401.87,-7.329999999999927
OPEN_LONG,3409.2,20119,3409.2,0.0
CLOSE_LONG,3383.04,20145,3409.2,-26.159999999999854
OPEN_SHORT,3383.04,20145,3383.04,0.0
CLOSE_SHORT,3373.68,20149,3383.04,9.360000000000127
OPEN_LONG,3373.68,20149,3373.68,0.0
CLOSE_LONG,3383.7,20154,3373.68,10.019999999999982
OPEN_SHORT,3383.7,20154,3383.7,0.0
CLOSE_SHORT,3401.88,20169,3383.7,-18.18000000000029
OPEN_LONG,3401.88,20169,3401.88,0.0
CLOSE_LONG,3407.37,20181,3401.88,5.489999999999782
OPEN_SHORT,3407.37,20181,3407.37,0.0
CLOSE_SHORT,3389.22,20201,3407.37,18.15000000000009
OPEN_LONG,3389.22,20201,3389.22,0.0
CLOSE_LONG,3382.13,20218,3389.22,-7.089999999999691
OPEN_SHORT,3382.13,20218,3382.13,0.0
CLOSE_SHORT,3407.87,20289,3382.13,-25.73999999999978
OPEN_LONG,3407.87,20289,3407.87,0.0
CLOSE_LONG,3416.87,20297,3407.87,9.0
OPEN_SHORT,3416.87,20297,3416.87,0.0
CLOSE_SHORT,3438.56,20420,3416.87,-21.690000000000055
OPEN_LONG,3438.56,20420,3438.56,0.0
CLOSE_LONG,3445.0,20439,3438.56,6.440000000000055
OPEN_SHORT,3445.0,20439,3445.0,0.0
CLOSE_SHORT,3433.69,20454,3445.0,11.309999999999945
OPEN_LONG,3433.69,20454,3433.69,0.0
CLOSE_LONG,3449.72,20486,3433.69,16.029999999999745
OPEN_SHORT,3449.72,20486,3449.72,0.0
CLOSE_SHORT,3440.43,20519,3449.72,9.289999999999964
OPEN_LONG,3440.43,20519,3440.43,0.0
CLOSE_LONG,3445.01,20603,3440.43,4.580000000000382
OPEN_SHORT,3445.01,20603,3445.01,0.0
CLOSE_SHORT,3504.37,20859,3445.01,-59.35999999999967
OPEN_LONG,3504.37,20859,3504.37,0.0
CLOSE_LONG,3491.69,20886,3504.37,-12.679999999999836
OPEN_SHORT,3491.69,20886,3491.69,0.0
CLOSE_SHORT,3482.66,20898,3491.69,9.0300000000002
OPEN_LONG,3482.66,20898,3482.66,0.0
CLOSE_LONG,3490.44,20943,3482.66,7.7800000000002
OPEN_SHORT,3490.44,20943,3490.44,0.0
CLOSE_SHORT,3491.37,20956,3490.44,-0.9299999999998363
OPEN_LONG,3491.37,20956,3491.37,0.0
CLOSE_LONG,3494.63,20963,3491.37,3.2600000000002183
OPEN_SHORT,3494.63,20963,3494.63,0.0
CLOSE_SHORT,3487.38,21003,3494.63,7.25
OPEN_LONG,3487.38,21003,3487.38,0.0
CLOSE_LONG,3477.84,21061,3487.38,-9.539999999999964
OPEN_SHORT,3477.84,21061,3477.84,0.0
CLOSE_SHORT,3466.23,21065,3477.84,11.610000000000127
OPEN_LONG,3466.23,21065,3466.23,0.0
CLOSE_LONG,3465.78,21097,3466.23,-0.4499999999998181
OPEN_SHORT,3465.78,21097,3465.78,0.0
CLOSE_SHORT,3455.33,21112,3465.78,10.450000000000273
OPEN_LONG,3455.33,21112,3455.33,0.0
CLOSE_LONG,3464.24,21118,3455.33,8.909999999999854
OPEN_SHORT,3464.24,21118,3464.24,0.0
CLOSE_SHORT,3484.84,21216,3464.24,-20.600000000000364
OPEN_LONG,3484.84,21216,3484.84,0.0
CLOSE_LONG,3485.43,21254,3484.84,0.5899999999996908
OPEN_SHORT,3485.43,21254,3485.43,0.0
CLOSE_SHORT,3483.09,21294,3485.43,2.3399999999996908
OPEN_LONG,3483.09,21294,3483.09,0.0
CLOSE_LONG,3487.41,21300,3483.09,4.319999999999709
OPEN_SHORT,3487.41,21300,3487.41,0.0
CLOSE_SHORT,3504.0,21359,3487.41,-16.590000000000146
OPEN_LONG,3504.0,21359,3504.0,0.0
CLOSE_LONG,3494.89,21420,3504.0,-9.110000000000127
OPEN_SHORT,3494.89,21420,3494.89,0.0
CLOSE_SHORT,3493.35,21504,3494.89,1.5399999999999636
OPEN_LONG,3493.35,21504,3493.35,0.0
CLOSE_LONG,3494.55,21533,3493.35,1.2000000000002728
OPEN_SHORT,3494.55,21533,3494.55,0.0
CLOSE_SHORT,3537.8,21729,3494.55,-43.25
OPEN_LONG,3537.8,21729,3537.8,0.0
CLOSE_LONG,3543.66,21763,3537.8,5.859999999999673
OPEN_SHORT,3543.66,21763,3543.66,0.0
CLOSE_SHORT,3546.63,21777,3543.66,-2.9700000000002547
OPEN_LONG,3546.63,21777,3546.63,0.0
CLOSE_LONG,3554.13,21786,3546.63,7.5
OPEN_SHORT,3554.13,21786,3554.13,0.0
CLOSE_SHORT,3560.21,21804,3554.13,-6.079999999999927
OPEN_LONG,3560.21,21804,3560.21,0.0
CLOSE_LONG,3565.1,21817,3560.21,4.889999999999873
OPEN_SHORT,3565.1,21817,3565.1,0.0
CLOSE_SHORT,3556.25,21875,3565.1,8.849999999999909
OPEN_LONG,3556.25,21875,3556.25,0.0
CLOSE_LONG,3558.94,21887,3556.25,2.6900000000000546
OPEN_SHORT,3558.94,21887,3558.94,0.0
CLOSE_SHORT,3551.13,21892,3558.94,7.809999999999945
OPEN_LONG,3551.13,21892,3551.13,0.0
CLOSE_LONG,3538.08,21987,3551.13,-13.050000000000182
OPEN_SHORT,3538.08,21987,3538.08,0.0
CLOSE_SHORT,3529.94,21992,3538.08,8.139999999999873
OPEN_LONG,3529.94,21992,3529.94,0.0
CLOSE_LONG,3533.49,21998,3529.94,3.549999999999727
OPEN_SHORT,3533.49,21998,3533.49,0.0
CLOSE_SHORT,3523.81,22003,3533.49,9.679999999999836
OPEN_LONG,3523.81,22003,3523.81,0.0
CLOSE_LONG,3529.73,22018,3523.81,5.920000000000073
OPEN_SHORT,3529.73,22018,3529.73,0.0
CLOSE_SHORT,3549.92,22123,3529.73,-20.190000000000055
OPEN_LONG,3549.92,22123,3549.92,0.0
CLOSE_LONG,3547.64,22135,3549.92,-2.2800000000002
OPEN_SHORT,3547.64,22135,3547.64,0.0
CLOSE_SHORT,3562.65,22247,3547.64,-15.010000000000218
OPEN_LONG,3562.65,22247,3562.65,0.0
CLOSE_LONG,3559.15,22320,3562.65,-3.5
OPEN_SHORT,3559.15,22320,3559.15,0.0
CLOSE_SHORT,3553.09,22363,3559.15,6.059999999999945
OPEN_LONG,3553.09,22363,3553.09,0.0
CLOSE_LONG,3557.92,22375,3553.09,4.829999999999927
OPEN_SHORT,3557.92,22375,3557.92,0.0
CLOSE_SHORT,3566.49,22403,3557.92,-8.569999999999709
OPEN_LONG,3566.49,22403,3566.49,0.0
CLOSE_LONG,3570.33,22429,3566.49,3.8400000000001455
OPEN_SHORT,3570.33,22429,3570.33,0.0
CLOSE_SHORT,3598.56,22449,3570.33,-28.230000000000018
OPEN_LONG,3598.56,22449,3598.56,0.0
CLOSE_LONG,3609.58,22454,3598.56,11.019999999999982
OPEN_SHORT,3609.58,22454,3609.58,0.0
CLOSE_SHORT,3650.61,22479,3609.58,-41.0300000000002
OPEN_LONG,3650.61,22479,3650.61,0.0
CLOSE_LONG,3648.96,22507,3650.61,-1.650000000000091
OPEN_SHORT,3648.96,22507,3648.96,0.0
CLOSE_SHORT,3632.76,22512,3648.96,16.199999999999818
OPEN_LONG,3632.76,22512,3632.76,0.0
CLOSE_LONG,3641.41,22521,3632.76,8.649999999999636
OPEN_SHORT,3641.41,22521,3641.41,0.0
CLOSE_SHORT,3640.69,22558,3641.41,0.7199999999997999
OPEN_LONG,3640.69,22558,3640.69,0.0
CLOSE_LONG,3645.31,22569,3640.69,4.619999999999891
OPEN_SHORT,3645.31,22569,3645.31,0.0
CLOSE_SHORT,3710.73,22653,3645.31,-65.42000000000007
OPEN_LONG,3710.73,22653,3710.73,0.0
CLOSE_LONG,3687.54,22687,3710.73,-23.190000000000055
OPEN_SHORT,3687.54,22687,3687.54,0.0
CLOSE_SHORT,3674.78,22790,3687.54,12.759999999999764
OPEN_LONG,3674.78,22790,3674.78,0.0
CLOSE_LONG,3675.09,22825,3674.78,0.30999999999994543
OPEN_SHORT,3675.09,22825,3675.09,0.0
CLOSE_SHORT,3681.68,22845,3675.09,-6.589999999999691
OPEN_LONG,3681.68,22845,3681.68,0.0
CLOSE_LONG,3691.67,22850,3681.68,9.990000000000236
OPEN_SHORT,3691.67,22850,3691.67,0.0
CLOSE_SHORT,3692.77,22863,3691.67,-1.099999999999909
OPEN_LONG,3692.77,22863,3692.77,0.0
CLOSE_LONG,3707.81,22871,3692.77,15.039999999999964
OPEN_SHORT,3707.81,22871,3707.81,0.0
CLOSE_SHORT,3698.35,22877,3707.81,9.460000000000036
OPEN_LONG,3698.35,22877,3698.35,0.0
CLOSE_LONG,3707.77,22888,3698.35,9.420000000000073
OPEN_SHORT,3707.77,22888,3707.77,0.0
CLOSE_SHORT,3706.71,22899,3707.77,1.0599999999999454
OPEN_LONG,3706.71,22899,3706.71,0.0
CLOSE_LONG,3712.71,22904,3706.71,6.0
OPEN_SHORT,3712.71,22904,3712.71,0.0
CLOSE_SHORT,3721.2,22973,3712.71,-8.489999999999782
OPEN_LONG,3721.2,22973,3721.2,0.0
CLOSE_LONG,3727.85,22982,3721.2,6.650000000000091
OPEN_SHORT,3727.85,22982,3727.85,0.0
CLOSE_SHORT,3714.32,23029,3727.85,13.529999999999745
OPEN_LONG,3714.32,23029,3714.32,0.0
CLOSE_LONG,3717.5,23050,3714.32,3.1799999999998363
OPEN_SHORT,3717.5,23050,3717.5,0.0
CLOSE_SHORT,3709.89,23061,3717.5,7.610000000000127
OPEN_LONG,3709.89,23061,3709.89,0.0
CLOSE_LONG,3684.0,23179,3709.89,-25.889999999999873
OPEN_SHORT,3684.0,23179,3684.0,0.0
CLOSE_SHORT,3674.42,23190,3684.0,9.579999999999927
OPEN_LONG,3674.42,23190,3674.42,0.0
CLOSE_LONG,3679.36,23226,3674.42,4.940000000000055
OPEN_SHORT,3679.36,23226,3679.36,0.0
CLOSE_SHORT,3665.79,23244,3679.36,13.570000000000164
OPEN_LONG,3665.79,23244,3665.79,0.0
CLOSE_LONG,3656.52,23266,3665.79,-9.269999999999982
OPEN_SHORT,3656.52,23266,3656.52,0.0
CLOSE_SHORT,3655.99,23315,3656.52,0.5300000000002001
OPEN_LONG,3655.99,23315,3655.99,0.0
CLOSE_LONG,3654.45,23360,3655.99,-1.5399999999999636
OPEN_SHORT,3654.45,23360,3654.45,0.0
CLOSE_SHORT,3666.8,23449,3654.45,-12.350000000000364
OPEN_LONG,3666.8,23449,3666.8,0.0
CLOSE_LONG,3645.61,23473,3666.8,-21.190000000000055
OPEN_SHORT,3645.61,23473,3645.61,0.0
CLOSE_SHORT,3644.68,23503,3645.61,0.930000000000291
OPEN_LONG,3644.68,23503,3644.68,0.0
CLOSE_LONG,3616.21,23523,3644.68,-28.4699999999998
OPEN_SHORT,3616.21,23523,3616.21,0.0
CLOSE_SHORT,3609.83,23530,3616.21,6.380000000000109
OPEN_LONG,3609.83,23530,3609.83,0.0
CLOSE_LONG,3619.54,23542,3609.83,9.710000000000036
OPEN_SHORT,3619.54,23542,3619.54,0.0
CLOSE_SHORT,3671.59,23720,3619.54,-52.05000000000018
OPEN_LONG,3671.59,23720,3671.59,0.0
CLOSE_LONG,3676.59,23736,3671.59,5.0
OPEN_SHORT,3676.59,23736,3676.59,0.0
CLOSE_SHORT,3672.01,23748,3676.59,4.579999999999927
OPEN_LONG,3672.01,23748,3672.01,0.0
CLOSE_LONG,3669.7,23773,3672.01,-2.3100000000004
OPEN_SHORT,3669.7,23773,3669.7,0.0
CLOSE_SHORT,3667.09,23796,3669.7,2.6099999999996726
OPEN_LONG,3667.09,23796,3667.09,0.0
CLOSE_LONG,3627.51,23821,3667.09,-39.57999999999993
OPEN_SHORT,3627.51,23821,3627.51,0.0
CLOSE_SHORT,3619.72,23824,3627.51,7.790000000000418
OPEN_LONG,3619.72,23824,3619.72,0.0
CLOSE_LONG,3636.27,23828,3619.72,16.550000000000182
OPEN_SHORT,3636.27,23828,3636.27,0.0
CLOSE_SHORT,3628.37,23839,3636.27,7.900000000000091
OPEN_LONG,3628.37,23839,3628.37,0.0
CLOSE_LONG,3633.27,23856,3628.37,4.900000000000091
OPEN_SHORT,3633.27,23856,3633.27,0.0
CLOSE_SHORT,3626.92,23871,3633.27,6.349999999999909
OPEN_LONG,3626.92,23871,3626.92,0.0
CLOSE_LONG,3638.43,23873,3626.92,11.509999999999764
OPEN_SHORT,3638.43,23873,3638.43,0.0
CLOSE_SHORT,3640.4,23881,3638.43,-1.9700000000002547
OPEN_LONG,3640.4,23881,3640.4,0.0
CLOSE_LONG,3648.83,23883,3640.4,8.429999999999836
OPEN_SHORT,3648.83,23883,3648.83,0.0
CLOSE_SHORT,3640.67,23892,3648.83,8.159999999999854
OPEN_LONG,3640.67,23892,3640.67,0.0
CLOSE_LONG,3579.28,23926,3640.67,-61.38999999999987
OPEN_SHORT,3579.28,23926,3579.28,0.0
CLOSE_SHORT,3567.38,23934,3579.28,11.900000000000091
OPEN_LONG,3567.38,23934,3567.38,0.0
CLOSE_LONG,3581.04,23937,3567.38,13.659999999999854
OPEN_SHORT,3581.04,23937,3581.04,0.0
CLOSE_SHORT,3564.44,23942,3581.04,16.59999999999991
OPEN_LONG,3564.44,23942,3564.44,0.0
CLOSE_LONG,3575.0,23944,3564.44,10.559999999999945
OPEN_SHORT,3575.0,23944,3575.0,0.0
CLOSE_SHORT,3557.91,23946,3575.0,17.090000000000146
OPEN_LONG,3557.91,23946,3557.91,0.0
CLOSE_LONG,3575.84,23955,3557.91,17.93000000000029
OPEN_SHORT,3575.84,23955,3575.84,0.0
CLOSE_SHORT,3583.54,23979,3575.84,-7.699999999999818
OPEN_LONG,3583.54,23979,3583.54,0.0
CLOSE_LONG,3573.81,23989,3583.54,-9.730000000000018
OPEN_SHORT,3573.81,23989,3573.81,0.0
CLOSE_SHORT,3557.75,23993,3573.81,16.059999999999945
OPEN_LONG,3557.75,23993,3557.75,0.0
CLOSE_LONG,3559.81,23996,3557.75,2.0599999999999454
OPEN_SHORT,3559.81,23996,3559.81,0.0
CLOSE_SHORT,3574.62,24027,3559.81,-14.809999999999945
OPEN_LONG,3574.62,24027,3574.62,0.0
CLOSE_LONG,3588.08,24031,3574.62,13.460000000000036
OPEN_SHORT,3588.08,24031,3588.08,0.0
CLOSE_SHORT,3561.3,24056,3588.08,26.779999999999745
OPEN_LONG,3561.3,24056,3561.3,0.0
CLOSE_LONG,3566.69,24061,3561.3,5.389999999999873
OPEN_SHORT,3566.69,24061,3566.69,0.0
CLOSE_SHORT,3591.25,24121,3566.69,-24.559999999999945
OPEN_LONG,3591.25,24121,3591.25,0.0
CLOSE_LONG,3605.2,24130,3591.25,13.949999999999818
OPEN_SHORT,3605.2,24130,3605.2,0.0
CLOSE_SHORT,3596.26,24150,3605.2,8.9399999999996
OPEN_LONG,3596.26,24150,3596.26,0.0
CLOSE_LONG,3599.57,24156,3596.26,3.3099999999999454
OPEN_SHORT,3599.57,24156,3599.57,0.0
CLOSE_SHORT,3585.59,24162,3599.57,13.980000000000018
OPEN_LONG,3585.59,24162,3585.59,0.0
CLOSE_LONG,3588.48,24168,3585.59,2.8899999999998727
OPEN_SHORT,3588.48,24168,3588.48,0.0
CLOSE_SHORT,3576.18,24211,3588.48,12.300000000000182
OPEN_LONG,3576.18,24211,3576.18,0.0
CLOSE_LONG,3573.59,24252,3576.18,-2.5899999999996908
OPEN_SHORT,3573.59,24252,3573.59,0.0
CLOSE_SHORT,3585.59,24293,3573.59,-12.0
OPEN_LONG,3585.59,24293,3585.59,0.0
CLOSE_LONG,3582.45,24318,3585.59,-3.1400000000003274
OPEN_SHORT,3582.45,24318,3582.45,0.0
CLOSE_SHORT,3574.15,24330,3582.45,8.299999999999727
OPEN_LONG,3574.15,24330,3574.15,0.0
CLOSE_LONG,3583.96,24335,3574.15,9.809999999999945
OPEN_SHORT,3583.96,24335,3583.96,0.0
CLOSE_SHORT,3569.1,24366,3583.96,14.860000000000127
OPEN_LONG,3569.1,24366,3569.1,0.0
CLOSE_LONG,3556.21,24383,3569.1,-12.889999999999873
OPEN_SHORT,3556.21,24383,3556.21,0.0
CLOSE_SHORT,3595.2,24508,3556.21,-38.98999999999978
OPEN_LONG,3595.2,24508,3595.2,0.0
CLOSE_LONG,3595.44,24534,3595.2,0.24000000000023647
OPEN_SHORT,3595.44,24534,3595.44,0.0
CLOSE_SHORT,3581.3,24542,3595.44,14.139999999999873
OPEN_LONG,3581.3,24542,3581.3,0.0
CLOSE_LONG,3576.71,24550,3581.3,-4.5900000000001455
OPEN_SHORT,3576.71,24550,3576.71,0.0
CLOSE_SHORT,3569.22,24553,3576.71,7.4900000000002365
OPEN_LONG,3569.22,24553,3569.22,0.0
CLOSE_LONG,3582.12,24562,3569.22,12.900000000000091
OPEN_SHORT,3582.12,24562,3582.12,0.0
CLOSE_SHORT,3573.14,24573,3582.12,8.980000000000018
OPEN_LONG,3573.14,24573,3573.14,0.0
CLOSE_LONG,3578.47,24597,3573.14,5.329999999999927
OPEN_SHORT,3578.47,24597,3578.47,0.0
CLOSE_SHORT,3570.82,24604,3578.47,7.649999999999636
OPEN_LONG,3570.82,24604,3570.82,0.0
CLOSE_LONG,3583.25,24608,3570.82,12.429999999999836
OPEN_SHORT,3583.25,24608,3583.25,0.0
CLOSE_SHORT,3580.82,24623,3583.25,2.4299999999998363
OPEN_LONG,3580.82,24623,3580.82,0.0
CLOSE_LONG,3584.1,24631,3580.82,3.2799999999997453
OPEN_SHORT,3584.1,24631,3584.1,0.0
CLOSE_SHORT,3576.46,24654,3584.1,7.639999999999873
OPEN_LONG,3576.46,24654,3576.46,0.0
CLOSE_LONG,3588.73,24659,3576.46,12.269999999999982
OPEN_SHORT,3588.73,24659,3588.73,0.0
CLOSE_SHORT,3583.52,24680,3588.73,5.210000000000036
OPEN_LONG,3583.52,24680,3583.52,0.0
CLOSE_LONG,3584.29,24723,3583.52,0.7699999999999818
OPEN_SHORT,3584.29,24723,3584.29,0.0
CLOSE_SHORT,3573.51,24740,3584.29,10.779999999999745
OPEN_LONG,3573.51,24740,3573.51,0.0
CLOSE_LONG,3577.47,24755,3573.51,3.9599999999995816
OPEN_SHORT,3577.47,24755,3577.47,0.0
CLOSE_SHORT,3627.52,24817,3577.47,-50.05000000000018
OPEN_LONG,3627.52,24817,3627.52,0.0
CLOSE_LONG,3629.57,24826,3627.52,2.050000000000182
OPEN_SHORT,3629.57,24826,3629.57,0.0
CLOSE_SHORT,3647.53,24838,3629.57,-17.960000000000036
OPEN_LONG,3647.53,24838,3647.53,0.0
CLOSE_LONG,3628.14,24877,3647.53,-19.390000000000327
OPEN_SHORT,3628.14,24877,3628.14,0.0
CLOSE_SHORT,3618.42,24883,3628.14,9.7199999999998
OPEN_LONG,3618.42,24883,3618.42,0.0
CLOSE_LONG,3627.59,24889,3618.42,9.170000000000073
OPEN_SHORT,3627.59,24889,3627.59,0.0
CLOSE_SHORT,3629.52,24913,3627.59,-1.9299999999998363
OPEN_LONG,3629.52,24913,3629.52,0.0
CLOSE_LONG,3631.86,24923,3629.52,2.3400000000001455
OPEN_SHORT,3631.86,24923,3631.86,0.0
CLOSE_SHORT,3630.5,24983,3631.86,1.3600000000001273
OPEN_LONG,3630.5,24983,3630.5,0.0
CLOSE_LONG,3631.99,25049,3630.5,1.4899999999997817
OPEN_SHORT,3631.99,25049,3631.99,0.0
CLOSE_SHORT,3632.01,25055,3631.99,-0.020000000000436557
OPEN_LONG,3632.01,25055,3632.01,0.0
CLOSE_LONG,3628.88,25110,3632.01,-3.130000000000109
OPEN_SHORT,3628.88,25110,3628.88,0.0
CLOSE_SHORT,3613.59,25114,3628.88,15.289999999999964
OPEN_LONG,3613.59,25114,3613.59,0.0
CLOSE_LONG,3616.81,25155,3613.59,3.2199999999998
OPEN_SHORT,3616.81,25155,3616.81,0.0
CLOSE_SHORT,3602.2,25227,3616.81,14.610000000000127
OPEN_LONG,3602.2,25227,3602.2,0.0
CLOSE_LONG,3600.14,25234,3602.2,-2.0599999999999454
OPEN_SHORT,3600.14,25234,3600.14,0.0
CLOSE_SHORT,3590.83,25259,3600.14,9.309999999999945
OPEN_LONG,3590.83,25259,3590.83,0.0
CLOSE_LONG,3586.67,25276,3590.83,-4.1599999999998545
OPEN_SHORT,3586.67,25276,3586.67,0.0
CLOSE_SHORT,3576.6,25311,3586.67,10.070000000000164
OPEN_LONG,3576.6,25311,3576.6,0.0
CLOSE_LONG,3592.2,25316,3576.6,15.599999999999909
OPEN_SHORT,3592.2,25316,3592.2,0.0
CLOSE_SHORT,3610.47,25348,3592.2,-18.269999999999982
OPEN_LONG,3610.47,25348,3610.47,0.0
CLOSE_LONG,3598.99,25364,3610.47,-11.480000000000018
OPEN_SHORT,3598.99,25364,3598.99,0.0
CLOSE_SHORT,3626.31,25399,3598.99,-27.320000000000164
OPEN_LONG,3626.31,25399,3626.31,0.0
CLOSE_LONG,3629.0,25411,3626.31,2.6900000000000546
OPEN_SHORT,3629.0,25411,3629.0,0.0
CLOSE_SHORT,3658.92,25461,3629.0,-29.920000000000073
OPEN_LONG,3658.92,25461,3658.92,0.0
CLOSE_LONG,3655.5,25473,3658.92,-3.4200000000000728
OPEN_SHORT,3655.5,25473,3655.5,0.0
CLOSE_SHORT,3644.55,25513,3655.5,10.949999999999818
OPEN_LONG,3644.55,25513,3644.55,0.0
CLOSE_LONG,3648.55,25532,3644.55,4.0
OPEN_SHORT,3648.55,25532,3648.55,0.0
CLOSE_SHORT,3682.48,25596,3648.55,-33.929999999999836
OPEN_LONG,3682.48,25596,3682.48,0.0
CLOSE_LONG,3678.21,25691,3682.48,-4.269999999999982
OPEN_SHORT,3678.21,25691,3678.21,0.0
CLOSE_SHORT,3674.68,25769,3678.21,3.5300000000002
OPEN_LONG,3674.68,25769,3674.68,0.0
CLOSE_LONG,3662.66,25800,3674.68,-12.019999999999982
OPEN_SHORT,3662.66,25800,3662.66,0.0
CLOSE_SHORT,3674.28,25938,3662.66,-11.620000000000346
OPEN_LONG,3674.28,25938,3674.28,0.0
CLOSE_LONG,3671.19,25961,3674.28,-3.0900000000001455
OPEN_SHORT,3671.19,25961,3671.19,0.0
CLOSE_SHORT,3670.01,25981,3671.19,1.1799999999998363
OPEN_LONG,3670.01,25981,3670.01,0.0
CLOSE_LONG,3694.04,26020,3670.01,24.029999999999745
OPEN_SHORT,3694.04,26020,3694.04,0.0
CLOSE_SHORT,3694.68,26028,3694.04,-0.6399999999998727
OPEN_LONG,3694.68,26028,3694.68,0.0
CLOSE_LONG,3671.4,26061,3694.68,-23.279999999999745
OPEN_SHORT,3671.4,26061,3671.4,0.0
CLOSE_SHORT,3667.0,26078,3671.4,4.400000000000091
OPEN_LONG,3667.0,26078,3667.0,0.0
CLOSE_LONG,3662.01,26160,3667.0,-4.989999999999782
OPEN_SHORT,3662.01,26160,3662.01,0.0
CLOSE_SHORT,3717.26,26447,3662.01,-55.25
OPEN_LONG,3717.26,26447,3717.26,0.0
CLOSE_LONG,3727.84,26518,3717.26,10.579999999999927
OPEN_SHORT,3727.84,26518,3727.84,0.0
CLOSE_SHORT,3788.34,26554,3727.84,-60.5
OPEN_LONG,3788.34,26554,3788.34,0.0
CLOSE_LONG,3798.8,26562,3788.34,10.460000000000036
OPEN_SHORT,3798.8,26562,3798.8,0.0
CLOSE_SHORT,3797.22,26569,3798.8,1.580000000000382
OPEN_LONG,3797.22,26569,3797.22,0.0
CLOSE_LONG,3818.97,26573,3797.22,21.75
OPEN_SHORT,3818.97,26573,3818.97,0.0
CLOSE_SHORT,3807.06,26599,3818.97,11.909999999999854
OPEN_LONG,3807.06,26599,3807.06,0.0
CLOSE_LONG,3815.38,26615,3807.06,8.320000000000164
OPEN_SHORT,3815.38,26615,3815.38,0.0
CLOSE_SHORT,3831.77,26738,3815.38,-16.389999999999873
OPEN_LONG,3831.77,26738,3831.77,0.0
CLOSE_LONG,3846.72,26752,3831.77,14.949999999999818
OPEN_SHORT,3846.72,26752,3846.72,0.0
CLOSE_SHORT,3850.0,26759,3846.72,-3.2800000000002
OPEN_LONG,3850.0,26759,3850.0,0.0
CLOSE_LONG,3863.11,26764,3850.0,13.110000000000127
OPEN_SHORT,3863.11,26764,3863.11,0.0
CLOSE_SHORT,3855.03,26769,3863.11,8.079999999999927
OPEN_LONG,3855.03,26769,3855.03,0.0
CLOSE_LONG,3835.52,26793,3855.03,-19.51000000000022
OPEN_SHORT,3835.52,26793,3835.52,0.0
CLOSE_SHORT,3823.71,26804,3835.52,11.809999999999945
OPEN_LONG,3823.71,26804,3823.71,0.0
CLOSE_LONG,3823.56,26812,3823.71,-0.15000000000009095
OPEN_SHORT,3823.56,26812,3823.56,0.0
CLOSE_SHORT,3815.7,26818,3823.56,7.860000000000127
OPEN_LONG,3815.7,26818,3815.7,0.0
CLOSE_LONG,3820.69,26826,3815.7,4.9900000000002365
OPEN_SHORT,3820.69,26826,3820.69,0.0
CLOSE_SHORT,3813.83,26842,3820.69,6.860000000000127
OPEN_LONG,3813.83,26842,3813.83,0.0
CLOSE_LONG,3825.79,26854,3813.83,11.960000000000036
OPEN_SHORT,3825.79,26854,3825.79,0.0
CLOSE_SHORT,3827.69,26880,3825.79,-1.900000000000091
OPEN_LONG,3827.69,26880,3827.69,0.0
CLOSE_LONG,3833.94,26887,3827.69,6.25
OPEN_SHORT,3833.94,26887,3833.94,0.0
CLOSE_SHORT,3814.49,26935,3833.94,19.450000000000273
OPEN_LONG,3814.49,26935,3814.49,0.0
CLOSE_LONG,3813.0,26945,3814.49,-1.4899999999997817
OPEN_SHORT,3813.0,26945,3813.0,0.0
CLOSE_SHORT,3805.71,26958,3813.0,7.289999999999964
OPEN_LONG,3805.71,26958,3805.71,0.0
CLOSE_LONG,3815.22,26966,3805.71,9.509999999999764
OPEN_SHORT,3815.22,26966,3815.22,0.0
CLOSE_SHORT,3851.54,27128,3815.22,-36.320000000000164
OPEN_LONG,3851.54,27128,3851.54,0.0
CLOSE_LONG,3863.51,27131,3851.54,11.970000000000255
OPEN_SHORT,3863.51,27131,3863.51,0.0
CLOSE_SHORT,3854.41,27137,3863.51,9.100000000000364
OPEN_LONG,3854.41,27137,3854.41,0.0
CLOSE_LONG,3858.39,27148,3854.41,3.980000000000018
OPEN_SHORT,3858.39,27148,3858.39,0.0
CLOSE_SHORT,3866.16,27189,3858.39,-7.769999999999982
OPEN_LONG,3866.16,27189,3866.16,0.0
CLOSE_LONG,3873.36,27194,3866.16,7.200000000000273
OPEN_SHORT,3873.36,27194,3873.36,0.0
CLOSE_SHORT,3865.19,27251,3873.36,8.170000000000073
OPEN_LONG,3865.19,27251,3865.19,0.0
CLOSE_LONG,3875.79,27255,3865.19,10.599999999999909
OPEN_SHORT,3875.79,27255,3875.79,0.0
CLOSE_SHORT,3877.01,27292,3875.79,-1.2200000000002547
OPEN_LONG,3877.01,27292,3877.01,0.0
CLOSE_LONG,3905.41,27300,3877.01,28.399999999999636
OPEN_SHORT,3905.41,27300,3905.41,0.0
CLOSE_SHORT,3906.05,27313,3905.41,-0.6400000000003274
OPEN_LONG,3906.05,27313,3906.05,0.0
CLOSE_LONG,3900.1,27347,3906.05,-5.950000000000273
OPEN_SHORT,3900.1,27347,3900.1,0.0
CLOSE_SHORT,3897.14,27373,3900.1,2.9600000000000364
OPEN_LONG,3897.14,27373,3897.14,0.0
CLOSE_LONG,3905.0,27384,3897.14,7.860000000000127
OPEN_SHORT,3905.0,27384,3905.0,0.0
CLOSE_SHORT,3892.88,27391,3905.0,12.11999999999989
OPEN_LONG,3892.88,27391,3892.88,0.0
CLOSE_LONG,3893.26,27397,3892.88,0.38000000000010914
OPEN_SHORT,3893.26,27397,3893.26,0.0
CLOSE_SHORT,3892.75,27404,3893.26,0.5100000000002183
OPEN_LONG,3892.75,27404,3892.75,0.0
CLOSE_LONG,3906.78,27409,3892.75,14.0300000000002
OPEN_SHORT,3906.78,27409,3906.78,0.0
CLOSE_SHORT,3918.76,27416,3906.78,-11.980000000000018
OPEN_LONG,3918.76,27416,3918.76,0.0
CLOSE_LONG,3904.8,27441,3918.76,-13.960000000000036
OPEN_SHORT,3904.8,27441,3904.8,0.0
CLOSE_SHORT,3894.28,27451,3904.8,10.519999999999982
OPEN_LONG,3894.28,27451,3894.28,0.0
CLOSE_LONG,3896.27,27457,3894.28,1.9899999999997817
OPEN_SHORT,3896.27,27457,3896.27,0.0
CLOSE_SHORT,3887.77,27468,3896.27,8.5
OPEN_LONG,3887.77,27468,3887.77,0.0
CLOSE_LONG,3896.23,27538,3887.77,8.460000000000036
OPEN_SHORT,3896.23,27538,3896.23,0.0
CLOSE_SHORT,3894.72,27550,3896.23,1.5100000000002183
OPEN_LONG,3894.72,27550,3894.72,0.0
CLOSE_LONG,3901.73,27556,3894.72,7.010000000000218
OPEN_SHORT,3901.73,27556,3901.73,0.0
CLOSE_SHORT,3947.01,27583,3901.73,-45.2800000000002
OPEN_LONG,3947.01,27583,3947.01,0.0
CLOSE_LONG,3933.9,27608,3947.01,-13.110000000000127
OPEN_SHORT,3933.9,27608,3933.9,0.0
CLOSE_SHORT,3921.72,27616,3933.9,12.180000000000291
OPEN_LONG,3921.72,27616,3921.72,0.0
CLOSE_LONG,3921.99,27639,3921.72,0.2699999999999818
OPEN_SHORT,3921.99,27639,3921.99,0.0
CLOSE_SHORT,3895.56,27698,3921.99,26.429999999999836
OPEN_LONG,3895.56,27698,3895.56,0.0
CLOSE_LONG,3915.6,27747,3895.56,20.039999999999964
OPEN_SHORT,3915.6,27747,3915.6,0.0
CLOSE_SHORT,3905.05,27752,3915.6,10.549999999999727
OPEN_LONG,3905.05,27752,3905.05,0.0
CLOSE_LONG,3916.35,27759,3905.05,11.299999999999727
OPEN_SHORT,3916.35,27759,3916.35,0.0
CLOSE_SHORT,3910.71,27768,3916.35,5.639999999999873
OPEN_LONG,3910.71,27768,3910.71,0.0
CLOSE_LONG,3914.3,27808,3910.71,3.5900000000001455
OPEN_SHORT,3914.3,27808,3914.3,0.0
CLOSE_SHORT,3915.51,27816,3914.3,-1.2100000000000364
OPEN_LONG,3915.51,27816,3915.51,0.0
CLOSE_LONG,3924.14,27859,3915.51,8.629999999999654
OPEN_SHORT,3924.14,27859,3924.14,0.0
CLOSE_SHORT,3895.2,27884,3924.14,28.940000000000055
OPEN_LONG,3895.2,27884,3895.2,0.0
CLOSE_LONG,3894.41,27908,3895.2,-0.7899999999999636
OPEN_SHORT,3894.41,27908,3894.41,0.0
CLOSE_SHORT,3887.54,27935,3894.41,6.869999999999891
OPEN_LONG,3887.54,27935,3887.54,0.0
CLOSE_LONG,3899.79,27966,3887.54,12.25
OPEN_SHORT,3899.79,27966,3899.79,0.0
CLOSE_SHORT,3900.66,28102,3899.79,-0.8699999999998909
OPEN_LONG,3900.66,28102,3900.66,0.0
CLOSE_LONG,3907.63,28107,3900.66,6.970000000000255
OPEN_SHORT,3907.63,28107,3907.63,0.0
CLOSE_SHORT,3995.45,28210,3907.63,-87.81999999999971
OPEN_LONG,3995.45,28210,3995.45,0.0
CLOSE_LONG,4003.21,28215,3995.45,7.760000000000218
OPEN_SHORT,4003.21,28215,4003.21,0.0
CLOSE_SHORT,3982.3,28219,4003.21,20.909999999999854
OPEN_LONG,3982.3,28219,3982.3,0.0
CLOSE_LONG,3957.75,28233,3982.3,-24.550000000000182
OPEN_SHORT,3957.75,28233,3957.75,0.0
CLOSE_SHORT,3948.72,28245,3957.75,9.0300000000002
OPEN_LONG,3948.72,28245,3948.72,0.0
CLOSE_LONG,3958.19,28256,3948.72,9.470000000000255
OPEN_SHORT,3958.19,28256,3958.19,0.0
CLOSE_SHORT,3967.32,28264,3958.19,-9.13000000000011
OPEN_LONG,3967.32,28264,3967.32,0.0
CLOSE_LONG,3980.17,28270,3967.32,12.849999999999909
OPEN_SHORT,3980.17,28270,3980.17,0.0
CLOSE_SHORT,3965.69,28275,3980.17,14.480000000000018
OPEN_LONG,3965.69,28275,3965.69,0.0
CLOSE_LONG,3957.69,28293,3965.69,-8.0
OPEN_SHORT,3957.69,28293,3957.69,0.0
CLOSE_SHORT,3948.0,28311,3957.69,9.690000000000055
OPEN_LONG,3948.0,28311,3948.0,0.0
CLOSE_LONG,3935.7,28320,3948.0,-12.300000000000182
OPEN_SHORT,3935.7,28320,3935.7,0.0
CLOSE_SHORT,3954.73,28346,3935.7,-19.0300000000002
OPEN_LONG,3954.73,28346,3954.73,0.0
CLOSE_LONG,3965.79,28352,3954.73,11.059999999999945
OPEN_SHORT,3965.79,28352,3965.79,0.0
CLOSE_SHORT,3961.51,28362,3965.79,4.279999999999745
OPEN_LONG,3961.51,28362,3961.51,0.0
CLOSE_LONG,3969.31,28368,3961.51,7.799999999999727
OPEN_SHORT,3969.31,28368,3969.31,0.0
CLOSE_SHORT,3957.88,28373,3969.31,11.429999999999836
OPEN_LONG,3957.88,28373,3957.88,0.0
CLOSE_LONG,3981.85,28395,3957.88,23.9699999999998
OPEN_SHORT,3981.85,28395,3981.85,0.0
CLOSE_SHORT,3982.73,28417,3981.85,-0.8800000000001091
OPEN_LONG,3982.73,28417,3982.73,0.0
CLOSE_LONG,3998.72,28422,3982.73,15.989999999999782
OPEN_SHORT,3998.72,28422,3998.72,0.0
CLOSE_SHORT,4016.21,28435,3998.72,-17.490000000000236
OPEN_LONG,4016.21,28435,4016.21,0.0
CLOSE_LONG,4029.2,28441,4016.21,12.989999999999782
OPEN_SHORT,4029.2,28441,4029.2,0.0
CLOSE_SHORT,4041.79,28477,4029.2,-12.590000000000146
OPEN_LONG,4041.79,28477,4041.79,0.0
CLOSE_LONG,4052.69,28483,4041.79,10.900000000000091
OPEN_SHORT,4052.69,28483,4052.69,0.0
CLOSE_SHORT,4042.32,28491,4052.69,10.36999999999989
OPEN_LONG,4042.32,28491,4042.32,0.0
CLOSE_LONG,4047.24,28502,4042.32,4.919999999999618
OPEN_SHORT,4047.24,28502,4047.24,0.0
CLOSE_SHORT,4048.99,28517,4047.24,-1.75
OPEN_LONG,4048.99,28517,4048.99,0.0
CLOSE_LONG,4052.39,28527,4048.99,3.400000000000091
OPEN_SHORT,4052.39,28527,4052.39,0.0
CLOSE_SHORT,4039.61,28538,4052.39,12.779999999999745
OPEN_LONG,4039.61,28538,4039.61,0.0
CLOSE_LONG,4047.19,28554,4039.61,7.579999999999927
OPEN_SHORT,4047.19,28554,4047.19,0.0
CLOSE_SHORT,4051.01,28577,4047.19,-3.8200000000001637
OPEN_LONG,4051.01,28577,4051.01,0.0
CLOSE_LONG,4059.98,28617,4051.01,8.9699999999998
OPEN_SHORT,4059.98,28617,4059.98,0.0
CLOSE_SHORT,4050.88,28624,4059.98,9.099999999999909
OPEN_LONG,4050.88,28624,4050.88,0.0
CLOSE_LONG,4013.65,28799,4050.88,-37.23000000000002
OPEN_SHORT,4013.65,28799,4013.65,0.0
CLOSE_SHORT,4079.89,29094,4013.65,-66.23999999999978
OPEN_LONG,4079.89,29094,4079.89,0.0
CLOSE_LONG,4103.53,29115,4079.89,23.639999999999873
OPEN_SHORT,4103.53,29115,4103.53,0.0
CLOSE_SHORT,4159.6,29122,4103.53,-56.07000000000062
OPEN_LONG,4159.6,29122,4159.6,0.0
CLOSE_LONG,4171.83,29132,4159.6,12.229999999999563
OPEN_SHORT,4171.83,29132,4171.83,0.0
CLOSE_SHORT,4172.14,29148,4171.83,-0.3100000000004002
OPEN_LONG,4172.14,29148,4172.14,0.0
CLOSE_LONG,4185.54,29157,4172.14,13.399999999999636
OPEN_SHORT,4185.54,29157,4185.54,0.0
CLOSE_SHORT,4162.37,29175,4185.54,23.170000000000073
OPEN_LONG,4162.37,29175,4162.37,0.0
CLOSE_LONG,4169.32,29190,4162.37,6.949999999999818
OPEN_SHORT,4169.32,29190,4169.32,0.0
CLOSE_SHORT,4167.0,29202,4169.32,2.319999999999709
OPEN_LONG,4167.0,29202,4167.0,0.0
CLOSE_LONG,4160.92,29229,4167.0,-6.079999999999927
OPEN_SHORT,4160.92,29229,4160.92,0.0
CLOSE_SHORT,4173.15,29313,4160.92,-12.229999999999563
OPEN_LONG,4173.15,29313,4173.15,0.0
CLOSE_LONG,4188.33,29320,4173.15,15.180000000000291
OPEN_SHORT,4188.33,29320,4188.33,0.0
CLOSE_SHORT,4181.96,29325,4188.33,6.369999999999891
OPEN_LONG,4181.96,29325,4181.96,0.0
CLOSE_LONG,4192.21,29346,4181.96,10.25
OPEN_SHORT,4192.21,29346,4192.21,0.0
CLOSE_SHORT,4181.0,29351,4192.21,11.210000000000036
OPEN_LONG,4181.0,29351,4181.0,0.0
CLOSE_LONG,4190.94,29360,4181.0,9.9399999999996
OPEN_SHORT,4190.94,29360,4190.94,0.0
CLOSE_SHORT,4188.6,29370,4190.94,2.339999999999236
OPEN_LONG,4188.6,29370,4188.6,0.0
CLOSE_LONG,4234.45,29398,4188.6,45.849999999999454
OPEN_SHORT,4234.45,29398,4234.45,0.0
CLOSE_SHORT,4216.37,29403,4234.45,18.079999999999927
OPEN_LONG,4216.37,29403,4216.37,0.0
CLOSE_LONG,4225.24,29417,4216.37,8.86999999999989
OPEN_SHORT,4225.24,29417,4225.24,0.0
CLOSE_SHORT,4232.61,29432,4225.24,-7.369999999999891
OPEN_LONG,4232.61,29432,4232.61,0.0
CLOSE_LONG,4226.47,29457,4232.61,-6.139999999999418
OPEN_SHORT,4226.47,29457,4226.47,0.0
CLOSE_SHORT,4214.51,29464,4226.47,11.960000000000036
OPEN_LONG,4214.51,29464,4214.51,0.0
CLOSE_LONG,4194.82,29539,4214.51,-19.69000000000051
OPEN_SHORT,4194.82,29539,4194.82,0.0
CLOSE_SHORT,4190.43,29571,4194.82,4.389999999999418
OPEN_LONG,4190.43,29571,4190.43,0.0
CLOSE_LONG,4191.8,29617,4190.43,1.3699999999998909
OPEN_SHORT,4191.8,29617,4191.8,0.0
CLOSE_SHORT,4181.76,29622,4191.8,10.039999999999964
OPEN_LONG,4181.76,29622,4181.76,0.0
CLOSE_LONG,4173.7,29656,4181.76,-8.0600000000004
OPEN_SHORT,4173.7,29656,4173.7,0.0
CLOSE_SHORT,4206.78,29718,4173.7,-33.07999999999993
OPEN_LONG,4206.78,29718,4206.78,0.0
CLOSE_LONG,4217.99,29727,4206.78,11.210000000000036
OPEN_SHORT,4217.99,29727,4217.99,0.0
CLOSE_SHORT,4192.03,29732,4217.99,25.960000000000036
OPEN_LONG,4192.03,29732,4192.03,0.0
CLOSE_LONG,4199.22,29737,4192.03,7.190000000000509
OPEN_SHORT,4199.22,29737,4199.22,0.0
CLOSE_SHORT,4203.2,29763,4199.22,-3.9799999999995634
OPEN_LONG,4203.2,29763,4203.2,0.0
CLOSE_LONG,4210.0,29809,4203.2,6.800000000000182
OPEN_SHORT,4210.0,29809,4210.0,0.0
CLOSE_SHORT,4226.09,29872,4210.0,-16.090000000000146
OPEN_LONG,4226.09,29872,4226.09,0.0
CLOSE_LONG,4232.51,29888,4226.09,6.420000000000073
OPEN_SHORT,4232.51,29888,4232.51,0.0
CLOSE_SHORT,4232.89,29933,4232.51,-0.38000000000010914
OPEN_LONG,4232.89,29933,4232.89,0.0
CLOSE_LONG,4238.81,29940,4232.89,5.920000000000073
OPEN_SHORT,4238.81,29940,4238.81,0.0
CLOSE_SHORT,4242.01,29947,4238.81,-3.199999999999818
OPEN_LONG,4242.01,29947,4242.01,0.0
CLOSE_LONG,4249.5,29979,4242.01,7.489999999999782
OPEN_SHORT,4249.5,29979,4249.5,0.0
CLOSE_SHORT,4268.4,30025,4249.5,-18.899999999999636
OPEN_LONG,4268.4,30025,4268.4,0.0
CLOSE_LONG,4279.5,30035,4268.4,11.100000000000364
OPEN_SHORT,4279.5,30035,4279.5,0.0
CLOSE_SHORT,4268.63,30040,4279.5,10.86999999999989
OPEN_LONG,4268.63,30040,4268.63,0.0
CLOSE_LONG,4277.6,30049,4268.63,8.970000000000255
OPEN_SHORT,4277.6,30049,4277.6,0.0
CLOSE_SHORT,4285.2,30085,4277.6,-7.599999999999454
OPEN_LONG,4285.2,30085,4285.2,0.0
CLOSE_LONG,4278.6,30102,4285.2,-6.599999999999454
OPEN_SHORT,4278.6,30102,4278.6,0.0
CLOSE_SHORT,4282.62,30128,4278.6,-4.019999999999527
OPEN_LONG,4282.62,30128,4282.62,0.0
CLOSE_LONG,4291.47,30134,4282.62,8.850000000000364
OPEN_SHORT,4291.47,30134,4291.47,0.0
CLOSE_SHORT,4302.0,30159,4291.47,-10.529999999999745
OPEN_LONG,4302.0,30159,4302.0,0.0
CLOSE_LONG,4266.33,30182,4302.0,-35.67000000000007
OPEN_SHORT,4266.33,30182,4266.33,0.0
CLOSE_SHORT,4256.88,30190,4266.33,9.449999999999818
OPEN_LONG,4256.88,30190,4256.88,0.0
CLOSE_LONG,4269.65,30195,4256.88,12.769999999999527
OPEN_SHORT,4269.65,30195,4269.65,0.0
CLOSE_SHORT,4260.39,30200,4269.65,9.259999999999309
OPEN_LONG,4260.39,30200,4260.39,0.0
CLOSE_LONG,4271.7,30244,4260.39,11.30999999999949
OPEN_SHORT,4271.7,30244,4271.7,0.0
CLOSE_SHORT,4259.98,30249,4271.7,11.720000000000255
OPEN_LONG,4259.98,30249,4259.98,0.0
CLOSE_LONG,4262.82,30262,4259.98,2.8400000000001455
OPEN_SHORT,4262.82,30262,4262.82,0.0
CLOSE_SHORT,4310.23,30309,4262.82,-47.409999999999854
OPEN_LONG,4310.23,30309,4310.23,0.0
CLOSE_LONG,4319.99,30311,4310.23,9.760000000000218
OPEN_SHORT,4319.99,30311,4319.99,0.0
CLOSE_SHORT,4303.96,30315,4319.99,16.029999999999745
OPEN_LONG,4303.96,30315,4303.96,0.0
CLOSE_LONG,4303.47,30329,4303.96,-0.4899999999997817
OPEN_SHORT,4303.47,30329,4303.47,0.0
CLOSE_SHORT,4292.25,30334,4303.47,11.220000000000255
OPEN_LONG,4292.25,30334,4292.25,0.0
CLOSE_LONG,4304.79,30342,4292.25,12.539999999999964
OPEN_SHORT,4304.79,30342,4304.79,0.0
CLOSE_SHORT,4304.19,30356,4304.79,0.6000000000003638
OPEN_LONG,4304.19,30356,4304.19,0.0
CLOSE_LONG,4282.8,30387,4304.19,-21.389999999999418
OPEN_SHORT,4282.8,30387,4282.8,0.0
CLOSE_SHORT,4269.32,30395,4282.8,13.480000000000473
OPEN_LONG,4269.32,30395,4269.32,0.0
CLOSE_LONG,4261.59,30402,4269.32,-7.729999999999563
OPEN_SHORT,4261.59,30402,4261.59,0.0
CLOSE_SHORT,4242.82,30431,4261.59,18.770000000000437
OPEN_LONG,4242.82,30431,4242.82,0.0
CLOSE_LONG,4256.16,30434,4242.82,13.340000000000146
OPEN_SHORT,4256.16,30434,4256.16,0.0
CLOSE_SHORT,4238.85,30439,4256.16,17.30999999999949
OPEN_LONG,4238.85,30439,4238.85,0.0
CLOSE_LONG,4247.35,30445,4238.85,8.5
OPEN_SHORT,4247.35,30445,4247.35,0.0
CLOSE_SHORT,4227.0,30456,4247.35,20.350000000000364
OPEN_LONG,4227.0,30456,4227.0,0.0
CLOSE_LONG,4230.28,30462,4227.0,3.2799999999997453
OPEN_SHORT,4230.28,30462,4230.28,0.0
CLOSE_SHORT,4249.05,30544,4230.28,-18.770000000000437
OPEN_LONG,4249.05,30544,4249.05,0.0
CLOSE_LONG,4227.95,30583,4249.05,-21.100000000000364
OPEN_SHORT,4227.95,30583,4227.95,0.0
CLOSE_SHORT,4224.53,30599,4227.95,3.4200000000000728
OPEN_LONG,4224.53,30599,4224.53,0.0
CLOSE_LONG,4226.8,30616,4224.53,2.2700000000004366
OPEN_SHORT,4226.8,30616,4226.8,0.0
CLOSE_SHORT,4209.93,30626,4226.8,16.86999999999989
OPEN_LONG,4209.93,30626,4209.93,0.0
CLOSE_LONG,4217.07,30637,4209.93,7.139999999999418
OPEN_SHORT,4217.07,30637,4217.07,0.0
CLOSE_SHORT,4212.15,30697,4217.07,4.920000000000073
OPEN_LONG,4212.15,30697,4212.15,0.0
CLOSE_LONG,4189.49,30717,4212.15,-22.659999999999854
OPEN_SHORT,4189.49,30717,4189.49,0.0
CLOSE_SHORT,4175.49,30731,4189.49,14.0
OPEN_LONG,4175.49,30731,4175.49,0.0
CLOSE_LONG,4181.42,30741,4175.49,5.930000000000291
OPEN_SHORT,4181.42,30741,4181.42,0.0
CLOSE_SHORT,4203.59,30769,4181.42,-22.170000000000073
OPEN_LONG,4203.59,30769,4203.59,0.0
CLOSE_LONG,4214.26,30778,4203.59,10.670000000000073
OPEN_SHORT,4214.26,30778,4214.26,0.0
CLOSE_SHORT,4213.38,30859,4214.26,0.8800000000001091
OPEN_LONG,4213.38,30859,4213.38,0.0
CLOSE_LONG,4222.01,30872,4213.38,8.63000000000011
OPEN_SHORT,4222.01,30872,4222.01,0.0
CLOSE_SHORT,4193.59,30885,4222.01,28.420000000000073
OPEN_LONG,4193.59,30885,4193.59,0.0
CLOSE_LONG,4209.27,30889,4193.59,15.680000000000291
OPEN_SHORT,4209.27,30889,4209.27,0.0
CLOSE_SHORT,4199.89,30902,4209.27,9.38000000000011
OPEN_LONG,4199.89,30902,4199.89,0.0
CLOSE_LONG,4198.13,30922,4199.89,-1.7600000000002183
OPEN_SHORT,4198.13,30922,4198.13,0.0
CLOSE_SHORT,4201.31,30959,4198.13,-3.180000000000291
OPEN_LONG,4201.31,30959,4201.31,0.0
CLOSE_LONG,4183.72,30972,4201.31,-17.590000000000146
OPEN_SHORT,4183.72,30972,4183.72,0.0
CLOSE_SHORT,4192.79,31044,4183.72,-9.069999999999709
OPEN_LONG,4192.79,31044,4192.79,0.0
CLOSE_LONG,4182.85,31071,4192.79,-9.9399999999996
OPEN_SHORT,4182.85,31071,4182.85,0.0
CLOSE_SHORT,4165.69,31087,4182.85,17.160000000000764
OPEN_LONG,4165.69,31087,4165.69,0.0
CLOSE_LONG,4175.0,31092,4165.69,9.3100000000004
OPEN_SHORT,4175.0,31092,4175.0,0.0
CLOSE_SHORT,4211.85,31181,4175.0,-36.850000000000364
OPEN_LONG,4211.85,31181,4211.85,0.0
CLOSE_LONG,4226.81,31194,4211.85,14.960000000000036
OPEN_SHORT,4226.81,31194,4226.81,0.0
CLOSE_SHORT,4218.4,31199,4226.81,8.410000000000764
OPEN_LONG,4218.4,31199,4218.4,0.0
CLOSE_LONG,4225.09,31215,4218.4,6.690000000000509
OPEN_SHORT,4225.09,31215,4225.09,0.0
CLOSE_SHORT,4231.39,31285,4225.09,-6.300000000000182
OPEN_LONG,4231.39,31285,4231.39,0.0
CLOSE_LONG,4243.01,31397,4231.39,11.61999999999989
OPEN_SHORT,4243.01,31397,4243.01,0.0
CLOSE_SHORT,4238.61,31410,4243.01,4.400000000000546
OPEN_LONG,4238.61,31410,4238.61,0.0
CLOSE_LONG,4250.13,31422,4238.61,11.520000000000437
OPEN_SHORT,4250.13,31422,4250.13,0.0
CLOSE_SHORT,4244.1,31449,4250.13,6.029999999999745
OPEN_LONG,4244.1,31449,4244.1,0.0
CLOSE_LONG,4223.14,31486,4244.1,-20.960000000000036
OPEN_SHORT,4223.14,31486,4223.14,0.0
CLOSE_SHORT,4220.36,31506,4223.14,2.780000000000655
OPEN_LONG,4220.36,31506,4220.36,0.0
CLOSE_LONG,4208.88,31517,4220.36,-11.479999999999563
OPEN_SHORT,4208.88,31517,4208.88,0.0
CLOSE_SHORT,4197.2,31536,4208.88,11.680000000000291
OPEN_LONG,4197.2,31536,4197.2,0.0
CLOSE_LONG,4197.6,31552,4197.2,0.4000000000005457
OPEN_SHORT,4197.6,31552,4197.6,0.0
CLOSE_SHORT,4205.63,31578,4197.6,-8.029999999999745
OPEN_LONG,4205.63,31578,4205.63,0.0
CLOSE_LONG,4218.33,31583,4205.63,12.699999999999818
OPEN_SHORT,4218.33,31583,4218.33,0.0
CLOSE_SHORT,4227.88,31650,4218.33,-9.550000000000182
OPEN_LONG,4227.88,31650,4227.88,0.0
CLOSE_LONG,4240.76,31658,4227.88,12.88000000000011
OPEN_SHORT,4240.76,31658,4240.76,0.0
CLOSE_SHORT,4266.48,31725,4240.76,-25.719999999999345
OPEN_LONG,4266.48,31725,4266.48,0.0
CLOSE_LONG,4269.0,31731,4266.48,2.5200000000004366
OPEN_SHORT,4269.0,31731,4269.0,0.0
CLOSE_SHORT,4261.63,31749,4269.0,7.369999999999891
OPEN_LONG,4261.63,31749,4261.63,0.0
CLOSE_LONG,4267.5,31753,4261.63,5.869999999999891
OPEN_SHORT,4267.5,31753,4267.5,0.0
CLOSE_SHORT,4305.31,31786,4267.5,-37.8100000000004
OPEN_LONG,4305.31,31786,4305.31,0.0
CLOSE_LONG,4303.4,31806,4305.31,-1.910000000000764
OPEN_SHORT,4303.4,31806,4303.4,0.0
CLOSE_SHORT,4313.84,31818,4303.4,-10.44000000000051
OPEN_LONG,4313.84,31818,4313.84,0.0
CLOSE_LONG,4309.19,31844,4313.84,-4.650000000000546
OPEN_SHORT,4309.19,31844,4309.19,0.0
CLOSE_SHORT,4303.52,31869,4309.19,5.669999999999163
OPEN_LONG,4303.52,31869,4303.52,0.0
CLOSE_LONG,4298.6,31902,4303.52,-4.920000000000073
OPEN_SHORT,4298.6,31902,4298.6,0.0
CLOSE_SHORT,4330.01,31949,4298.6,-31.409999999999854
OPEN_LONG,4330.01,31949,4330.01,0.0
CLOSE_LONG,4328.93,31993,4330.01,-1.0799999999999272
OPEN_SHORT,4328.93,31993,4328.93,0.0
CLOSE_SHORT,4318.7,31999,4328.93,10.230000000000473
OPEN_LONG,4318.7,31999,4318.7,0.0
CLOSE_LONG,4309.7,32049,4318.7,-9.0
OPEN_SHORT,4309.7,32049,4309.7,0.0
CLOSE_SHORT,4298.24,32055,4309.7,11.460000000000036
OPEN_LONG,4298.24,32055,4298.24,0.0
CLOSE_LONG,4309.33,32069,4298.24,11.090000000000146
OPEN_SHORT,4309.33,32069,4309.33,0.0
CLOSE_SHORT,4269.0,32147,4309.33,40.32999999999993
OPEN_LONG,4269.0,32147,4269.0,0.0
CLOSE_LONG,4279.53,32152,4269.0,10.529999999999745
OPEN_SHORT,4279.53,32152,4279.53,0.0
CLOSE_SHORT,4257.41,32172,4279.53,22.11999999999989
OPEN_LONG,4257.41,32172,4257.41,0.0
CLOSE_LONG,4264.07,32177,4257.41,6.6599999999998545
OPEN_SHORT,4264.07,32177,4264.07,0.0
CLOSE_SHORT,4266.8,32264,4264.07,-2.730000000000473
OPEN_LONG,4266.8,32264,4266.8,0.0
CLOSE_LONG,4254.47,32312,4266.8,-12.329999999999927
OPEN_SHORT,4254.47,32312,4254.47,0.0
CLOSE_SHORT,4245.6,32328,4254.47,8.86999999999989
OPEN_LONG,4245.6,32328,4245.6,0.0
CLOSE_LONG,4206.0,32382,4245.6,-39.600000000000364
OPEN_SHORT,4206.0,32382,4206.0,0.0
CLOSE_SHORT,4195.78,32394,4206.0,10.220000000000255
OPEN_LONG,4195.78,32394,4195.78,0.0
CLOSE_LONG,4189.56,32405,4195.78,-6.219999999999345
OPEN_SHORT,4189.56,32405,4189.56,0.0
CLOSE_SHORT,4177.16,32410,4189.56,12.400000000000546
OPEN_LONG,4177.16,32410,4177.16,0.0
CLOSE_LONG,4192.81,32413,4177.16,15.650000000000546
OPEN_SHORT,4192.81,32413,4192.81,0.0
CLOSE_SHORT,4166.06,32439,4192.81,26.75
OPEN_LONG,4166.06,32439,4166.06,0.0
CLOSE_LONG,4190.19,32442,4166.06,24.1299999999992
OPEN_SHORT,4190.19,32442,4190.19,0.0
CLOSE_SHORT,4172.56,32446,4190.19,17.6299999999992
OPEN_LONG,4172.56,32446,4172.56,0.0
CLOSE_LONG,4182.12,32450,4172.56,9.55999999999949
OPEN_SHORT,4182.12,32450,4182.12,0.0
CLOSE_SHORT,4260.9,32520,4182.12,-78.77999999999975
OPEN_LONG,4260.9,32520,4260.9,0.0
CLOSE_LONG,4270.52,32525,4260.9,9.6200000000008
OPEN_SHORT,4270.52,32525,4270.52,0.0
CLOSE_SHORT,4269.75,32534,4270.52,0.7700000000004366
OPEN_LONG,4269.75,32534,4269.75,0.0
CLOSE_LONG,4276.71,32543,4269.75,6.960000000000036
OPEN_SHORT,4276.71,32543,4276.71,0.0
CLOSE_SHORT,4268.41,32551,4276.71,8.300000000000182
OPEN_LONG,4268.41,32551,4268.41,0.0
CLOSE_LONG,4281.77,32555,4268.41,13.360000000000582
OPEN_SHORT,4281.77,32555,4281.77,0.0
CLOSE_SHORT,4287.0,32567,4281.77,-5.229999999999563
OPEN_LONG,4287.0,32567,4287.0,0.0
CLOSE_LONG,4287.01,32581,4287.0,0.010000000000218279
OPEN_SHORT,4287.01,32581,4287.01,0.0
CLOSE_SHORT,4276.81,32586,4287.01,10.199999999999818
OPEN_LONG,4276.81,32586,4276.81,0.0
CLOSE_LONG,4271.41,32602,4276.81,-5.400000000000546
OPEN_SHORT,4271.41,32602,4271.41,0.0
CLOSE_SHORT,4346.4,32657,4271.41,-74.98999999999978
OPEN_LONG,4346.4,32657,4346.4,0.0
CLOSE_LONG,4346.99,32663,4346.4,0.5900000000001455
OPEN_SHORT,4346.99,32663,4346.99,0.0
CLOSE_SHORT,4341.55,32669,4346.99,5.4399999999996
OPEN_LONG,4341.55,32669,4341.55,0.0
CLOSE_LONG,4350.4,32677,4341.55,8.849999999999454
OPEN_SHORT,4350.4,32677,4350.4,0.0
CLOSE_SHORT,4323.96,32688,4350.4,26.4399999999996
OPEN_LONG,4323.96,32688,4323.96,0.0
CLOSE_LONG,4329.99,32697,4323.96,6.029999999999745
OPEN_SHORT,4329.99,32697,4329.99,0.0
CLOSE_SHORT,4316.81,32701,4329.99,13.179999999999382
OPEN_LONG,4316.81,32701,4316.81,0.0
CLOSE_LONG,4312.26,32714,4316.81,-4.550000000000182
OPEN_SHORT,4312.26,32714,4312.26,0.0
CLOSE_SHORT,4299.69,32723,4312.26,12.570000000000618
OPEN_LONG,4299.69,32723,4299.69,0.0
CLOSE_LONG,4297.79,32732,4299.69,-1.8999999999996362
OPEN_SHORT,4297.79,32732,4297.79,0.0
CLOSE_SHORT,4292.48,32741,4297.79,5.3100000000004
OPEN_LONG,4292.48,32741,4292.48,0.0
CLOSE_LONG,4309.5,32745,4292.48,17.020000000000437
OPEN_SHORT,4309.5,32745,4309.5,0.0
CLOSE_SHORT,4292.59,32754,4309.5,16.909999999999854
OPEN_LONG,4292.59,32754,4292.59,0.0
CLOSE_LONG,4280.27,32777,4292.59,-12.319999999999709
OPEN_SHORT,4280.27,32777,4280.27,0.0
CLOSE_SHORT,4292.73,32791,4280.27,-12.459999999999127
OPEN_LONG,4292.73,32791,4292.73,0.0
CLOSE_LONG,4294.22,32817,4292.73,1.4900000000006912
OPEN_SHORT,4294.22,32817,4294.22,0.0
CLOSE_SHORT,4296.0,32823,4294.22,-1.7799999999997453
OPEN_LONG,4296.0,32823,4296.0,0.0
CLOSE_LONG,4301.08,32836,4296.0,5.079999999999927
OPEN_SHORT,4301.08,32836,4301.08,0.0
CLOSE_SHORT,4294.62,32843,4301.08,6.460000000000036
OPEN_LONG,4294.62,32843,4294.62,0.0
CLOSE_LONG,4305.01,32852,4294.62,10.390000000000327
OPEN_SHORT,4305.01,32852,4305.01,0.0
CLOSE_SHORT,4294.02,32859,4305.01,10.989999999999782
OPEN_LONG,4294.02,32859,4294.02,0.0
CLOSE_LONG,4251.2,32885,4294.02,-42.82000000000062
OPEN_SHORT,4251.2,32885,4251.2,0.0
CLOSE_SHORT,4239.46,32899,4251.2,11.739999999999782
OPEN_LONG,4239.46,32899,4239.46,0.0
CLOSE_LONG,4234.99,32910,4239.46,-4.470000000000255
OPEN_SHORT,4234.99,32910,4234.99,0.0
CLOSE_SHORT,4222.76,32977,4234.99,12.229999999999563
OPEN_LONG,4222.76,32977,4222.76,0.0
CLOSE_LONG,4213.45,32986,4222.76,-9.3100000000004
OPEN_SHORT,4213.45,32986,4213.45,0.0
CLOSE_SHORT,4198.88,32996,4213.45,14.569999999999709
OPEN_LONG,4198.88,32996,4198.88,0.0
CLOSE_LONG,4208.42,33002,4198.88,9.539999999999964
OPEN_SHORT,4208.42,33002,4208.42,0.0
CLOSE_SHORT,4204.51,33012,4208.42,3.9099999999998545
OPEN_LONG,4204.51,33012,4204.51,0.0
CLOSE_LONG,4209.59,33023,4204.51,5.079999999999927
OPEN_SHORT,4209.59,33023,4209.59,0.0
CLOSE_SHORT,4193.44,33028,4209.59,16.150000000000546
OPEN_LONG,4193.44,33028,4193.44,0.0
CLOSE_LONG,4202.54,33035,4193.44,9.100000000000364
OPEN_SHORT,4202.54,33035,4202.54,0.0
CLOSE_SHORT,4231.39,33160,4202.54,-28.850000000000364
OPEN_LONG,4231.39,33160,4231.39,0.0
CLOSE_LONG,4244.4,33178,4231.39,13.009999999999309
OPEN_SHORT,4244.4,33178,4244.4,0.0
CLOSE_SHORT,4257.6,33191,4244.4,-13.200000000000728
OPEN_LONG,4257.6,33191,4257.6,0.0
CLOSE_LONG,4279.37,33193,4257.6,21.769999999999527
OPEN_SHORT,4279.37,33193,4279.37,0.0
CLOSE_SHORT,4271.99,33199,4279.37,7.380000000000109
OPEN_LONG,4271.99,33199,4271.99,0.0
CLOSE_LONG,4278.42,33206,4271.99,6.430000000000291
OPEN_SHORT,4278.42,33206,4278.42,0.0
CLOSE_SHORT,4280.31,33314,4278.42,-1.8900000000003274
OPEN_LONG,4280.31,33314,4280.31,0.0
CLOSE_LONG,4282.01,33330,4280.31,1.699999999999818
OPEN_SHORT,4282.01,33330,4282.01,0.0
CLOSE_SHORT,4286.11,33350,4282.01,-4.099999999999454
OPEN_LONG,4286.11,33350,4286.11,0.0
CLOSE_LONG,4291.26,33372,4286.11,5.150000000000546
OPEN_SHORT,4291.26,33372,4291.26,0.0
CLOSE_SHORT,4294.1,33429,4291.26,-2.8400000000001455
OPEN_LONG,4294.1,33429,4294.1,0.0
CLOSE_LONG,4298.18,33436,4294.1,4.079999999999927
OPEN_SHORT,4298.18,33436,4298.18,0.0
CLOSE_SHORT,4294.13,33444,4298.18,4.050000000000182
OPEN_LONG,4294.13,33444,4294.13,0.0
CLOSE_LONG,4282.73,33476,4294.13,-11.400000000000546
OPEN_SHORT,4282.73,33476,4282.73,0.0
CLOSE_SHORT,4281.9,33499,4282.73,0.8299999999999272
OPEN_LONG,4281.9,33499,4281.9,0.0
CLOSE_LONG,4290.25,33506,4281.9,8.350000000000364
OPEN_SHORT,4290.25,33506,4290.25,0.0
CLOSE_SHORT,4291.95,33517,4290.25,-1.699999999999818
OPEN_LONG,4291.95,33517,4291.95,0.0
CLOSE_LONG,4305.29,33528,4291.95,13.340000000000146
OPEN_SHORT,4305.29,33528,4305.29,0.0
CLOSE_SHORT,4310.5,33662,4305.29,-5.210000000000036
OPEN_LONG,4310.5,33662,4310.5,0.0
CLOSE_LONG,4301.43,33688,4310.5,-9.069999999999709
OPEN_SHORT,4301.43,33688,4301.43,0.0
CLOSE_SHORT,4276.14,33731,4301.43,25.289999999999964
OPEN_LONG,4276.14,33731,4276.14,0.0
CLOSE_LONG,4288.64,33748,4276.14,12.5
OPEN_SHORT,4288.64,33748,4288.64,0.0
CLOSE_SHORT,4287.21,33764,4288.64,1.430000000000291
OPEN_LONG,4287.21,33764,4287.21,0.0
CLOSE_LONG,4267.84,33804,4287.21,-19.36999999999989
OPEN_SHORT,4267.84,33804,4267.84,0.0
CLOSE_SHORT,4270.0,33829,4267.84,-2.1599999999998545
OPEN_LONG,4270.0,33829,4270.0,0.0
CLOSE_LONG,4277.97,33835,4270.0,7.970000000000255
OPEN_SHORT,4277.97,33835,4277.97,0.0
CLOSE_SHORT,4284.47,33854,4277.97,-6.5
OPEN_LONG,4284.47,33854,4284.47,0.0
CLOSE_LONG,4284.36,33869,4284.47,-0.11000000000058208
OPEN_SHORT,4284.36,33869,4284.36,0.0
CLOSE_SHORT,4355.81,33884,4284.36,-71.45000000000073
OPEN_LONG,4355.81,33884,4355.81,0.0
CLOSE_LONG,4380.72,33886,4355.81,24.909999999999854
OPEN_SHORT,4380.72,33886,4380.72,0.0
CLOSE_SHORT,4394.4,33894,4380.72,-13.679999999999382
OPEN_LONG,4394.4,33894,4394.4,0.0
CLOSE_LONG,4416.03,33897,4394.4,21.63000000000011
OPEN_SHORT,4416.03,33897,4416.03,0.0
CLOSE_SHORT,4387.39,33910,4416.03,28.639999999999418
OPEN_LONG,4387.39,33910,4387.39,0.0
CLOSE_LONG,4396.25,33917,4387.39,8.859999999999673
OPEN_SHORT,4396.25,33917,4396.25,0.0
CLOSE_SHORT,4399.0,33938,4396.25,-2.75
OPEN_LONG,4399.0,33938,4399.0,0.0
CLOSE_LONG,4413.6,33943,4399.0,14.600000000000364
OPEN_SHORT,4413.6,33943,4413.6,0.0
CLOSE_SHORT,4399.1,33945,4413.6,14.5
OPEN_LONG,4399.1,33945,4399.1,0.0
CLOSE_LONG,4376.87,33960,4399.1,-22.230000000000473
OPEN_SHORT,4376.87,33960,4376.87,0.0
CLOSE_SHORT,4398.86,34003,4376.87,-21.98999999999978
OPEN_LONG,4398.86,34003,4398.86,0.0
CLOSE_LONG,4410.13,34015,4398.86,11.270000000000437
OPEN_SHORT,4410.13,34015,4410.13,0.0
CLOSE_SHORT,4467.0,34086,4410.13,-56.86999999999989
OPEN_LONG,4467.0,34086,4467.0,0.0
CLOSE_LONG,4484.81,34089,4467.0,17.8100000000004
OPEN_SHORT,4484.81,34089,4484.81,0.0
CLOSE_SHORT,4475.73,34094,4484.81,9.080000000000837
OPEN_LONG,4475.73,34094,4475.73,0.0
CLOSE_LONG,4453.61,34133,4475.73,-22.11999999999989
OPEN_SHORT,4453.61,34133,4453.61,0.0
CLOSE_SHORT,4475.23,34173,4453.61,-21.61999999999989
OPEN_LONG,4475.23,34173,4475.23,0.0
CLOSE_LONG,4483.67,34180,4475.23,8.44000000000051
OPEN_SHORT,4483.67,34180,4483.67,0.0
CLOSE_SHORT,4495.96,34216,4483.67,-12.289999999999964
OPEN_LONG,4495.96,34216,4495.96,0.0
CLOSE_LONG,4509.27,34221,4495.96,13.3100000000004
OPEN_SHORT,4509.27,34221,4509.27,0.0
CLOSE_SHORT,4495.56,34231,4509.27,13.710000000000036
OPEN_LONG,4495.56,34231,4495.56,0.0
CLOSE_LONG,4507.2,34236,4495.56,11.639999999999418
OPEN_SHORT,4507.2,34236,4507.2,0.0
CLOSE_SHORT,4483.51,34240,4507.2,23.6899999999996
OPEN_LONG,4483.51,34240,4483.51,0.0
CLOSE_LONG,4498.8,34282,4483.51,15.289999999999964
OPEN_SHORT,4498.8,34282,4498.8,0.0
CLOSE_SHORT,4496.17,34296,4498.8,2.630000000000109
OPEN_LONG,4496.17,34296,4496.17,0.0
CLOSE_LONG,4505.58,34301,4496.17,9.409999999999854
OPEN_SHORT,4505.58,34301,4505.58,0.0
CLOSE_SHORT,4493.6,34308,4505.58,11.979999999999563
OPEN_LONG,4493.6,34308,4493.6,0.0
CLOSE_LONG,4503.51,34313,4493.6,9.909999999999854
OPEN_SHORT,4503.51,34313,4503.51,0.0
CLOSE_SHORT,4506.19,34329,4503.51,-2.6799999999993815
OPEN_LONG,4506.19,34329,4506.19,0.0
CLOSE_LONG,4515.29,34332,4506.19,9.100000000000364
OPEN_SHORT,4515.29,34332,4515.29,0.0
CLOSE_SHORT,4605.0,34349,4515.29,-89.71000000000004
OPEN_LONG,4605.0,34349,4605.0,0.0
CLOSE_LONG,4613.6,34379,4605.0,8.600000000000364
OPEN_SHORT,4613.6,34379,4613.6,0.0
CLOSE_SHORT,4608.4,34388,4613.6,5.200000000000728
OPEN_LONG,4608.4,34388,4608.4,0.0
CLOSE_LONG,4614.17,34396,4608.4,5.770000000000437
OPEN_SHORT,4614.17,34396,4614.17,0.0
CLOSE_SHORT,4603.23,34401,4614.17,10.94000000000051
OPEN_LONG,4603.23,34401,4603.23,0.0
CLOSE_LONG,4606.0,34412,4603.23,2.7700000000004366
OPEN_SHORT,4606.0,34412,4606.0,0.0
CLOSE_SHORT,4580.79,34417,4606.0,25.210000000000036
OPEN_LONG,4580.79,34417,4580.79,0.0
CLOSE_LONG,4598.81,34422,4580.79,18.020000000000437
OPEN_SHORT,4598.81,34422,4598.81,0.0
CLOSE_SHORT,4596.7,34434,4598.81,2.110000000000582
OPEN_LONG,4596.7,34434,4596.7,0.0
CLOSE_LONG,4575.2,34462,4596.7,-21.5
OPEN_SHORT,4575.2,34462,4575.2,0.0
CLOSE_SHORT,4564.01,34465,4575.2,11.1899999999996
OPEN_LONG,4564.01,34465,4564.01,0.0
CLOSE_LONG,4575.78,34469,4564.01,11.769999999999527
OPEN_SHORT,4575.78,34469,4575.78,0.0
CLOSE_SHORT,4565.5,34499,4575.78,10.279999999999745
OPEN_LONG,4565.5,34499,4565.5,0.0
CLOSE_LONG,4574.81,34504,4565.5,9.3100000000004
OPEN_SHORT,4574.81,34504,4574.81,0.0
CLOSE_SHORT,4586.59,34525,4574.81,-11.779999999999745
OPEN_LONG,4586.59,34525,4586.59,0.0
CLOSE_LONG,4595.61,34531,4586.59,9.019999999999527
OPEN_SHORT,4595.61,34531,4595.61,0.0
CLOSE_SHORT,4595.62,34539,4595.61,-0.010000000000218279
OPEN_LONG,4595.62,34539,4595.62,0.0
CLOSE_LONG,4607.23,34544,4595.62,11.609999999999673
OPEN_SHORT,4607.23,34544,4607.23,0.0
CLOSE_SHORT,4597.24,34558,4607.23,9.989999999999782
OPEN_LONG,4597.24,34558,4597.24,0.0
CLOSE_LONG,4599.62,34571,4597.24,2.380000000000109
OPEN_SHORT,4599.62,34571,4599.62,0.0
CLOSE_SHORT,4620.39,34621,4599.62,-20.770000000000437
OPEN_LONG,4620.39,34621,4620.39,0.0
CLOSE_LONG,4582.52,34650,4620.39,-37.86999999999989
OPEN_SHORT,4582.52,34650,4582.52,0.0
CLOSE_SHORT,4573.63,34690,4582.52,8.890000000000327
OPEN_LONG,4573.63,34690,4573.63,0.0
CLOSE_LONG,4584.4,34703,4573.63,10.769999999999527
OPEN_SHORT,4584.4,34703,4584.4,0.0
CLOSE_SHORT,4614.88,34752,4584.4,-30.480000000000473
OPEN_LONG,4614.88,34752,4614.88,0.0
CLOSE_LONG,4617.28,34761,4614.88,2.399999999999636
OPEN_SHORT,4617.28,34761,4617.28,0.0
CLOSE_SHORT,4618.41,34776,4617.28,-1.1300000000001091
OPEN_LONG,4618.41,34776,4618.41,0.0
CLOSE_LONG,4635.19,34779,4618.41,16.779999999999745
OPEN_SHORT,4635.19,34779,4635.19,0.0
CLOSE_SHORT,4632.51,34792,4635.19,2.6799999999993815
OPEN_LONG,4632.51,34792,4632.51,0.0
CLOSE_LONG,4648.2,34796,4632.51,15.6899999999996
OPEN_SHORT,4648.2,34796,4648.2,0.0
CLOSE_SHORT,4658.58,34817,4648.2,-10.38000000000011
OPEN_LONG,4658.58,34817,4658.58,0.0
CLOSE_LONG,4669.5,34823,4658.58,10.920000000000073
OPEN_SHORT,4669.5,34823,4669.5,0.0
CLOSE_SHORT,4655.71,34883,4669.5,13.789999999999964
OPEN_LONG,4655.71,34883,4655.71,0.0
CLOSE_LONG,4649.21,34902,4655.71,-6.5
OPEN_SHORT,4649.21,34902,4649.21,0.0
CLOSE_SHORT,4641.39,34910,4649.21,7.819999999999709
OPEN_LONG,4641.39,34910,4641.39,0.0
CLOSE_LONG,4638.04,34926,4641.39,-3.350000000000364
OPEN_SHORT,4638.04,34926,4638.04,0.0
CLOSE_SHORT,4634.39,34943,4638.04,3.649999999999636
OPEN_LONG,4634.39,34943,4634.39,0.0
CLOSE_LONG,4630.6,34958,4634.39,-3.7899999999999636
OPEN_SHORT,4630.6,34958,4630.6,0.0
CLOSE_SHORT,4622.99,34963,4630.6,7.610000000000582
OPEN_LONG,4622.99,34963,4622.99,0.0
CLOSE_LONG,4620.6,34974,4622.99,-2.389999999999418
OPEN_SHORT,4620.6,34974,4620.6,0.0
CLOSE_SHORT,4620.7,34980,4620.6,-0.0999999999994543
OPEN_LONG,4620.7,34980,4620.7,0.0
CLOSE_LONG,4635.72,35048,4620.7,15.020000000000437
OPEN_SHORT,4635.72,35048,4635.72,0.0
CLOSE_SHORT,4693.08,35168,4635.72,-57.35999999999967
OPEN_LONG,4693.08,35168,4693.08,0.0
CLOSE_LONG,4699.9,35175,4693.08,6.819999999999709
OPEN_SHORT,4699.9,35175,4699.9,0.0
CLOSE_SHORT,4689.7,35190,4699.9,10.199999999999818
OPEN_LONG,4689.7,35190,4689.7,0.0
CLOSE_LONG,4696.87,35195,4689.7,7.170000000000073
OPEN_SHORT,4696.87,35195,4696.87,0.0
CLOSE_SHORT,4692.6,35212,4696.87,4.269999999999527
OPEN_LONG,4692.6,35212,4692.6,0.0
CLOSE_LONG,4683.51,35270,4692.6,-9.090000000000146
OPEN_SHORT,4683.51,35270,4683.51,0.0
CLOSE_SHORT,4681.02,35293,4683.51,2.4899999999997817
OPEN_LONG,4681.02,35293,4681.02,0.0
CLOSE_LONG,4687.91,35299,4681.02,6.889999999999418
OPEN_SHORT,4687.91,35299,4687.91,0.0
CLOSE_SHORT,4705.2,35332,4687.91,-17.289999999999964
OPEN_LONG,4705.2,35332,4705.2,0.0
CLOSE_LONG,4692.3,35351,4705.2,-12.899999999999636
OPEN_SHORT,4692.3,35351,4692.3,0.0
CLOSE_SHORT,4715.64,35370,4692.3,-23.340000000000146
OPEN_LONG,4715.64,35370,4715.64,0.0
CLOSE_LONG,4731.94,35376,4715.64,16.299999999999272
OPEN_SHORT,4731.94,35376,4731.94,0.0
CLOSE_SHORT,4720.0,35383,4731.94,11.9399999999996
OPEN_LONG,4720.0,35383,4720.0,0.0
CLOSE_LONG,4687.81,35390,4720.0,-32.1899999999996
OPEN_SHORT,4687.81,35390,4687.81,0.0
CLOSE_SHORT,4689.86,35399,4687.81,-2.0499999999992724
OPEN_LONG,4689.86,35399,4689.86,0.0
CLOSE_LONG,4668.54,35406,4689.86,-21.31999999999971
OPEN_SHORT,4668.54,35406,4668.54,0.0
CLOSE_SHORT,4673.72,35416,4668.54,-5.180000000000291
OPEN_LONG,4673.72,35416,4673.72,0.0
CLOSE_LONG,4673.0,35425,4673.72,-0.7200000000002547
OPEN_SHORT,4673.0,35425,4673.0,0.0
CLOSE_SHORT,4668.0,35438,4673.0,5.0
OPEN_LONG,4668.0,35438,4668.0,0.0
CLOSE_LONG,4675.77,35447,4668.0,7.770000000000437
OPEN_SHORT,4675.77,35447,4675.77,0.0
CLOSE_SHORT,4678.78,35453,4675.77,-3.009999999999309
OPEN_LONG,4678.78,35453,4678.78,0.0
CLOSE_LONG,4644.0,35478,4678.78,-34.779999999999745
OPEN_SHORT,4644.0,35478,4644.0,0.0
CLOSE_SHORT,4625.14,35480,4644.0,18.859999999999673
OPEN_LONG,4625.14,35480,4625.14,0.0
CLOSE_LONG,4636.6,35485,4625.14,11.460000000000036
OPEN_SHORT,4636.6,35485,4636.6,0.0
CLOSE_SHORT,4655.04,35514,4636.6,-18.4399999999996
OPEN_LONG,4655.04,35514,4655.04,0.0
CLOSE_LONG,4659.86,35523,4655.04,4.819999999999709
OPEN_SHORT,4659.86,35523,4659.86,0.0
CLOSE_SHORT,4712.99,35564,4659.86,-53.13000000000011
OPEN_LONG,4712.99,35564,4712.99,0.0
CLOSE_LONG,4698.77,35580,4712.99,-14.219999999999345
OPEN_SHORT,4698.77,35580,4698.77,0.0
CLOSE_SHORT,4713.1,35621,4698.77,-14.329999999999927
OPEN_LONG,4713.1,35621,4713.1,0.0
CLOSE_LONG,4719.03,35638,4713.1,5.9299999999993815
OPEN_SHORT,4719.03,35638,4719.03,0.0
CLOSE_SHORT,4732.58,35653,4719.03,-13.550000000000182
OPEN_LONG,4732.58,35653,4732.58,0.0
CLOSE_LONG,4741.67,35657,4732.58,9.090000000000146
OPEN_SHORT,4741.67,35657,4741.67,0.0
CLOSE_SHORT,4730.0,35663,4741.67,11.670000000000073
OPEN_LONG,4730.0,35663,4730.0,0.0
CLOSE_LONG,4722.4,35677,4730.0,-7.600000000000364
OPEN_SHORT,4722.4,35677,4722.4,0.0
CLOSE_SHORT,4694.0,35682,4722.4,28.399999999999636
OPEN_LONG,4694.0,35682,4694.0,0.0
CLOSE_LONG,4700.21,35687,4694.0,6.210000000000036
OPEN_SHORT,4700.21,35687,4700.21,0.0
CLOSE_SHORT,4738.98,35733,4700.21,-38.76999999999953
OPEN_LONG,4738.98,35733,4738.98,0.0
CLOSE_LONG,4717.18,35753,4738.98,-21.799999999999272
OPEN_SHORT,4717.18,35753,4717.18,0.0
CLOSE_SHORT,4715.86,35769,4717.18,1.3200000000006185
OPEN_LONG,4715.86,35769,4715.86,0.0
CLOSE_LONG,4728.89,35774,4715.86,13.030000000000655
OPEN_SHORT,4728.89,35774,4728.89,0.0
CLOSE_SHORT,4718.49,35779,4728.89,10.400000000000546
OPEN_LONG,4718.49,35779,4718.49,0.0
CLOSE_LONG,4715.38,35795,4718.49,-3.1099999999996726
OPEN_SHORT,4715.38,35795,4715.38,0.0
CLOSE_SHORT,4719.19,35816,4715.38,-3.8099999999994907
OPEN_LONG,4719.19,35816,4719.19,0.0
CLOSE_LONG,4726.36,35826,4719.19,7.170000000000073
OPEN_SHORT,4726.36,35826,4726.36,0.0
CLOSE_SHORT,4758.8,35849,4726.36,-32.44000000000051
OPEN_LONG,4758.8,35849,4758.8,0.0
CLOSE_LONG,4762.43,35855,4758.8,3.630000000000109
OPEN_SHORT,4762.43,35855,4762.43,0.0
CLOSE_SHORT,4749.98,35863,4762.43,12.450000000000728
OPEN_LONG,4749.98,35863,4749.98,0.0
CLOSE_LONG,4729.85,35880,4749.98,-20.1299999999992
OPEN_SHORT,4729.85,35880,4729.85,0.0
CLOSE_SHORT,4709.71,35885,4729.85,20.140000000000327
OPEN_LONG,4709.71,35885,4709.71,0.0
CLOSE_LONG,4727.53,35892,4709.71,17.81999999999971
OPEN_SHORT,4727.53,35892,4727.53,0.0
CLOSE_SHORT,4728.53,35908,4727.53,-1.0
OPEN_LONG,4728.53,35908,4728.53,0.0
CLOSE_LONG,4758.99,35926,4728.53,30.460000000000036
OPEN_SHORT,4758.99,35926,4758.99,0.0
CLOSE_SHORT,4737.99,35941,4758.99,21.0
OPEN_LONG,4737.99,35941,4737.99,0.0
CLOSE_LONG,4740.52,35947,4737.99,2.530000000000655
OPEN_SHORT,4740.52,35947,4740.52,0.0
CLOSE_SHORT,4740.0,35956,4740.52,0.5200000000004366
OPEN_LONG,4740.0,35956,4740.0,0.0
CLOSE_LONG,4750.79,35966,4740.0,10.789999999999964
OPEN_SHORT,4750.79,35966,4750.79,0.0
CLOSE_SHORT,4763.31,35989,4750.79,-12.520000000000437
OPEN_LONG,4763.31,35989,4763.31,0.0
CLOSE_LONG,4746.79,36013,4763.31,-16.520000000000437
OPEN_SHORT,4746.79,36013,4746.79,0.0
CLOSE_SHORT,4737.92,36018,4746.79,8.86999999999989
OPEN_LONG,4737.92,36018,4737.92,0.0
CLOSE_LONG,4748.8,36023,4737.92,10.88000000000011
OPEN_SHORT,4748.8,36023,4748.8,0.0
CLOSE_SHORT,4735.65,36028,4748.8,13.150000000000546
OPEN_LONG,4735.65,36028,4735.65,0.0
CLOSE_LONG,4748.52,36033,4735.65,12.8700000000008
OPEN_SHORT,4748.52,36033,4748.52,0.0
CLOSE_SHORT,4726.1,36039,4748.52,22.420000000000073
OPEN_LONG,4726.1,36039,4726.1,0.0
CLOSE_LONG,4742.41,36044,4726.1,16.30999999999949
OPEN_SHORT,4742.41,36044,4742.41,0.0
CLOSE_SHORT,4727.68,36046,4742.41,14.729999999999563
OPEN_LONG,4727.68,36046,4727.68,0.0
CLOSE_LONG,4723.61,36079,4727.68,-4.0700000000006185
OPEN_SHORT,4723.61,36079,4723.61,0.0
CLOSE_SHORT,4721.21,36086,4723.61,2.399999999999636
OPEN_LONG,4721.21,36086,4721.21,0.0
CLOSE_LONG,4734.81,36091,4721.21,13.600000000000364
OPEN_SHORT,4734.81,36091,4734.81,0.0
CLOSE_SHORT,4728.4,36113,4734.81,6.410000000000764
OPEN_LONG,4728.4,36113,4728.4,0.0
CLOSE_LONG,4732.56,36129,4728.4,4.160000000000764
OPEN_SHORT,4732.56,36129,4732.56,0.0
CLOSE_SHORT,4752.0,36175,4732.56,-19.4399999999996
OPEN_LONG,4752.0,36175,4752.0,0.0
CLOSE_LONG,4757.09,36189,4752.0,5.0900000000001455
OPEN_SHORT,4757.09,36189,4757.09,0.0
CLOSE_SHORT,4742.36,36194,4757.09,14.730000000000473
OPEN_LONG,4742.36,36194,4742.36,0.0
CLOSE_LONG,4760.25,36199,4742.36,17.890000000000327
OPEN_SHORT,4760.25,36199,4760.25,0.0
CLOSE_SHORT,4772.65,36274,4760.25,-12.399999999999636
OPEN_LONG,4772.65,36274,4772.65,0.0
CLOSE_LONG,4764.99,36306,4772.65,-7.6599999999998545
OPEN_SHORT,4764.99,36306,4764.99,0.0
CLOSE_SHORT,4747.18,36316,4764.99,17.80999999999949
OPEN_LONG,4747.18,36316,4747.18,0.0
CLOSE_LONG,4747.0,36338,4747.18,-0.18000000000029104
OPEN_SHORT,4747.0,36338,4747.0,0.0
CLOSE_SHORT,4738.02,36343,4747.0,8.979999999999563
OPEN_LONG,4738.02,36343,4738.02,0.0
CLOSE_LONG,4736.61,36371,4738.02,-1.410000000000764
OPEN_SHORT,4736.61,36371,4736.61,0.0
CLOSE_SHORT,4723.95,36379,4736.61,12.659999999999854
OPEN_LONG,4723.95,36379,4723.95,0.0
CLOSE_LONG,4735.01,36391,4723.95,11.0600000000004
OPEN_SHORT,4735.01,36391,4735.01,0.0
CLOSE_SHORT,4767.59,36407,4735.01,-32.57999999999993
OPEN_LONG,4767.59,36407,4767.59,0.0
CLOSE_LONG,4743.35,36451,4767.59,-24.23999999999978
OPEN_SHORT,4743.35,36451,4743.35,0.0
CLOSE_SHORT,4742.79,36465,4743.35,0.5600000000004002
OPEN_LONG,4742.79,36465,4742.79,0.0
CLOSE_LONG,4746.9,36477,4742.79,4.109999999999673
OPEN_SHORT,4746.9,36477,4746.9,0.0
CLOSE_SHORT,4738.97,36485,4746.9,7.9299999999993815
OPEN_LONG,4738.97,36485,4738.97,0.0
CLOSE_LONG,4736.84,36511,4738.97,-2.130000000000109
OPEN_SHORT,4736.84,36511,4736.84,0.0
CLOSE_SHORT,4724.29,36523,4736.84,12.550000000000182
OPEN_LONG,4724.29,36523,4724.29,0.0
CLOSE_LONG,4732.33,36549,4724.29,8.039999999999964
OPEN_SHORT,4732.33,36549,4732.33,0.0
CLOSE_SHORT,4745.49,36585,4732.33,-13.159999999999854
OPEN_LONG,4745.49,36585,4745.49,0.0
CLOSE_LONG,4756.17,36591,4745.49,10.680000000000291
OPEN_SHORT,4756.17,36591,4756.17,0.0
CLOSE_SHORT,4752.03,36616,4756.17,4.140000000000327
OPEN_LONG,4752.03,36616,4752.03,0.0
CLOSE_LONG,4760.03,36622,4752.03,8.0
OPEN_SHORT,4760.03,36622,4760.03,0.0
CLOSE_SHORT,4742.39,36641,4760.03,17.639999999999418
OPEN_LONG,4742.39,36641,4742.39,0.0
CLOSE_LONG,4704.65,36651,4742.39,-37.74000000000069
OPEN_SHORT,4704.65,36651,4704.65,0.0
CLOSE_SHORT,4689.41,36653,4704.65,15.239999999999782
OPEN_LONG,4689.41,36653,4689.41,0.0
CLOSE_LONG,4707.0,36663,4689.41,17.590000000000146
OPEN_SHORT,4707.0,36663,4707.0,0.0
CLOSE_SHORT,4702.91,36686,4707.0,4.0900000000001455
OPEN_LONG,4702.91,36686,4702.91,0.0
CLOSE_LONG,4704.4,36700,4702.91,1.4899999999997817
OPEN_SHORT,4704.4,36700,4704.4,0.0
CLOSE_SHORT,4713.04,36741,4704.4,-8.640000000000327
OPEN_LONG,4713.04,36741,4713.04,0.0
CLOSE_LONG,4726.4,36746,4713.04,13.359999999999673
OPEN_SHORT,4726.4,36746,4726.4,0.0
CLOSE_SHORT,4713.17,36753,4726.4,13.229999999999563
OPEN_LONG,4713.17,36753,4713.17,0.0
CLOSE_LONG,4580.2,36763,4713.17,-132.97000000000025
OPEN_SHORT,4580.2,36763,4580.2,0.0
CLOSE_SHORT,4591.05,36772,4580.2,-10.850000000000364
OPEN_LONG,4591.05,36772,4591.05,0.0
CLOSE_LONG,4538.53,36792,4591.05,-52.52000000000044
OPEN_SHORT,4538.53,36792,4538.53,0.0
CLOSE_SHORT,4542.47,36800,4538.53,-3.9400000000005093
OPEN_LONG,4542.47,36800,4542.47,0.0
CLOSE_LONG,4538.8,36812,4542.47,-3.6700000000000728
OPEN_SHORT,4538.8,36812,4538.8,0.0
CLOSE_SHORT,4520.21,36814,4538.8,18.590000000000146
OPEN_LONG,4520.21,36814,4520.21,0.0
CLOSE_LONG,4558.4,36816,4520.21,38.1899999999996
OPEN_SHORT,4558.4,36816,4558.4,0.0
CLOSE_SHORT,4544.44,36825,4558.4,13.960000000000036
OPEN_LONG,4544.44,36825,4544.44,0.0
CLOSE_LONG,4572.76,36828,4544.44,28.32000000000062
OPEN_SHORT,4572.76,36828,4572.76,0.0
CLOSE_SHORT,4605.6,36840,4572.76,-32.840000000000146
OPEN_LONG,4605.6,36840,4605.6,0.0
CLOSE_LONG,4612.61,36845,4605.6,7.009999999999309
OPEN_SHORT,4612.61,36845,4612.61,0.0
CLOSE_SHORT,4596.53,36846,4612.61,16.079999999999927
OPEN_LONG,4596.53,36846,4596.53,0.0
CLOSE_LONG,4597.6,36858,4596.53,1.0700000000006185
OPEN_SHORT,4597.6,36858,4597.6,0.0
CLOSE_SHORT,4621.9,36868,4597.6,-24.299999999999272
OPEN_LONG,4621.9,36868,4621.9,0.0
CLOSE_LONG,4635.38,36870,4621.9,13.480000000000473
OPEN_SHORT,4635.38,36870,4635.38,0.0
CLOSE_SHORT,4675.2,36886,4635.38,-39.81999999999971
OPEN_LONG,4675.2,36886,4675.2,0.0
CLOSE_LONG,4688.8,36890,4675.2,13.600000000000364
OPEN_SHORT,4688.8,36890,4688.8,0.0
CLOSE_SHORT,4668.44,36895,4688.8,20.360000000000582
OPEN_LONG,4668.44,36895,4668.44,0.0
CLOSE_LONG,4675.19,36911,4668.44,6.75
OPEN_SHORT,4675.19,36911,4675.19,0.0
CLOSE_SHORT,4661.35,36916,4675.19,13.839999999999236
OPEN_LONG,4661.35,36916,4661.35,0.0
CLOSE_LONG,4618.0,36934,4661.35,-43.350000000000364
OPEN_SHORT,4618.0,36934,4618.0,0.0
CLOSE_SHORT,4599.37,36939,4618.0,18.63000000000011
OPEN_LONG,4599.37,36939,4599.37,0.0
CLOSE_LONG,4620.69,36944,4599.37,21.31999999999971
OPEN_SHORT,4620.69,36944,4620.69,0.0
CLOSE_SHORT,4598.09,36949,4620.69,22.599999999999454
OPEN_LONG,4598.09,36949,4598.09,0.0
CLOSE_LONG,4617.36,36953,4598.09,19.269999999999527
OPEN_SHORT,4617.36,36953,4617.36,0.0
CLOSE_SHORT,4617.6,36964,4617.36,-0.24000000000069122
OPEN_LONG,4617.6,36964,4617.6,0.0
CLOSE_LONG,4556.9,36983,4617.6,-60.70000000000073
OPEN_SHORT,4556.9,36983,4556.9,0.0
CLOSE_SHORT,4523.0,36989,4556.9,33.899999999999636
OPEN_LONG,4523.0,36989,4523.0,0.0
CLOSE_LONG,4530.8,36994,4523.0,7.800000000000182
OPEN_SHORT,4530.8,36994,4530.8,0.0
CLOSE_SHORT,4543.6,37007,4530.8,-12.800000000000182
OPEN_LONG,4543.6,37007,4543.6,0.0
CLOSE_LONG,4557.61,37014,4543.6,14.009999999999309
OPEN_SHORT,4557.61,37014,4557.61,0.0
CLOSE_SHORT,4547.38,37022,4557.61,10.229999999999563
OPEN_LONG,4547.38,37022,4547.38,0.0
CLOSE_LONG,4528.5,37039,4547.38,-18.88000000000011
OPEN_SHORT,4528.5,37039,4528.5,0.0
CLOSE_SHORT,4549.62,37061,4528.5,-21.11999999999989
OPEN_LONG,4549.62,37061,4549.62,0.0
CLOSE_LONG,4544.2,37081,4549.62,-5.420000000000073
OPEN_SHORT,4544.2,37081,4544.2,0.0
CLOSE_SHORT,4531.43,37093,4544.2,12.769999999999527
OPEN_LONG,4531.43,37093,4531.43,0.0
CLOSE_LONG,4521.85,37108,4531.43,-9.579999999999927
OPEN_SHORT,4521.85,37108,4521.85,0.0
CLOSE_SHORT,4548.07,37138,4521.85,-26.219999999999345
OPEN_LONG,4548.07,37138,4548.07,0.0
CLOSE_LONG,4549.76,37151,4548.07,1.6900000000005093
OPEN_SHORT,4549.76,37151,4549.76,0.0
CLOSE_SHORT,4533.98,37205,4549.76,15.780000000000655
OPEN_LONG,4533.98,37205,4533.98,0.0
CLOSE_LONG,4530.01,37215,4533.98,-3.969999999999345
OPEN_SHORT,4530.01,37215,4530.01,0.0
CLOSE_SHORT,4527.52,37239,4530.01,2.4899999999997817
OPEN_LONG,4527.52,37239,4527.52,0.0
CLOSE_LONG,4530.78,37253,4527.52,3.259999999999309
OPEN_SHORT,4530.78,37253,4530.78,0.0
CLOSE_SHORT,4517.9,37267,4530.78,12.88000000000011
OPEN_LONG,4517.9,37267,4517.9,0.0
CLOSE_LONG,4534.62,37271,4517.9,16.720000000000255
OPEN_SHORT,4534.62,37271,4534.62,0.0
CLOSE_SHORT,4528.88,37281,4534.62,5.739999999999782
OPEN_LONG,4528.88,37281,4528.88,0.0
CLOSE_LONG,4478.28,37302,4528.88,-50.600000000000364
OPEN_SHORT,4478.28,37302,4478.28,0.0
CLOSE_SHORT,4465.41,37306,4478.28,12.86999999999989
OPEN_LONG,4465.41,37306,4465.41,0.0
CLOSE_LONG,4467.41,37310,4465.41,2.0
OPEN_SHORT,4467.41,37310,4467.41,0.0
CLOSE_SHORT,4471.78,37316,4467.41,-4.369999999999891
OPEN_LONG,4471.78,37316,4471.78,0.0
CLOSE_LONG,4477.14,37322,4471.78,5.360000000000582
OPEN_SHORT,4477.14,37322,4477.14,0.0
CLOSE_SHORT,4464.48,37324,4477.14,12.660000000000764
OPEN_LONG,4464.48,37324,4464.48,0.0
CLOSE_LONG,4469.8,37330,4464.48,5.3200000000006185
OPEN_SHORT,4469.8,37330,4469.8,0.0
CLOSE_SHORT,4555.51,37436,4469.8,-85.71000000000004
OPEN_LONG,4555.51,37436,4555.51,0.0
CLOSE_LONG,4556.28,37444,4555.51,0.7699999999995271
OPEN_SHORT,4556.28,37444,4556.28,0.0
CLOSE_SHORT,4539.19,37477,4556.28,17.090000000000146
OPEN_LONG,4539.19,37477,4539.19,0.0
CLOSE_LONG,4553.15,37480,4539.19,13.960000000000036
OPEN_SHORT,4553.15,37480,4553.15,0.0
CLOSE_SHORT,4569.07,37493,4553.15,-15.920000000000073
OPEN_LONG,4569.07,37493,4569.07,0.0
CLOSE_LONG,4567.61,37509,4569.07,-1.4600000000000364
OPEN_SHORT,4567.61,37509,4567.61,0.0
CLOSE_SHORT,4611.01,37583,4567.61,-43.400000000000546
OPEN_LONG,4611.01,37583,4611.01,0.0
CLOSE_LONG,4626.16,37586,4611.01,15.149999999999636
OPEN_SHORT,4626.16,37586,4626.16,0.0
CLOSE_SHORT,4625.5,37616,4626.16,0.6599999999998545
OPEN_LONG,4625.5,37616,4625.5,0.0
CLOSE_LONG,4630.62,37632,4625.5,5.119999999999891
OPEN_SHORT,4630.62,37632,4630.62,0.0
CLOSE_SHORT,4631.88,37663,4630.62,-1.2600000000002183
OPEN_LONG,4631.88,37663,4631.88,0.0
CLOSE_LONG,4640.74,37693,4631.88,8.859999999999673
OPEN_SHORT,4640.74,37693,4640.74,0.0
CLOSE_SHORT,4631.23,37699,4640.74,9.510000000000218
OPEN_LONG,4631.23,37699,4631.23,0.0
CLOSE_LONG,4630.51,37719,4631.23,-0.7199999999993452
OPEN_SHORT,4630.51,37719,4630.51,0.0
CLOSE_SHORT,4626.0,37726,4630.51,4.510000000000218
OPEN_LONG,4626.0,37726,4626.0,0.0
CLOSE_LONG,4624.55,37803,4626.0,-1.449999999999818
OPEN_SHORT,4624.55,37803,4624.55,0.0
CLOSE_SHORT,4627.8,37812,4624.55,-3.25
OPEN_LONG,4627.8,37812,4627.8,0.0
CLOSE_LONG,4638.7,37823,4627.8,10.899999999999636
OPEN_SHORT,4638.7,37823,4638.7,0.0
CLOSE_SHORT,4634.0,37830,4638.7,4.699999999999818
OPEN_LONG,4634.0,37830,4634.0,0.0
CLOSE_LONG,4646.09,37833,4634.0,12.090000000000146
OPEN_SHORT,4646.09,37833,4646.09,0.0
CLOSE_SHORT,4637.79,37876,4646.09,8.300000000000182
OPEN_LONG,4637.79,37876,4637.79,0.0
CLOSE_LONG,4645.61,37882,4637.79,7.819999999999709
OPEN_SHORT,4645.61,37882,4645.61,0.0
CLOSE_SHORT,4634.33,37929,4645.61,11.279999999999745
OPEN_LONG,4634.33,37929,4634.33,0.0
CLOSE_LONG,4645.24,37943,4634.33,10.909999999999854
OPEN_SHORT,4645.24,37943,4645.24,0.0
CLOSE_SHORT,4639.35,37971,4645.24,5.889999999999418
OPEN_LONG,4639.35,37971,4639.35,0.0
CLOSE_LONG,4647.0,37979,4639.35,7.649999999999636
OPEN_SHORT,4647.0,37979,4647.0,0.0
CLOSE_SHORT,4643.83,37999,4647.0,3.1700000000000728
OPEN_LONG,4643.83,37999,4643.83,0.0
CLOSE_LONG,4629.11,38042,4643.83,-14.720000000000255
OPEN_SHORT,4629.11,38042,4629.11,0.0
CLOSE_SHORT,4636.48,38115,4629.11,-7.369999999999891
OPEN_LONG,4636.48,38115,4636.48,0.0
CLOSE_LONG,4638.07,38142,4636.48,1.5900000000001455
OPEN_SHORT,4638.07,38142,4638.07,0.0
CLOSE_SHORT,4613.83,38182,4638.07,24.23999999999978
OPEN_LONG,4613.83,38182,4613.83,0.0
CLOSE_LONG,4621.76,38190,4613.83,7.930000000000291
OPEN_SHORT,4621.76,38190,4621.76,0.0
CLOSE_SHORT,4641.2,38197,4621.76,-19.4399999999996
OPEN_LONG,4641.2,38197,4641.2,0.0
CLOSE_LONG,4629.78,38206,4641.2,-11.420000000000073
OPEN_SHORT,4629.78,38206,4629.78,0.0
CLOSE_SHORT,4632.07,38215,4629.78,-2.2899999999999636
OPEN_LONG,4632.07,38215,4632.07,0.0
CLOSE_LONG,4618.97,38242,4632.07,-13.099999999999454
OPEN_SHORT,4618.97,38242,4618.97,0.0
CLOSE_SHORT,4607.16,38248,4618.97,11.8100000000004
OPEN_LONG,4607.16,38248,4607.16,0.0
CLOSE_LONG,4566.66,38272,4607.16,-40.5
OPEN_SHORT,4566.66,38272,4566.66,0.0
CLOSE_SHORT,4539.97,38276,4566.66,26.6899999999996
OPEN_LONG,4539.97,38276,4539.97,0.0
CLOSE_LONG,4551.36,38284,4539.97,11.389999999999418
OPEN_SHORT,4551.36,38284,4551.36,0.0
CLOSE_SHORT,4546.5,38303,4551.36,4.859999999999673
OPEN_LONG,4546.5,38303,4546.5,0.0
CLOSE_LONG,4546.52,38317,4546.5,0.020000000000436557
OPEN_SHORT,4546.52,38317,4546.52,0.0
CLOSE_SHORT,4535.66,38323,4546.52,10.860000000000582
OPEN_LONG,4535.66,38323,4535.66,0.0
CLOSE_LONG,4490.98,38341,4535.66,-44.68000000000029
OPEN_SHORT,4490.98,38341,4490.98,0.0
CLOSE_SHORT,4473.26,38344,4490.98,17.719999999999345
OPEN_LONG,4473.26,38344,4473.26,0.0
CLOSE_LONG,4487.88,38353,4473.26,14.61999999999989
OPEN_SHORT,4487.88,38353,4487.88,0.0
CLOSE_SHORT,4474.07,38359,4487.88,13.8100000000004
OPEN_LONG,4474.07,38359,4474.07,0.0
CLOSE_LONG,4489.4,38360,4474.07,15.329999999999927
OPEN_SHORT,4489.4,38360,4489.4,0.0
CLOSE_SHORT,4467.79,38362,4489.4,21.609999999999673
OPEN_LONG,4467.79,38362,4467.79,0.0
CLOSE_LONG,4453.69,38374,4467.79,-14.100000000000364
OPEN_SHORT,4453.69,38374,4453.69,0.0
CLOSE_SHORT,4445.66,38381,4453.69,8.029999999999745
OPEN_LONG,4445.66,38381,4445.66,0.0
CLOSE_LONG,4429.61,38393,4445.66,-16.050000000000182
OPEN_SHORT,4429.61,38393,4429.61,0.0
CLOSE_SHORT,4429.31,38401,4429.61,0.2999999999992724
OPEN_LONG,4429.31,38401,4429.31,0.0
CLOSE_LONG,4385.71,38420,4429.31,-43.600000000000364
OPEN_SHORT,4385.71,38420,4385.71,0.0
CLOSE_SHORT,4397.73,38445,4385.71,-12.019999999999527
OPEN_LONG,4397.73,38445,4397.73,0.0
CLOSE_LONG,4419.42,38450,4397.73,21.69000000000051
OPEN_SHORT,4419.42,38450,4419.42,0.0
CLOSE_SHORT,4393.33,38473,4419.42,26.090000000000146
OPEN_LONG,4393.33,38473,4393.33,0.0
CLOSE_LONG,4398.52,38487,4393.33,5.190000000000509
OPEN_SHORT,4398.52,38487,4398.52,0.0
CLOSE_SHORT,4440.42,38511,4398.52,-41.899999999999636
OPEN_LONG,4440.42,38511,4440.42,0.0
CLOSE_LONG,4443.53,38518,4440.42,3.1099999999996726
OPEN_SHORT,4443.53,38518,4443.53,0.0
CLOSE_SHORT,4428.01,38527,4443.53,15.519999999999527
OPEN_LONG,4428.01,38527,4428.01,0.0
CLOSE_LONG,4434.18,38535,4428.01,6.170000000000073
OPEN_SHORT,4434.18,38535,4434.18,0.0
CLOSE_SHORT,4422.98,38540,4434.18,11.200000000000728
OPEN_LONG,4422.98,38540,4422.98,0.0
CLOSE_LONG,4426.28,38555,4422.98,3.300000000000182
OPEN_SHORT,4426.28,38555,4426.28,0.0
CLOSE_SHORT,4415.61,38560,4426.28,10.670000000000073
OPEN_LONG,4415.61,38560,4415.61,0.0
CLOSE_LONG,4415.01,38572,4415.61,-0.5999999999994543
OPEN_SHORT,4415.01,38572,4415.01,0.0
CLOSE_SHORT,4386.97,38579,4415.01,28.039999999999964
OPEN_LONG,4386.97,38579,4386.97,0.0
CLOSE_LONG,4382.65,38590,4386.97,-4.3200000000006185
OPEN_SHORT,4382.65,38590,4382.65,0.0
CLOSE_SHORT,4402.35,38604,4382.65,-19.700000000000728
OPEN_LONG,4402.35,38604,4402.35,0.0
CLOSE_LONG,4404.58,38617,4402.35,2.2299999999995634
OPEN_SHORT,4404.58,38617,4404.58,0.0
CLOSE_SHORT,4394.97,38621,4404.58,9.609999999999673
OPEN_LONG,4394.97,38621,4394.97,0.0
CLOSE_LONG,4388.53,38639,4394.97,-6.440000000000509
OPEN_SHORT,4388.53,38639,4388.53,0.0
CLOSE_SHORT,4413.53,38678,4388.53,-25.0
OPEN_LONG,4413.53,38678,4413.53,0.0
CLOSE_LONG,4412.79,38696,4413.53,-0.7399999999997817
OPEN_SHORT,4412.79,38696,4412.79,0.0
CLOSE_SHORT,4408.22,38707,4412.79,4.569999999999709
OPEN_LONG,4408.22,38707,4408.22,0.0
CLOSE_LONG,4406.6,38723,4408.22,-1.6199999999998909
OPEN_SHORT,4406.6,38723,4406.6,0.0
CLOSE_SHORT,4414.51,38773,4406.6,-7.9099999999998545
OPEN_LONG,4414.51,38773,4414.51,0.0
CLOSE_LONG,4421.41,38779,4414.51,6.899999999999636
OPEN_SHORT,4421.41,38779,4421.41,0.0
CLOSE_SHORT,4459.97,38826,4421.41,-38.5600000000004
OPEN_LONG,4459.97,38826,4459.97,0.0
CLOSE_LONG,4422.95,38850,4459.97,-37.02000000000044
OPEN_SHORT,4422.95,38850,4422.95,0.0
CLOSE_SHORT,4414.66,38866,4422.95,8.289999999999964
OPEN_LONG,4414.66,38866,4414.66,0.0
CLOSE_LONG,4432.8,38878,4414.66,18.140000000000327
OPEN_SHORT,4432.8,38878,4432.8,0.0
CLOSE_SHORT,4450.59,38898,4432.8,-17.789999999999964
OPEN_LONG,4450.59,38898,4450.59,0.0
CLOSE_LONG,4459.87,38907,4450.59,9.279999999999745
OPEN_SHORT,4459.87,38907,4459.87,0.0
CLOSE_SHORT,4458.99,38948,4459.87,0.8800000000001091
OPEN_LONG,4458.99,38948,4458.99,0.0
CLOSE_LONG,4485.57,38954,4458.99,26.579999999999927
OPEN_SHORT,4485.57,38954,4485.57,0.0
CLOSE_SHORT,4474.66,38959,4485.57,10.909999999999854
OPEN_LONG,4474.66,38959,4474.66,0.0
CLOSE_LONG,4469.94,38968,4474.66,-4.720000000000255
OPEN_SHORT,4469.94,38968,4469.94,0.0
CLOSE_SHORT,4478.64,39001,4469.94,-8.700000000000728
OPEN_LONG,4478.64,39001,4478.64,0.0
CLOSE_LONG,4475.89,39012,4478.64,-2.75
OPEN_SHORT,4475.89,39012,4475.89,0.0
CLOSE_SHORT,4463.1,39024,4475.89,12.789999999999964
OPEN_LONG,4463.1,39024,4463.1,0.0
CLOSE_LONG,4463.34,39047,4463.1,0.23999999999978172
OPEN_SHORT,4463.34,39047,4463.34,0.0
CLOSE_SHORT,4446.21,39051,4463.34,17.13000000000011
OPEN_LONG,4446.21,39051,4446.21,0.0
CLOSE_LONG,4452.53,39067,4446.21,6.319999999999709
OPEN_SHORT,4452.53,39067,4452.53,0.0
CLOSE_SHORT,4446.02,39080,4452.53,6.509999999999309
OPEN_LONG,4446.02,39080,4446.02,0.0
CLOSE_LONG,4442.23,39140,4446.02,-3.790000000000873
OPEN_SHORT,4442.23,39140,4442.23,0.0
CLOSE_SHORT,4441.9,39156,4442.23,0.32999999999992724
OPEN_LONG,4441.9,39156,4441.9,0.0
CLOSE_LONG,4434.12,39215,4441.9,-7.779999999999745
OPEN_SHORT,4434.12,39215,4434.12,0.0
CLOSE_SHORT,4414.85,39277,4434.12,19.269999999999527
OPEN_LONG,4414.85,39277,4414.85,0.0
CLOSE_LONG,4421.17,39283,4414.85,6.319999999999709
OPEN_SHORT,4421.17,39283,4421.17,0.0
CLOSE_SHORT,4449.84,39360,4421.17,-28.670000000000073
OPEN_LONG,4449.84,39360,4449.84,0.0
CLOSE_LONG,4449.83,39401,4449.84,-0.010000000000218279
OPEN_SHORT,4449.83,39401,4449.83,0.0
CLOSE_SHORT,4433.4,39470,4449.83,16.43000000000029
OPEN_LONG,4433.4,39470,4433.4,0.0
CLOSE_LONG,4404.92,39485,4433.4,-28.479999999999563
OPEN_SHORT,4404.92,39485,4404.92,0.0
CLOSE_SHORT,4390.25,39492,4404.92,14.670000000000073
OPEN_LONG,4390.25,39492,4390.25,0.0
CLOSE_LONG,4394.4,39507,4390.25,4.149999999999636
OPEN_SHORT,4394.4,39507,4394.4,0.0
CLOSE_SHORT,4409.99,39563,4394.4,-15.590000000000146
OPEN_LONG,4409.99,39563,4409.99,0.0
CLOSE_LONG,4407.32,39576,4409.99,-2.6700000000000728
OPEN_SHORT,4407.32,39576,4407.32,0.0
CLOSE_SHORT,4387.67,39594,4407.32,19.649999999999636
OPEN_LONG,4387.67,39594,4387.67,0.0
CLOSE_LONG,4389.31,39606,4387.67,1.6400000000003274
OPEN_SHORT,4389.31,39606,4389.31,0.0
CLOSE_SHORT,4376.76,39623,4389.31,12.550000000000182
OPEN_LONG,4376.76,39623,4376.76,0.0
CLOSE_LONG,4384.62,39629,4376.76,7.859999999999673
OPEN_SHORT,4384.62,39629,4384.62,0.0
CLOSE_SHORT,4391.03,39641,4384.62,-6.4099999999998545
OPEN_LONG,4391.03,39641,4391.03,0.0
CLOSE_LONG,4397.99,39652,4391.03,6.960000000000036
OPEN_SHORT,4397.99,39652,4397.99,0.0
CLOSE_SHORT,4412.04,39697,4397.99,-14.050000000000182
OPEN_LONG,4412.04,39697,4412.04,0.0
CLOSE_LONG,4395.85,39713,4412.04,-16.1899999999996
OPEN_SHORT,4395.85,39713,4395.85,0.0
CLOSE_SHORT,4390.51,39738,4395.85,5.3400000000001455
OPEN_LONG,4390.51,39738,4390.51,0.0
CLOSE_LONG,4400.0,39743,4390.51,9.489999999999782
OPEN_SHORT,4400.0,39743,4400.0,0.0
CLOSE_SHORT,4397.66,39754,4400.0,2.3400000000001455
OPEN_LONG,4397.66,39754,4397.66,0.0
CLOSE_LONG,4415.99,39778,4397.66,18.329999999999927
OPEN_SHORT,4415.99,39778,4415.99,0.0
CLOSE_SHORT,4398.2,39791,4415.99,17.789999999999964
OPEN_LONG,4398.2,39791,4398.2,0.0
CLOSE_LONG,4410.77,39795,4398.2,12.570000000000618
OPEN_SHORT,4410.77,39795,4410.77,0.0
CLOSE_SHORT,4401.33,39813,4410.77,9.44000000000051
OPEN_LONG,4401.33,39813,4401.33,0.0
CLOSE_LONG,4398.52,39828,4401.33,-2.8099999999994907
OPEN_SHORT,4398.52,39828,4398.52,0.0
CLOSE_SHORT,4402.0,39864,4398.52,-3.4799999999995634
OPEN_LONG,4402.0,39864,4402.0,0.0
CLOSE_LONG,4402.4,39885,4402.0,0.3999999999996362
OPEN_SHORT,4402.4,39885,4402.4,0.0
CLOSE_SHORT,4406.37,39981,4402.4,-3.9700000000002547
OPEN_LONG,4406.37,39981,4406.37,0.0
CLOSE_LONG,4413.61,39994,4406.37,7.239999999999782
OPEN_SHORT,4413.61,39994,4413.61,0.0
CLOSE_SHORT,4425.14,40135,4413.61,-11.530000000000655
OPEN_LONG,4425.14,40135,4425.14,0.0
CLOSE_LONG,4423.22,40355,4425.14,-1.9200000000000728
OPEN_SHORT,4423.22,40355,4423.22,0.0
CLOSE_SHORT,4398.51,40387,4423.22,24.710000000000036
OPEN_LONG,4398.51,40387,4398.51,0.0
CLOSE_LONG,4416.06,40414,4398.51,17.550000000000182
OPEN_SHORT,4416.06,40414,4416.06,0.0
CLOSE_SHORT,4406.13,40423,4416.06,9.930000000000291
OPEN_LONG,4406.13,40423,4406.13,0.0
CLOSE_LONG,4406.57,40430,4406.13,0.4399999999995998
OPEN_SHORT,4406.57,40430,4406.57,0.0
CLOSE_SHORT,4465.08,40675,4406.57,-58.51000000000022
OPEN_LONG,4465.08,40675,4465.08,0.0
CLOSE_LONG,4456.58,40750,4465.08,-8.5
OPEN_SHORT,4456.58,40750,4456.58,0.0
CLOSE_SHORT,4455.87,40773,4456.58,0.7100000000000364
OPEN_LONG,4455.87,40773,4455.87,0.0
CLOSE_LONG,4490.75,40850,4455.87,34.88000000000011
OPEN_SHORT,4490.75,40850,4490.75,0.0
CLOSE_SHORT,4538.59,40870,4490.75,-47.840000000000146
OPEN_LONG,4538.59,40870,4538.59,0.0
CLOSE_LONG,4552.12,40871,4538.59,13.529999999999745
OPEN_SHORT,4552.12,40871,4552.12,0.0
CLOSE_SHORT,4547.04,41035,4552.12,5.079999999999927
OPEN_LONG,4547.04,41035,4547.04,0.0
CLOSE_LONG,4541.46,41186,4547.04,-5.579999999999927
OPEN_SHORT,4541.46,41186,4541.46,0.0
CLOSE_SHORT,4541.63,41294,4541.46,-0.17000000000007276
OPEN_LONG,4541.63,41294,4541.63,0.0
CLOSE_LONG,4543.28,41302,4541.63,1.6499999999996362
OPEN_SHORT,4543.28,41302,4543.28,0.0
CLOSE_SHORT,4526.73,41309,4543.28,16.550000000000182
OPEN_LONG,4526.73,41309,4526.73,0.0
CLOSE_LONG,4521.82,41364,4526.73,-4.9099999999998545
OPEN_SHORT,4521.82,41364,4521.82,0.0
CLOSE_SHORT,4516.16,41420,4521.82,5.6599999999998545
OPEN_LONG,4516.16,41420,4516.16,0.0
CLOSE_LONG,4472.8,41459,4516.16,-43.35999999999967
OPEN_SHORT,4472.8,41459,4472.8,0.0
CLOSE_SHORT,4465.05,41490,4472.8,7.75
OPEN_LONG,4465.05,41490,4465.05,0.0
CLOSE_LONG,4458.77,41511,4465.05,-6.279999999999745
OPEN_SHORT,4458.77,41511,4458.77,0.0
CLOSE_SHORT,4507.73,41703,4458.77,-48.95999999999913
OPEN_LONG,4507.73,41703,4507.73,0.0
CLOSE_LONG,4495.22,41740,4507.73,-12.509999999999309
OPEN_SHORT,4495.22,41740,4495.22,0.0
CLOSE_SHORT,4481.2,41745,4495.22,14.020000000000437
OPEN_LONG,4481.2,41745,4481.2,0.0
CLOSE_LONG,4453.61,41801,4481.2,-27.590000000000146
OPEN_SHORT,4453.61,41801,4453.61,0.0
CLOSE_SHORT,4452.2,41815,4453.61,1.4099999999998545
OPEN_LONG,4452.2,41815,4452.2,0.0
CLOSE_LONG,4464.9,41820,4452.2,12.699999999999818
OPEN_SHORT,4464.9,41820,4464.9,0.0
CLOSE_SHORT,4454.01,41825,4464.9,10.889999999999418
OPEN_LONG,4454.01,41825,4454.01,0.0
CLOSE_LONG,4404.11,41867,4454.01,-49.900000000000546
OPEN_SHORT,4404.11,41867,4404.11,0.0
CLOSE_SHORT,4390.71,41875,4404.11,13.399999999999636
OPEN_LONG,4390.71,41875,4390.71,0.0
CLOSE_LONG,4374.94,41893,4390.71,-15.770000000000437
OPEN_SHORT,4374.94,41893,4374.94,0.0
CLOSE_SHORT,4368.39,41900,4374.94,6.549999999999272
OPEN_LONG,4368.39,41900,4368.39,0.0
CLOSE_LONG,4375.85,41906,4368.39,7.460000000000036
OPEN_SHORT,4375.85,41906,4375.85,0.0
CLOSE_SHORT,4361.51,41911,4375.85,14.340000000000146
OPEN_LONG,4361.51,41911,4361.51,0.0
CLOSE_LONG,4367.0,41917,4361.51,5.489999999999782
OPEN_SHORT,4367.0,41917,4367.0,0.0
CLOSE_SHORT,4348.61,41927,4367.0,18.390000000000327
OPEN_LONG,4348.61,41927,4348.61,0.0
CLOSE_LONG,4318.4,41938,4348.61,-30.210000000000036
OPEN_SHORT,4318.4,41938,4318.4,0.0
CLOSE_SHORT,4317.25,41953,4318.4,1.1499999999996362
OPEN_LONG,4317.25,41953,4317.25,0.0
CLOSE_LONG,4297.0,41976,4317.25,-20.25
OPEN_SHORT,4297.0,41976,4297.0,0.0
CLOSE_SHORT,4290.23,41978,4297.0,6.770000000000437
OPEN_LONG,4290.23,41978,4290.23,0.0
CLOSE_LONG,4304.96,41981,4290.23,14.730000000000473
OPEN_SHORT,4304.96,41981,4304.96,0.0
CLOSE_SHORT,4307.12,42001,4304.96,-2.1599999999998545
OPEN_LONG,4307.12,42001,4307.12,0.0
CLOSE_LONG,4314.25,42007,4307.12,7.130000000000109
OPEN_SHORT,4314.25,42007,4314.25,0.0
CLOSE_SHORT,4323.64,42042,4314.25,-9.390000000000327
OPEN_LONG,4323.64,42042,4323.64,0.0
CLOSE_LONG,4331.88,42047,4323.64,8.239999999999782
OPEN_SHORT,4331.88,42047,4331.88,0.0
CLOSE_SHORT,4310.53,42090,4331.88,21.350000000000364
OPEN_LONG,4310.53,42090,4310.53,0.0
CLOSE_LONG,4289.99,42102,4310.53,-20.539999999999964
OPEN_SHORT,4289.99,42102,4289.99,0.0
CLOSE_SHORT,4280.25,42104,4289.99,9.739999999999782
OPEN_LONG,4280.25,42104,4280.25,0.0
CLOSE_LONG,4298.56,42110,4280.25,18.3100000000004
OPEN_SHORT,4298.56,42110,4298.56,0.0
CLOSE_SHORT,4295.72,42120,4298.56,2.8400000000001455
OPEN_LONG,4295.72,42120,4295.72,0.0
CLOSE_LONG,4263.52,42148,4295.72,-32.19999999999982
OPEN_SHORT,4263.52,42148,4263.52,0.0
CLOSE_SHORT,4256.76,42158,4263.52,6.760000000000218
OPEN_LONG,4256.76,42158,4256.76,0.0
CLOSE_LONG,4249.75,42168,4256.76,-7.010000000000218
OPEN_SHORT,4249.75,42168,4249.75,0.0
CLOSE_SHORT,4239.27,42171,4249.75,10.479999999999563
OPEN_LONG,4239.27,42171,4239.27,0.0
CLOSE_LONG,4250.36,42174,4239.27,11.089999999999236
OPEN_SHORT,4250.36,42174,4250.36,0.0
CLOSE_SHORT,4247.41,42191,4250.36,2.949999999999818
OPEN_LONG,4247.41,42191,4247.41,0.0
CLOSE_LONG,4256.0,42203,4247.41,8.590000000000146
OPEN_SHORT,4256.0,42203,4256.0,0.0
CLOSE_SHORT,4271.52,42274,4256.0,-15.520000000000437
OPEN_LONG,4271.52,42274,4271.52,0.0
CLOSE_LONG,4242.49,42321,4271.52,-29.030000000000655
OPEN_SHORT,4242.49,42321,4242.49,0.0
CLOSE_SHORT,4229.92,42326,4242.49,12.569999999999709
OPEN_LONG,4229.92,42326,4229.92,0.0
CLOSE_LONG,4240.28,42330,4229.92,10.359999999999673
OPEN_SHORT,4240.28,42330,4240.28,0.0
CLOSE_SHORT,4297.81,42352,4240.28,-57.530000000000655
OPEN_LONG,4297.81,42352,4297.81,0.0
CLOSE_LONG,4296.85,42361,4297.81,-0.9600000000000364
OPEN_SHORT,4296.85,42361,4296.85,0.0
CLOSE_SHORT,4272.11,42386,4296.85,24.74000000000069
OPEN_LONG,4272.11,42386,4272.11,0.0
CLOSE_LONG,4280.94,42392,4272.11,8.829999999999927
OPEN_SHORT,4280.94,42392,4280.94,0.0
CLOSE_SHORT,4277.44,42407,4280.94,3.5
OPEN_LONG,4277.44,42407,4277.44,0.0
CLOSE_LONG,4264.11,42462,4277.44,-13.329999999999927
OPEN_SHORT,4264.11,42462,4264.11,0.0
CLOSE_SHORT,4291.99,42494,4264.11,-27.88000000000011
OPEN_LONG,4291.99,42494,4291.99,0.0
CLOSE_LONG,4305.7,42510,4291.99,13.710000000000036
OPEN_SHORT,4305.7,42510,4305.7,0.0
CLOSE_SHORT,4327.9,42526,4305.7,-22.199999999999818
OPEN_LONG,4327.9,42526,4327.9,0.0
CLOSE_LONG,4339.06,42530,4327.9,11.160000000000764
OPEN_SHORT,4339.06,42530,4339.06,0.0
CLOSE_SHORT,4335.33,42547,4339.06,3.730000000000473
OPEN_LONG,4335.33,42547,4335.33,0.0
CLOSE_LONG,4344.13,42557,4335.33,8.800000000000182
OPEN_SHORT,4344.13,42557,4344.13,0.0
CLOSE_SHORT,4346.66,42577,4344.13,-2.5299999999997453
OPEN_LONG,4346.66,42577,4346.66,0.0
CLOSE_LONG,4328.7,42586,4346.66,-17.960000000000036
OPEN_SHORT,4328.7,42586,4328.7,0.0
CLOSE_SHORT,4309.46,42588,4328.7,19.23999999999978
OPEN_LONG,4309.46,42588,4309.46,0.0
CLOSE_LONG,4300.89,42602,4309.46,-8.569999999999709
OPEN_SHORT,4300.89,42602,4300.89,0.0
CLOSE_SHORT,4285.97,42606,4300.89,14.920000000000073
OPEN_LONG,4285.97,42606,4285.97,0.0
CLOSE_LONG,4311.36,42612,4285.97,25.389999999999418
OPEN_SHORT,4311.36,42612,4311.36,0.0
CLOSE_SHORT,4298.8,42628,4311.36,12.55999999999949
OPEN_LONG,4298.8,42628,4298.8,0.0
CLOSE_LONG,4311.76,42633,4298.8,12.960000000000036
OPEN_SHORT,4311.76,42633,4311.76,0.0
CLOSE_SHORT,4303.86,42635,4311.76,7.900000000000546
OPEN_LONG,4303.86,42635,4303.86,0.0
CLOSE_LONG,4298.77,42650,4303.86,-5.089999999999236
OPEN_SHORT,4298.77,42650,4298.77,0.0
CLOSE_SHORT,4320.36,42662,4298.77,-21.589999999999236
OPEN_LONG,4320.36,42662,4320.36,0.0
CLOSE_LONG,4319.22,42680,4320.36,-1.139999999999418
OPEN_SHORT,4319.22,42680,4319.22,0.0
CLOSE_SHORT,4304.0,42691,4319.22,15.220000000000255
OPEN_LONG,4304.0,42691,4304.0,0.0
CLOSE_LONG,4326.48,42696,4304.0,22.479999999999563
OPEN_SHORT,4326.48,42696,4326.48,0.0
CLOSE_SHORT,4319.0,42701,4326.48,7.479999999999563
OPEN_LONG,4319.0,42701,4319.0,0.0
CLOSE_LONG,4331.25,42706,4319.0,12.25
OPEN_SHORT,4331.25,42706,4331.25,0.0
CLOSE_SHORT,4348.29,42728,4331.25,-17.039999999999964
OPEN_LONG,4348.29,42728,4348.29,0.0
CLOSE_LONG,4318.41,42763,4348.29,-29.88000000000011
OPEN_SHORT,4318.41,42763,4318.41,0.0
CLOSE_SHORT,4363.99,42815,4318.41,-45.57999999999993
OPEN_LONG,4363.99,42815,4363.99,0.0
CLOSE_LONG,4341.17,42845,4363.99,-22.81999999999971
OPEN_SHORT,4341.17,42845,4341.17,0.0
CLOSE_SHORT,4344.19,42877,4341.17,-3.019999999999527
OPEN_LONG,4344.19,42877,4344.19,0.0
CLOSE_LONG,4353.37,42883,4344.19,9.180000000000291
OPEN_SHORT,4353.37,42883,4353.37,0.0
CLOSE_SHORT,4366.16,42907,4353.37,-12.789999999999964
OPEN_LONG,4366.16,42907,4366.16,0.0
CLOSE_LONG,4363.35,42916,4366.16,-2.8099999999994907
OPEN_SHORT,4363.35,42916,4363.35,0.0
CLOSE_SHORT,4357.8,42931,4363.35,5.550000000000182
OPEN_LONG,4357.8,42931,4357.8,0.0
CLOSE_LONG,4358.16,42953,4357.8,0.3599999999996726
OPEN_SHORT,4358.16,42953,4358.16,0.0
CLOSE_SHORT,4350.6,42957,4358.16,7.559999999999491
OPEN_LONG,4350.6,42957,4350.6,0.0
CLOSE_LONG,4361.45,42968,4350.6,10.849999999999454
OPEN_SHORT,4361.45,42968,4361.45,0.0
CLOSE_SHORT,4354.74,42976,4361.45,6.710000000000036
OPEN_LONG,4354.74,42976,4354.74,0.0
CLOSE_LONG,4338.67,43007,4354.74,-16.06999999999971
OPEN_SHORT,4338.67,43007,4338.67,0.0
CLOSE_SHORT,4329.79,43027,4338.67,8.88000000000011
OPEN_LONG,4329.79,43027,4329.79,0.0
CLOSE_LONG,4338.33,43030,4329.79,8.539999999999964
OPEN_SHORT,4338.33,43030,4338.33,0.0
CLOSE_SHORT,4347.01,43048,4338.33,-8.680000000000291
OPEN_LONG,4347.01,43048,4347.01,0.0
CLOSE_LONG,4340.94,43067,4347.01,-6.0700000000006185
OPEN_SHORT,4340.94,43067,4340.94,0.0
CLOSE_SHORT,4366.86,43114,4340.94,-25.920000000000073
OPEN_LONG,4366.86,43114,4366.86,0.0
CLOSE_LONG,4346.84,43142,4366.86,-20.019999999999527
OPEN_SHORT,4346.84,43142,4346.84,0.0
CLOSE_SHORT,4326.02,43158,4346.84,20.81999999999971
OPEN_LONG,4326.02,43158,4326.02,0.0
CLOSE_LONG,4311.74,43190,4326.02,-14.280000000000655
OPEN_SHORT,4311.74,43190,4311.74,0.0
CLOSE_SHORT,4296.8,43219,4311.74,14.9399999999996
OPEN_LONG,4296.8,43219,4296.8,0.0
CLOSE_LONG,4293.15,43232,4296.8,-3.6500000000005457
OPEN_SHORT,4293.15,43232,4293.15,0.0
CLOSE_SHORT,4334.3,43266,4293.15,-41.150000000000546
OPEN_LONG,4334.3,43266,4334.3,0.0
CLOSE_LONG,4305.52,43296,4334.3,-28.779999999999745
OPEN_SHORT,4305.52,43296,4305.52,0.0
CLOSE_SHORT,4281.0,43322,4305.52,24.520000000000437
OPEN_LONG,4281.0,43322,4281.0,0.0
CLOSE_LONG,4295.32,43329,4281.0,14.319999999999709
OPEN_SHORT,4295.32,43329,4295.32,0.0
CLOSE_SHORT,4279.4,43335,4295.32,15.920000000000073
OPEN_LONG,4279.4,43335,4279.4,0.0
CLOSE_LONG,4289.0,43340,4279.4,9.600000000000364
OPEN_SHORT,4289.0,43340,4289.0,0.0
CLOSE_SHORT,4285.68,43374,4289.0,3.319999999999709
OPEN_LONG,4285.68,43374,4285.68,0.0
CLOSE_LONG,4269.97,43388,4285.68,-15.710000000000036
OPEN_SHORT,4269.97,43388,4269.97,0.0
CLOSE_SHORT,4255.7,43400,4269.97,14.270000000000437
OPEN_LONG,4255.7,43400,4255.7,0.0
CLOSE_LONG,4227.19,43427,4255.7,-28.51000000000022
OPEN_SHORT,4227.19,43427,4227.19,0.0
CLOSE_SHORT,4206.97,43442,4227.19,20.219999999999345
OPEN_LONG,4206.97,43442,4206.97,0.0
CLOSE_LONG,4207.84,43450,4206.97,0.8699999999998909
OPEN_SHORT,4207.84,43450,4207.84,0.0
CLOSE_SHORT,4201.85,43461,4207.84,5.989999999999782
OPEN_LONG,4201.85,43461,4201.85,0.0
CLOSE_LONG,4207.58,43467,4201.85,5.729999999999563
OPEN_SHORT,4207.58,43467,4207.58,0.0
CLOSE_SHORT,4223.0,43507,4207.58,-15.420000000000073
OPEN_LONG,4223.0,43507,4223.0,0.0
CLOSE_LONG,4227.19,43514,4223.0,4.1899999999996
OPEN_SHORT,4227.19,43514,4227.19,0.0
CLOSE_SHORT,4235.26,43543,4227.19,-8.070000000000618
OPEN_LONG,4235.26,43543,4235.26,0.0
CLOSE_LONG,4235.0,43566,4235.26,-0.2600000000002183
OPEN_SHORT,4235.0,43566,4235.0,0.0
CLOSE_SHORT,4232.12,43604,4235.0,2.880000000000109
OPEN_LONG,4232.12,43604,4232.12,0.0
CLOSE_LONG,4238.43,43610,4232.12,6.3100000000004
OPEN_SHORT,4238.43,43610,4238.43,0.0
CLOSE_SHORT,4205.96,43640,4238.43,32.470000000000255
OPEN_LONG,4205.96,43640,4205.96,0.0
CLOSE_LONG,4218.33,43644,4205.96,12.36999999999989
OPEN_SHORT,4218.33,43644,4218.33,0.0
CLOSE_SHORT,4226.0,43683,4218.33,-7.670000000000073
OPEN_LONG,4226.0,43683,4226.0,0.0
CLOSE_LONG,4236.49,43691,4226.0,10.489999999999782
OPEN_SHORT,4236.49,43691,4236.49,0.0
CLOSE_SHORT,4223.16,43707,4236.49,13.329999999999927
OPEN_LONG,4223.16,43707,4223.16,0.0
CLOSE_LONG,4231.55,43717,4223.16,8.390000000000327
OPEN_SHORT,4231.55,43717,4231.55,0.0
CLOSE_SHORT,4255.49,43734,4231.55,-23.9399999999996
OPEN_LONG,4255.49,43734,4255.49,0.0
CLOSE_LONG,4271.64,43743,4255.49,16.150000000000546
OPEN_SHORT,4271.64,43743,4271.64,0.0
CLOSE_SHORT,4261.02,43753,4271.64,10.61999999999989
OPEN_LONG,4261.02,43753,4261.02,0.0
CLOSE_LONG,4272.16,43759,4261.02,11.139999999999418
OPEN_SHORT,4272.16,43759,4272.16,0.0
CLOSE_SHORT,4280.63,43779,4272.16,-8.470000000000255
OPEN_LONG,4280.63,43779,4280.63,0.0
CLOSE_LONG,4282.47,43804,4280.63,1.8400000000001455
OPEN_SHORT,4282.47,43804,4282.47,0.0
CLOSE_SHORT,4283.75,43829,4282.47,-1.2799999999997453
OPEN_LONG,4283.75,43829,4283.75,0.0
CLOSE_LONG,4294.32,43835,4283.75,10.569999999999709
OPEN_SHORT,4294.32,43835,4294.32,0.0
CLOSE_SHORT,4284.1,43842,4294.32,10.219999999999345
OPEN_LONG,4284.1,43842,4284.1,0.0
CLOSE_LONG,4290.28,43860,4284.1,6.1799999999993815
OPEN_SHORT,4290.28,43860,4290.28,0.0
CLOSE_SHORT,4301.12,43893,4290.28,-10.840000000000146
OPEN_LONG,4301.12,43893,4301.12,0.0
CLOSE_LONG,4304.22,43905,4301.12,3.100000000000364
OPEN_SHORT,4304.22,43905,4304.22,0.0
CLOSE_SHORT,4299.14,43939,4304.22,5.079999999999927
OPEN_LONG,4299.14,43939,4299.14,0.0
CLOSE_LONG,4297.51,43971,4299.14,-1.6300000000001091
OPEN_SHORT,4297.51,43971,4297.51,0.0
CLOSE_SHORT,4305.5,44008,4297.51,-7.989999999999782
OPEN_LONG,4305.5,44008,4305.5,0.0
CLOSE_LONG,4277.45,44027,4305.5,-28.050000000000182
OPEN_SHORT,4277.45,44027,4277.45,0.0
CLOSE_SHORT,4291.11,44034,4277.45,-13.659999999999854
OPEN_LONG,4291.11,44034,4291.11,0.0
CLOSE_LONG,4302.95,44040,4291.11,11.840000000000146
OPEN_SHORT,4302.95,44040,4302.95,0.0
CLOSE_SHORT,4287.01,44042,4302.95,15.9399999999996
OPEN_LONG,4287.01,44042,4287.01,0.0
CLOSE_LONG,4200.0,44082,4287.01,-87.01000000000022
OPEN_SHORT,4200.0,44082,4200.0,0.0
CLOSE_SHORT,4193.01,44093,4200.0,6.989999999999782
OPEN_LONG,4193.01,44093,4193.01,0.0
CLOSE_LONG,4193.9,44106,4193.01,0.8899999999994179
OPEN_SHORT,4193.9,44106,4193.9,0.0
CLOSE_SHORT,4178.88,44111,4193.9,15.019999999999527
OPEN_LONG,4178.88,44111,4178.88,0.0
CLOSE_LONG,4193.09,44113,4178.88,14.210000000000036
OPEN_SHORT,4193.09,44113,4193.09,0.0
CLOSE_SHORT,4202.68,44132,4193.09,-9.590000000000146
OPEN_LONG,4202.68,44132,4202.68,0.0
CLOSE_LONG,4216.59,44139,4202.68,13.909999999999854
OPEN_SHORT,4216.59,44139,4216.59,0.0
CLOSE_SHORT,4195.08,44143,4216.59,21.51000000000022
OPEN_LONG,4195.08,44143,4195.08,0.0
CLOSE_LONG,4199.54,44148,4195.08,4.460000000000036
OPEN_SHORT,4199.54,44148,4199.54,0.0
CLOSE_SHORT,4182.56,44170,4199.54,16.979999999999563
OPEN_LONG,4182.56,44170,4182.56,0.0
CLOSE_LONG,4191.6,44178,4182.56,9.039999999999964
OPEN_SHORT,4191.6,44178,4191.6,0.0
CLOSE_SHORT,4178.32,44183,4191.6,13.280000000000655
OPEN_LONG,4178.32,44183,4178.32,0.0
CLOSE_LONG,4164.13,44208,4178.32,-14.1899999999996
OPEN_SHORT,4164.13,44208,4164.13,0.0
CLOSE_SHORT,4147.0,44213,4164.13,17.13000000000011
OPEN_LONG,4147.0,44213,4147.0,0.0
CLOSE_LONG,4145.59,44226,4147.0,-1.4099999999998545
OPEN_SHORT,4145.59,44226,4145.59,0.0
CLOSE_SHORT,4166.88,44261,4145.59,-21.289999999999964
OPEN_LONG,4166.88,44261,4166.88,0.0
CLOSE_LONG,4179.45,44266,4166.88,12.569999999999709
OPEN_SHORT,4179.45,44266,4179.45,0.0
CLOSE_SHORT,4170.11,44296,4179.45,9.340000000000146
OPEN_LONG,4170.11,44296,4170.11,0.0
CLOSE_LONG,4182.46,44301,4170.11,12.350000000000364
OPEN_SHORT,4182.46,44301,4182.46,0.0
CLOSE_SHORT,4165.74,44305,4182.46,16.720000000000255
OPEN_LONG,4165.74,44305,4165.74,0.0
CLOSE_LONG,4150.67,44330,4165.74,-15.069999999999709
OPEN_SHORT,4150.67,44330,4150.67,0.0
CLOSE_SHORT,4130.01,44337,4150.67,20.659999999999854
OPEN_LONG,4130.01,44337,4130.01,0.0
CLOSE_LONG,4128.65,44354,4130.01,-1.360000000000582
OPEN_SHORT,4128.65,44354,4128.65,0.0
CLOSE_SHORT,4147.95,44383,4128.65,-19.300000000000182
OPEN_LONG,4147.95,44383,4147.95,0.0
CLOSE_LONG,4149.39,44398,4147.95,1.4400000000005093
OPEN_SHORT,4149.39,44398,4149.39,0.0
CLOSE_SHORT,4131.09,44404,4149.39,18.300000000000182
OPEN_LONG,4131.09,44404,4131.09,0.0
CLOSE_LONG,4132.0,44412,4131.09,0.9099999999998545
OPEN_SHORT,4132.0,44412,4132.0,0.0
CLOSE_SHORT,4147.59,44457,4132.0,-15.590000000000146
OPEN_LONG,4147.59,44457,4147.59,0.0
CLOSE_LONG,4154.23,44469,4147.59,6.639999999999418
OPEN_SHORT,4154.23,44469,4154.23,0.0
CLOSE_SHORT,4149.93,44475,4154.23,4.299999999999272
OPEN_LONG,4149.93,44475,4149.93,0.0
CLOSE_LONG,4150.9,44485,4149.93,0.9699999999993452
OPEN_SHORT,4150.9,44485,4150.9,0.0
CLOSE_SHORT,4135.94,44518,4150.9,14.960000000000036
OPEN_LONG,4135.94,44518,4135.94,0.0
CLOSE_LONG,4139.71,44526,4135.94,3.7700000000004366
OPEN_SHORT,4139.71,44526,4139.71,0.0
CLOSE_SHORT,4133.16,44530,4139.71,6.550000000000182
OPEN_LONG,4133.16,44530,4133.16,0.0
CLOSE_LONG,4139.2,44539,4133.16,6.039999999999964
OPEN_SHORT,4139.2,44539,4139.2,0.0
CLOSE_SHORT,4134.23,44553,4139.2,4.970000000000255
OPEN_LONG,4134.23,44553,4134.23,0.0
CLOSE_LONG,4141.85,44559,4134.23,7.6200000000008
OPEN_SHORT,4141.85,44559,4141.85,0.0
CLOSE_SHORT,4126.01,44577,4141.85,15.840000000000146
OPEN_LONG,4126.01,44577,4126.01,0.0
CLOSE_LONG,4123.23,44590,4126.01,-2.780000000000655
OPEN_SHORT,4123.23,44590,4123.23,0.0
CLOSE_SHORT,4113.99,44602,4123.23,9.239999999999782
OPEN_LONG,4113.99,44602,4113.99,0.0
CLOSE_LONG,4096.48,44620,4113.99,-17.51000000000022
OPEN_SHORT,4096.48,44620,4096.48,0.0
CLOSE_SHORT,4081.84,44624,4096.48,14.639999999999418
OPEN_LONG,4081.84,44624,4081.84,0.0
CLOSE_LONG,4079.9,44633,4081.84,-1.9400000000000546
OPEN_SHORT,4079.9,44633,4079.9,0.0
CLOSE_SHORT,4089.51,44658,4079.9,-9.610000000000127
OPEN_LONG,4089.51,44658,4089.51,0.0
CLOSE_LONG,4093.99,44666,4089.51,4.479999999999563
OPEN_SHORT,4093.99,44666,4093.99,0.0
CLOSE_SHORT,4096.4,44706,4093.99,-2.4099999999998545
OPEN_LONG,4096.4,44706,4096.4,0.0
CLOSE_LONG,4103.15,44716,4096.4,6.75
OPEN_SHORT,4103.15,44716,4103.15,0.0
CLOSE_SHORT,4095.31,44722,4103.15,7.839999999999691
OPEN_LONG,4095.31,44722,4095.31,0.0
CLOSE_LONG,4085.05,44732,4095.31,-10.259999999999764
OPEN_SHORT,4085.05,44732,4085.05,0.0
CLOSE_SHORT,4065.2,44734,4085.05,19.850000000000364
OPEN_LONG,4065.2,44734,4065.2,0.0
CLOSE_LONG,4078.0,44739,4065.2,12.800000000000182
OPEN_SHORT,4078.0,44739,4078.0,0.0
CLOSE_SHORT,4144.57,44854,4078.0,-66.56999999999971
OPEN_LONG,4144.57,44854,4144.57,0.0
CLOSE_LONG,4151.2,44879,4144.57,6.630000000000109
OPEN_SHORT,4151.2,44879,4151.2,0.0
CLOSE_SHORT,4162.2,44914,4151.2,-11.0
OPEN_LONG,4162.2,44914,4162.2,0.0
CLOSE_LONG,4168.25,44926,4162.2,6.050000000000182
OPEN_SHORT,4168.25,44926,4168.25,0.0
CLOSE_SHORT,4159.5,44946,4168.25,8.75
OPEN_LONG,4159.5,44946,4159.5,0.0
CLOSE_LONG,4179.67,45017,4159.5,20.170000000000073
OPEN_SHORT,4179.67,45017,4179.67,0.0
CLOSE_SHORT,4172.47,45020,4179.67,7.199999999999818
OPEN_LONG,4172.47,45020,4172.47,0.0
CLOSE_LONG,4184.84,45031,4172.47,12.36999999999989
OPEN_SHORT,4184.84,45031,4184.84,0.0
CLOSE_SHORT,4195.59,45086,4184.84,-10.75
OPEN_LONG,4195.59,45086,4195.59,0.0
CLOSE_LONG,4193.12,45118,4195.59,-2.4700000000002547
OPEN_SHORT,4193.12,45118,4193.12,0.0
CLOSE_SHORT,4228.46,45176,4193.12,-35.340000000000146
OPEN_LONG,4228.46,45176,4228.46,0.0
CLOSE_LONG,4227.4,45215,4228.46,-1.0600000000004002
OPEN_SHORT,4227.4,45215,4227.4,0.0
CLOSE_SHORT,4219.9,45227,4227.4,7.5
OPEN_LONG,4219.9,45227,4219.9,0.0
CLOSE_LONG,4225.0,45253,4219.9,5.100000000000364
OPEN_SHORT,4225.0,45253,4225.0,0.0
CLOSE_SHORT,4213.57,45259,4225.0,11.430000000000291
OPEN_LONG,4213.57,45259,4213.57,0.0
CLOSE_LONG,4221.99,45278,4213.57,8.420000000000073
OPEN_SHORT,4221.99,45278,4221.99,0.0
CLOSE_SHORT,4218.04,45303,4221.99,3.949999999999818
OPEN_LONG,4218.04,45303,4218.04,0.0
CLOSE_LONG,4176.81,45345,4218.04,-41.22999999999956
OPEN_SHORT,4176.81,45345,4176.81,0.0
CLOSE_SHORT,4199.24,45361,4176.81,-22.42999999999938
OPEN_LONG,4199.24,45361,4199.24,0.0
CLOSE_LONG,4195.53,45385,4199.24,-3.7100000000000364
OPEN_SHORT,4195.53,45385,4195.53,0.0
CLOSE_SHORT,4197.47,45416,4195.53,-1.9400000000005093
OPEN_LONG,4197.47,45416,4197.47,0.0
CLOSE_LONG,4182.74,45433,4197.47,-14.730000000000473
OPEN_SHORT,4182.74,45433,4182.74,0.0
CLOSE_SHORT,4169.2,45447,4182.74,13.539999999999964
OPEN_LONG,4169.2,45447,4169.2,0.0
CLOSE_LONG,4180.0,45450,4169.2,10.800000000000182
OPEN_SHORT,4180.0,45450,4180.0,0.0
CLOSE_SHORT,4181.21,45456,4180.0,-1.2100000000000364
OPEN_LONG,4181.21,45456,4181.21,0.0
CLOSE_LONG,4142.01,45471,4181.21,-39.19999999999982
OPEN_SHORT,4142.01,45471,4142.01,0.0
CLOSE_SHORT,4125.83,45480,4142.01,16.18000000000029
OPEN_LONG,4125.83,45480,4125.83,0.0
CLOSE_LONG,4125.57,45489,4125.83,-0.2600000000002183
OPEN_SHORT,4125.57,45489,4125.57,0.0
CLOSE_SHORT,4212.0,45529,4125.57,-86.43000000000029
OPEN_LONG,4212.0,45529,4212.0,0.0
CLOSE_LONG,4216.4,45535,4212.0,4.399999999999636
OPEN_SHORT,4216.4,45535,4216.4,0.0
CLOSE_SHORT,4259.55,45546,4216.4,-43.150000000000546
OPEN_LONG,4259.55,45546,4259.55,0.0
CLOSE_LONG,4273.8,45550,4259.55,14.25
OPEN_SHORT,4273.8,45550,4273.8,0.0
CLOSE_SHORT,4288.84,45565,4273.8,-15.039999999999964
OPEN_LONG,4288.84,45565,4288.84,0.0
CLOSE_LONG,4295.0,45573,4288.84,6.1599999999998545
OPEN_SHORT,4295.0,45573,4295.0,0.0
CLOSE_SHORT,4280.8,45581,4295.0,14.199999999999818
OPEN_LONG,4280.8,45581,4280.8,0.0
CLOSE_LONG,4264.46,45596,4280.8,-16.340000000000146
OPEN_SHORT,4264.46,45596,4264.46,0.0
CLOSE_SHORT,4311.01,45620,4264.46,-46.55000000000018
OPEN_LONG,4311.01,45620,4311.01,0.0
CLOSE_LONG,4325.0,45624,4311.01,13.989999999999782
OPEN_SHORT,4325.0,45624,4325.0,0.0
CLOSE_SHORT,4306.8,45628,4325.0,18.199999999999818
OPEN_LONG,4306.8,45628,4306.8,0.0
CLOSE_LONG,4310.38,45640,4306.8,3.5799999999999272
OPEN_SHORT,4310.38,45640,4310.38,0.0
CLOSE_SHORT,4305.36,45647,4310.38,5.020000000000437
OPEN_LONG,4305.36,45647,4305.36,0.0
CLOSE_LONG,4305.01,45656,4305.36,-0.3499999999994543
OPEN_SHORT,4305.01,45656,4305.01,0.0
CLOSE_SHORT,4306.23,45669,4305.01,-1.2199999999993452
OPEN_LONG,4306.23,45669,4306.23,0.0
CLOSE_LONG,4314.35,45674,4306.23,8.1200000000008
OPEN_SHORT,4314.35,45674,4314.35,0.0
CLOSE_SHORT,4336.64,45705,4314.35,-22.289999999999964
OPEN_LONG,4336.64,45705,4336.64,0.0
CLOSE_LONG,4348.7,45708,4336.64,12.05999999999949
OPEN_SHORT,4348.7,45708,4348.7,0.0
CLOSE_SHORT,4330.8,45716,4348.7,17.899999999999636
OPEN_LONG,4330.8,45716,4330.8,0.0
CLOSE_LONG,4283.03,45751,4330.8,-47.77000000000044
OPEN_SHORT,4283.03,45751,4283.03,0.0
CLOSE_SHORT,4289.41,45774,4283.03,-6.380000000000109
OPEN_LONG,4289.41,45774,4289.41,0.0
CLOSE_LONG,4303.0,45780,4289.41,13.590000000000146
OPEN_SHORT,4303.0,45780,4303.0,0.0
CLOSE_SHORT,4304.0,45791,4303.0,-1.0
OPEN_LONG,4304.0,45791,4304.0,0.0
CLOSE_LONG,4322.67,45796,4304.0,18.670000000000073
OPEN_SHORT,4322.67,45796,4322.67,0.0
CLOSE_SHORT,4325.14,45803,4322.67,-2.4700000000002547
OPEN_LONG,4325.14,45803,4325.14,0.0
CLOSE_LONG,4332.62,45819,4325.14,7.479999999999563
OPEN_SHORT,4332.62,45819,4332.62,0.0
CLOSE_SHORT,4333.92,45836,4332.62,-1.300000000000182
OPEN_LONG,4333.92,45836,4333.92,0.0
CLOSE_LONG,4347.99,45843,4333.92,14.069999999999709
OPEN_SHORT,4347.99,45843,4347.99,0.0
CLOSE_SHORT,4338.01,45848,4347.99,9.979999999999563
OPEN_LONG,4338.01,45848,4338.01,0.0
CLOSE_LONG,4340.94,45858,4338.01,2.9299999999993815
OPEN_SHORT,4340.94,45858,4340.94,0.0
CLOSE_SHORT,4338.61,45869,4340.94,2.3299999999999272
OPEN_LONG,4338.61,45869,4338.61,0.0
CLOSE_LONG,4368.62,45888,4338.61,30.01000000000022
OPEN_SHORT,4368.62,45888,4368.62,0.0
CLOSE_SHORT,4355.3,45893,4368.62,13.319999999999709
OPEN_LONG,4355.3,45893,4355.3,0.0
CLOSE_LONG,4356.3,45904,4355.3,1.0
OPEN_SHORT,4356.3,45904,4356.3,0.0
CLOSE_SHORT,4337.48,45912,4356.3,18.82000000000062
OPEN_LONG,4337.48,45912,4337.48,0.0
CLOSE_LONG,4331.89,45919,4337.48,-5.589999999999236
OPEN_SHORT,4331.89,45919,4331.89,0.0
CLOSE_SHORT,4349.05,45943,4331.89,-17.159999999999854
OPEN_LONG,4349.05,45943,4349.05,0.0
CLOSE_LONG,4355.24,45947,4349.05,6.1899999999996
OPEN_SHORT,4355.24,45947,4355.24,0.0
CLOSE_SHORT,4339.6,45953,4355.24,15.639999999999418
OPEN_LONG,4339.6,45953,4339.6,0.0
CLOSE_LONG,4349.54,45975,4339.6,9.9399999999996
OPEN_SHORT,4349.54,45975,4349.54,0.0
CLOSE_SHORT,4358.7,46014,4349.54,-9.159999999999854
OPEN_LONG,4358.7,46014,4358.7,0.0
CLOSE_LONG,4314.8,46098,4358.7,-43.899999999999636
OPEN_SHORT,4314.8,46098,4314.8,0.0
CLOSE_SHORT,4317.57,46121,4314.8,-2.769999999999527
OPEN_LONG,4317.57,46121,4317.57,0.0
CLOSE_LONG,4322.57,46132,4317.57,5.0
OPEN_SHORT,4322.57,46132,4322.57,0.0
CLOSE_SHORT,4299.21,46151,4322.57,23.359999999999673
OPEN_LONG,4299.21,46151,4299.21,0.0
CLOSE_LONG,4306.56,46156,4299.21,7.350000000000364
OPEN_SHORT,4306.56,46156,4306.56,0.0
CLOSE_SHORT,4326.15,46199,4306.56,-19.589999999999236
OPEN_LONG,4326.15,46199,4326.15,0.0
CLOSE_LONG,4293.01,46220,4326.15,-33.13999999999942
OPEN_SHORT,4293.01,46220,4293.01,0.0
CLOSE_SHORT,4311.24,46272,4293.01,-18.229999999999563
OPEN_LONG,4311.24,46272,4311.24,0.0
CLOSE_LONG,4312.34,46287,4311.24,1.1000000000003638
OPEN_SHORT,4312.34,46287,4312.34,0.0
CLOSE_SHORT,4285.11,46322,4312.34,27.230000000000473
OPEN_LONG,4285.11,46322,4285.11,0.0
CLOSE_LONG,4290.01,46328,4285.11,4.900000000000546
OPEN_SHORT,4290.01,46328,4290.01,0.0
CLOSE_SHORT,4283.49,46380,4290.01,6.520000000000437
OPEN_LONG,4283.49,46380,4283.49,0.0
CLOSE_LONG,4287.39,46387,4283.49,3.9000000000005457
OPEN_SHORT,4287.39,46387,4287.39,0.0
CLOSE_SHORT,4305.76,46437,4287.39,-18.36999999999989
OPEN_LONG,4305.76,46437,4305.76,0.0
CLOSE_LONG,4292.42,46462,4305.76,-13.340000000000146
OPEN_SHORT,4292.42,46462,4292.42,0.0
CLOSE_SHORT,4295.67,46494,4292.42,-3.25
OPEN_LONG,4295.67,46494,4295.67,0.0
CLOSE_LONG,4305.61,46501,4295.67,9.9399999999996
OPEN_SHORT,4305.61,46501,4305.61,0.0
CLOSE_SHORT,4291.42,46507,4305.61,14.1899999999996
OPEN_LONG,4291.42,46507,4291.42,0.0
CLOSE_LONG,4290.9,46519,4291.42,-0.5200000000004366
OPEN_SHORT,4290.9,46519,4290.9,0.0
CLOSE_SHORT,4290.8,46572,4290.9,0.0999999999994543
OPEN_LONG,4290.8,46572,4290.8,0.0
CLOSE_LONG,4300.82,46579,4290.8,10.019999999999527
OPEN_SHORT,4300.82,46579,4300.82,0.0
CLOSE_SHORT,4290.42,46607,4300.82,10.399999999999636
OPEN_LONG,4290.42,46607,4290.42,0.0
CLOSE_LONG,4269.28,46640,4290.42,-21.140000000000327
OPEN_SHORT,4269.28,46640,4269.28,0.0
CLOSE_SHORT,4267.84,46675,4269.28,1.4399999999995998
OPEN_LONG,4267.84,46675,4267.84,0.0
CLOSE_LONG,4276.11,46681,4267.84,8.269999999999527
OPEN_SHORT,4276.11,46681,4276.11,0.0
CLOSE_SHORT,4291.11,46769,4276.11,-15.0
OPEN_LONG,4291.11,46769,4291.11,0.0
CLOSE_LONG,4288.3,46776,4291.11,-2.8099999999994907
OPEN_SHORT,4288.3,46776,4288.3,0.0
CLOSE_SHORT,4278.03,46781,4288.3,10.270000000000437
OPEN_LONG,4278.03,46781,4278.03,0.0
CLOSE_LONG,4274.56,46788,4278.03,-3.469999999999345
OPEN_SHORT,4274.56,46788,4274.56,0.0
CLOSE_SHORT,4269.27,46806,4274.56,5.289999999999964
OPEN_LONG,4269.27,46806,4269.27,0.0
CLOSE_LONG,4262.55,46817,4269.27,-6.720000000000255
OPEN_SHORT,4262.55,46817,4262.55,0.0
CLOSE_SHORT,4264.28,46839,4262.55,-1.7299999999995634
OPEN_LONG,4264.28,46839,4264.28,0.0
CLOSE_LONG,4247.23,46851,4264.28,-17.050000000000182
OPEN_SHORT,4247.23,46851,4247.23,0.0
CLOSE_SHORT,4252.34,46884,4247.23,-5.110000000000582
OPEN_LONG,4252.34,46884,4252.34,0.0
CLOSE_LONG,4278.13,46887,4252.34,25.789999999999964
OPEN_SHORT,4278.13,46887,4278.13,0.0
CLOSE_SHORT,4279.73,46896,4278.13,-1.5999999999994543
OPEN_LONG,4279.73,46896,4279.73,0.0
CLOSE_LONG,4279.91,46904,4279.73,0.18000000000029104
OPEN_SHORT,4279.91,46904,4279.91,0.0
CLOSE_SHORT,4257.13,46909,4279.91,22.779999999999745
OPEN_LONG,4257.13,46909,4257.13,0.0
CLOSE_LONG,4266.75,46914,4257.13,9.61999999999989
OPEN_SHORT,4266.75,46914,4266.75,0.0
CLOSE_SHORT,4310.0,46938,4266.75,-43.25
OPEN_LONG,4310.0,46938,4310.0,0.0
CLOSE_LONG,4283.95,46959,4310.0,-26.050000000000182
OPEN_SHORT,4283.95,46959,4283.95,0.0
CLOSE_SHORT,4265.42,46962,4283.95,18.529999999999745
OPEN_LONG,4265.42,46962,4265.42,0.0
CLOSE_LONG,4275.39,46963,4265.42,9.970000000000255
OPEN_SHORT,4275.39,46963,4275.39,0.0
CLOSE_SHORT,4272.41,46972,4275.39,2.980000000000473
OPEN_LONG,4272.41,46972,4272.41,0.0
CLOSE_LONG,4264.86,46982,4272.41,-7.550000000000182
OPEN_SHORT,4264.86,46982,4264.86,0.0
CLOSE_SHORT,4243.3,46985,4264.86,21.55999999999949
OPEN_LONG,4243.3,46985,4243.3,0.0
CLOSE_LONG,4253.1,46992,4243.3,9.800000000000182
OPEN_SHORT,4253.1,46992,4253.1,0.0
CLOSE_SHORT,4248.32,47001,4253.1,4.780000000000655
OPEN_LONG,4248.32,47001,4248.32,0.0
CLOSE_LONG,4253.31,47010,4248.32,4.990000000000691
OPEN_SHORT,4253.31,47010,4253.31,0.0
CLOSE_SHORT,4252.06,47018,4253.31,1.25
OPEN_LONG,4252.06,47018,4252.06,0.0
CLOSE_LONG,4247.24,47035,4252.06,-4.8200000000006185
OPEN_SHORT,4247.24,47035,4247.24,0.0
CLOSE_SHORT,4231.34,47039,4247.24,15.899999999999636
OPEN_LONG,4231.34,47039,4231.34,0.0
CLOSE_LONG,4248.56,47042,4231.34,17.220000000000255
OPEN_SHORT,4248.56,47042,4248.56,0.0
CLOSE_SHORT,4240.74,47059,4248.56,7.8200000000006185
OPEN_LONG,4240.74,47059,4240.74,0.0
CLOSE_LONG,4244.69,47065,4240.74,3.949999999999818
OPEN_SHORT,4244.69,47065,4244.69,0.0
CLOSE_SHORT,4234.4,47068,4244.69,10.289999999999964
OPEN_LONG,4234.4,47068,4234.4,0.0
CLOSE_LONG,4236.76,47074,4234.4,2.360000000000582
OPEN_SHORT,4236.76,47074,4236.76,0.0
CLOSE_SHORT,4219.87,47083,4236.76,16.890000000000327
OPEN_LONG,4219.87,47083,4219.87,0.0
CLOSE_LONG,4227.19,47088,4219.87,7.319999999999709
OPEN_SHORT,4227.19,47088,4227.19,0.0
CLOSE_SHORT,4215.2,47091,4227.19,11.989999999999782
OPEN_LONG,4215.2,47091,4215.2,0.0
CLOSE_LONG,4216.71,47105,4215.2,1.5100000000002183
OPEN_SHORT,4216.71,47105,4216.71,0.0
CLOSE_SHORT,4239.99,47184,4216.71,-23.279999999999745
OPEN_LONG,4239.99,47184,4239.99,0.0
CLOSE_LONG,4253.17,47190,4239.99,13.180000000000291
OPEN_SHORT,4253.17,47190,4253.17,0.0
CLOSE_SHORT,4234.25,47200,4253.17,18.920000000000073
OPEN_LONG,4234.25,47200,4234.25,0.0
CLOSE_LONG,4255.96,47204,4234.25,21.710000000000036
OPEN_SHORT,4255.96,47204,4255.96,0.0
CLOSE_SHORT,4258.1,47226,4255.96,-2.1400000000003274
OPEN_LONG,4258.1,47226,4258.1,0.0
CLOSE_LONG,4236.15,47253,4258.1,-21.950000000000728
OPEN_SHORT,4236.15,47253,4236.15,0.0
CLOSE_SHORT,4218.54,47258,4236.15,17.609999999999673
OPEN_LONG,4218.54,47258,4218.54,0.0
CLOSE_LONG,4225.84,47264,4218.54,7.300000000000182
OPEN_SHORT,4225.84,47264,4225.84,0.0
CLOSE_SHORT,4215.25,47306,4225.84,10.590000000000146
OPEN_LONG,4215.25,47306,4215.25,0.0
CLOSE_LONG,4221.54,47313,4215.25,6.289999999999964
OPEN_SHORT,4221.54,47313,4221.54,0.0
CLOSE_SHORT,4241.05,47332,4221.54,-19.51000000000022
OPEN_LONG,4241.05,47332,4241.05,0.0
CLOSE_LONG,4222.75,47342,4241.05,-18.300000000000182
OPEN_SHORT,4222.75,47342,4222.75,0.0
CLOSE_SHORT,4221.63,47351,4222.75,1.1199999999998909
OPEN_LONG,4221.63,47351,4221.63,0.0
CLOSE_LONG,4242.73,47356,4221.63,21.099999999999454
OPEN_SHORT,4242.73,47356,4242.73,0.0
CLOSE_SHORT,4243.2,47372,4242.73,-0.47000000000025466
OPEN_LONG,4243.2,47372,4243.2,0.0
CLOSE_LONG,4249.28,47403,4243.2,6.079999999999927
OPEN_SHORT,4249.28,47403,4249.28,0.0
CLOSE_SHORT,4220.4,47486,4249.28,28.88000000000011
OPEN_LONG,4220.4,47486,4220.4,0.0
CLOSE_LONG,4223.37,47505,4220.4,2.9700000000002547
OPEN_SHORT,4223.37,47505,4223.37,0.0
CLOSE_SHORT,4227.4,47528,4223.37,-4.029999999999745
OPEN_LONG,4227.4,47528,4227.4,0.0
CLOSE_LONG,4241.6,47533,4227.4,14.200000000000728
OPEN_SHORT,4241.6,47533,4241.6,0.0
CLOSE_SHORT,4237.5,47562,4241.6,4.100000000000364
OPEN_LONG,4237.5,47562,4237.5,0.0
CLOSE_LONG,4244.74,47572,4237.5,7.239999999999782
OPEN_SHORT,4244.74,47572,4244.74,0.0
CLOSE_SHORT,4237.14,47578,4244.74,7.599999999999454
OPEN_LONG,4237.14,47578,4237.14,0.0
CLOSE_LONG,4238.0,47588,4237.14,0.8599999999996726
OPEN_SHORT,4238.0,47588,4238.0,0.0
CLOSE_SHORT,4239.48,47605,4238.0,-1.4799999999995634
OPEN_LONG,4239.48,47605,4239.48,0.0
CLOSE_LONG,4256.26,47616,4239.48,16.780000000000655
OPEN_SHORT,4256.26,47616,4256.26,0.0
CLOSE_SHORT,4252.63,47633,4256.26,3.630000000000109
OPEN_LONG,4252.63,47633,4252.63,0.0
CLOSE_LONG,4263.39,47638,4252.63,10.760000000000218
OPEN_SHORT,4263.39,47638,4263.39,0.0
CLOSE_SHORT,4297.76,47666,4263.39,-34.36999999999989
OPEN_LONG,4297.76,47666,4297.76,0.0
CLOSE_LONG,4299.61,47675,4297.76,1.8499999999994543
OPEN_SHORT,4299.61,47675,4299.61,0.0
CLOSE_SHORT,4287.5,47689,4299.61,12.109999999999673
OPEN_LONG,4287.5,47689,4287.5,0.0
CLOSE_LONG,4289.52,47700,4287.5,2.0200000000004366
OPEN_SHORT,4289.52,47700,4289.52,0.0
CLOSE_SHORT,4286.01,47710,4289.52,3.5100000000002183
OPEN_LONG,4286.01,47710,4286.01,0.0
CLOSE_LONG,4277.76,47750,4286.01,-8.25
OPEN_SHORT,4277.76,47750,4277.76,0.0
CLOSE_SHORT,4289.48,47779,4277.76,-11.719999999999345
OPEN_LONG,4289.48,47779,4289.48,0.0
CLOSE_LONG,4296.79,47790,4289.48,7.3100000000004
OPEN_SHORT,4296.79,47790,4296.79,0.0
CLOSE_SHORT,4278.35,47804,4296.79,18.4399999999996
OPEN_LONG,4278.35,47804,4278.35,0.0
CLOSE_LONG,4285.5,47820,4278.35,7.149999999999636
OPEN_SHORT,4285.5,47820,4285.5,0.0
CLOSE_SHORT,4274.22,47833,4285.5,11.279999999999745
OPEN_LONG,4274.22,47833,4274.22,0.0
CLOSE_LONG,4287.35,47859,4274.22,13.13000000000011
OPEN_SHORT,4287.35,47859,4287.35,0.0
CLOSE_SHORT,4285.82,47880,4287.35,1.5300000000006548
OPEN_LONG,4285.82,47880,4285.82,0.0
CLOSE_LONG,4296.87,47885,4285.82,11.050000000000182
OPEN_SHORT,4296.87,47885,4296.87,0.0
CLOSE_SHORT,4294.97,47906,4296.87,1.8999999999996362
OPEN_LONG,4294.97,47906,4294.97,0.0
CLOSE_LONG,4289.4,47920,4294.97,-5.5700000000006185
OPEN_SHORT,4289.4,47920,4289.4,0.0
CLOSE_SHORT,4306.76,47948,4289.4,-17.360000000000582
OPEN_LONG,4306.76,47948,4306.76,0.0
CLOSE_LONG,4321.06,47953,4306.76,14.300000000000182
OPEN_SHORT,4321.06,47953,4321.06,0.0
CLOSE_SHORT,4323.66,47965,4321.06,-2.5999999999994543
OPEN_LONG,4323.66,47965,4323.66,0.0
CLOSE_LONG,4334.0,47972,4323.66,10.340000000000146
OPEN_SHORT,4334.0,47972,4334.0,0.0
CLOSE_SHORT,4326.08,47991,4334.0,7.920000000000073
OPEN_LONG,4326.08,47991,4326.08,0.0
CLOSE_LONG,4333.35,47994,4326.08,7.270000000000437
OPEN_SHORT,4333.35,47994,4333.35,0.0
CLOSE_SHORT,4330.8,48039,4333.35,2.550000000000182
OPEN_LONG,4330.8,48039,4330.8,0.0
CLOSE_LONG,4319.06,48082,4330.8,-11.739999999999782
OPEN_SHORT,4319.06,48082,4319.06,0.0
CLOSE_SHORT,4319.84,48116,4319.06,-0.7799999999997453
OPEN_LONG,4319.84,48116,4319.84,0.0
CLOSE_LONG,4303.22,48164,4319.84,-16.61999999999989
OPEN_SHORT,4303.22,48164,4303.22,0.0
CLOSE_SHORT,4293.72,48169,4303.22,9.5
OPEN_LONG,4293.72,48169,4293.72,0.0
CLOSE_LONG,4286.5,48217,4293.72,-7.220000000000255
OPEN_SHORT,4286.5,48217,4286.5,0.0
CLOSE_SHORT,4274.51,48228,4286.5,11.989999999999782
OPEN_LONG,4274.51,48228,4274.51,0.0
CLOSE_LONG,4221.43,48272,4274.51,-53.07999999999993
OPEN_SHORT,4221.43,48272,4221.43,0.0
CLOSE_SHORT,4245.06,48284,4221.43,-23.63000000000011
OPEN_LONG,4245.06,48284,4245.06,0.0
CLOSE_LONG,4255.27,48293,4245.06,10.210000000000036
OPEN_SHORT,4255.27,48293,4255.27,0.0
CLOSE_SHORT,4239.64,48301,4255.27,15.63000000000011
OPEN_LONG,4239.64,48301,4239.64,0.0
CLOSE_LONG,4250.57,48311,4239.64,10.929999999999382
OPEN_SHORT,4250.57,48311,4250.57,0.0
CLOSE_SHORT,4283.61,48347,4250.57,-33.039999999999964
OPEN_LONG,4283.61,48347,4283.61,0.0
CLOSE_LONG,4386.22,48352,4283.61,102.61000000000058
OPEN_SHORT,4386.22,48352,4386.22,0.0
CLOSE_SHORT,4541.84,48370,4386.22,-155.6199999999999
OPEN_LONG,4541.84,48370,4541.84,0.0
CLOSE_LONG,4550.19,48375,4541.84,8.349999999999454
OPEN_SHORT,4550.19,48375,4550.19,0.0
CLOSE_SHORT,4567.8,48376,4550.19,-17.610000000000582
OPEN_LONG,4567.8,48376,4567.8,0.0
CLOSE_LONG,4554.79,48379,4567.8,-13.010000000000218
OPEN_SHORT,4554.79,48379,4554.79,0.0
CLOSE_SHORT,4615.58,48407,4554.79,-60.789999999999964
OPEN_LONG,4615.58,48407,4615.58,0.0
CLOSE_LONG,4632.0,48412,4615.58,16.420000000000073
OPEN_SHORT,4632.0,48412,4632.0,0.0
CLOSE_SHORT,4638.0,48423,4632.0,-6.0
OPEN_LONG,4638.0,48423,4638.0,0.0
CLOSE_LONG,4648.06,48430,4638.0,10.0600000000004
OPEN_SHORT,4648.06,48430,4648.06,0.0
CLOSE_SHORT,4640.13,48437,4648.06,7.930000000000291
OPEN_LONG,4640.13,48437,4640.13,0.0
CLOSE_LONG,4649.5,48444,4640.13,9.36999999999989
OPEN_SHORT,4649.5,48444,4649.5,0.0
CLOSE_SHORT,4641.54,48464,4649.5,7.960000000000036
OPEN_LONG,4641.54,48464,4641.54,0.0
CLOSE_LONG,4650.82,48474,4641.54,9.279999999999745
OPEN_SHORT,4650.82,48474,4650.82,0.0
CLOSE_SHORT,4741.91,48491,4650.82,-91.09000000000015
OPEN_LONG,4741.91,48491,4741.91,0.0
CLOSE_LONG,4749.82,48503,4741.91,7.9099999999998545
OPEN_SHORT,4749.82,48503,4749.82,0.0
CLOSE_SHORT,4819.95,48564,4749.82,-70.13000000000011
OPEN_LONG,4819.95,48564,4819.95,0.0
CLOSE_LONG,4801.77,48579,4819.95,-18.17999999999938
OPEN_SHORT,4801.77,48579,4801.77,0.0
CLOSE_SHORT,4797.24,48581,4801.77,4.530000000000655
OPEN_LONG,4797.24,48581,4797.24,0.0
CLOSE_LONG,4783.2,48618,4797.24,-14.039999999999964
OPEN_SHORT,4783.2,48618,4783.2,0.0
CLOSE_SHORT,4783.9,48644,4783.2,-0.6999999999998181
OPEN_LONG,4783.9,48644,4783.9,0.0
CLOSE_LONG,4799.85,48655,4783.9,15.950000000000728
OPEN_SHORT,4799.85,48655,4799.85,0.0
CLOSE_SHORT,4824.24,48712,4799.85,-24.389999999999418
OPEN_LONG,4824.24,48712,4824.24,0.0
CLOSE_LONG,4843.54,48720,4824.24,19.300000000000182
OPEN_SHORT,4843.54,48720,4843.54,0.0
CLOSE_SHORT,4826.71,48723,4843.54,16.829999999999927
OPEN_LONG,4826.71,48723,4826.71,0.0
CLOSE_LONG,4826.36,48739,4826.71,-0.3500000000003638
OPEN_SHORT,4826.36,48739,4826.36,0.0
CLOSE_SHORT,4822.0,48746,4826.36,4.359999999999673
OPEN_LONG,4822.0,48746,4822.0,0.0
CLOSE_LONG,4839.22,48750,4822.0,17.220000000000255
OPEN_SHORT,4839.22,48750,4839.22,0.0
CLOSE_SHORT,4835.21,48759,4839.22,4.010000000000218
OPEN_LONG,4835.21,48759,4835.21,0.0
CLOSE_LONG,4859.19,48774,4835.21,23.979999999999563
OPEN_SHORT,4859.19,48774,4859.19,0.0
CLOSE_SHORT,4866.71,48783,4859.19,-7.520000000000437
OPEN_LONG,4866.71,48783,4866.71,0.0
CLOSE_LONG,4867.53,48790,4866.71,0.819999999999709
OPEN_SHORT,4867.53,48790,4867.53,0.0
CLOSE_SHORT,4861.55,48806,4867.53,5.979999999999563
OPEN_LONG,4861.55,48806,4861.55,0.0
CLOSE_LONG,4869.61,48811,4861.55,8.05999999999949
OPEN_SHORT,4869.61,48811,4869.61,0.0
CLOSE_SHORT,4845.61,48823,4869.61,24.0
OPEN_LONG,4845.61,48823,4845.61,0.0
CLOSE_LONG,4836.28,48848,4845.61,-9.329999999999927
OPEN_SHORT,4836.28,48848,4836.28,0.0
CLOSE_SHORT,4822.33,48853,4836.28,13.949999999999818
OPEN_LONG,4822.33,48853,4822.33,0.0
CLOSE_LONG,4814.39,48875,4822.33,-7.9399999999996
OPEN_SHORT,4814.39,48875,4814.39,0.0
CLOSE_SHORT,4812.7,48883,4814.39,1.6900000000005093
OPEN_LONG,4812.7,48883,4812.7,0.0
CLOSE_LONG,4817.04,48892,4812.7,4.3400000000001455
OPEN_SHORT,4817.04,48892,4817.04,0.0
CLOSE_SHORT,4820.5,48913,4817.04,-3.4600000000000364
OPEN_LONG,4820.5,48913,4820.5,0.0
CLOSE_LONG,4838.63,48924,4820.5,18.13000000000011
OPEN_SHORT,4838.63,48924,4838.63,0.0
CLOSE_SHORT,4830.0,48945,4838.63,8.63000000000011
OPEN_LONG,4830.0,48945,4830.0,0.0
CLOSE_LONG,4817.83,48967,4830.0,-12.170000000000073
OPEN_SHORT,4817.83,48967,4817.83,0.0
CLOSE_SHORT,4809.29,48987,4817.83,8.539999999999964
OPEN_LONG,4809.29,48987,4809.29,0.0
CLOSE_LONG,4815.35,49020,4809.29,6.0600000000004
OPEN_SHORT,4815.35,49020,4815.35,0.0
CLOSE_SHORT,4799.59,49026,4815.35,15.760000000000218
OPEN_LONG,4799.59,49026,4799.59,0.0
CLOSE_LONG,4769.32,49058,4799.59,-30.270000000000437
OPEN_SHORT,4769.32,49058,4769.32,0.0
CLOSE_SHORT,4772.24,49076,4769.32,-2.9200000000000728
OPEN_LONG,4772.24,49076,4772.24,0.0
CLOSE_LONG,4684.3,49110,4772.24,-87.9399999999996
OPEN_SHORT,4684.3,49110,4684.3,0.0
CLOSE_SHORT,4704.41,49131,4684.3,-20.109999999999673
OPEN_LONG,4704.41,49131,4704.41,0.0
CLOSE_LONG,4715.48,49141,4704.41,11.069999999999709
OPEN_SHORT,4715.48,49141,4715.48,0.0
CLOSE_SHORT,4705.63,49151,4715.48,9.849999999999454
OPEN_LONG,4705.63,49151,4705.63,0.0
CLOSE_LONG,4714.23,49156,4705.63,8.599999999999454
OPEN_SHORT,4714.23,49156,4714.23,0.0
CLOSE_SHORT,4698.5,49165,4714.23,15.729999999999563
OPEN_LONG,4698.5,49165,4698.5,0.0
CLOSE_LONG,4687.99,49180,4698.5,-10.510000000000218
OPEN_SHORT,4687.99,49180,4687.99,0.0
CLOSE_SHORT,4699.0,49209,4687.99,-11.010000000000218
OPEN_LONG,4699.0,49209,4699.0,0.0
CLOSE_LONG,4707.32,49215,4699.0,8.319999999999709
OPEN_SHORT,4707.32,49215,4707.32,0.0
CLOSE_SHORT,4747.42,49320,4707.32,-40.100000000000364
OPEN_LONG,4747.42,49320,4747.42,0.0
CLOSE_LONG,4751.87,49338,4747.42,4.449999999999818
OPEN_SHORT,4751.87,49338,4751.87,0.0
CLOSE_SHORT,4741.99,49353,4751.87,9.88000000000011
OPEN_LONG,4741.99,49353,4741.99,0.0
CLOSE_LONG,4750.98,49356,4741.99,8.989999999999782
OPEN_SHORT,4750.98,49356,4750.98,0.0
CLOSE_SHORT,4727.35,49393,4750.98,23.6299999999992
OPEN_LONG,4727.35,49393,4727.35,0.0
CLOSE_LONG,4728.76,49408,4727.35,1.4099999999998545
OPEN_SHORT,4728.76,49408,4728.76,0.0
CLOSE_SHORT,4720.3,49416,4728.76,8.460000000000036
OPEN_LONG,4720.3,49416,4720.3,0.0
CLOSE_LONG,4712.97,49466,4720.3,-7.329999999999927
OPEN_SHORT,4712.97,49466,4712.97,0.0
CLOSE_SHORT,4716.11,49481,4712.97,-3.139999999999418
OPEN_LONG,4716.11,49481,4716.11,0.0
CLOSE_LONG,4718.0,49502,4716.11,1.8900000000003274
OPEN_SHORT,4718.0,49502,4718.0,0.0
CLOSE_SHORT,4730.4,49561,4718.0,-12.399999999999636
OPEN_LONG,4730.4,49561,4730.4,0.0
CLOSE_LONG,4724.18,49575,4730.4,-6.219999999999345
OPEN_SHORT,4724.18,49575,4724.18,0.0
CLOSE_SHORT,4716.05,49637,4724.18,8.13000000000011
OPEN_LONG,4716.05,49637,4716.05,0.0
CLOSE_LONG,4718.88,49657,4716.05,2.8299999999999272
OPEN_SHORT,4718.88,49657,4718.88,0.0
CLOSE_SHORT,4697.99,49669,4718.88,20.890000000000327
OPEN_LONG,4697.99,49669,4697.99,0.0
CLOSE_LONG,4707.0,49677,4697.99,9.010000000000218
OPEN_SHORT,4707.0,49677,4707.0,0.0
CLOSE_SHORT,4715.99,49722,4707.0,-8.989999999999782
OPEN_LONG,4715.99,49722,4715.99,0.0
CLOSE_LONG,4721.99,49741,4715.99,6.0
OPEN_SHORT,4721.99,49741,4721.99,0.0
CLOSE_SHORT,4718.35,49786,4721.99,3.639999999999418
OPEN_LONG,4718.35,49786,4718.35,0.0
CLOSE_LONG,4727.34,49802,4718.35,8.989999999999782
OPEN_SHORT,4727.34,49802,4727.34,0.0
CLOSE_SHORT,4736.95,49827,4727.34,-9.609999999999673
OPEN_LONG,4736.95,49827,4736.95,0.0
CLOSE_LONG,4728.8,49836,4736.95,-8.149999999999636
OPEN_SHORT,4728.8,49836,4728.8,0.0
CLOSE_SHORT,4737.1,49876,4728.8,-8.300000000000182
OPEN_LONG,4737.1,49876,4737.1,0.0
CLOSE_LONG,4761.35,49902,4737.1,24.25
OPEN_SHORT,4761.35,49902,4761.35,0.0
CLOSE_SHORT,4750.57,49911,4761.35,10.780000000000655
OPEN_LONG,4750.57,49911,4750.57,0.0
CLOSE_LONG,4757.43,49935,4750.57,6.860000000000582
OPEN_SHORT,4757.43,49935,4757.43,0.0
CLOSE_SHORT,4736.02,49993,4757.43,21.409999999999854
OPEN_LONG,4736.02,49993,4736.02,0.0
CLOSE_LONG,4742.56,50006,4736.02,6.539999999999964
OPEN_SHORT,4742.56,50006,4742.56,0.0
CLOSE_SHORT,4742.9,50050,4742.56,-0.339999999999236
OPEN_LONG,4742.9,50050,4742.9,0.0
CLOSE_LONG,4781.71,50328,4742.9,38.8100000000004
OPEN_SHORT,4781.71,50328,4781.71,0.0
CLOSE_SHORT,4775.13,50361,4781.71,6.579999999999927
OPEN_LONG,4775.13,50361,4775.13,0.0
CLOSE_LONG,4782.95,50391,4775.13,7.819999999999709
OPEN_SHORT,4782.95,50391,4782.95,0.0
CLOSE_SHORT,4795.01,50442,4782.95,-12.0600000000004
OPEN_LONG,4795.01,50442,4795.01,0.0
CLOSE_LONG,4778.01,50465,4795.01,-17.0
OPEN_SHORT,4778.01,50465,4778.01,0.0
CLOSE_SHORT,4766.64,50472,4778.01,11.36999999999989
OPEN_LONG,4766.64,50472,4766.64,0.0
CLOSE_LONG,4768.32,50480,4766.64,1.6799999999993815
OPEN_SHORT,4768.32,50480,4768.32,0.0
CLOSE_SHORT,4784.04,50497,4768.32,-15.720000000000255
OPEN_LONG,4784.04,50497,4784.04,0.0
CLOSE_LONG,4786.03,50535,4784.04,1.9899999999997817
OPEN_SHORT,4786.03,50535,4786.03,0.0
CLOSE_SHORT,4777.8,50545,4786.03,8.229999999999563
OPEN_LONG,4777.8,50545,4777.8,0.0
CLOSE_LONG,4793.38,50622,4777.8,15.579999999999927
OPEN_SHORT,4793.38,50622,4793.38,0.0
CLOSE_SHORT,4769.03,50781,4793.38,24.350000000000364
OPEN_LONG,4769.03,50781,4769.03,0.0
CLOSE_LONG,4773.8,50834,4769.03,4.770000000000437
OPEN_SHORT,4773.8,50834,4773.8,0.0
CLOSE_SHORT,4766.15,50853,4773.8,7.650000000000546
OPEN_LONG,4766.15,50853,4766.15,0.0
CLOSE_LONG,4765.33,50876,4766.15,-0.819999999999709
OPEN_SHORT,4765.33,50876,4765.33,0.0
CLOSE_SHORT,4762.04,50890,4765.33,3.2899999999999636
OPEN_LONG,4762.04,50890,4762.04,0.0
CLOSE_LONG,4774.28,50896,4762.04,12.239999999999782
OPEN_SHORT,4774.28,50896,4774.28,0.0
CLOSE_SHORT,4763.56,50939,4774.28,10.719999999999345
OPEN_LONG,4763.56,50939,4763.56,0.0
CLOSE_LONG,4769.11,50946,4763.56,5.549999999999272
OPEN_SHORT,4769.11,50946,4769.11,0.0
CLOSE_SHORT,4751.96,51009,4769.11,17.149999999999636
OPEN_LONG,4751.96,51009,4751.96,0.0
CLOSE_LONG,4755.67,51017,4751.96,3.7100000000000364
OPEN_SHORT,4755.67,51017,4755.67,0.0
CLOSE_SHORT,4737.81,51019,4755.67,17.859999999999673
OPEN_LONG,4737.81,51019,4737.81,0.0
CLOSE_LONG,4743.91,51031,4737.81,6.099999999999454
OPEN_SHORT,4743.91,51031,4743.91,0.0
CLOSE_SHORT,4738.05,51039,4743.91,5.859999999999673
OPEN_LONG,4738.05,51039,4738.05,0.0
CLOSE_LONG,4745.47,51045,4738.05,7.420000000000073
OPEN_SHORT,4745.47,51045,4745.47,0.0
CLOSE_SHORT,4732.93,51058,4745.47,12.539999999999964
OPEN_LONG,4732.93,51058,4732.93,0.0
CLOSE_LONG,4729.82,51073,4732.93,-3.110000000000582
OPEN_SHORT,4729.82,51073,4729.82,0.0
CLOSE_SHORT,4762.54,51210,4729.82,-32.720000000000255
OPEN_LONG,4762.54,51210,4762.54,0.0
CLOSE_LONG,4771.36,51218,4762.54,8.819999999999709
OPEN_SHORT,4771.36,51218,4771.36,0.0
CLOSE_SHORT,4802.8,51304,4771.36,-31.44000000000051
OPEN_LONG,4802.8,51304,4802.8,0.0
CLOSE_LONG,4818.56,51308,4802.8,15.760000000000218
OPEN_SHORT,4818.56,51308,4818.56,0.0
CLOSE_SHORT,4808.9,51329,4818.56,9.660000000000764
OPEN_LONG,4808.9,51329,4808.9,0.0
CLOSE_LONG,4806.33,51350,4808.9,-2.569999999999709
OPEN_SHORT,4806.33,51350,4806.33,0.0
CLOSE_SHORT,4805.59,51361,4806.33,0.7399999999997817
OPEN_LONG,4805.59,51361,4805.59,0.0
CLOSE_LONG,4825.03,51370,4805.59,19.4399999999996
OPEN_SHORT,4825.03,51370,4825.03,0.0
CLOSE_SHORT,4813.89,51377,4825.03,11.139999999999418
OPEN_LONG,4813.89,51377,4813.89,0.0
CLOSE_LONG,4823.27,51387,4813.89,9.38000000000011
OPEN_SHORT,4823.27,51387,4823.27,0.0
CLOSE_SHORT,4819.54,51395,4823.27,3.730000000000473
OPEN_LONG,4819.54,51395,4819.54,0.0
CLOSE_LONG,4831.23,51400,4819.54,11.6899999999996
OPEN_SHORT,4831.23,51400,4831.23,0.0
CLOSE_SHORT,4853.31,51428,4831.23,-22.080000000000837
OPEN_LONG,4853.31,51428,4853.31,0.0
CLOSE_LONG,4871.19,51447,4853.31,17.8799999999992
OPEN_SHORT,4871.19,51447,4871.19,0.0
CLOSE_SHORT,4904.81,51457,4871.19,-33.6200000000008
OPEN_LONG,4904.81,51457,4904.81,0.0
CLOSE_LONG,4922.44,51476,4904.81,17.6299999999992
OPEN_SHORT,4922.44,51476,4922.44,0.0
CLOSE_SHORT,4930.0,51502,4922.44,-7.5600000000004
OPEN_LONG,4930.0,51502,4930.0,0.0
CLOSE_LONG,4945.14,51507,4930.0,15.140000000000327
OPEN_SHORT,4945.14,51507,4945.14,0.0
CLOSE_SHORT,4926.87,51512,4945.14,18.270000000000437
OPEN_LONG,4926.87,51512,4926.87,0.0
CLOSE_LONG,4941.97,51516,4926.87,15.100000000000364
OPEN_SHORT,4941.97,51516,4941.97,0.0
CLOSE_SHORT,4935.33,51542,4941.97,6.640000000000327
OPEN_LONG,4935.33,51542,4935.33,0.0
CLOSE_LONG,4950.73,51547,4935.33,15.399999999999636
OPEN_SHORT,4950.73,51547,4950.73,0.0
CLOSE_SHORT,4936.0,51555,4950.73,14.729999999999563
OPEN_LONG,4936.0,51555,4936.0,0.0
CLOSE_LONG,4815.99,51571,4936.0,-120.01000000000022
OPEN_SHORT,4815.99,51571,4815.99,0.0
CLOSE_SHORT,4818.4,51578,4815.99,-2.4099999999998545
OPEN_LONG,4818.4,51578,4818.4,0.0
CLOSE_LONG,4802.2,51586,4818.4,-16.199999999999818
OPEN_SHORT,4802.2,51586,4802.2,0.0
CLOSE_SHORT,4771.68,51591,4802.2,30.519999999999527
OPEN_LONG,4771.68,51591,4771.68,0.0
CLOSE_LONG,4766.0,51605,4771.68,-5.680000000000291
OPEN_SHORT,4766.0,51605,4766.0,0.0
CLOSE_SHORT,4780.41,51616,4766.0,-14.409999999999854
OPEN_LONG,4780.41,51616,4780.41,0.0
CLOSE_LONG,4796.22,51626,4780.41,15.8100000000004
OPEN_SHORT,4796.22,51626,4796.22,0.0
CLOSE_SHORT,4780.19,51628,4796.22,16.030000000000655
OPEN_LONG,4780.19,51628,4780.19,0.0
CLOSE_LONG,4806.08,51632,4780.19,25.890000000000327
OPEN_SHORT,4806.08,51632,4806.08,0.0
CLOSE_SHORT,4792.36,51636,4806.08,13.720000000000255
OPEN_LONG,4792.36,51636,4792.36,0.0
CLOSE_LONG,4797.32,51643,4792.36,4.960000000000036
OPEN_SHORT,4797.32,51643,4797.32,0.0
CLOSE_SHORT,4787.74,51647,4797.32,9.579999999999927
OPEN_LONG,4787.74,51647,4787.74,0.0
CLOSE_LONG,4774.23,51658,4787.74,-13.510000000000218
OPEN_SHORT,4774.23,51658,4774.23,0.0
CLOSE_SHORT,4805.0,51688,4774.23,-30.770000000000437
OPEN_LONG,4805.0,51688,4805.0,0.0
CLOSE_LONG,4806.84,51695,4805.0,1.8400000000001455
OPEN_SHORT,4806.84,51695,4806.84,0.0
CLOSE_SHORT,4792.9,51703,4806.84,13.94000000000051
OPEN_LONG,4792.9,51703,4792.9,0.0
CLOSE_LONG,4782.8,51718,4792.9,-10.099999999999454
OPEN_SHORT,4782.8,51718,4782.8,0.0
CLOSE_SHORT,4749.99,51731,4782.8,32.8100000000004
OPEN_LONG,4749.99,51731,4749.99,0.0
CLOSE_LONG,4744.01,51743,4749.99,-5.979999999999563
OPEN_SHORT,4744.01,51743,4744.01,0.0
CLOSE_SHORT,4779.3,51802,4744.01,-35.289999999999964
OPEN_LONG,4779.3,51802,4779.3,0.0
CLOSE_LONG,4794.15,51812,4779.3,14.849999999999454
OPEN_SHORT,4794.15,51812,4794.15,0.0
CLOSE_SHORT,4781.99,51820,4794.15,12.159999999999854
OPEN_LONG,4781.99,51820,4781.99,0.0
CLOSE_LONG,4787.39,51831,4781.99,5.400000000000546
OPEN_SHORT,4787.39,51831,4787.39,0.0
CLOSE_SHORT,4776.36,51847,4787.39,11.030000000000655
OPEN_LONG,4776.36,51847,4776.36,0.0
CLOSE_LONG,4697.93,51876,4776.36,-78.42999999999938
OPEN_SHORT,4697.93,51876,4697.93,0.0
CLOSE_SHORT,4706.81,51907,4697.93,-8.88000000000011
OPEN_LONG,4706.81,51907,4706.81,0.0
CLOSE_LONG,4731.11,51911,4706.81,24.299999999999272
OPEN_SHORT,4731.11,51911,4731.11,0.0
CLOSE_SHORT,4728.9,51919,4731.11,2.2100000000000364
OPEN_LONG,4728.9,51919,4728.9,0.0
CLOSE_LONG,4727.99,51936,4728.9,-0.9099999999998545
OPEN_SHORT,4727.99,51936,4727.99,0.0
CLOSE_SHORT,4757.66,52021,4727.99,-29.670000000000073
OPEN_LONG,4757.66,52021,4757.66,0.0
CLOSE_LONG,4744.73,52044,4757.66,-12.930000000000291
OPEN_SHORT,4744.73,52044,4744.73,0.0
CLOSE_SHORT,4734.28,52064,4744.73,10.449999999999818
OPEN_LONG,4734.28,52064,4734.28,0.0
CLOSE_LONG,4731.01,52071,4734.28,-3.269999999999527
OPEN_SHORT,4731.01,52071,4731.01,0.0
CLOSE_SHORT,4719.22,52078,4731.01,11.789999999999964
OPEN_LONG,4719.22,52078,4719.22,0.0
CLOSE_LONG,4726.23,52086,4719.22,7.009999999999309
OPEN_SHORT,4726.23,52086,4726.23,0.0
CLOSE_SHORT,4697.8,52104,4726.23,28.42999999999938
OPEN_LONG,4697.8,52104,4697.8,0.0
CLOSE_LONG,4708.48,52108,4697.8,10.679999999999382
OPEN_SHORT,4708.48,52108,4708.48,0.0
CLOSE_SHORT,4710.92,52135,4708.48,-2.4400000000005093
OPEN_LONG,4710.92,52135,4710.92,0.0
CLOSE_LONG,4715.29,52146,4710.92,4.369999999999891
OPEN_SHORT,4715.29,52146,4715.29,0.0
CLOSE_SHORT,4714.4,52163,4715.29,0.8900000000003274
OPEN_LONG,4714.4,52163,4714.4,0.0
CLOSE_LONG,4720.22,52172,4714.4,5.8200000000006185
OPEN_SHORT,4720.22,52172,4720.22,0.0
CLOSE_SHORT,4711.77,52178,4720.22,8.449999999999818
OPEN_LONG,4711.77,52178,4711.77,0.0
CLOSE_LONG,4687.55,52210,4711.77,-24.220000000000255
OPEN_SHORT,4687.55,52210,4687.55,0.0
CLOSE_SHORT,4673.61,52215,4687.55,13.94000000000051
OPEN_LONG,4673.61,52215,4673.61,0.0
CLOSE_LONG,4629.69,52243,4673.61,-43.92000000000007
OPEN_SHORT,4629.69,52243,4629.69,0.0
CLOSE_SHORT,4633.18,52256,4629.69,-3.490000000000691
OPEN_LONG,4633.18,52256,4633.18,0.0
CLOSE_LONG,4642.28,52261,4633.18,9.099999999999454
OPEN_SHORT,4642.28,52261,4642.28,0.0
CLOSE_SHORT,4611.65,52279,4642.28,30.63000000000011
OPEN_LONG,4611.65,52279,4611.65,0.0
CLOSE_LONG,4624.51,52286,4611.65,12.860000000000582
OPEN_SHORT,4624.51,52286,4624.51,0.0
CLOSE_SHORT,4609.0,52294,4624.51,15.510000000000218
OPEN_LONG,4609.0,52294,4609.0,0.0
CLOSE_LONG,4589.57,52305,4609.0,-19.43000000000029
OPEN_SHORT,4589.57,52305,4589.57,0.0
CLOSE_SHORT,4574.66,52312,4589.57,14.909999999999854
OPEN_LONG,4574.66,52312,4574.66,0.0
CLOSE_LONG,4580.44,52318,4574.66,5.779999999999745
OPEN_SHORT,4580.44,52318,4580.44,0.0
CLOSE_SHORT,4584.66,52373,4580.44,-4.220000000000255
OPEN_LONG,4584.66,52373,4584.66,0.0
CLOSE_LONG,4587.49,52380,4584.66,2.8299999999999272
OPEN_SHORT,4587.49,52380,4587.49,0.0
CLOSE_SHORT,4590.4,52390,4587.49,-2.9099999999998545
OPEN_LONG,4590.4,52390,4590.4,0.0
CLOSE_LONG,4599.42,52394,4590.4,9.020000000000437
OPEN_SHORT,4599.42,52394,4599.42,0.0
CLOSE_SHORT,4583.82,52397,4599.42,15.600000000000364
OPEN_LONG,4583.82,52397,4583.82,0.0
CLOSE_LONG,4597.8,52407,4583.82,13.980000000000473
OPEN_SHORT,4597.8,52407,4597.8,0.0
CLOSE_SHORT,4593.96,52432,4597.8,3.8400000000001455
OPEN_LONG,4593.96,52432,4593.96,0.0
CLOSE_LONG,4602.76,52437,4593.96,8.800000000000182
OPEN_SHORT,4602.76,52437,4602.76,0.0
CLOSE_SHORT,4591.43,52445,4602.76,11.329999999999927
OPEN_LONG,4591.43,52445,4591.43,0.0
CLOSE_LONG,4548.79,52460,4591.43,-42.64000000000033
OPEN_SHORT,4548.79,52460,4548.79,0.0
CLOSE_SHORT,4530.01,52465,4548.79,18.779999999999745
OPEN_LONG,4530.01,52465,4530.01,0.0
CLOSE_LONG,4546.61,52470,4530.01,16.599999999999454
OPEN_SHORT,4546.61,52470,4546.61,0.0
CLOSE_SHORT,4590.7,52554,4546.61,-44.090000000000146
OPEN_LONG,4590.7,52554,4590.7,0.0
CLOSE_LONG,4607.81,52561,4590.7,17.110000000000582
OPEN_SHORT,4607.81,52561,4607.81,0.0
CLOSE_SHORT,4606.78,52581,4607.81,1.0300000000006548
OPEN_LONG,4606.78,52581,4606.78,0.0
CLOSE_LONG,4617.52,52588,4606.78,10.740000000000691
OPEN_SHORT,4617.52,52588,4617.52,0.0
CLOSE_SHORT,4622.73,52623,4617.52,-5.209999999999127
OPEN_LONG,4622.73,52623,4622.73,0.0
CLOSE_LONG,4638.01,52629,4622.73,15.280000000000655
OPEN_SHORT,4638.01,52629,4638.01,0.0
CLOSE_SHORT,4640.3,52638,4638.01,-2.2899999999999636
OPEN_LONG,4640.3,52638,4640.3,0.0
CLOSE_LONG,4636.01,52645,4640.3,-4.289999999999964
OPEN_SHORT,4636.01,52645,4636.01,0.0
CLOSE_SHORT,4622.4,52652,4636.01,13.610000000000582
OPEN_LONG,4622.4,52652,4622.4,0.0
CLOSE_LONG,4636.99,52657,4622.4,14.590000000000146
OPEN_SHORT,4636.99,52657,4636.99,0.0
CLOSE_SHORT,4655.43,52694,4636.99,-18.44000000000051
OPEN_LONG,4655.43,52694,4655.43,0.0
CLOSE_LONG,4660.28,52701,4655.43,4.849999999999454
OPEN_SHORT,4660.28,52701,4660.28,0.0
CLOSE_SHORT,4647.05,52708,4660.28,13.229999999999563
OPEN_LONG,4647.05,52708,4647.05,0.0
CLOSE_LONG,4654.25,52715,4647.05,7.199999999999818
OPEN_SHORT,4654.25,52715,4654.25,0.0
CLOSE_SHORT,4645.96,52733,4654.25,8.289999999999964
OPEN_LONG,4645.96,52733,4645.96,0.0
CLOSE_LONG,4645.01,52745,4645.96,-0.9499999999998181
OPEN_SHORT,4645.01,52745,4645.01,0.0
CLOSE_SHORT,4628.7,52758,4645.01,16.3100000000004
OPEN_LONG,4628.7,52758,4628.7,0.0
CLOSE_LONG,4613.34,52794,4628.7,-15.359999999999673
OPEN_SHORT,4613.34,52794,4613.34,0.0
CLOSE_SHORT,4621.93,52807,4613.34,-8.590000000000146
OPEN_LONG,4621.93,52807,4621.93,0.0
CLOSE_LONG,4642.0,52810,4621.93,20.06999999999971
OPEN_SHORT,4642.0,52810,4642.0,0.0
CLOSE_SHORT,4623.89,52815,4642.0,18.109999999999673
OPEN_LONG,4623.89,52815,4623.89,0.0
CLOSE_LONG,4627.22,52824,4623.89,3.3299999999999272
OPEN_SHORT,4627.22,52824,4627.22,0.0
CLOSE_SHORT,4617.55,52831,4627.22,9.670000000000073
OPEN_LONG,4617.55,52831,4617.55,0.0
CLOSE_LONG,4586.08,52857,4617.55,-31.470000000000255
OPEN_SHORT,4586.08,52857,4586.08,0.0
CLOSE_SHORT,4572.46,52864,4586.08,13.61999999999989
OPEN_LONG,4572.46,52864,4572.46,0.0
CLOSE_LONG,4580.29,52870,4572.46,7.829999999999927
OPEN_SHORT,4580.29,52870,4580.29,0.0
CLOSE_SHORT,4581.2,52883,4580.29,-0.9099999999998545
OPEN_LONG,4581.2,52883,4581.2,0.0
CLOSE_LONG,4588.8,52899,4581.2,7.600000000000364
OPEN_SHORT,4588.8,52899,4588.8,0.0
CLOSE_SHORT,4574.17,52909,4588.8,14.63000000000011
OPEN_LONG,4574.17,52909,4574.17,0.0
CLOSE_LONG,4583.53,52915,4574.17,9.359999999999673
OPEN_SHORT,4583.53,52915,4583.53,0.0
CLOSE_SHORT,4559.0,52970,4583.53,24.529999999999745
OPEN_LONG,4559.0,52970,4559.0,0.0
CLOSE_LONG,4567.92,52975,4559.0,8.920000000000073
OPEN_SHORT,4567.92,52975,4567.92,0.0
CLOSE_SHORT,4535.02,52982,4567.92,32.899999999999636
OPEN_LONG,4535.02,52982,4535.02,0.0
CLOSE_LONG,4521.67,52996,4535.02,-13.350000000000364
OPEN_SHORT,4521.67,52996,4521.67,0.0
CLOSE_SHORT,4488.68,52998,4521.67,32.98999999999978
OPEN_LONG,4488.68,52998,4488.68,0.0
CLOSE_LONG,4473.25,53013,4488.68,-15.430000000000291
OPEN_SHORT,4473.25,53013,4473.25,0.0
CLOSE_SHORT,4461.2,53020,4473.25,12.050000000000182
OPEN_LONG,4461.2,53020,4461.2,0.0
CLOSE_LONG,4436.77,53031,4461.2,-24.42999999999938
OPEN_SHORT,4436.77,53031,4436.77,0.0
CLOSE_SHORT,4410.13,53035,4436.77,26.640000000000327
OPEN_LONG,4410.13,53035,4410.13,0.0
CLOSE_LONG,4411.4,53042,4410.13,1.269999999999527
OPEN_SHORT,4411.4,53042,4411.4,0.0
CLOSE_SHORT,4390.65,53049,4411.4,20.75
OPEN_LONG,4390.65,53049,4390.65,0.0
CLOSE_LONG,4417.5,53053,4390.65,26.850000000000364
OPEN_SHORT,4417.5,53053,4417.5,0.0
CLOSE_SHORT,4397.94,53057,4417.5,19.5600000000004
OPEN_LONG,4397.94,53057,4397.94,0.0
CLOSE_LONG,4381.61,53064,4397.94,-16.329999999999927
OPEN_SHORT,4381.61,53064,4381.61,0.0
CLOSE_SHORT,4344.51,53066,4381.61,37.099999999999454
OPEN_LONG,4344.51,53066,4344.51,0.0
CLOSE_LONG,4370.01,53071,4344.51,25.5
OPEN_SHORT,4370.01,53071,4370.01,0.0
CLOSE_SHORT,4343.79,53076,4370.01,26.220000000000255
OPEN_LONG,4343.79,53076,4343.79,0.0
CLOSE_LONG,4364.0,53081,4343.79,20.210000000000036
OPEN_SHORT,4364.0,53081,4364.0,0.0
CLOSE_SHORT,4348.64,53086,4364.0,15.359999999999673
OPEN_LONG,4348.64,53086,4348.64,0.0
CLOSE_LONG,4354.79,53095,4348.64,6.149999999999636
OPEN_SHORT,4354.79,53095,4354.79,0.0
CLOSE_SHORT,4359.33,53114,4354.79,-4.539999999999964
OPEN_LONG,4359.33,53114,4359.33,0.0
CLOSE_LONG,4361.5,53121,4359.33,2.1700000000000728
OPEN_SHORT,4361.5,53121,4361.5,0.0
CLOSE_SHORT,4360.14,53129,4361.5,1.3599999999996726
OPEN_LONG,4360.14,53129,4360.14,0.0
CLOSE_LONG,4371.02,53133,4360.14,10.88000000000011
OPEN_SHORT,4371.02,53133,4371.02,0.0
CLOSE_SHORT,4348.41,53146,4371.02,22.610000000000582
OPEN_LONG,4348.41,53146,4348.41,0.0
CLOSE_LONG,4365.68,53151,4348.41,17.270000000000437
OPEN_SHORT,4365.68,53151,4365.68,0.0
CLOSE_SHORT,4355.57,53155,4365.68,10.110000000000582
OPEN_LONG,4355.57,53155,4355.57,0.0
CLOSE_LONG,4364.0,53159,4355.57,8.430000000000291
OPEN_SHORT,4364.0,53159,4364.0,0.0
CLOSE_SHORT,4395.78,53196,4364.0,-31.779999999999745
OPEN_LONG,4395.78,53196,4395.78,0.0
CLOSE_LONG,4377.79,53223,4395.78,-17.98999999999978
OPEN_SHORT,4377.79,53223,4377.79,0.0
CLOSE_SHORT,4366.99,53229,4377.79,10.800000000000182
OPEN_LONG,4366.99,53229,4366.99,0.0
CLOSE_LONG,4365.21,53238,4366.99,-1.7799999999997453
OPEN_SHORT,4365.21,53238,4365.21,0.0
CLOSE_SHORT,4376.75,53263,4365.21,-11.539999999999964
OPEN_LONG,4376.75,53263,4376.75,0.0
CLOSE_LONG,4362.0,53281,4376.75,-14.75
OPEN_SHORT,4362.0,53281,4362.0,0.0
CLOSE_SHORT,4368.84,53290,4362.0,-6.8400000000001455
OPEN_LONG,4368.84,53290,4368.84,0.0
CLOSE_LONG,4377.0,53295,4368.84,8.159999999999854
OPEN_SHORT,4377.0,53295,4377.0,0.0
CLOSE_SHORT,4364.37,53304,4377.0,12.63000000000011
OPEN_LONG,4364.37,53304,4364.37,0.0
CLOSE_LONG,4359.12,53316,4364.37,-5.25
OPEN_SHORT,4359.12,53316,4359.12,0.0
CLOSE_SHORT,4324.0,53320,4359.12,35.11999999999989
OPEN_LONG,4324.0,53320,4324.0,0.0
CLOSE_LONG,4339.37,53325,4324.0,15.36999999999989
OPEN_SHORT,4339.37,53325,4339.37,0.0
CLOSE_SHORT,4321.1,53327,4339.37,18.269999999999527
OPEN_LONG,4321.1,53327,4321.1,0.0
CLOSE_LONG,4341.99,53331,4321.1,20.889999999999418
OPEN_SHORT,4341.99,53331,4341.99,0.0
CLOSE_SHORT,4349.01,53341,4341.99,-7.020000000000437
OPEN_LONG,4349.01,53341,4349.01,0.0
CLOSE_LONG,4361.1,53345,4349.01,12.090000000000146
OPEN_SHORT,4361.1,53345,4361.1,0.0
CLOSE_SHORT,4377.9,53361,4361.1,-16.799999999999272
OPEN_LONG,4377.9,53361,4377.9,0.0
CLOSE_LONG,4393.57,53367,4377.9,15.670000000000073
OPEN_SHORT,4393.57,53367,4393.57,0.0
CLOSE_SHORT,4408.41,53381,4393.57,-14.840000000000146
OPEN_LONG,4408.41,53381,4408.41,0.0
CLOSE_LONG,4417.55,53385,4408.41,9.140000000000327
OPEN_SHORT,4417.55,53385,4417.55,0.0
CLOSE_SHORT,4427.68,53404,4417.55,-10.13000000000011
OPEN_LONG,4427.68,53404,4427.68,0.0
CLOSE_LONG,4411.6,53434,4427.68,-16.079999999999927
OPEN_SHORT,4411.6,53434,4411.6,0.0
CLOSE_SHORT,4396.2,53439,4411.6,15.400000000000546
OPEN_LONG,4396.2,53439,4396.2,0.0
CLOSE_LONG,4392.6,53458,4396.2,-3.5999999999994543
OPEN_SHORT,4392.6,53458,4392.6,0.0
CLOSE_SHORT,4372.31,53462,4392.6,20.289999999999964
OPEN_LONG,4372.31,53462,4372.31,0.0
CLOSE_LONG,4392.15,53466,4372.31,19.839999999999236
OPEN_SHORT,4392.15,53466,4392.15,0.0
CLOSE_SHORT,4389.12,53476,4392.15,3.0299999999997453
OPEN_LONG,4389.12,53476,4389.12,0.0
CLOSE_LONG,4403.21,53479,4389.12,14.090000000000146
OPEN_SHORT,4403.21,53479,4403.21,0.0
CLOSE_SHORT,4417.01,53532,4403.21,-13.800000000000182
OPEN_LONG,4417.01,53532,4417.01,0.0
CLOSE_LONG,4431.75,53537,4417.01,14.739999999999782
OPEN_SHORT,4431.75,53537,4431.75,0.0
CLOSE_SHORT,4422.29,53553,4431.75,9.460000000000036
OPEN_LONG,4422.29,53553,4422.29,0.0
CLOSE_LONG,4431.24,53635,4422.29,8.949999999999818
OPEN_SHORT,4431.24,53635,4431.24,0.0
CLOSE_SHORT,4425.1,53644,4431.24,6.139999999999418
OPEN_LONG,4425.1,53644,4425.1,0.0
CLOSE_LONG,4426.0,53659,4425.1,0.8999999999996362
OPEN_SHORT,4426.0,53659,4426.0,0.0
CLOSE_SHORT,4407.76,53677,4426.0,18.23999999999978
OPEN_LONG,4407.76,53677,4407.76,0.0
CLOSE_LONG,4405.01,53716,4407.76,-2.75
OPEN_SHORT,4405.01,53716,4405.01,0.0
CLOSE_SHORT,4438.0,53728,4405.01,-32.98999999999978
OPEN_LONG,4438.0,53728,4438.0,0.0
CLOSE_LONG,4432.4,53748,4438.0,-5.600000000000364
OPEN_SHORT,4432.4,53748,4432.4,0.0
CLOSE_SHORT,4423.55,53767,4432.4,8.849999999999454
OPEN_LONG,4423.55,53767,4423.55,0.0
CLOSE_LONG,4422.67,53793,4423.55,-0.8800000000001091
OPEN_SHORT,4422.67,53793,4422.67,0.0
CLOSE_SHORT,4411.61,53801,4422.67,11.0600000000004
OPEN_LONG,4411.61,53801,4411.61,0.0
CLOSE_LONG,4424.65,53808,4411.61,13.039999999999964
OPEN_SHORT,4424.65,53808,4424.65,0.0
CLOSE_SHORT,4413.39,53814,4424.65,11.259999999999309
OPEN_LONG,4413.39,53814,4413.39,0.0
CLOSE_LONG,4423.71,53819,4413.39,10.319999999999709
OPEN_SHORT,4423.71,53819,4423.71,0.0
CLOSE_SHORT,4414.05,53847,4423.71,9.659999999999854
OPEN_LONG,4414.05,53847,4414.05,0.0
CLOSE_LONG,4414.01,53854,4414.05,-0.03999999999996362
OPEN_SHORT,4414.01,53854,4414.01,0.0
CLOSE_SHORT,4434.99,53917,4414.01,-20.979999999999563
OPEN_LONG,4434.99,53917,4434.99,0.0
CLOSE_LONG,4458.81,53935,4434.99,23.82000000000062
OPEN_SHORT,4458.81,53935,4458.81,0.0
CLOSE_SHORT,4446.46,53940,4458.81,12.350000000000364
OPEN_LONG,4446.46,53940,4446.46,0.0
CLOSE_LONG,4416.32,53965,4446.46,-30.140000000000327
OPEN_SHORT,4416.32,53965,4416.32,0.0
CLOSE_SHORT,4415.83,53989,4416.32,0.4899999999997817
OPEN_LONG,4415.83,53989,4415.83,0.0
CLOSE_LONG,4435.2,54018,4415.83,19.36999999999989
OPEN_SHORT,4435.2,54018,4435.2,0.0
CLOSE_SHORT,4517.71,54037,4435.2,-82.51000000000022
OPEN_LONG,4517.71,54037,4517.71,0.0
CLOSE_LONG,4487.34,54044,4517.71,-30.36999999999989
OPEN_SHORT,4487.34,54044,4487.34,0.0
CLOSE_SHORT,4474.13,54048,4487.34,13.210000000000036
OPEN_LONG,4474.13,54048,4474.13,0.0
CLOSE_LONG,4489.6,54054,4474.13,15.470000000000255
OPEN_SHORT,4489.6,54054,4489.6,0.0
CLOSE_SHORT,4473.82,54074,4489.6,15.780000000000655
OPEN_LONG,4473.82,54074,4473.82,0.0
CLOSE_LONG,4513.85,54077,4473.82,40.030000000000655
OPEN_SHORT,4513.85,54077,4513.85,0.0
CLOSE_SHORT,4486.64,54082,4513.85,27.210000000000036
OPEN_LONG,4486.64,54082,4486.64,0.0
CLOSE_LONG,4463.6,54100,4486.64,-23.039999999999964
OPEN_SHORT,4463.6,54100,4463.6,0.0
CLOSE_SHORT,4467.19,54110,4463.6,-3.589999999999236
OPEN_LONG,4467.19,54110,4467.19,0.0
CLOSE_LONG,4473.52,54116,4467.19,6.330000000000837
OPEN_SHORT,4473.52,54116,4473.52,0.0
CLOSE_SHORT,4558.25,54174,4473.52,-84.72999999999956
OPEN_LONG,4558.25,54174,4558.25,0.0
CLOSE_LONG,4556.5,54185,4558.25,-1.75
OPEN_SHORT,4556.5,54185,4556.5,0.0
CLOSE_SHORT,4545.01,54190,4556.5,11.489999999999782
OPEN_LONG,4545.01,54190,4545.01,0.0
CLOSE_LONG,4520.1,54217,4545.01,-24.909999999999854
OPEN_SHORT,4520.1,54217,4520.1,0.0
CLOSE_SHORT,4515.06,54234,4520.1,5.039999999999964
OPEN_LONG,4515.06,54234,4515.06,0.0
CLOSE_LONG,4511.2,54245,4515.06,-3.860000000000582
OPEN_SHORT,4511.2,54245,4511.2,0.0
CLOSE_SHORT,4537.22,54290,4511.2,-26.020000000000437
OPEN_LONG,4537.22,54290,4537.22,0.0
CLOSE_LONG,4535.18,54302,4537.22,-2.0399999999999636
OPEN_SHORT,4535.18,54302,4535.18,0.0
CLOSE_SHORT,4523.33,54323,4535.18,11.850000000000364
OPEN_LONG,4523.33,54323,4523.33,0.0
CLOSE_LONG,4515.94,54339,4523.33,-7.390000000000327
OPEN_SHORT,4515.94,54339,4515.94,0.0
CLOSE_SHORT,4506.98,54342,4515.94,8.960000000000036
OPEN_LONG,4506.98,54342,4506.98,0.0
CLOSE_LONG,4524.9,54346,4506.98,17.920000000000073
OPEN_SHORT,4524.9,54346,4524.9,0.0
CLOSE_SHORT,4525.0,54362,4524.9,-0.1000000000003638
OPEN_LONG,4525.0,54362,4525.0,0.0
CLOSE_LONG,4544.76,54370,4525.0,19.76000000000022
OPEN_SHORT,4544.76,54370,4544.76,0.0
CLOSE_SHORT,4538.52,54377,4544.76,6.239999999999782
OPEN_LONG,4538.52,54377,4538.52,0.0
CLOSE_LONG,4550.59,54384,4538.52,12.069999999999709
OPEN_SHORT,4550.59,54384,4550.59,0.0
CLOSE_SHORT,4541.6,54391,4550.59,8.989999999999782
OPEN_LONG,4541.6,54391,4541.6,0.0
CLOSE_LONG,4549.8,54396,4541.6,8.199999999999818
OPEN_SHORT,4549.8,54396,4549.8,0.0
CLOSE_SHORT,4556.4,54443,4549.8,-6.599999999999454
OPEN_LONG,4556.4,54443,4556.4,0.0
CLOSE_LONG,4563.4,54451,4556.4,7.0
OPEN_SHORT,4563.4,54451,4563.4,0.0
CLOSE_SHORT,4580.85,54470,4563.4,-17.450000000000728
OPEN_LONG,4580.85,54470,4580.85,0.0
CLOSE_LONG,4593.9,54474,4580.85,13.049999999999272
OPEN_SHORT,4593.9,54474,4593.9,0.0
CLOSE_SHORT,4593.91,54496,4593.9,-0.010000000000218279
OPEN_LONG,4593.91,54496,4593.91,0.0
CLOSE_LONG,4582.39,54517,4593.91,-11.519999999999527
OPEN_SHORT,4582.39,54517,4582.39,0.0
CLOSE_SHORT,4573.77,54526,4582.39,8.61999999999989
OPEN_LONG,4573.77,54526,4573.77,0.0
CLOSE_LONG,4587.89,54560,4573.77,14.11999999999989
OPEN_SHORT,4587.89,54560,4587.89,0.0
CLOSE_SHORT,4577.07,54565,4587.89,10.820000000000618
OPEN_LONG,4577.07,54565,4577.07,0.0
CLOSE_LONG,4587.48,54576,4577.07,10.409999999999854
OPEN_SHORT,4587.48,54576,4587.48,0.0
CLOSE_SHORT,4591.19,54590,4587.48,-3.7100000000000364
OPEN_LONG,4591.19,54590,4591.19,0.0
CLOSE_LONG,4597.99,54600,4591.19,6.800000000000182
OPEN_SHORT,4597.99,54600,4597.99,0.0
CLOSE_SHORT,4588.11,54606,4597.99,9.88000000000011
OPEN_LONG,4588.11,54606,4588.11,0.0
CLOSE_LONG,4588.04,54617,4588.11,-0.06999999999970896
OPEN_SHORT,4588.04,54617,4588.04,0.0
CLOSE_SHORT,4579.2,54623,4588.04,8.840000000000146
OPEN_LONG,4579.2,54623,4579.2,0.0
CLOSE_LONG,4588.6,54636,4579.2,9.400000000000546
OPEN_SHORT,4588.6,54636,4588.6,0.0
CLOSE_SHORT,4622.8,54660,4588.6,-34.19999999999982
OPEN_LONG,4622.8,54660,4622.8,0.0
CLOSE_LONG,4601.67,54689,4622.8,-21.13000000000011
OPEN_SHORT,4601.67,54689,4601.67,0.0
CLOSE_SHORT,4589.2,54694,4601.67,12.470000000000255
OPEN_LONG,4589.2,54694,4589.2,0.0
CLOSE_LONG,4597.0,54699,4589.2,7.800000000000182
OPEN_SHORT,4597.0,54699,4597.0,0.0
CLOSE_SHORT,4585.87,54707,4597.0,11.13000000000011
OPEN_LONG,4585.87,54707,4585.87,0.0
CLOSE_LONG,4594.73,54726,4585.87,8.859999999999673
OPEN_SHORT,4594.73,54726,4594.73,0.0
CLOSE_SHORT,4585.8,54748,4594.73,8.929999999999382
OPEN_LONG,4585.8,54748,4585.8,0.0
CLOSE_LONG,4569.36,54778,4585.8,-16.44000000000051
OPEN_SHORT,4569.36,54778,4569.36,0.0
CLOSE_SHORT,4557.98,54783,4569.36,11.38000000000011
OPEN_LONG,4557.98,54783,4557.98,0.0
CLOSE_LONG,4557.75,54800,4557.98,-0.22999999999956344
OPEN_SHORT,4557.75,54800,4557.75,0.0
CLOSE_SHORT,4549.46,54806,4557.75,8.289999999999964
OPEN_LONG,4549.46,54806,4549.46,0.0
CLOSE_LONG,4550.75,54813,4549.46,1.2899999999999636
OPEN_SHORT,4550.75,54813,4550.75,0.0
CLOSE_SHORT,4548.26,54907,4550.75,2.4899999999997817
OPEN_LONG,4548.26,54907,4548.26,0.0
CLOSE_LONG,4560.29,54916,4548.26,12.029999999999745
OPEN_SHORT,4560.29,54916,4560.29,0.0
CLOSE_SHORT,4609.88,54942,4560.29,-49.590000000000146
OPEN_LONG,4609.88,54942,4609.88,0.0
CLOSE_LONG,4632.98,54952,4609.88,23.099999999999454
OPEN_SHORT,4632.98,54952,4632.98,0.0
CLOSE_SHORT,4618.68,54965,4632.98,14.299999999999272
OPEN_LONG,4618.68,54965,4618.68,0.0
CLOSE_LONG,4618.75,54976,4618.68,0.06999999999970896
OPEN_SHORT,4618.75,54976,4618.75,0.0
CLOSE_SHORT,4617.15,55007,4618.75,1.6000000000003638
OPEN_LONG,4617.15,55007,4617.15,0.0
CLOSE_LONG,4629.81,55017,4617.15,12.660000000000764
OPEN_SHORT,4629.81,55017,4629.81,0.0
CLOSE_SHORT,4627.19,55023,4629.81,2.6200000000008004
OPEN_LONG,4627.19,55023,4627.19,0.0
CLOSE_LONG,4638.19,55028,4627.19,11.0
OPEN_SHORT,4638.19,55028,4638.19,0.0
CLOSE_SHORT,4626.24,55030,4638.19,11.949999999999818
OPEN_LONG,4626.24,55030,4626.24,0.0
CLOSE_LONG,4603.22,55090,4626.24,-23.019999999999527
OPEN_SHORT,4603.22,55090,4603.22,0.0
CLOSE_SHORT,4593.79,55104,4603.22,9.430000000000291
OPEN_LONG,4593.79,55104,4593.79,0.0
CLOSE_LONG,4576.79,55174,4593.79,-17.0
OPEN_SHORT,4576.79,55174,4576.79,0.0
CLOSE_SHORT,4570.83,55190,4576.79,5.960000000000036
OPEN_LONG,4570.83,55190,4570.83,0.0
CLOSE_LONG,4567.75,55224,4570.83,-3.0799999999999272
OPEN_SHORT,4567.75,55224,4567.75,0.0
CLOSE_SHORT,4595.0,55326,4567.75,-27.25
OPEN_LONG,4595.0,55326,4595.0,0.0
CLOSE_LONG,4576.44,55349,4595.0,-18.5600000000004
OPEN_SHORT,4576.44,55349,4576.44,0.0
CLOSE_SHORT,4603.0,55434,4576.44,-26.5600000000004
OPEN_LONG,4603.0,55434,4603.0,0.0
CLOSE_LONG,4606.13,55440,4603.0,3.130000000000109
OPEN_SHORT,4606.13,55440,4606.13,0.0
CLOSE_SHORT,4601.17,55444,4606.13,4.960000000000036
OPEN_LONG,4601.17,55444,4601.17,0.0
CLOSE_LONG,4589.94,55471,4601.17,-11.230000000000473
OPEN_SHORT,4589.94,55471,4589.94,0.0
CLOSE_SHORT,4605.42,55488,4589.94,-15.480000000000473
OPEN_LONG,4605.42,55488,4605.42,0.0
CLOSE_LONG,4599.47,55505,4605.42,-5.949999999999818
OPEN_SHORT,4599.47,55505,4599.47,0.0
CLOSE_SHORT,4580.28,55515,4599.47,19.19000000000051
OPEN_LONG,4580.28,55515,4580.28,0.0
CLOSE_LONG,4587.48,55524,4580.28,7.199999999999818
OPEN_SHORT,4587.48,55524,4587.48,0.0
CLOSE_SHORT,4624.17,55532,4587.48,-36.69000000000051
OPEN_LONG,4624.17,55532,4624.17,0.0
CLOSE_LONG,4625.77,55535,4624.17,1.6000000000003638
OPEN_SHORT,4625.77,55535,4625.77,0.0
CLOSE_SHORT,4617.0,55536,4625.77,8.770000000000437
OPEN_LONG,4617.0,55536,4617.0,0.0
CLOSE_LONG,4599.19,55553,4617.0,-17.8100000000004
OPEN_SHORT,4599.19,55553,4599.19,0.0
CLOSE_SHORT,4637.61,55585,4599.19,-38.42000000000007
OPEN_LONG,4637.61,55585,4637.61,0.0
CLOSE_LONG,4617.07,55607,4637.61,-20.539999999999964
OPEN_SHORT,4617.07,55607,4617.07,0.0
CLOSE_SHORT,4627.4,55626,4617.07,-10.329999999999927
OPEN_LONG,4627.4,55626,4627.4,0.0
CLOSE_LONG,4639.4,55635,4627.4,12.0
OPEN_SHORT,4639.4,55635,4639.4,0.0
CLOSE_SHORT,4629.2,55640,4639.4,10.199999999999818
OPEN_LONG,4629.2,55640,4629.2,0.0
CLOSE_LONG,4640.8,55646,4629.2,11.600000000000364
OPEN_SHORT,4640.8,55646,4640.8,0.0
CLOSE_SHORT,4646.11,55668,4640.8,-5.309999999999491
OPEN_LONG,4646.11,55668,4646.11,0.0
CLOSE_LONG,4647.8,55682,4646.11,1.6900000000005093
OPEN_SHORT,4647.8,55682,4647.8,0.0
CLOSE_SHORT,4625.72,55691,4647.8,22.079999999999927
OPEN_LONG,4625.72,55691,4625.72,0.0
CLOSE_LONG,4620.67,55706,4625.72,-5.050000000000182
OPEN_SHORT,4620.67,55706,4620.67,0.0
CLOSE_SHORT,4621.49,55726,4620.67,-0.819999999999709
OPEN_LONG,4621.49,55726,4621.49,0.0
CLOSE_LONG,4625.9,55749,4621.49,4.4099999999998545
OPEN_SHORT,4625.9,55749,4625.9,0.0
CLOSE_SHORT,4623.52,55756,4625.9,2.3799999999991996
OPEN_LONG,4623.52,55756,4623.52,0.0
CLOSE_LONG,4642.48,55772,4623.52,18.959999999999127
OPEN_SHORT,4642.48,55772,4642.48,0.0
CLOSE_SHORT,4627.59,55803,4642.48,14.889999999999418
OPEN_LONG,4627.59,55803,4627.59,0.0
CLOSE_LONG,4555.54,55862,4627.59,-72.05000000000018
OPEN_SHORT,4555.54,55862,4555.54,0.0
CLOSE_SHORT,4560.77,55891,4555.54,-5.230000000000473
OPEN_LONG,4560.77,55891,4560.77,0.0
CLOSE_LONG,4569.36,55896,4560.77,8.589999999999236
OPEN_SHORT,4569.36,55896,4569.36,0.0
CLOSE_SHORT,4554.86,55906,4569.36,14.5
OPEN_LONG,4554.86,55906,4554.86,0.0
CLOSE_LONG,4545.98,55915,4554.86,-8.88000000000011
OPEN_SHORT,4545.98,55915,4545.98,0.0
CLOSE_SHORT,4519.72,55926,4545.98,26.25999999999931
OPEN_LONG,4519.72,55926,4519.72,0.0
CLOSE_LONG,4565.99,55931,4519.72,46.26999999999953
OPEN_SHORT,4565.99,55931,4565.99,0.0
CLOSE_SHORT,4573.32,55942,4565.99,-7.329999999999927
OPEN_LONG,4573.32,55942,4573.32,0.0
CLOSE_LONG,4582.06,55947,4573.32,8.740000000000691
OPEN_SHORT,4582.06,55947,4582.06,0.0
CLOSE_SHORT,4575.86,55968,4582.06,6.200000000000728
OPEN_LONG,4575.86,55968,4575.86,0.0
CLOSE_LONG,4584.95,55970,4575.86,9.090000000000146
OPEN_SHORT,4584.95,55970,4584.95,0.0
CLOSE_SHORT,4555.72,55983,4584.95,29.229999999999563
OPEN_LONG,4555.72,55983,4555.72,0.0
CLOSE_LONG,4562.8,55991,4555.72,7.079999999999927
OPEN_SHORT,4562.8,55991,4562.8,0.0
CLOSE_SHORT,4543.58,55999,4562.8,19.220000000000255
OPEN_LONG,4543.58,55999,4543.58,0.0
CLOSE_LONG,4546.82,56010,4543.58,3.2399999999997817
OPEN_SHORT,4546.82,56010,4546.82,0.0
CLOSE_SHORT,4529.21,56014,4546.82,17.609999999999673
OPEN_LONG,4529.21,56014,4529.21,0.0
CLOSE_LONG,4502.28,56034,4529.21,-26.93000000000029
OPEN_SHORT,4502.28,56034,4502.28,0.0
CLOSE_SHORT,4516.47,56099,4502.28,-14.19000000000051
OPEN_LONG,4516.47,56099,4516.47,0.0
CLOSE_LONG,4513.6,56111,4516.47,-2.869999999999891
OPEN_SHORT,4513.6,56111,4513.6,0.0
CLOSE_SHORT,4503.08,56121,4513.6,10.520000000000437
OPEN_LONG,4503.08,56121,4503.08,0.0
CLOSE_LONG,4498.8,56132,4503.08,-4.279999999999745
OPEN_SHORT,4498.8,56132,4498.8,0.0
CLOSE_SHORT,4501.94,56162,4498.8,-3.139999999999418
OPEN_LONG,4501.94,56162,4501.94,0.0
CLOSE_LONG,4489.59,56172,4501.94,-12.349999999999454
OPEN_SHORT,4489.59,56172,4489.59,0.0
CLOSE_SHORT,4476.56,56177,4489.59,13.029999999999745
OPEN_LONG,4476.56,56177,4476.56,0.0
CLOSE_LONG,4476.83,56183,4476.56,0.26999999999952706
OPEN_SHORT,4476.83,56183,4476.83,0.0
CLOSE_SHORT,4489.16,56195,4476.83,-12.329999999999927
OPEN_LONG,4489.16,56195,4489.16,0.0
CLOSE_LONG,4491.68,56203,4489.16,2.5200000000004366
OPEN_SHORT,4491.68,56203,4491.68,0.0
CLOSE_SHORT,4508.81,56310,4491.68,-17.13000000000011
OPEN_LONG,4508.81,56310,4508.81,0.0
CLOSE_LONG,4516.9,56329,4508.81,8.089999999999236
OPEN_SHORT,4516.9,56329,4516.9,0.0
CLOSE_SHORT,4569.35,56459,4516.9,-52.45000000000073
OPEN_LONG,4569.35,56459,4569.35,0.0
CLOSE_LONG,4565.59,56501,4569.35,-3.7600000000002183
OPEN_SHORT,4565.59,56501,4565.59,0.0
CLOSE_SHORT,4563.27,56510,4565.59,2.319999999999709
OPEN_LONG,4563.27,56510,4563.27,0.0
CLOSE_LONG,4567.19,56524,4563.27,3.9199999999991633
OPEN_SHORT,4567.19,56524,4567.19,0.0
CLOSE_SHORT,4558.0,56529,4567.19,9.1899999999996
OPEN_LONG,4558.0,56529,4558.0,0.0
CLOSE_LONG,4570.18,56533,4558.0,12.180000000000291
OPEN_SHORT,4570.18,56533,4570.18,0.0
CLOSE_SHORT,4619.04,56637,4570.18,-48.85999999999967
OPEN_LONG,4619.04,56637,4619.04,0.0
CLOSE_LONG,4607.25,56658,4619.04,-11.789999999999964
OPEN_SHORT,4607.25,56658,4607.25,0.0
CLOSE_SHORT,4597.93,56807,4607.25,9.319999999999709
OPEN_LONG,4597.93,56807,4597.93,0.0
CLOSE_LONG,4593.59,56875,4597.93,-4.3400000000001455
OPEN_SHORT,4593.59,56875,4593.59,0.0
CLOSE_SHORT,4595.23,56924,4593.59,-1.639999999999418
OPEN_LONG,4595.23,56924,4595.23,0.0
CLOSE_LONG,4603.89,56943,4595.23,8.660000000000764
OPEN_SHORT,4603.89,56943,4603.89,0.0
CLOSE_SHORT,4598.39,56950,4603.89,5.5
OPEN_LONG,4598.39,56950,4598.39,0.0
CLOSE_LONG,4602.19,56954,4598.39,3.7999999999992724
OPEN_SHORT,4602.19,56954,4602.19,0.0
CLOSE_SHORT,4589.13,56958,4602.19,13.05999999999949
OPEN_LONG,4589.13,56958,4589.13,0.0
CLOSE_LONG,4596.79,56963,4589.13,7.6599999999998545
OPEN_SHORT,4596.79,56963,4596.79,0.0
CLOSE_SHORT,4568.64,56968,4596.79,28.149999999999636
OPEN_LONG,4568.64,56968,4568.64,0.0
CLOSE_LONG,4571.2,56984,4568.64,2.5599999999994907
OPEN_SHORT,4571.2,56984,4571.2,0.0
CLOSE_SHORT,4577.2,57004,4571.2,-6.0
OPEN_LONG,4577.2,57004,4577.2,0.0
CLOSE_LONG,4557.21,57019,4577.2,-19.98999999999978
OPEN_SHORT,4557.21,57019,4557.21,0.0
CLOSE_SHORT,4557.34,57049,4557.21,-0.13000000000010914
OPEN_LONG,4557.34,57049,4557.34,0.0
CLOSE_LONG,4560.01,57059,4557.34,2.6700000000000728
OPEN_SHORT,4560.01,57059,4560.01,0.0
CLOSE_SHORT,4528.96,57063,4560.01,31.050000000000182
OPEN_LONG,4528.96,57063,4528.96,0.0
CLOSE_LONG,4525.5,57074,4528.96,-3.4600000000000364
OPEN_SHORT,4525.5,57074,4525.5,0.0
CLOSE_SHORT,4504.77,57090,4525.5,20.729999999999563
OPEN_LONG,4504.77,57090,4504.77,0.0
CLOSE_LONG,4492.5,57098,4504.77,-12.270000000000437
OPEN_SHORT,4492.5,57098,4492.5,0.0
CLOSE_SHORT,4509.43,57127,4492.5,-16.93000000000029
OPEN_LONG,4509.43,57127,4509.43,0.0
CLOSE_LONG,4522.52,57131,4509.43,13.090000000000146
OPEN_SHORT,4522.52,57131,4522.52,0.0
CLOSE_SHORT,4507.79,57136,4522.52,14.730000000000473
OPEN_LONG,4507.79,57136,4507.79,0.0
CLOSE_LONG,4517.12,57141,4507.79,9.329999999999927
OPEN_SHORT,4517.12,57141,4517.12,0.0
CLOSE_SHORT,4482.98,57158,4517.12,34.14000000000033
OPEN_LONG,4482.98,57158,4482.98,0.0
CLOSE_LONG,4473.2,57167,4482.98,-9.779999999999745
OPEN_SHORT,4473.2,57167,4473.2,0.0
CLOSE_SHORT,4471.38,57196,4473.2,1.819999999999709
OPEN_LONG,4471.38,57196,4471.38,0.0
CLOSE_LONG,4482.59,57201,4471.38,11.210000000000036
OPEN_SHORT,4482.59,57201,4482.59,0.0
CLOSE_SHORT,4481.76,57216,4482.59,0.8299999999999272
OPEN_LONG,4481.76,57216,4481.76,0.0
CLOSE_LONG,4483.49,57243,4481.76,1.7299999999995634
OPEN_SHORT,4483.49,57243,4483.49,0.0
CLOSE_SHORT,4482.0,57268,4483.49,1.4899999999997817
OPEN_LONG,4482.0,57268,4482.0,0.0
CLOSE_LONG,4490.8,57275,4482.0,8.800000000000182
OPEN_SHORT,4490.8,57275,4490.8,0.0
CLOSE_SHORT,4478.59,57280,4490.8,12.210000000000036
OPEN_LONG,4478.59,57280,4478.59,0.0
CLOSE_LONG,4487.36,57285,4478.59,8.769999999999527
OPEN_SHORT,4487.36,57285,4487.36,0.0
CLOSE_SHORT,4472.99,57289,4487.36,14.36999999999989
OPEN_LONG,4472.99,57289,4472.99,0.0
CLOSE_LONG,4488.67,57293,4472.99,15.680000000000291
OPEN_SHORT,4488.67,57293,4488.67,0.0
CLOSE_SHORT,4466.16,57298,4488.67,22.51000000000022
OPEN_LONG,4466.16,57298,4466.16,0.0
CLOSE_LONG,4474.48,57310,4466.16,8.319999999999709
OPEN_SHORT,4474.48,57310,4474.48,0.0
CLOSE_SHORT,4465.24,57317,4474.48,9.239999999999782
OPEN_LONG,4465.24,57317,4465.24,0.0
CLOSE_LONG,4451.49,57347,4465.24,-13.75
OPEN_SHORT,4451.49,57347,4451.49,0.0
CLOSE_SHORT,4455.45,57390,4451.49,-3.9600000000000364
OPEN_LONG,4455.45,57390,4455.45,0.0
CLOSE_LONG,4461.43,57396,4455.45,5.980000000000473
OPEN_SHORT,4461.43,57396,4461.43,0.0
CLOSE_SHORT,4490.0,57616,4461.43,-28.56999999999971
OPEN_LONG,4490.0,57616,4490.0,0.0
CLOSE_LONG,4458.95,57681,4490.0,-31.050000000000182
OPEN_SHORT,4458.95,57681,4458.95,0.0
CLOSE_SHORT,4455.95,57690,4458.95,3.0
OPEN_LONG,4455.95,57690,4455.95,0.0
CLOSE_LONG,4464.99,57709,4455.95,9.039999999999964
OPEN_SHORT,4464.99,57709,4464.99,0.0
CLOSE_SHORT,4474.67,57722,4464.99,-9.680000000000291
OPEN_LONG,4474.67,57722,4474.67,0.0
CLOSE_LONG,4483.0,57725,4474.67,8.329999999999927
OPEN_SHORT,4483.0,57725,4483.0,0.0
CLOSE_SHORT,4472.01,57769,4483.0,10.989999999999782
OPEN_LONG,4472.01,57769,4472.01,0.0
CLOSE_LONG,4484.81,57772,4472.01,12.800000000000182
OPEN_SHORT,4484.81,57772,4484.81,0.0
CLOSE_SHORT,4490.1,57821,4484.81,-5.289999999999964
OPEN_LONG,4490.1,57821,4490.1,0.0
CLOSE_LONG,4489.58,57841,4490.1,-0.5200000000004366
OPEN_SHORT,4489.58,57841,4489.58,0.0
CLOSE_SHORT,4468.73,57879,4489.58,20.850000000000364
OPEN_LONG,4468.73,57879,4468.73,0.0
CLOSE_LONG,4476.88,57941,4468.73,8.150000000000546
OPEN_SHORT,4476.88,57941,4476.88,0.0
CLOSE_SHORT,4470.11,57948,4476.88,6.770000000000437
OPEN_LONG,4470.11,57948,4470.11,0.0
CLOSE_LONG,4469.0,57984,4470.11,-1.1099999999996726
OPEN_SHORT,4469.0,57984,4469.0,0.0
CLOSE_SHORT,4461.2,57990,4469.0,7.800000000000182
OPEN_LONG,4461.2,57990,4461.2,0.0
CLOSE_LONG,4387.23,58032,4461.2,-73.97000000000025
OPEN_SHORT,4387.23,58032,4387.23,0.0
CLOSE_SHORT,4382.99,58039,4387.23,4.239999999999782
OPEN_LONG,4382.99,58039,4382.99,0.0
CLOSE_LONG,4387.74,58051,4382.99,4.75
OPEN_SHORT,4387.74,58051,4387.74,0.0
CLOSE_SHORT,4372.27,58059,4387.74,15.469999999999345
OPEN_LONG,4372.27,58059,4372.27,0.0
CLOSE_LONG,4393.49,58063,4372.27,21.219999999999345
OPEN_SHORT,4393.49,58063,4393.49,0.0
CLOSE_SHORT,4379.2,58070,4393.49,14.289999999999964
OPEN_LONG,4379.2,58070,4379.2,0.0
CLOSE_LONG,4364.5,58095,4379.2,-14.699999999999818
OPEN_SHORT,4364.5,58095,4364.5,0.0
CLOSE_SHORT,4350.78,58100,4364.5,13.720000000000255
OPEN_LONG,4350.78,58100,4350.78,0.0
CLOSE_LONG,4356.46,58105,4350.78,5.680000000000291
OPEN_SHORT,4356.46,58105,4356.46,0.0
CLOSE_SHORT,4330.4,58119,4356.46,26.0600000000004
OPEN_LONG,4330.4,58119,4330.4,0.0
CLOSE_LONG,4330.7,58134,4330.4,0.3000000000001819
OPEN_SHORT,4330.7,58134,4330.7,0.0
CLOSE_SHORT,4339.0,58232,4330.7,-8.300000000000182
OPEN_LONG,4339.0,58232,4339.0,0.0
CLOSE_LONG,4345.02,58239,4339.0,6.020000000000437
OPEN_SHORT,4345.02,58239,4345.02,0.0
CLOSE_SHORT,4335.17,58247,4345.02,9.850000000000364
OPEN_LONG,4335.17,58247,4335.17,0.0
CLOSE_LONG,4343.03,58253,4335.17,7.859999999999673
OPEN_SHORT,4343.03,58253,4343.03,0.0
CLOSE_SHORT,4343.61,58261,4343.03,-0.5799999999999272
OPEN_LONG,4343.61,58261,4343.61,0.0
CLOSE_LONG,4343.69,58290,4343.61,0.07999999999992724
OPEN_SHORT,4343.69,58290,4343.69,0.0
CLOSE_SHORT,4386.81,58337,4343.69,-43.1200000000008
OPEN_LONG,4386.81,58337,4386.81,0.0
CLOSE_LONG,4406.79,58348,4386.81,19.979999999999563
OPEN_SHORT,4406.79,58348,4406.79,0.0
CLOSE_SHORT,4402.56,58354,4406.79,4.229999999999563
OPEN_LONG,4402.56,58354,4402.56,0.0
CLOSE_LONG,4405.25,58363,4402.56,2.6899999999996
OPEN_SHORT,4405.25,58363,4405.25,0.0
CLOSE_SHORT,4392.75,58368,4405.25,12.5
OPEN_LONG,4392.75,58368,4392.75,0.0
CLOSE_LONG,4340.38,58412,4392.75,-52.36999999999989
OPEN_SHORT,4340.38,58412,4340.38,0.0
CLOSE_SHORT,4328.25,58417,4340.38,12.13000000000011
OPEN_LONG,4328.25,58417,4328.25,0.0
CLOSE_LONG,4346.69,58422,4328.25,18.4399999999996
OPEN_SHORT,4346.69,58422,4346.69,0.0
CLOSE_SHORT,4317.76,58425,4346.69,28.92999999999938
OPEN_LONG,4317.76,58425,4317.76,0.0
CLOSE_LONG,4283.03,58433,4317.76,-34.73000000000047
OPEN_SHORT,4283.03,58433,4283.03,0.0
CLOSE_SHORT,4270.0,58437,4283.03,13.029999999999745
OPEN_LONG,4270.0,58437,4270.0,0.0
CLOSE_LONG,4297.21,58441,4270.0,27.210000000000036
OPEN_SHORT,4297.21,58441,4297.21,0.0
CLOSE_SHORT,4292.8,58447,4297.21,4.4099999999998545
OPEN_LONG,4292.8,58447,4292.8,0.0
CLOSE_LONG,4293.42,58453,4292.8,0.6199999999998909
OPEN_SHORT,4293.42,58453,4293.42,0.0
CLOSE_SHORT,4297.99,58472,4293.42,-4.569999999999709
OPEN_LONG,4297.99,58472,4297.99,0.0
CLOSE_LONG,4292.37,58484,4297.99,-5.619999999999891
OPEN_SHORT,4292.37,58484,4292.37,0.0
CLOSE_SHORT,4327.0,58505,4292.37,-34.63000000000011
OPEN_LONG,4327.0,58505,4327.0,0.0
CLOSE_LONG,4319.14,58517,4327.0,-7.859999999999673
OPEN_SHORT,4319.14,58517,4319.14,0.0
CLOSE_SHORT,4312.51,58540,4319.14,6.630000000000109
OPEN_LONG,4312.51,58540,4312.51,0.0
CLOSE_LONG,4309.41,58551,4312.51,-3.100000000000364
OPEN_SHORT,4309.41,58551,4309.41,0.0
CLOSE_SHORT,4325.01,58561,4309.41,-15.600000000000364
OPEN_LONG,4325.01,58561,4325.01,0.0
CLOSE_LONG,4350.36,58563,4325.01,25.349999999999454
OPEN_SHORT,4350.36,58563,4350.36,0.0
CLOSE_SHORT,4337.13,58568,4350.36,13.229999999999563
OPEN_LONG,4337.13,58568,4337.13,0.0
CLOSE_LONG,4332.59,58595,4337.13,-4.539999999999964
OPEN_SHORT,4332.59,58595,4332.59,0.0
CLOSE_SHORT,4315.49,58615,4332.59,17.100000000000364
OPEN_LONG,4315.49,58615,4315.49,0.0
CLOSE_LONG,4329.37,58620,4315.49,13.88000000000011
OPEN_SHORT,4329.37,58620,4329.37,0.0
CLOSE_SHORT,4338.15,58638,4329.37,-8.779999999999745
OPEN_LONG,4338.15,58638,4338.15,0.0
CLOSE_LONG,4342.8,58646,4338.15,4.650000000000546
OPEN_SHORT,4342.8,58646,4342.8,0.0
CLOSE_SHORT,4322.5,58663,4342.8,20.300000000000182
OPEN_LONG,4322.5,58663,4322.5,0.0
CLOSE_LONG,4331.1,58668,4322.5,8.600000000000364
OPEN_SHORT,4331.1,58668,4331.1,0.0
CLOSE_SHORT,4314.39,58679,4331.1,16.710000000000036
OPEN_LONG,4314.39,58679,4314.39,0.0
CLOSE_LONG,4324.89,58728,4314.39,10.5
OPEN_SHORT,4324.89,58728,4324.89,0.0
CLOSE_SHORT,4343.7,58748,4324.89,-18.80999999999949
OPEN_LONG,4343.7,58748,4343.7,0.0
CLOSE_LONG,4348.64,58762,4343.7,4.940000000000509
OPEN_SHORT,4348.64,58762,4348.64,0.0
CLOSE_SHORT,4346.7,58774,4348.64,1.9400000000005093
OPEN_LONG,4346.7,58774,4346.7,0.0
CLOSE_LONG,4330.05,58795,4346.7,-16.649999999999636
OPEN_SHORT,4330.05,58795,4330.05,0.0
CLOSE_SHORT,4329.38,58812,4330.05,0.6700000000000728
OPEN_LONG,4329.38,58812,4329.38,0.0
CLOSE_LONG,4340.94,58817,4329.38,11.55999999999949
OPEN_SHORT,4340.94,58817,4340.94,0.0
CLOSE_SHORT,4333.55,58820,4340.94,7.389999999999418
OPEN_LONG,4333.55,58820,4333.55,0.0
CLOSE_LONG,4328.4,58847,4333.55,-5.150000000000546
OPEN_SHORT,4328.4,58847,4328.4,0.0
CLOSE_SHORT,4366.63,58888,4328.4,-38.23000000000047
OPEN_LONG,4366.63,58888,4366.63,0.0
CLOSE_LONG,4353.81,58921,4366.63,-12.819999999999709
OPEN_SHORT,4353.81,58921,4353.81,0.0
CLOSE_SHORT,4355.8,58939,4353.81,-1.9899999999997817
OPEN_LONG,4355.8,58939,4355.8,0.0
CLOSE_LONG,4364.5,58960,4355.8,8.699999999999818
OPEN_SHORT,4364.5,58960,4364.5,0.0
CLOSE_SHORT,4358.26,58986,4364.5,6.239999999999782
OPEN_LONG,4358.26,58986,4358.26,0.0
CLOSE_LONG,4354.7,59041,4358.26,-3.5600000000004
OPEN_SHORT,4354.7,59041,4354.7,0.0
CLOSE_SHORT,4349.43,59048,4354.7,5.269999999999527
OPEN_LONG,4349.43,59048,4349.43,0.0
CLOSE_LONG,4340.84,59068,4349.43,-8.590000000000146
OPEN_SHORT,4340.84,59068,4340.84,0.0
CLOSE_SHORT,4332.68,59076,4340.84,8.159999999999854
OPEN_LONG,4332.68,59076,4332.68,0.0
CLOSE_LONG,4283.55,59145,4332.68,-49.13000000000011
OPEN_SHORT,4283.55,59145,4283.55,0.0
CLOSE_SHORT,4298.91,59166,4283.55,-15.359999999999673
OPEN_LONG,4298.91,59166,4298.91,0.0
CLOSE_LONG,4313.0,59171,4298.91,14.090000000000146
OPEN_SHORT,4313.0,59171,4313.0,0.0
CLOSE_SHORT,4379.43,59379,4313.0,-66.43000000000029
OPEN_LONG,4379.43,59379,4379.43,0.0
CLOSE_LONG,4388.82,59384,4379.43,9.389999999999418
OPEN_SHORT,4388.82,59384,4388.82,0.0
CLOSE_SHORT,4389.53,59433,4388.82,-0.7100000000000364
OPEN_LONG,4389.53,59433,4389.53,0.0
CLOSE_LONG,4399.6,59481,4389.53,10.070000000000618
OPEN_SHORT,4399.6,59481,4399.6,0.0
CLOSE_SHORT,4384.2,59535,4399.6,15.400000000000546
OPEN_LONG,4384.2,59535,4384.2,0.0
CLOSE_LONG,4396.25,59552,4384.2,12.050000000000182
OPEN_SHORT,4396.25,59552,4396.25,0.0
CLOSE_SHORT,4389.36,59561,4396.25,6.890000000000327
OPEN_LONG,4389.36,59561,4389.36,0.0
CLOSE_LONG,4396.0,59690,4389.36,6.640000000000327
OPEN_SHORT,4396.0,59690,4396.0,0.0
CLOSE_SHORT,4367.05,59767,4396.0,28.949999999999818
OPEN_LONG,4367.05,59767,4367.05,0.0
CLOSE_LONG,4359.31,59786,4367.05,-7.739999999999782
OPEN_SHORT,4359.31,59786,4359.31,0.0
CLOSE_SHORT,4339.93,59808,4359.31,19.38000000000011
OPEN_LONG,4339.93,59808,4339.93,0.0
CLOSE_LONG,4348.11,59819,4339.93,8.179999999999382
OPEN_SHORT,4348.11,59819,4348.11,0.0
CLOSE_SHORT,4342.88,59843,4348.11,5.229999999999563
OPEN_LONG,4342.88,59843,4342.88,0.0
CLOSE_LONG,4347.24,59851,4342.88,4.359999999999673
OPEN_SHORT,4347.24,59851,4347.24,0.0
CLOSE_SHORT,4355.0,60111,4347.24,-7.760000000000218
OPEN_LONG,4355.0,60111,4355.0,0.0
CLOSE_LONG,4345.13,60188,4355.0,-9.86999999999989
OPEN_SHORT,4345.13,60188,4345.13,0.0
CLOSE_SHORT,4342.0,60299,4345.13,3.130000000000109
OPEN_LONG,4342.0,60299,4342.0,0.0
CLOSE_LONG,4348.34,60334,4342.0,6.3400000000001455
OPEN_SHORT,4348.34,60334,4348.34,0.0
CLOSE_SHORT,4456.39,60521,4348.34,-108.05000000000018
OPEN_LONG,4456.39,60521,4456.39,0.0
CLOSE_LONG,4446.16,60544,4456.39,-10.230000000000473
OPEN_SHORT,4446.16,60544,4446.16,0.0
CLOSE_SHORT,4449.32,60670,4446.16,-3.1599999999998545
OPEN_LONG,4449.32,60670,4449.32,0.0
CLOSE_LONG,4465.0,60678,4449.32,15.680000000000291
OPEN_SHORT,4465.0,60678,4465.0,0.0
CLOSE_SHORT,4477.46,60704,4465.0,-12.460000000000036
OPEN_LONG,4477.46,60704,4477.46,0.0
CLOSE_LONG,4468.74,60735,4477.46,-8.720000000000255
OPEN_SHORT,4468.74,60735,4468.74,0.0
CLOSE_SHORT,4458.0,60753,4468.74,10.739999999999782
OPEN_LONG,4458.0,60753,4458.0,0.0
CLOSE_LONG,4454.68,60944,4458.0,-3.319999999999709
OPEN_SHORT,4454.68,60944,4454.68,0.0
CLOSE_SHORT,4456.7,61067,4454.68,-2.019999999999527
OPEN_LONG,4456.7,61067,4456.7,0.0
CLOSE_LONG,4454.47,61138,4456.7,-2.2299999999995634
OPEN_SHORT,4454.47,61138,4454.47,0.0
CLOSE_SHORT,4463.52,61153,4454.47,-9.050000000000182
OPEN_LONG,4463.52,61153,4463.52,0.0
CLOSE_LONG,4487.25,61238,4463.52,23.729999999999563
OPEN_SHORT,4487.25,61238,4487.25,0.0
CLOSE_SHORT,4475.67,61246,4487.25,11.579999999999927
OPEN_LONG,4475.67,61246,4475.67,0.0
CLOSE_LONG,4488.37,61256,4475.67,12.699999999999818
OPEN_SHORT,4488.37,61256,4488.37,0.0
CLOSE_SHORT,4455.54,61304,4488.37,32.82999999999993
OPEN_LONG,4455.54,61304,4455.54,0.0
CLOSE_LONG,4456.4,61316,4455.54,0.8599999999996726
OPEN_SHORT,4456.4,61316,4456.4,0.0
CLOSE_SHORT,4458.4,61341,4456.4,-2.0
OPEN_LONG,4458.4,61341,4458.4,0.0
CLOSE_LONG,4467.47,61361,4458.4,9.070000000000618
OPEN_SHORT,4467.47,61361,4467.47,0.0
CLOSE_SHORT,4473.25,61434,4467.47,-5.779999999999745
OPEN_LONG,4473.25,61434,4473.25,0.0
CLOSE_LONG,4473.9,61473,4473.25,0.6499999999996362
OPEN_SHORT,4473.9,61473,4473.9,0.0
CLOSE_SHORT,4476.79,61607,4473.9,-2.8900000000003274
OPEN_LONG,4476.79,61607,4476.79,0.0
CLOSE_LONG,4455.0,61727,4476.79,-21.789999999999964
OPEN_SHORT,4455.0,61727,4455.0,0.0
CLOSE_SHORT,4456.99,61782,4455.0,-1.9899999999997817
OPEN_LONG,4456.99,61782,4456.99,0.0
CLOSE_LONG,4462.4,61789,4456.99,5.4099999999998545
OPEN_SHORT,4462.4,61789,4462.4,0.0
CLOSE_SHORT,4460.19,61810,4462.4,2.2100000000000364
OPEN_LONG,4460.19,61810,4460.19,0.0
CLOSE_LONG,4442.76,61837,4460.19,-17.42999999999938
OPEN_SHORT,4442.76,61837,4442.76,0.0
CLOSE_SHORT,4428.45,61841,4442.76,14.3100000000004
OPEN_LONG,4428.45,61841,4428.45,0.0
CLOSE_LONG,4390.86,61887,4428.45,-37.590000000000146
OPEN_SHORT,4390.86,61887,4390.86,0.0
CLOSE_SHORT,4374.61,61903,4390.86,16.25
OPEN_LONG,4374.61,61903,4374.61,0.0
CLOSE_LONG,4392.8,61906,4374.61,18.19000000000051
OPEN_SHORT,4392.8,61906,4392.8,0.0
CLOSE_SHORT,4370.93,61924,4392.8,21.86999999999989
OPEN_LONG,4370.93,61924,4370.93,0.0
CLOSE_LONG,4374.37,61939,4370.93,3.4399999999996
OPEN_SHORT,4374.37,61939,4374.37,0.0
CLOSE_SHORT,4391.05,61955,4374.37,-16.68000000000029
OPEN_LONG,4391.05,61955,4391.05,0.0
CLOSE_LONG,4404.8,61960,4391.05,13.75
OPEN_SHORT,4404.8,61960,4404.8,0.0
CLOSE_SHORT,4391.6,61965,4404.8,13.199999999999818
OPEN_LONG,4391.6,61965,4391.6,0.0
CLOSE_LONG,4387.88,61973,4391.6,-3.7200000000002547
OPEN_SHORT,4387.88,61973,4387.88,0.0
CLOSE_SHORT,4412.23,62010,4387.88,-24.349999999999454
OPEN_LONG,4412.23,62010,4412.23,0.0
CLOSE_LONG,4397.24,62040,4412.23,-14.989999999999782
OPEN_SHORT,4397.24,62040,4397.24,0.0
CLOSE_SHORT,4375.36,62043,4397.24,21.88000000000011
OPEN_LONG,4375.36,62043,4375.36,0.0
CLOSE_LONG,4381.7,62048,4375.36,6.3400000000001455
OPEN_SHORT,4381.7,62048,4381.7,0.0
CLOSE_SHORT,4373.66,62052,4381.7,8.039999999999964
OPEN_LONG,4373.66,62052,4373.66,0.0
CLOSE_LONG,4381.79,62055,4373.66,8.13000000000011
OPEN_SHORT,4381.79,62055,4381.79,0.0
CLOSE_SHORT,4373.78,62114,4381.79,8.010000000000218
OPEN_LONG,4373.78,62114,4373.78,0.0
CLOSE_LONG,4380.08,62117,4373.78,6.300000000000182
OPEN_SHORT,4380.08,62117,4380.08,0.0
CLOSE_SHORT,4397.66,62154,4380.08,-17.579999999999927
OPEN_LONG,4397.66,62154,4397.66,0.0
CLOSE_LONG,4383.69,62191,4397.66,-13.970000000000255
OPEN_SHORT,4383.69,62191,4383.69,0.0
CLOSE_SHORT,4369.65,62207,4383.69,14.039999999999964
OPEN_LONG,4369.65,62207,4369.65,0.0
CLOSE_LONG,4380.43,62219,4369.65,10.780000000000655
OPEN_SHORT,4380.43,62219,4380.43,0.0
CLOSE_SHORT,4378.88,62264,4380.43,1.550000000000182
OPEN_LONG,4378.88,62264,4378.88,0.0
CLOSE_LONG,4387.45,62270,4378.88,8.569999999999709
OPEN_SHORT,4387.45,62270,4387.45,0.0
CLOSE_SHORT,4385.65,62325,4387.45,1.800000000000182
OPEN_LONG,4385.65,62325,4385.65,0.0
CLOSE_LONG,4391.25,62336,4385.65,5.600000000000364
OPEN_SHORT,4391.25,62336,4391.25,0.0
CLOSE_SHORT,4414.63,62357,4391.25,-23.38000000000011
OPEN_LONG,4414.63,62357,4414.63,0.0
CLOSE_LONG,4428.99,62364,4414.63,14.359999999999673
OPEN_SHORT,4428.99,62364,4428.99,0.0
CLOSE_SHORT,4471.74,62385,4428.99,-42.75
OPEN_LONG,4471.74,62385,4471.74,0.0
CLOSE_LONG,4481.06,62390,4471.74,9.320000000000618
OPEN_SHORT,4481.06,62390,4481.06,0.0
CLOSE_SHORT,4467.24,62395,4481.06,13.820000000000618
OPEN_LONG,4467.24,62395,4467.24,0.0
CLOSE_LONG,4475.01,62399,4467.24,7.770000000000437
OPEN_SHORT,4475.01,62399,4475.01,0.0
CLOSE_SHORT,4467.28,62474,4475.01,7.730000000000473
OPEN_LONG,4467.28,62474,4467.28,0.0
CLOSE_LONG,4441.96,62510,4467.28,-25.31999999999971
OPEN_SHORT,4441.96,62510,4441.96,0.0
CLOSE_SHORT,4419.0,62529,4441.96,22.960000000000036
OPEN_LONG,4419.0,62529,4419.0,0.0
CLOSE_LONG,4398.9,62613,4419.0,-20.100000000000364
OPEN_SHORT,4398.9,62613,4398.9,0.0
CLOSE_SHORT,4394.8,62660,4398.9,4.099999999999454
OPEN_LONG,4394.8,62660,4394.8,0.0
CLOSE_LONG,4402.5,62668,4394.8,7.699999999999818
OPEN_SHORT,4402.5,62668,4402.5,0.0
CLOSE_SHORT,4403.31,62709,4402.5,-0.8100000000004002
OPEN_LONG,4403.31,62709,4403.31,0.0
CLOSE_LONG,4390.51,62738,4403.31,-12.800000000000182
OPEN_SHORT,4390.51,62738,4390.51,0.0
CLOSE_SHORT,4386.18,62807,4390.51,4.329999999999927
OPEN_LONG,4386.18,62807,4386.18,0.0
CLOSE_LONG,4371.89,62835,4386.18,-14.289999999999964
OPEN_SHORT,4371.89,62835,4371.89,0.0
CLOSE_SHORT,4360.87,62849,4371.89,11.020000000000437
OPEN_LONG,4360.87,62849,4360.87,0.0
CLOSE_LONG,4360.03,62857,4360.87,-0.8400000000001455
OPEN_SHORT,4360.03,62857,4360.03,0.0
CLOSE_SHORT,4351.93,62874,4360.03,8.099999999999454
OPEN_LONG,4351.93,62874,4351.93,0.0
CLOSE_LONG,4363.75,62879,4351.93,11.819999999999709
OPEN_SHORT,4363.75,62879,4363.75,0.0
CLOSE_SHORT,4333.21,62929,4363.75,30.539999999999964
OPEN_LONG,4333.21,62929,4333.21,0.0
CLOSE_LONG,4320.25,62952,4333.21,-12.960000000000036
OPEN_SHORT,4320.25,62952,4320.25,0.0
CLOSE_SHORT,4348.88,63113,4320.25,-28.63000000000011
OPEN_LONG,4348.88,63113,4348.88,0.0
CLOSE_LONG,4277.01,63146,4348.88,-71.86999999999989
OPEN_SHORT,4277.01,63146,4277.01,0.0
CLOSE_SHORT,4256.8,63160,4277.01,20.210000000000036
OPEN_LONG,4256.8,63160,4256.8,0.0
CLOSE_LONG,4267.2,63165,4256.8,10.399999999999636
OPEN_SHORT,4267.2,63165,4267.2,0.0
CLOSE_SHORT,4276.61,63178,4267.2,-9.409999999999854
OPEN_LONG,4276.61,63178,4276.61,0.0
CLOSE_LONG,4247.83,63204,4276.61,-28.779999999999745
OPEN_SHORT,4247.83,63204,4247.83,0.0
CLOSE_SHORT,4270.02,63245,4247.83,-22.19000000000051
OPEN_LONG,4270.02,63245,4270.02,0.0
CLOSE_LONG,4274.58,63253,4270.02,4.559999999999491
OPEN_SHORT,4274.58,63253,4274.58,0.0
CLOSE_SHORT,4262.09,63256,4274.58,12.489999999999782
OPEN_LONG,4262.09,63256,4262.09,0.0
CLOSE_LONG,4273.46,63263,4262.09,11.36999999999989
OPEN_SHORT,4273.46,63263,4273.46,0.0
CLOSE_SHORT,4291.8,63295,4273.46,-18.340000000000146
OPEN_LONG,4291.8,63295,4291.8,0.0
CLOSE_LONG,4295.91,63306,4291.8,4.109999999999673
OPEN_SHORT,4295.91,63306,4295.91,0.0
CLOSE_SHORT,4300.52,63350,4295.91,-4.610000000000582
OPEN_LONG,4300.52,63350,4300.52,0.0
CLOSE_LONG,4310.41,63356,4300.52,9.889999999999418
OPEN_SHORT,4310.41,63356,4310.41,0.0
CLOSE_SHORT,4290.59,63382,4310.41,19.81999999999971
OPEN_LONG,4290.59,63382,4290.59,0.0
CLOSE_LONG,4299.17,63384,4290.59,8.579999999999927
OPEN_SHORT,4299.17,63384,4299.17,0.0
CLOSE_SHORT,4293.97,63392,4299.17,5.199999999999818
OPEN_LONG,4293.97,63392,4293.97,0.0
CLOSE_LONG,4304.9,63397,4293.97,10.929999999999382
OPEN_SHORT,4304.9,63397,4304.9,0.0
CLOSE_SHORT,4296.41,63432,4304.9,8.489999999999782
OPEN_LONG,4296.41,63432,4296.41,0.0
CLOSE_LONG,4306.48,63438,4296.41,10.069999999999709
OPEN_SHORT,4306.48,63438,4306.48,0.0
CLOSE_SHORT,4329.73,63451,4306.48,-23.25
OPEN_LONG,4329.73,63451,4329.73,0.0
CLOSE_LONG,4329.58,63462,4329.73,-0.1499999999996362
OPEN_SHORT,4329.58,63462,4329.58,0.0
CLOSE_SHORT,4326.02,63497,4329.58,3.5599999999994907
OPEN_LONG,4326.02,63497,4326.02,0.0
CLOSE_LONG,4337.99,63503,4326.02,11.969999999999345
OPEN_SHORT,4337.99,63503,4337.99,0.0
CLOSE_SHORT,4371.35,63538,4337.99,-33.36000000000058
OPEN_LONG,4371.35,63538,4371.35,0.0
CLOSE_LONG,4373.51,63590,4371.35,2.1599999999998545
OPEN_SHORT,4373.51,63590,4373.51,0.0
CLOSE_SHORT,4373.55,63642,4373.51,-0.03999999999996362
OPEN_LONG,4373.55,63642,4373.55,0.0
CLOSE_LONG,4377.39,63652,4373.55,3.8400000000001455
OPEN_SHORT,4377.39,63652,4377.39,0.0
CLOSE_SHORT,4392.36,63710,4377.39,-14.969999999999345
OPEN_LONG,4392.36,63710,4392.36,0.0
CLOSE_LONG,4403.6,63732,4392.36,11.240000000000691
OPEN_SHORT,4403.6,63732,4403.6,0.0
CLOSE_SHORT,4404.84,63744,4403.6,-1.2399999999997817
OPEN_LONG,4404.84,63744,4404.84,0.0
CLOSE_LONG,4411.94,63754,4404.84,7.099999999999454
OPEN_SHORT,4411.94,63754,4411.94,0.0
CLOSE_SHORT,4392.01,63771,4411.94,19.92999999999938
OPEN_LONG,4392.01,63771,4392.01,0.0
CLOSE_LONG,4399.61,63788,4392.01,7.599999999999454
OPEN_SHORT,4399.61,63788,4399.61,0.0
CLOSE_SHORT,4386.77,63792,4399.61,12.839999999999236
OPEN_LONG,4386.77,63792,4386.77,0.0
CLOSE_LONG,4381.03,63820,4386.77,-5.740000000000691
OPEN_SHORT,4381.03,63820,4381.03,0.0
CLOSE_SHORT,4386.17,63851,4381.03,-5.140000000000327
OPEN_LONG,4386.17,63851,4386.17,0.0
CLOSE_LONG,4400.52,63882,4386.17,14.350000000000364
OPEN_SHORT,4400.52,63882,4400.52,0.0
CLOSE_SHORT,4394.52,63901,4400.52,6.0
OPEN_LONG,4394.52,63901,4394.52,0.0
CLOSE_LONG,4385.81,63983,4394.52,-8.710000000000036
OPEN_SHORT,4385.81,63983,4385.81,0.0
CLOSE_SHORT,4363.63,64044,4385.81,22.18000000000029
OPEN_LONG,4363.63,64044,4363.63,0.0
CLOSE_LONG,4332.56,64068,4363.63,-31.06999999999971
OPEN_SHORT,4332.56,64068,4332.56,0.0
CLOSE_SHORT,4321.78,64091,4332.56,10.780000000000655
OPEN_LONG,4321.78,64091,4321.78,0.0
CLOSE_LONG,4288.01,64118,4321.78,-33.76999999999953
OPEN_SHORT,4288.01,64118,4288.01,0.0
CLOSE_SHORT,4286.22,64146,4288.01,1.7899999999999636
OPEN_LONG,4286.22,64146,4286.22,0.0
CLOSE_LONG,4319.7,64151,4286.22,33.47999999999956
OPEN_SHORT,4319.7,64151,4319.7,0.0
CLOSE_SHORT,4368.86,64171,4319.7,-49.159999999999854
OPEN_LONG,4368.86,64171,4368.86,0.0
CLOSE_LONG,4376.0,64174,4368.86,7.140000000000327
OPEN_SHORT,4376.0,64174,4376.0,0.0
CLOSE_SHORT,4362.35,64180,4376.0,13.649999999999636
OPEN_LONG,4362.35,64180,4362.35,0.0
CLOSE_LONG,4361.59,64186,4362.35,-0.7600000000002183
OPEN_SHORT,4361.59,64186,4361.59,0.0
CLOSE_SHORT,4344.0,64191,4361.59,17.590000000000146
OPEN_LONG,4344.0,64191,4344.0,0.0
CLOSE_LONG,4362.96,64194,4344.0,18.960000000000036
OPEN_SHORT,4362.96,64194,4362.96,0.0
CLOSE_SHORT,4355.71,64214,4362.96,7.25
OPEN_LONG,4355.71,64214,4355.71,0.0
CLOSE_LONG,4348.81,64236,4355.71,-6.899999999999636
OPEN_SHORT,4348.81,64236,4348.81,0.0
CLOSE_SHORT,4336.49,64240,4348.81,12.320000000000618
OPEN_LONG,4336.49,64240,4336.49,0.0
CLOSE_LONG,4330.0,64247,4336.49,-6.489999999999782
OPEN_SHORT,4330.0,64247,4330.0,0.0
CLOSE_SHORT,4329.32,64255,4330.0,0.680000000000291
OPEN_LONG,4329.32,64255,4329.32,0.0
CLOSE_LONG,4313.0,64277,4329.32,-16.31999999999971
OPEN_SHORT,4313.0,64277,4313.0,0.0
CLOSE_SHORT,4297.5,64286,4313.0,15.5
OPEN_LONG,4297.5,64286,4297.5,0.0
CLOSE_LONG,4297.26,64297,4297.5,-0.23999999999978172
OPEN_SHORT,4297.26,64297,4297.26,0.0
CLOSE_SHORT,4288.71,64304,4297.26,8.550000000000182
OPEN_LONG,4288.71,64304,4288.71,0.0
CLOSE_LONG,4306.02,64307,4288.71,17.3100000000004
OPEN_SHORT,4306.02,64307,4306.02,0.0
CLOSE_SHORT,4283.78,64319,4306.02,22.24000000000069
OPEN_LONG,4283.78,64319,4283.78,0.0
CLOSE_LONG,4286.4,64329,4283.78,2.619999999999891
OPEN_SHORT,4286.4,64329,4286.4,0.0
CLOSE_SHORT,4284.5,64344,4286.4,1.8999999999996362
OPEN_LONG,4284.5,64344,4284.5,0.0
CLOSE_LONG,4297.64,64347,4284.5,13.140000000000327
OPEN_SHORT,4297.64,64347,4297.64,0.0
CLOSE_SHORT,4296.25,64365,4297.64,1.3900000000003274
OPEN_LONG,4296.25,64365,4296.25,0.0
CLOSE_LONG,4295.0,64373,4296.25,-1.25
OPEN_SHORT,4295.0,64373,4295.0,0.0
CLOSE_SHORT,4305.01,64393,4295.0,-10.010000000000218
OPEN_LONG,4305.01,64393,4305.01,0.0
CLOSE_LONG,4325.6,64408,4305.01,20.590000000000146
OPEN_SHORT,4325.6,64408,4325.6,0.0
CLOSE_SHORT,4307.4,64418,4325.6,18.200000000000728
OPEN_LONG,4307.4,64418,4307.4,0.0
CLOSE_LONG,4294.09,64430,4307.4,-13.30999999999949
OPEN_SHORT,4294.09,64430,4294.09,0.0
CLOSE_SHORT,4283.09,64435,4294.09,11.0
OPEN_LONG,4283.09,64435,4283.09,0.0
CLOSE_LONG,4294.27,64438,4283.09,11.180000000000291
OPEN_SHORT,4294.27,64438,4294.27,0.0
CLOSE_SHORT,4282.79,64447,4294.27,11.480000000000473
OPEN_LONG,4282.79,64447,4282.79,0.0
CLOSE_LONG,4294.18,64452,4282.79,11.390000000000327
OPEN_SHORT,4294.18,64452,4294.18,0.0
CLOSE_SHORT,4280.87,64457,4294.18,13.3100000000004
OPEN_LONG,4280.87,64457,4280.87,0.0
CLOSE_LONG,4303.97,64466,4280.87,23.100000000000364
OPEN_SHORT,4303.97,64466,4303.97,0.0
CLOSE_SHORT,4299.77,64472,4303.97,4.199999999999818
OPEN_LONG,4299.77,64472,4299.77,0.0
CLOSE_LONG,4304.0,64480,4299.77,4.229999999999563
OPEN_SHORT,4304.0,64480,4304.0,0.0
CLOSE_SHORT,4292.85,64487,4304.0,11.149999999999636
OPEN_LONG,4292.85,64487,4292.85,0.0
CLOSE_LONG,4284.21,64495,4292.85,-8.640000000000327
OPEN_SHORT,4284.21,64495,4284.21,0.0
CLOSE_SHORT,4264.96,64500,4284.21,19.25
OPEN_LONG,4264.96,64500,4264.96,0.0
CLOSE_LONG,4274.23,64512,4264.96,9.269999999999527
OPEN_SHORT,4274.23,64512,4274.23,0.0
CLOSE_SHORT,4267.71,64529,4274.23,6.519999999999527
OPEN_LONG,4267.71,64529,4267.71,0.0
CLOSE_LONG,4279.5,64540,4267.71,11.789999999999964
OPEN_SHORT,4279.5,64540,4279.5,0.0
CLOSE_SHORT,4303.3,64562,4279.5,-23.800000000000182
OPEN_LONG,4303.3,64562,4303.3,0.0
CLOSE_LONG,4310.41,64572,4303.3,7.109999999999673
OPEN_SHORT,4310.41,64572,4310.41,0.0
CLOSE_SHORT,4302.32,64581,4310.41,8.090000000000146
OPEN_LONG,4302.32,64581,4302.32,0.0
CLOSE_LONG,4312.72,64586,4302.32,10.400000000000546
OPEN_SHORT,4312.72,64586,4312.72,0.0
CLOSE_SHORT,4309.35,64615,4312.72,3.369999999999891
OPEN_LONG,4309.35,64615,4309.35,0.0
CLOSE_LONG,4317.72,64629,4309.35,8.36999999999989
OPEN_SHORT,4317.72,64629,4317.72,0.0
CLOSE_SHORT,4317.76,64656,4317.72,-0.03999999999996362
OPEN_LONG,4317.76,64656,4317.76,0.0
CLOSE_LONG,4319.83,64667,4317.76,2.069999999999709
OPEN_SHORT,4319.83,64667,4319.83,0.0
CLOSE_SHORT,4322.0,64736,4319.83,-2.1700000000000728
OPEN_LONG,4322.0,64736,4322.0,0.0
CLOSE_LONG,4326.43,64770,4322.0,4.430000000000291
OPEN_SHORT,4326.43,64770,4326.43,0.0
CLOSE_SHORT,4310.81,64791,4326.43,15.61999999999989
OPEN_LONG,4310.81,64791,4310.81,0.0
CLOSE_LONG,4327.6,64802,4310.81,16.789999999999964
OPEN_SHORT,4327.6,64802,4327.6,0.0
CLOSE_SHORT,4318.99,64807,4327.6,8.610000000000582
OPEN_LONG,4318.99,64807,4318.99,0.0
CLOSE_LONG,4297.1,64887,4318.99,-21.889999999999418
OPEN_SHORT,4297.1,64887,4297.1,0.0
CLOSE_SHORT,4318.63,64901,4297.1,-21.529999999999745
OPEN_LONG,4318.63,64901,4318.63,0.0
CLOSE_LONG,4324.09,64912,4318.63,5.460000000000036
OPEN_SHORT,4324.09,64912,4324.09,0.0
CLOSE_SHORT,4338.01,64930,4324.09,-13.920000000000073
OPEN_LONG,4338.01,64930,4338.01,0.0
CLOSE_LONG,4347.5,64941,4338.01,9.489999999999782
OPEN_SHORT,4347.5,64941,4347.5,0.0
CLOSE_SHORT,4328.01,64967,4347.5,19.48999999999978
OPEN_LONG,4328.01,64967,4328.01,0.0
CLOSE_LONG,4333.38,64975,4328.01,5.369999999999891
OPEN_SHORT,4333.38,64975,4333.38,0.0
CLOSE_SHORT,4322.7,65024,4333.38,10.680000000000291
OPEN_LONG,4322.7,65024,4322.7,0.0
CLOSE_LONG,4322.8,65037,4322.7,0.1000000000003638
OPEN_SHORT,4322.8,65037,4322.8,0.0
CLOSE_SHORT,4328.74,65080,4322.8,-5.9399999999996
OPEN_LONG,4328.74,65080,4328.74,0.0
CLOSE_LONG,4302.73,65144,4328.74,-26.01000000000022
OPEN_SHORT,4302.73,65144,4302.73,0.0
CLOSE_SHORT,4311.24,65170,4302.73,-8.510000000000218
OPEN_LONG,4311.24,65170,4311.24,0.0
CLOSE_LONG,4313.74,65199,4311.24,2.5
OPEN_SHORT,4313.74,65199,4313.74,0.0
CLOSE_SHORT,4299.13,65202,4313.74,14.609999999999673
OPEN_LONG,4299.13,65202,4299.13,0.0
CLOSE_LONG,4304.45,65209,4299.13,5.319999999999709
OPEN_SHORT,4304.45,65209,4304.45,0.0
CLOSE_SHORT,4365.98,65504,4304.45,-61.529999999999745
OPEN_LONG,4365.98,65504,4365.98,0.0
CLOSE_LONG,4353.32,65554,4365.98,-12.659999999999854
OPEN_SHORT,4353.32,65554,4353.32,0.0
CLOSE_SHORT,4383.52,65577,4353.32,-30.200000000000728
OPEN_LONG,4383.52,65577,4383.52,0.0
CLOSE_LONG,4395.58,65597,4383.52,12.05999999999949
OPEN_SHORT,4395.58,65597,4395.58,0.0
CLOSE_SHORT,4422.74,65607,4395.58,-27.159999999999854
OPEN_LONG,4422.74,65607,4422.74,0.0
CLOSE_LONG,4430.08,65615,4422.74,7.3400000000001455
OPEN_SHORT,4430.08,65615,4430.08,0.0
CLOSE_SHORT,4419.74,65620,4430.08,10.340000000000146
OPEN_LONG,4419.74,65620,4419.74,0.0
CLOSE_LONG,4429.75,65622,4419.74,10.010000000000218
OPEN_SHORT,4429.75,65622,4429.75,0.0
CLOSE_SHORT,4425.64,65628,4429.75,4.109999999999673
OPEN_LONG,4425.64,65628,4425.64,0.0
CLOSE_LONG,4436.22,65633,4425.64,10.579999999999927
OPEN_SHORT,4436.22,65633,4436.22,0.0
CLOSE_SHORT,4462.35,65668,4436.22,-26.13000000000011
OPEN_LONG,4462.35,65668,4462.35,0.0
CLOSE_LONG,4469.52,65687,4462.35,7.170000000000073
OPEN_SHORT,4469.52,65687,4469.52,0.0
CLOSE_SHORT,4469.01,65738,4469.52,0.5100000000002183
OPEN_LONG,4469.01,65738,4469.01,0.0
CLOSE_LONG,4470.0,65757,4469.01,0.9899999999997817
OPEN_SHORT,4470.0,65757,4470.0,0.0
CLOSE_SHORT,4457.33,65760,4470.0,12.670000000000073
OPEN_LONG,4457.33,65760,4457.33,0.0
CLOSE_LONG,4462.78,65769,4457.33,5.449999999999818
OPEN_SHORT,4462.78,65769,4462.78,0.0
CLOSE_SHORT,4453.13,65775,4462.78,9.649999999999636
OPEN_LONG,4453.13,65775,4453.13,0.0
CLOSE_LONG,4462.76,65790,4453.13,9.63000000000011
OPEN_SHORT,4462.76,65790,4462.76,0.0
CLOSE_SHORT,4475.6,65830,4462.76,-12.840000000000146
OPEN_LONG,4475.6,65830,4475.6,0.0
CLOSE_LONG,4481.99,65843,4475.6,6.389999999999418
OPEN_SHORT,4481.99,65843,4481.99,0.0
CLOSE_SHORT,4471.39,65851,4481.99,10.599999999999454
OPEN_LONG,4471.39,65851,4471.39,0.0
CLOSE_LONG,4474.34,65967,4471.39,2.949999999999818
OPEN_SHORT,4474.34,65967,4474.34,0.0
CLOSE_SHORT,4459.51,66066,4474.34,14.829999999999927
OPEN_LONG,4459.51,66066,4459.51,0.0
CLOSE_LONG,4452.55,66084,4459.51,-6.960000000000036
OPEN_SHORT,4452.55,66084,4452.55,0.0
CLOSE_SHORT,4458.0,66167,4452.55,-5.449999999999818
OPEN_LONG,4458.0,66167,4458.0,0.0
CLOSE_LONG,4458.73,66228,4458.0,0.7299999999995634
OPEN_SHORT,4458.73,66228,4458.73,0.0
CLOSE_SHORT,4463.61,66311,4458.73,-4.880000000000109
OPEN_LONG,4463.61,66311,4463.61,0.0
CLOSE_LONG,4466.92,66342,4463.61,3.3100000000004
OPEN_SHORT,4466.92,66342,4466.92,0.0
CLOSE_SHORT,4431.02,66365,4466.92,35.899999999999636
OPEN_LONG,4431.02,66365,4431.02,0.0
CLOSE_LONG,4438.18,66370,4431.02,7.1599999999998545
OPEN_SHORT,4438.18,66370,4438.18,0.0
CLOSE_SHORT,4406.73,66399,4438.18,31.450000000000728
OPEN_LONG,4406.73,66399,4406.73,0.0
CLOSE_LONG,4413.0,66407,4406.73,6.270000000000437
OPEN_SHORT,4413.0,66407,4413.0,0.0
CLOSE_SHORT,4411.97,66421,4413.0,1.0299999999997453
OPEN_LONG,4411.97,66421,4411.97,0.0
CLOSE_LONG,4398.06,66434,4411.97,-13.909999999999854
OPEN_SHORT,4398.06,66434,4398.06,0.0
CLOSE_SHORT,4389.0,66512,4398.06,9.0600000000004
OPEN_LONG,4389.0,66512,4389.0,0.0
CLOSE_LONG,4374.0,66542,4389.0,-15.0
OPEN_SHORT,4374.0,66542,4374.0,0.0
CLOSE_SHORT,4414.16,66871,4374.0,-40.159999999999854
OPEN_LONG,4414.16,66871,4414.16,0.0
CLOSE_LONG,4413.61,66878,4414.16,-0.5500000000001819
OPEN_SHORT,4413.61,66878,4413.61,0.0
CLOSE_SHORT,4418.61,66894,4413.61,-5.0
OPEN_LONG,4418.61,66894,4418.61,0.0
CLOSE_LONG,4419.01,66912,4418.61,0.4000000000005457
OPEN_SHORT,4419.01,66912,4419.01,0.0
CLOSE_SHORT,4410.4,66925,4419.01,8.610000000000582
OPEN_LONG,4410.4,66925,4410.4,0.0
CLOSE_LONG,4413.45,66941,4410.4,3.050000000000182
OPEN_SHORT,4413.45,66941,4413.45,0.0
CLOSE_SHORT,4401.0,66953,4413.45,12.449999999999818
OPEN_LONG,4401.0,66953,4401.0,0.0
CLOSE_LONG,4398.9,66983,4401.0,-2.100000000000364
OPEN_SHORT,4398.9,66983,4398.9,0.0
CLOSE_SHORT,4402.87,66996,4398.9,-3.9700000000002547
OPEN_LONG,4402.87,66996,4402.87,0.0
CLOSE_LONG,4379.2,67050,4402.87,-23.670000000000073
OPEN_SHORT,4379.2,67050,4379.2,0.0
CLOSE_SHORT,4366.57,67055,4379.2,12.63000000000011
OPEN_LONG,4366.57,67055,4366.57,0.0
CLOSE_LONG,4335.85,67067,4366.57,-30.719999999999345
OPEN_SHORT,4335.85,67067,4335.85,0.0
CLOSE_SHORT,4351.93,67098,4335.85,-16.079999999999927
OPEN_LONG,4351.93,67098,4351.93,0.0
CLOSE_LONG,4314.97,67129,4351.93,-36.960000000000036
OPEN_SHORT,4314.97,67129,4314.97,0.0
CLOSE_SHORT,4298.0,67133,4314.97,16.970000000000255
OPEN_LONG,4298.0,67133,4298.0,0.0
CLOSE_LONG,4306.66,67138,4298.0,8.659999999999854
OPEN_SHORT,4306.66,67138,4306.66,0.0
CLOSE_SHORT,4297.73,67173,4306.66,8.930000000000291
OPEN_LONG,4297.73,67173,4297.73,0.0
CLOSE_LONG,4314.66,67177,4297.73,16.93000000000029
OPEN_SHORT,4314.66,67177,4314.66,0.0
CLOSE_SHORT,4288.4,67198,4314.66,26.26000000000022
OPEN_LONG,4288.4,67198,4288.4,0.0
CLOSE_LONG,4296.0,67210,4288.4,7.600000000000364
OPEN_SHORT,4296.0,67210,4296.0,0.0
CLOSE_SHORT,4292.3,67231,4296.0,3.699999999999818
OPEN_LONG,4292.3,67231,4292.3,0.0
CLOSE_LONG,4302.5,67234,4292.3,10.199999999999818
OPEN_SHORT,4302.5,67234,4302.5,0.0
CLOSE_SHORT,4297.87,67313,4302.5,4.630000000000109
OPEN_LONG,4297.87,67313,4297.87,0.0
CLOSE_LONG,4284.91,67327,4297.87,-12.960000000000036
OPEN_SHORT,4284.91,67327,4284.91,0.0
CLOSE_SHORT,4292.39,67340,4284.91,-7.480000000000473
OPEN_LONG,4292.39,67340,4292.39,0.0
CLOSE_LONG,4280.27,67357,4292.39,-12.11999999999989
OPEN_SHORT,4280.27,67357,4280.27,0.0
CLOSE_SHORT,4266.51,67389,4280.27,13.760000000000218
OPEN_LONG,4266.51,67389,4266.51,0.0
CLOSE_LONG,4276.64,67394,4266.51,10.13000000000011
OPEN_SHORT,4276.64,67394,4276.64,0.0
CLOSE_SHORT,4324.74,67623,4276.64,-48.099999999999454
OPEN_LONG,4324.74,67623,4324.74,0.0
CLOSE_LONG,4316.22,67734,4324.74,-8.519999999999527
OPEN_SHORT,4316.22,67734,4316.22,0.0
CLOSE_SHORT,4313.09,67790,4316.22,3.130000000000109
OPEN_LONG,4313.09,67790,4313.09,0.0
CLOSE_LONG,4325.04,67801,4313.09,11.949999999999818
OPEN_SHORT,4325.04,67801,4325.04,0.0
CLOSE_SHORT,4314.0,67813,4325.04,11.039999999999964
OPEN_LONG,4314.0,67813,4314.0,0.0
CLOSE_LONG,4318.48,67826,4314.0,4.479999999999563
OPEN_SHORT,4318.48,67826,4318.48,0.0
CLOSE_SHORT,4305.69,67845,4318.48,12.789999999999964
OPEN_LONG,4305.69,67845,4305.69,0.0
CLOSE_LONG,4310.07,67852,4305.69,4.380000000000109
OPEN_SHORT,4310.07,67852,4310.07,0.0
CLOSE_SHORT,4328.73,67974,4310.07,-18.659999999999854
OPEN_LONG,4328.73,67974,4328.73,0.0
CLOSE_LONG,4337.74,68073,4328.73,9.010000000000218
OPEN_SHORT,4337.74,68073,4337.74,0.0
CLOSE_SHORT,4405.0,68133,4337.74,-67.26000000000022
OPEN_LONG,4405.0,68133,4405.0,0.0
CLOSE_LONG,4382.17,68227,4405.0,-22.829999999999927
OPEN_SHORT,4382.17,68227,4382.17,0.0
CLOSE_SHORT,4407.89,68292,4382.17,-25.720000000000255
OPEN_LONG,4407.89,68292,4407.89,0.0
CLOSE_LONG,4424.0,68335,4407.89,16.109999999999673
OPEN_SHORT,4424.0,68335,4424.0,0.0
CLOSE_SHORT,4450.23,68407,4424.0,-26.229999999999563
OPEN_LONG,4450.23,68407,4450.23,0.0
CLOSE_LONG,4434.11,68418,4450.23,-16.11999999999989
OPEN_SHORT,4434.11,68418,4434.11,0.0
CLOSE_SHORT,4462.33,68438,4434.11,-28.220000000000255
OPEN_LONG,4462.33,68438,4462.33,0.0
CLOSE_LONG,4468.3,68456,4462.33,5.970000000000255
OPEN_SHORT,4468.3,68456,4468.3,0.0
CLOSE_SHORT,4454.38,68462,4468.3,13.920000000000073
OPEN_LONG,4454.38,68462,4454.38,0.0
CLOSE_LONG,4466.8,68467,4454.38,12.420000000000073
OPEN_SHORT,4466.8,68467,4466.8,0.0
CLOSE_SHORT,4455.67,68468,4466.8,11.13000000000011
OPEN_LONG,4455.67,68468,4455.67,0.0
CLOSE_LONG,4453.9,68475,4455.67,-1.7700000000004366
OPEN_SHORT,4453.9,68475,4453.9,0.0
CLOSE_SHORT,4436.67,68487,4453.9,17.229999999999563
OPEN_LONG,4436.67,68487,4436.67,0.0
CLOSE_LONG,4291.6,68533,4436.67,-145.0699999999997
OPEN_SHORT,4291.6,68533,4291.6,0.0
CLOSE_SHORT,4278.8,68537,4291.6,12.800000000000182
OPEN_LONG,4278.8,68537,4278.8,0.0
CLOSE_LONG,4283.4,68545,4278.8,4.599999999999454
OPEN_SHORT,4283.4,68545,4283.4,0.0
CLOSE_SHORT,4273.01,68550,4283.4,10.389999999999418
OPEN_LONG,4273.01,68550,4273.01,0.0
CLOSE_LONG,4280.79,68558,4273.01,7.779999999999745
OPEN_SHORT,4280.79,68558,4280.79,0.0
CLOSE_SHORT,4279.59,68585,4280.79,1.199999999999818
OPEN_LONG,4279.59,68585,4279.59,0.0
CLOSE_LONG,4290.99,68589,4279.59,11.399999999999636
OPEN_SHORT,4290.99,68589,4290.99,0.0
CLOSE_SHORT,4285.77,68599,4290.99,5.219999999999345
OPEN_LONG,4285.77,68599,4285.77,0.0
CLOSE_LONG,4279.91,68617,4285.77,-5.860000000000582
OPEN_SHORT,4279.91,68617,4279.91,0.0
CLOSE_SHORT,4288.28,68662,4279.91,-8.36999999999989
OPEN_LONG,4288.28,68662,4288.28,0.0
CLOSE_LONG,4294.65,68670,4288.28,6.369999999999891
OPEN_SHORT,4294.65,68670,4294.65,0.0
CLOSE_SHORT,4283.77,68677,4294.65,10.8799999999992
OPEN_LONG,4283.77,68677,4283.77,0.0
CLOSE_LONG,4289.02,68684,4283.77,5.25
OPEN_SHORT,4289.02,68684,4289.02,0.0
CLOSE_SHORT,4284.0,68744,4289.02,5.020000000000437
OPEN_LONG,4284.0,68744,4284.0,0.0
CLOSE_LONG,4297.29,68762,4284.0,13.289999999999964
OPEN_SHORT,4297.29,68762,4297.29,0.0
CLOSE_SHORT,4317.08,68824,4297.29,-19.789999999999964
OPEN_LONG,4317.08,68824,4317.08,0.0
CLOSE_LONG,4334.13,68853,4317.08,17.050000000000182
OPEN_SHORT,4334.13,68853,4334.13,0.0
CLOSE_SHORT,4323.82,68858,4334.13,10.3100000000004
OPEN_LONG,4323.82,68858,4323.82,0.0
CLOSE_LONG,4338.49,68889,4323.82,14.670000000000073
OPEN_SHORT,4338.49,68889,4338.49,0.0
CLOSE_SHORT,4296.59,68928,4338.49,41.899999999999636
OPEN_LONG,4296.59,68928,4296.59,0.0
CLOSE_LONG,4314.46,68933,4296.59,17.86999999999989
OPEN_SHORT,4314.46,68933,4314.46,0.0
CLOSE_SHORT,4308.6,68935,4314.46,5.859999999999673
OPEN_LONG,4308.6,68935,4308.6,0.0
CLOSE_LONG,4310.0,68942,4308.6,1.3999999999996362
OPEN_SHORT,4310.0,68942,4310.0,0.0
CLOSE_SHORT,4296.99,68947,4310.0,13.010000000000218
OPEN_LONG,4296.99,68947,4296.99,0.0
CLOSE_LONG,4304.97,68952,4296.99,7.980000000000473
OPEN_SHORT,4304.97,68952,4304.97,0.0
CLOSE_SHORT,4298.8,68959,4304.97,6.170000000000073
OPEN_LONG,4298.8,68959,4298.8,0.0
CLOSE_LONG,4316.0,69115,4298.8,17.199999999999818
OPEN_SHORT,4316.0,69115,4316.0,0.0
CLOSE_SHORT,4309.4,69340,4316.0,6.600000000000364
OPEN_LONG,4309.4,69340,4309.4,0.0
CLOSE_LONG,4302.26,69481,4309.4,-7.139999999999418
OPEN_SHORT,4302.26,69481,4302.26,0.0
CLOSE_SHORT,4302.03,69634,4302.26,0.23000000000047294
OPEN_LONG,4302.03,69634,4302.03,0.0
CLOSE_LONG,4299.2,69860,4302.03,-2.8299999999999272
OPEN_SHORT,4299.2,69860,4299.2,0.0
CLOSE_SHORT,4282.3,69998,4299.2,16.899999999999636
OPEN_LONG,4282.3,69998,4282.3,0.0
CLOSE_LONG,4276.43,70010,4282.3,-5.869999999999891
OPEN_SHORT,4276.43,70010,4276.43,0.0
CLOSE_SHORT,4251.4,70071,4276.43,25.030000000000655
OPEN_LONG,4251.4,70071,4251.4,0.0
CLOSE_LONG,4257.09,70077,4251.4,5.690000000000509
OPEN_SHORT,4257.09,70077,4257.09,0.0
CLOSE_SHORT,4250.49,70284,4257.09,6.600000000000364
OPEN_LONG,4250.49,70284,4250.49,0.0
CLOSE_LONG,4281.2,70411,4250.49,30.710000000000036
OPEN_SHORT,4281.2,70411,4281.2,0.0
CLOSE_SHORT,4298.41,71096,4281.2,-17.210000000000036
OPEN_LONG,4298.41,71096,4298.41,0.0
CLOSE_LONG,4304.11,71343,4298.41,5.699999999999818
OPEN_SHORT,4304.11,71343,4304.11,0.0
CLOSE_SHORT,4294.14,71888,4304.11,9.969999999999345
OPEN_LONG,4294.14,71888,4294.14,0.0
CLOSE_LONG,4318.17,71911,4294.14,24.029999999999745
OPEN_SHORT,4318.17,71911,4318.17,0.0
CLOSE_SHORT,4310.66,71956,4318.17,7.510000000000218
OPEN_LONG,4310.66,71956,4310.66,0.0
CLOSE_LONG,4309.76,71974,4310.66,-0.8999999999996362
OPEN_SHORT,4309.76,71974,4309.76,0.0
CLOSE_SHORT,4302.79,72014,4309.76,6.970000000000255
OPEN_LONG,4302.79,72014,4302.79,0.0
CLOSE_LONG,4291.95,72120,4302.79,-10.840000000000146
OPEN_SHORT,4291.95,72120,4291.95,0.0
CLOSE_SHORT,4312.63,72193,4291.95,-20.68000000000029
OPEN_LONG,4312.63,72193,4312.63,0.0
CLOSE_LONG,4293.6,72470,4312.63,-19.029999999999745
OPEN_SHORT,4293.6,72470,4293.6,0.0
CLOSE_SHORT,4310.28,72655,4293.6,-16.67999999999938
OPEN_LONG,4310.28,72655,4310.28,0.0
CLOSE_LONG,4327.86,72751,4310.28,17.579999999999927
OPEN_SHORT,4327.86,72751,4327.86,0.0
CLOSE_SHORT,4343.1,72765,4327.86,-15.240000000000691
OPEN_LONG,4343.1,72765,4343.1,0.0
CLOSE_LONG,4330.96,72792,4343.1,-12.140000000000327
OPEN_SHORT,4330.96,72792,4330.96,0.0
CLOSE_SHORT,4325.04,72801,4330.96,5.920000000000073
OPEN_LONG,4325.04,72801,4325.04,0.0
CLOSE_LONG,4325.21,72811,4325.04,0.17000000000007276
OPEN_SHORT,4325.21,72811,4325.21,0.0
CLOSE_SHORT,4323.9,72823,4325.21,1.3100000000004002
OPEN_LONG,4323.9,72823,4323.9,0.0
CLOSE_LONG,4328.13,72832,4323.9,4.230000000000473
OPEN_SHORT,4328.13,72832,4328.13,0.0
CLOSE_SHORT,4344.1,72849,4328.13,-15.970000000000255
OPEN_LONG,4344.1,72849,4344.1,0.0
CLOSE_LONG,4351.78,72865,4344.1,7.6799999999993815
OPEN_SHORT,4351.78,72865,4351.78,0.0
CLOSE_SHORT,4367.36,72904,4351.78,-15.579999999999927
OPEN_LONG,4367.36,72904,4367.36,0.0
CLOSE_LONG,4364.59,72953,4367.36,-2.769999999999527
OPEN_SHORT,4364.59,72953,4364.59,0.0
CLOSE_SHORT,4355.04,72961,4364.59,9.550000000000182
OPEN_LONG,4355.04,72961,4355.04,0.0
CLOSE_LONG,4340.81,72984,4355.04,-14.229999999999563
OPEN_SHORT,4340.81,72984,4340.81,0.0
CLOSE_SHORT,4327.46,72991,4340.81,13.350000000000364
OPEN_LONG,4327.46,72991,4327.46,0.0
CLOSE_LONG,4324.31,73064,4327.46,-3.149999999999636
OPEN_SHORT,4324.31,73064,4324.31,0.0
CLOSE_SHORT,4312.43,73116,4324.31,11.88000000000011
OPEN_LONG,4312.43,73116,4312.43,0.0
CLOSE_LONG,4308.78,73136,4312.43,-3.6500000000005457
OPEN_SHORT,4308.78,73136,4308.78,0.0
CLOSE_SHORT,4288.8,73141,4308.78,19.979999999999563
OPEN_LONG,4288.8,73141,4288.8,0.0
CLOSE_LONG,4291.0,73147,4288.8,2.199999999999818
OPEN_SHORT,4291.0,73147,4291.0,0.0
CLOSE_SHORT,4319.58,73293,4291.0,-28.579999999999927
OPEN_LONG,4319.58,73293,4319.58,0.0
CLOSE_LONG,4325.1,73297,4319.58,5.520000000000437
OPEN_SHORT,4325.1,73297,4325.1,0.0
CLOSE_SHORT,4298.93,73374,4325.1,26.170000000000073
OPEN_LONG,4298.93,73374,4298.93,0.0
CLOSE_LONG,4308.05,73402,4298.93,9.11999999999989
OPEN_SHORT,4308.05,73402,4308.05,0.0
CLOSE_SHORT,4300.55,73427,4308.05,7.5
OPEN_LONG,4300.55,73427,4300.55,0.0
CLOSE_LONG,4291.47,73510,4300.55,-9.079999999999927
OPEN_SHORT,4291.47,73510,4291.47,0.0
CLOSE_SHORT,4283.23,73516,4291.47,8.240000000000691
OPEN_LONG,4283.23,73516,4283.23,0.0
CLOSE_LONG,4287.67,73558,4283.23,4.440000000000509
OPEN_SHORT,4287.67,73558,4287.67,0.0
CLOSE_SHORT,4335.68,73787,4287.67,-48.01000000000022
OPEN_LONG,4335.68,73787,4335.68,0.0
CLOSE_LONG,4353.04,73801,4335.68,17.359999999999673
OPEN_SHORT,4353.04,73801,4353.04,0.0
CLOSE_SHORT,4366.52,73850,4353.04,-13.480000000000473
OPEN_LONG,4366.52,73850,4366.52,0.0
CLOSE_LONG,4357.05,73878,4366.52,-9.470000000000255
OPEN_SHORT,4357.05,73878,4357.05,0.0
CLOSE_SHORT,4344.62,73906,4357.05,12.430000000000291
OPEN_LONG,4344.62,73906,4344.62,0.0
CLOSE_LONG,4352.51,73911,4344.62,7.890000000000327
OPEN_SHORT,4352.51,73911,4352.51,0.0
CLOSE_SHORT,4348.8,73934,4352.51,3.7100000000000364
OPEN_LONG,4348.8,73934,4348.8,0.0
CLOSE_LONG,4362.31,73962,4348.8,13.510000000000218
OPEN_SHORT,4362.31,73962,4362.31,0.0
CLOSE_SHORT,4351.36,74030,4362.31,10.950000000000728
OPEN_LONG,4351.36,74030,4351.36,0.0
CLOSE_LONG,4356.76,74046,4351.36,5.400000000000546
OPEN_SHORT,4356.76,74046,4356.76,0.0
CLOSE_SHORT,4345.01,74059,4356.76,11.75
OPEN_LONG,4345.01,74059,4345.01,0.0
CLOSE_LONG,4344.43,74131,4345.01,-0.5799999999999272
OPEN_SHORT,4344.43,74131,4344.43,0.0
CLOSE_SHORT,4346.73,74169,4344.43,-2.2999999999992724
OPEN_LONG,4346.73,74169,4346.73,0.0
CLOSE_LONG,4335.75,74201,4346.73,-10.979999999999563
OPEN_SHORT,4335.75,74201,4335.75,0.0
CLOSE_SHORT,4324.78,74205,4335.75,10.970000000000255
OPEN_LONG,4324.78,74205,4324.78,0.0
CLOSE_LONG,4337.76,74213,4324.78,12.980000000000473
OPEN_SHORT,4337.76,74213,4337.76,0.0
CLOSE_SHORT,4324.31,74247,4337.76,13.449999999999818
OPEN_LONG,4324.31,74247,4324.31,0.0
CLOSE_LONG,4314.22,74254,4324.31,-10.090000000000146
OPEN_SHORT,4314.22,74254,4314.22,0.0
CLOSE_SHORT,4316.58,74270,4314.22,-2.3599999999996726
OPEN_LONG,4316.58,74270,4316.58,0.0
CLOSE_LONG,4301.31,74285,4316.58,-15.269999999999527
OPEN_SHORT,4301.31,74285,4301.31,0.0
CLOSE_SHORT,4289.64,74316,4301.31,11.670000000000073
OPEN_LONG,4289.64,74316,4289.64,0.0
CLOSE_LONG,4296.07,74322,4289.64,6.4299999999993815
OPEN_SHORT,4296.07,74322,4296.07,0.0
CLOSE_SHORT,4283.47,74327,4296.07,12.599999999999454
OPEN_LONG,4283.47,74327,4283.47,0.0
CLOSE_LONG,4281.63,74351,4283.47,-1.8400000000001455
OPEN_SHORT,4281.63,74351,4281.63,0.0
CLOSE_SHORT,4281.63,74387,4281.63,0.0
OPEN_LONG,4281.63,74387,4281.63,0.0
CLOSE_LONG,4290.17,74391,4281.63,8.539999999999964
OPEN_SHORT,4290.17,74391,4290.17,0.0
CLOSE_SHORT,4286.03,74609,4290.17,4.140000000000327
OPEN_LONG,4286.03,74609,4286.03,0.0
CLOSE_LONG,4295.0,74655,4286.03,8.970000000000255
OPEN_SHORT,4295.0,74655,4295.0,0.0
CLOSE_SHORT,4306.75,74855,4295.0,-11.75
OPEN_LONG,4306.75,74855,4306.75,0.0
CLOSE_LONG,4300.55,74933,4306.75,-6.199999999999818
OPEN_SHORT,4300.55,74933,4300.55,0.0
CLOSE_SHORT,4300.0,74946,4300.55,0.5500000000001819
OPEN_LONG,4300.0,74946,4300.0,0.0
CLOSE_LONG,4310.4,74966,4300.0,10.399999999999636
OPEN_SHORT,4310.4,74966,4310.4,0.0
CLOSE_SHORT,4302.65,75164,4310.4,7.75
OPEN_LONG,4302.65,75164,4302.65,0.0
CLOSE_LONG,4307.05,75204,4302.65,4.400000000000546
OPEN_SHORT,4307.05,75204,4307.05,0.0
CLOSE_SHORT,4310.29,75392,4307.05,-3.2399999999997817
OPEN_LONG,4310.29,75392,4310.29,0.0
CLOSE_LONG,4341.21,75587,4310.29,30.920000000000073
OPEN_SHORT,4341.21,75587,4341.21,0.0
CLOSE_SHORT,4365.43,75602,4341.21,-24.220000000000255
OPEN_LONG,4365.43,75602,4365.43,0.0
CLOSE_LONG,4377.27,75609,4365.43,11.840000000000146
OPEN_SHORT,4377.27,75609,4377.27,0.0
CLOSE_SHORT,4362.6,75614,4377.27,14.670000000000073
OPEN_LONG,4362.6,75614,4362.6,0.0
CLOSE_LONG,4372.74,75630,4362.6,10.139999999999418
OPEN_SHORT,4372.74,75630,4372.74,0.0
CLOSE_SHORT,4358.19,75657,4372.74,14.550000000000182
OPEN_LONG,4358.19,75657,4358.19,0.0
CLOSE_LONG,4368.47,75662,4358.19,10.280000000000655
OPEN_SHORT,4368.47,75662,4368.47,0.0
CLOSE_SHORT,4412.54,75678,4368.47,-44.06999999999971
OPEN_LONG,4412.54,75678,4412.54,0.0
CLOSE_LONG,4416.0,75684,4412.54,3.4600000000000364
OPEN_SHORT,4416.0,75684,4416.0,0.0
CLOSE_SHORT,4432.39,75697,4416.0,-16.390000000000327
OPEN_LONG,4432.39,75697,4432.39,0.0
CLOSE_LONG,4438.43,75701,4432.39,6.039999999999964
OPEN_SHORT,4438.43,75701,4438.43,0.0
CLOSE_SHORT,4422.31,75714,4438.43,16.11999999999989
OPEN_LONG,4422.31,75714,4422.31,0.0
CLOSE_LONG,4418.04,75729,4422.31,-4.270000000000437
OPEN_SHORT,4418.04,75729,4418.04,0.0
CLOSE_SHORT,4407.07,75764,4418.04,10.970000000000255
OPEN_LONG,4407.07,75764,4407.07,0.0
CLOSE_LONG,4391.72,75878,4407.07,-15.349999999999454
OPEN_SHORT,4391.72,75878,4391.72,0.0
CLOSE_SHORT,4381.56,75884,4391.72,10.159999999999854
OPEN_LONG,4381.56,75884,4381.56,0.0
CLOSE_LONG,4345.05,75958,4381.56,-36.51000000000022
OPEN_SHORT,4345.05,75958,4345.05,0.0
CLOSE_SHORT,4328.5,75987,4345.05,16.550000000000182
OPEN_LONG,4328.5,75987,4328.5,0.0
CLOSE_LONG,4309.05,76015,4328.5,-19.449999999999818
OPEN_SHORT,4309.05,76015,4309.05,0.0
CLOSE_SHORT,4298.31,76021,4309.05,10.739999999999782
OPEN_LONG,4298.31,76021,4298.31,0.0
CLOSE_LONG,4313.4,76025,4298.31,15.089999999999236
OPEN_SHORT,4313.4,76025,4313.4,0.0
CLOSE_SHORT,4338.76,76318,4313.4,-25.360000000000582
OPEN_LONG,4338.76,76318,4338.76,0.0
CLOSE_LONG,4370.11,76355,4338.76,31.349999999999454
OPEN_SHORT,4370.11,76355,4370.11,0.0
CLOSE_SHORT,4362.73,76383,4370.11,7.380000000000109
OPEN_LONG,4362.73,76383,4362.73,0.0
CLOSE_LONG,4373.66,76413,4362.73,10.930000000000291
OPEN_SHORT,4373.66,76413,4373.66,0.0
CLOSE_SHORT,4363.34,76423,4373.66,10.319999999999709
OPEN_LONG,4363.34,76423,4363.34,0.0
CLOSE_LONG,4371.6,76431,4363.34,8.260000000000218
OPEN_SHORT,4371.6,76431,4371.6,0.0
CLOSE_SHORT,4396.16,76526,4371.6,-24.55999999999949
OPEN_LONG,4396.16,76526,4396.16,0.0
CLOSE_LONG,4412.2,76542,4396.16,16.039999999999964
OPEN_SHORT,4412.2,76542,4412.2,0.0
CLOSE_SHORT,4429.04,76707,4412.2,-16.840000000000146
OPEN_LONG,4429.04,76707,4429.04,0.0
CLOSE_LONG,4444.56,76712,4429.04,15.520000000000437
OPEN_SHORT,4444.56,76712,4444.56,0.0
CLOSE_SHORT,4407.0,76856,4444.56,37.5600000000004
OPEN_LONG,4407.0,76856,4407.0,0.0
CLOSE_LONG,4426.44,76890,4407.0,19.4399999999996
OPEN_SHORT,4426.44,76890,4426.44,0.0
CLOSE_SHORT,4386.25,77033,4426.44,40.1899999999996
OPEN_LONG,4386.25,77033,4386.25,0.0
CLOSE_LONG,4418.73,77038,4386.25,32.47999999999956
OPEN_SHORT,4418.73,77038,4418.73,0.0
CLOSE_SHORT,4409.1,77045,4418.73,9.6299999999992
OPEN_LONG,4409.1,77045,4409.1,0.0
CLOSE_LONG,4432.4,77050,4409.1,23.299999999999272
OPEN_SHORT,4432.4,77050,4432.4,0.0
CLOSE_SHORT,4431.76,77058,4432.4,0.6399999999994179
OPEN_LONG,4431.76,77058,4431.76,0.0
CLOSE_LONG,4402.9,77083,4431.76,-28.860000000000582
OPEN_SHORT,4402.9,77083,4402.9,0.0
CLOSE_SHORT,4409.31,77099,4402.9,-6.410000000000764
OPEN_LONG,4409.31,77099,4409.31,0.0
CLOSE_LONG,4410.39,77114,4409.31,1.0799999999999272
OPEN_SHORT,4410.39,77114,4410.39,0.0
CLOSE_SHORT,4424.42,77126,4410.39,-14.029999999999745
OPEN_LONG,4424.42,77126,4424.42,0.0
CLOSE_LONG,4408.58,77147,4424.42,-15.840000000000146
OPEN_SHORT,4408.58,77147,4408.58,0.0
CLOSE_SHORT,4418.45,77175,4408.58,-9.86999999999989
OPEN_LONG,4418.45,77175,4418.45,0.0
CLOSE_LONG,4427.28,77181,4418.45,8.829999999999927
OPEN_SHORT,4427.28,77181,4427.28,0.0
CLOSE_SHORT,4418.46,77190,4427.28,8.819999999999709
OPEN_LONG,4418.46,77190,4418.46,0.0
CLOSE_LONG,4426.47,77201,4418.46,8.010000000000218
OPEN_SHORT,4426.47,77201,4426.47,0.0
CLOSE_SHORT,4418.68,77207,4426.47,7.789999999999964
OPEN_LONG,4418.68,77207,4418.68,0.0
CLOSE_LONG,4408.0,77238,4418.68,-10.680000000000291
OPEN_SHORT,4408.0,77238,4408.0,0.0
CLOSE_SHORT,4412.4,77267,4408.0,-4.399999999999636
OPEN_LONG,4412.4,77267,4412.4,0.0
CLOSE_LONG,4416.54,77282,4412.4,4.140000000000327
OPEN_SHORT,4416.54,77282,4416.54,0.0
CLOSE_SHORT,4423.71,77375,4416.54,-7.170000000000073
OPEN_LONG,4423.71,77375,4423.71,0.0
CLOSE_LONG,4418.4,77403,4423.71,-5.3100000000004
OPEN_SHORT,4418.4,77403,4418.4,0.0
CLOSE_SHORT,4412.34,77434,4418.4,6.059999999999491
OPEN_LONG,4412.34,77434,4412.34,0.0
CLOSE_LONG,4428.28,77596,4412.34,15.9399999999996
OPEN_SHORT,4428.28,77596,4428.28,0.0
CLOSE_SHORT,4519.8,77778,4428.28,-91.52000000000044
OPEN_LONG,4519.8,77778,4519.8,0.0
CLOSE_LONG,4522.89,77784,4519.8,3.0900000000001455
OPEN_SHORT,4522.89,77784,4522.89,0.0
CLOSE_SHORT,4510.0,77816,4522.89,12.890000000000327
OPEN_LONG,4510.0,77816,4510.0,0.0
CLOSE_LONG,4505.38,77847,4510.0,-4.619999999999891
OPEN_SHORT,4505.38,77847,4505.38,0.0
CLOSE_SHORT,4491.35,77941,4505.38,14.029999999999745
OPEN_LONG,4491.35,77941,4491.35,0.0
CLOSE_LONG,4528.23,78066,4491.35,36.8799999999992
OPEN_SHORT,4528.23,78066,4528.23,0.0
CLOSE_SHORT,4514.8,78219,4528.23,13.429999999999382
OPEN_LONG,4514.8,78219,4514.8,0.0
CLOSE_LONG,4520.7,78332,4514.8,5.899999999999636
OPEN_SHORT,4520.7,78332,4520.7,0.0
CLOSE_SHORT,4511.02,78538,4520.7,9.679999999999382
OPEN_LONG,4511.02,78538,4511.02,0.0
CLOSE_LONG,4526.72,78556,4511.02,15.699999999999818
OPEN_SHORT,4526.72,78556,4526.72,0.0
CLOSE_SHORT,4545.83,78575,4526.72,-19.109999999999673
OPEN_LONG,4545.83,78575,4545.83,0.0
CLOSE_LONG,4556.45,78580,4545.83,10.61999999999989
OPEN_SHORT,4556.45,78580,4556.45,0.0
CLOSE_SHORT,4551.09,78595,4556.45,5.359999999999673
OPEN_LONG,4551.09,78595,4551.09,0.0
CLOSE_LONG,4539.24,78611,4551.09,-11.850000000000364
OPEN_SHORT,4539.24,78611,4539.24,0.0
CLOSE_SHORT,4534.45,78626,4539.24,4.789999999999964
OPEN_LONG,4534.45,78626,4534.45,0.0
CLOSE_LONG,4540.32,78638,4534.45,5.869999999999891
OPEN_SHORT,4540.32,78638,4540.32,0.0
CLOSE_SHORT,4530.65,78644,4540.32,9.670000000000073
OPEN_LONG,4530.65,78644,4530.65,0.0
CLOSE_LONG,4538.45,78657,4530.65,7.800000000000182
OPEN_SHORT,4538.45,78657,4538.45,0.0
CLOSE_SHORT,4558.08,78717,4538.45,-19.63000000000011
OPEN_LONG,4558.08,78717,4558.08,0.0
CLOSE_LONG,4565.42,78729,4558.08,7.3400000000001455
OPEN_SHORT,4565.42,78729,4565.42,0.0
CLOSE_SHORT,4566.61,78746,4565.42,-1.1899999999995998
OPEN_LONG,4566.61,78746,4566.61,0.0
CLOSE_LONG,4585.69,78766,4566.61,19.079999999999927
OPEN_SHORT,4585.69,78766,4585.69,0.0
CLOSE_SHORT,4611.0,78795,4585.69,-25.3100000000004
OPEN_LONG,4611.0,78795,4611.0,0.0
CLOSE_LONG,4606.86,78811,4611.0,-4.140000000000327
OPEN_SHORT,4606.86,78811,4606.86,0.0
CLOSE_SHORT,4613.0,78845,4606.86,-6.140000000000327
OPEN_LONG,4613.0,78845,4613.0,0.0
CLOSE_LONG,4619.53,78856,4613.0,6.529999999999745
OPEN_SHORT,4619.53,78856,4619.53,0.0
CLOSE_SHORT,4640.28,78923,4619.53,-20.75
OPEN_LONG,4640.28,78923,4640.28,0.0
CLOSE_LONG,4652.75,78929,4640.28,12.470000000000255
OPEN_SHORT,4652.75,78929,4652.75,0.0
CLOSE_SHORT,4640.29,78936,4652.75,12.460000000000036
OPEN_LONG,4640.29,78936,4640.29,0.0
CLOSE_LONG,4640.8,78948,4640.29,0.5100000000002183
OPEN_SHORT,4640.8,78948,4640.8,0.0
CLOSE_SHORT,4671.47,78977,4640.8,-30.670000000000073
OPEN_LONG,4671.47,78977,4671.47,0.0
CLOSE_LONG,4667.78,78995,4671.47,-3.6900000000005093
OPEN_SHORT,4667.78,78995,4667.78,0.0
CLOSE_SHORT,4711.39,79067,4667.78,-43.61000000000058
OPEN_LONG,4711.39,79067,4711.39,0.0
CLOSE_LONG,4703.01,79091,4711.39,-8.38000000000011
OPEN_SHORT,4703.01,79091,4703.01,0.0
CLOSE_SHORT,4676.0,79112,4703.01,27.01000000000022
OPEN_LONG,4676.0,79112,4676.0,0.0
CLOSE_LONG,4689.49,79118,4676.0,13.489999999999782
OPEN_SHORT,4689.49,79118,4689.49,0.0
CLOSE_SHORT,4700.01,79163,4689.49,-10.520000000000437
OPEN_LONG,4700.01,79163,4700.01,0.0
CLOSE_LONG,4705.2,79179,4700.01,5.1899999999996
OPEN_SHORT,4705.2,79179,4705.2,0.0
CLOSE_SHORT,4718.26,79242,4705.2,-13.0600000000004
OPEN_LONG,4718.26,79242,4718.26,0.0
CLOSE_LONG,4699.99,79289,4718.26,-18.270000000000437
OPEN_SHORT,4699.99,79289,4699.99,0.0
CLOSE_SHORT,4699.11,79298,4699.99,0.8800000000001091
OPEN_LONG,4699.11,79298,4699.11,0.0
CLOSE_LONG,4709.38,79303,4699.11,10.270000000000437
OPEN_SHORT,4709.38,79303,4709.38,0.0
CLOSE_SHORT,4714.56,79366,4709.38,-5.180000000000291
OPEN_LONG,4714.56,79366,4714.56,0.0
CLOSE_LONG,4724.15,79371,4714.56,9.589999999999236
OPEN_SHORT,4724.15,79371,4724.15,0.0
CLOSE_SHORT,4749.21,79401,4724.15,-25.0600000000004
OPEN_LONG,4749.21,79401,4749.21,0.0
CLOSE_LONG,4743.57,79432,4749.21,-5.640000000000327
OPEN_SHORT,4743.57,79432,4743.57,0.0
CLOSE_SHORT,4735.25,79461,4743.57,8.319999999999709
OPEN_LONG,4735.25,79461,4735.25,0.0
CLOSE_LONG,4725.63,79697,4735.25,-9.61999999999989
OPEN_SHORT,4725.63,79697,4725.63,0.0
CLOSE_SHORT,4709.87,79794,4725.63,15.760000000000218
OPEN_LONG,4709.87,79794,4709.87,0.0
CLOSE_LONG,4717.62,79799,4709.87,7.75
OPEN_SHORT,4717.62,79799,4717.62,0.0
CLOSE_SHORT,4687.57,79990,4717.62,30.050000000000182
OPEN_LONG,4687.57,79990,4687.57,0.0
CLOSE_LONG,4677.99,79996,4687.57,-9.579999999999927
OPEN_SHORT,4677.99,79996,4677.99,0.0
CLOSE_SHORT,4666.16,80002,4677.99,11.829999999999927
OPEN_LONG,4666.16,80002,4666.16,0.0
CLOSE_LONG,4673.96,80007,4666.16,7.800000000000182
OPEN_SHORT,4673.96,80007,4673.96,0.0
CLOSE_SHORT,4689.27,80033,4673.96,-15.3100000000004
OPEN_LONG,4689.27,80033,4689.27,0.0
CLOSE_LONG,4694.95,80065,4689.27,5.6799999999993815
OPEN_SHORT,4694.95,80065,4694.95,0.0
CLOSE_SHORT,4685.56,80084,4694.95,9.389999999999418
OPEN_LONG,4685.56,80084,4685.56,0.0
CLOSE_LONG,4665.6,80123,4685.56,-19.960000000000036
OPEN_SHORT,4665.6,80123,4665.6,0.0
CLOSE_SHORT,4647.14,80127,4665.6,18.460000000000036
OPEN_LONG,4647.14,80127,4647.14,0.0
CLOSE_LONG,4635.72,80142,4647.14,-11.420000000000073
OPEN_SHORT,4635.72,80142,4635.72,0.0
CLOSE_SHORT,4615.67,80167,4635.72,20.050000000000182
OPEN_LONG,4615.67,80167,4615.67,0.0
CLOSE_LONG,4627.74,80172,4615.67,12.069999999999709
OPEN_SHORT,4627.74,80172,4627.74,0.0
CLOSE_SHORT,4611.23,80181,4627.74,16.51000000000022
OPEN_LONG,4611.23,80181,4611.23,0.0
CLOSE_LONG,4620.22,80186,4611.23,8.990000000000691
OPEN_SHORT,4620.22,80186,4620.22,0.0
CLOSE_SHORT,4659.33,80567,4620.22,-39.10999999999967
OPEN_LONG,4659.33,80567,4659.33,0.0
CLOSE_LONG,4670.91,80656,4659.33,11.579999999999927
OPEN_SHORT,4670.91,80656,4670.91,0.0
CLOSE_SHORT,4660.09,80661,4670.91,10.819999999999709
OPEN_LONG,4660.09,80661,4660.09,0.0
CLOSE_LONG,4674.76,80707,4660.09,14.670000000000073
OPEN_SHORT,4674.76,80707,4674.76,0.0
CLOSE_SHORT,4671.94,80785,4674.76,2.8200000000006185
OPEN_LONG,4671.94,80785,4671.94,0.0
CLOSE_LONG,4647.84,80863,4671.94,-24.099999999999454
OPEN_SHORT,4647.84,80863,4647.84,0.0
CLOSE_SHORT,4645.32,81277,4647.84,2.5200000000004366
OPEN_LONG,4645.32,81277,4645.32,0.0
CLOSE_LONG,4631.83,81374,4645.32,-13.489999999999782
OPEN_SHORT,4631.83,81374,4631.83,0.0
CLOSE_SHORT,4621.16,81384,4631.83,10.670000000000073
OPEN_LONG,4621.16,81384,4621.16,0.0
CLOSE_LONG,4621.07,81411,4621.16,-0.09000000000014552
OPEN_SHORT,4621.07,81411,4621.07,0.0
CLOSE_SHORT,4606.83,81435,4621.07,14.239999999999782
OPEN_LONG,4606.83,81435,4606.83,0.0
CLOSE_LONG,4614.49,81439,4606.83,7.6599999999998545
OPEN_SHORT,4614.49,81439,4614.49,0.0
CLOSE_SHORT,4625.27,81456,4614.49,-10.780000000000655
OPEN_LONG,4625.27,81456,4625.27,0.0
CLOSE_LONG,4617.26,81467,4625.27,-8.010000000000218
OPEN_SHORT,4617.26,81467,4617.26,0.0
CLOSE_SHORT,4597.16,81476,4617.26,20.100000000000364
OPEN_LONG,4597.16,81476,4597.16,0.0
CLOSE_LONG,4599.5,81484,4597.16,2.3400000000001455
OPEN_SHORT,4599.5,81484,4599.5,0.0
CLOSE_SHORT,4584.21,81507,4599.5,15.289999999999964
OPEN_LONG,4584.21,81507,4584.21,0.0
CLOSE_LONG,4592.41,81537,4584.21,8.199999999999818
OPEN_SHORT,4592.41,81537,4592.41,0.0
CLOSE_SHORT,4619.45,81821,4592.41,-27.039999999999964
OPEN_LONG,4619.45,81821,4619.45,0.0
CLOSE_LONG,4618.18,81873,4619.45,-1.269999999999527
OPEN_SHORT,4618.18,81873,4618.18,0.0
CLOSE_SHORT,4616.56,81924,4618.18,1.6199999999998909
OPEN_LONG,4616.56,81924,4616.56,0.0
CLOSE_LONG,4619.12,81933,4616.56,2.5599999999994907
OPEN_SHORT,4619.12,81933,4619.12,0.0
CLOSE_SHORT,4618.61,81986,4619.12,0.5100000000002183
OPEN_LONG,4618.61,81986,4618.61,0.0
CLOSE_LONG,4599.5,82059,4618.61,-19.109999999999673
OPEN_SHORT,4599.5,82059,4599.5,0.0
CLOSE_SHORT,4585.67,82105,4599.5,13.829999999999927
OPEN_LONG,4585.67,82105,4585.67,0.0
CLOSE_LONG,4591.0,82117,4585.67,5.329999999999927
OPEN_SHORT,4591.0,82117,4591.0,0.0
CLOSE_SHORT,4610.11,82149,4591.0,-19.109999999999673
OPEN_LONG,4610.11,82149,4610.11,0.0
CLOSE_LONG,4624.36,82159,4610.11,14.25
OPEN_SHORT,4624.36,82159,4624.36,0.0
CLOSE_SHORT,4646.16,82306,4624.36,-21.800000000000182
OPEN_LONG,4646.16,82306,4646.16,0.0
CLOSE_LONG,4661.17,82357,4646.16,15.010000000000218
OPEN_SHORT,4661.17,82357,4661.17,0.0
CLOSE_SHORT,4649.76,82426,4661.17,11.409999999999854
OPEN_LONG,4649.76,82426,4649.76,0.0
CLOSE_LONG,4628.09,82457,4649.76,-21.670000000000073
OPEN_SHORT,4628.09,82457,4628.09,0.0
CLOSE_SHORT,4626.69,82482,4628.09,1.4000000000005457
OPEN_LONG,4626.69,82482,4626.69,0.0
CLOSE_LONG,4566.77,82525,4626.69,-59.91999999999916
OPEN_SHORT,4566.77,82525,4566.77,0.0
CLOSE_SHORT,4547.27,82553,4566.77,19.5
OPEN_LONG,4547.27,82553,4547.27,0.0
CLOSE_LONG,4519.27,82580,4547.27,-28.0
OPEN_SHORT,4519.27,82580,4519.27,0.0
CLOSE_SHORT,4519.95,82785,4519.27,-0.6799999999993815
OPEN_LONG,4519.95,82785,4519.95,0.0
CLOSE_LONG,4522.0,82829,4519.95,2.050000000000182
OPEN_SHORT,4522.0,82829,4522.0,0.0
CLOSE_SHORT,4526.99,82855,4522.0,-4.989999999999782
OPEN_LONG,4526.99,82855,4526.99,0.0
CLOSE_LONG,4507.0,82867,4526.99,-19.98999999999978
OPEN_SHORT,4507.0,82867,4507.0,0.0
CLOSE_SHORT,4507.9,82879,4507.0,-0.8999999999996362
OPEN_LONG,4507.9,82879,4507.9,0.0
CLOSE_LONG,4509.68,82892,4507.9,1.7800000000006548
OPEN_SHORT,4509.68,82892,4509.68,0.0
CLOSE_SHORT,4512.3,82912,4509.68,-2.619999999999891
OPEN_LONG,4512.3,82912,4512.3,0.0
CLOSE_LONG,4521.89,82917,4512.3,9.590000000000146
OPEN_SHORT,4521.89,82917,4521.89,0.0
CLOSE_SHORT,4504.33,82947,4521.89,17.5600000000004
OPEN_LONG,4504.33,82947,4504.33,0.0
CLOSE_LONG,4483.0,82975,4504.33,-21.329999999999927
OPEN_SHORT,4483.0,82975,4483.0,0.0
CLOSE_SHORT,4493.06,82999,4483.0,-10.0600000000004
OPEN_LONG,4493.06,82999,4493.06,0.0
CLOSE_LONG,4494.2,83008,4493.06,1.139999999999418
OPEN_SHORT,4494.2,83008,4494.2,0.0
CLOSE_SHORT,4485.69,83077,4494.2,8.510000000000218
OPEN_LONG,4485.69,83077,4485.69,0.0
CLOSE_LONG,4488.87,83088,4485.69,3.180000000000291
OPEN_SHORT,4488.87,83088,4488.87,0.0
CLOSE_SHORT,4491.23,83127,4488.87,-2.3599999999996726
OPEN_LONG,4491.23,83127,4491.23,0.0
CLOSE_LONG,4497.26,83140,4491.23,6.030000000000655
OPEN_SHORT,4497.26,83140,4497.26,0.0
CLOSE_SHORT,4500.34,83187,4497.26,-3.0799999999999272
OPEN_LONG,4500.34,83187,4500.34,0.0
CLOSE_LONG,4488.86,83212,4500.34,-11.480000000000473
OPEN_SHORT,4488.86,83212,4488.86,0.0
CLOSE_SHORT,4487.36,83228,4488.86,1.5
OPEN_LONG,4487.36,83228,4487.36,0.0
CLOSE_LONG,4495.78,83246,4487.36,8.420000000000073
OPEN_SHORT,4495.78,83246,4495.78,0.0
CLOSE_SHORT,4514.25,83367,4495.78,-18.470000000000255
OPEN_LONG,4514.25,83367,4514.25,0.0
CLOSE_LONG,4517.87,83428,4514.25,3.619999999999891
OPEN_SHORT,4517.87,83428,4517.87,0.0
CLOSE_SHORT,4509.52,83501,4517.87,8.349999999999454
OPEN_LONG,4509.52,83501,4509.52,0.0
CLOSE_LONG,4530.4,83582,4509.52,20.8799999999992
OPEN_SHORT,4530.4,83582,4530.4,0.0
CLOSE_SHORT,4515.83,83592,4530.4,14.569999999999709
OPEN_LONG,4515.83,83592,4515.83,0.0
CLOSE_LONG,4525.82,83602,4515.83,9.989999999999782
OPEN_SHORT,4525.82,83602,4525.82,0.0
CLOSE_SHORT,4522.16,83620,4525.82,3.6599999999998545
OPEN_LONG,4522.16,83620,4522.16,0.0
CLOSE_LONG,4528.7,83691,4522.16,6.539999999999964
OPEN_SHORT,4528.7,83691,4528.7,0.0
CLOSE_SHORT,4509.09,83728,4528.7,19.609999999999673
OPEN_LONG,4509.09,83728,4509.09,0.0
CLOSE_LONG,4505.6,83739,4509.09,-3.4899999999997817
OPEN_SHORT,4505.6,83739,4505.6,0.0
CLOSE_SHORT,4516.57,83797,4505.6,-10.969999999999345
OPEN_LONG,4516.57,83797,4516.57,0.0
CLOSE_LONG,4519.05,83804,4516.57,2.480000000000473
OPEN_SHORT,4519.05,83804,4519.05,0.0
CLOSE_SHORT,4507.65,83867,4519.05,11.400000000000546
OPEN_LONG,4507.65,83867,4507.65,0.0
CLOSE_LONG,4504.16,83881,4507.65,-3.4899999999997817
OPEN_SHORT,4504.16,83881,4504.16,0.0
CLOSE_SHORT,4514.87,83977,4504.16,-10.710000000000036
OPEN_LONG,4514.87,83977,4514.87,0.0
CLOSE_LONG,4505.39,83996,4514.87,-9.479999999999563
OPEN_SHORT,4505.39,83996,4505.39,0.0
CLOSE_SHORT,4485.6,84293,4505.39,19.789999999999964
OPEN_LONG,4485.6,84293,4485.6,0.0
CLOSE_LONG,4452.57,84311,4485.6,-33.030000000000655
OPEN_SHORT,4452.57,84311,4452.57,0.0
CLOSE_SHORT,4458.72,84320,4452.57,-6.150000000000546
OPEN_LONG,4458.72,84320,4458.72,0.0
CLOSE_LONG,4442.33,84332,4458.72,-16.390000000000327
OPEN_SHORT,4442.33,84332,4442.33,0.0
CLOSE_SHORT,4427.38,84337,4442.33,14.949999999999818
OPEN_LONG,4427.38,84337,4427.38,0.0
CLOSE_LONG,4440.01,84340,4427.38,12.63000000000011
OPEN_SHORT,4440.01,84340,4440.01,0.0
CLOSE_SHORT,4432.89,84379,4440.01,7.119999999999891
OPEN_LONG,4432.89,84379,4432.89,0.0
CLOSE_LONG,4437.21,84385,4432.89,4.319999999999709
OPEN_SHORT,4437.21,84385,4437.21,0.0
CLOSE_SHORT,4491.6,84532,4437.21,-54.39000000000033
OPEN_LONG,4491.6,84532,4491.6,0.0
CLOSE_LONG,4487.0,84551,4491.6,-4.600000000000364
OPEN_SHORT,4487.0,84551,4487.0,0.0
CLOSE_SHORT,4481.39,84583,4487.0,5.609999999999673
OPEN_LONG,4481.39,84583,4481.39,0.0
CLOSE_LONG,4481.64,84630,4481.39,0.25
OPEN_SHORT,4481.64,84630,4481.64,0.0
CLOSE_SHORT,4475.0,84643,4481.64,6.640000000000327
OPEN_LONG,4475.0,84643,4475.0,0.0
CLOSE_LONG,4498.3,84767,4475.0,23.300000000000182
OPEN_SHORT,4498.3,84767,4498.3,0.0
CLOSE_SHORT,4506.08,84878,4498.3,-7.779999999999745
OPEN_LONG,4506.08,84878,4506.08,0.0
CLOSE_LONG,4521.6,85066,4506.08,15.520000000000437
OPEN_SHORT,4521.6,85066,4521.6,0.0
CLOSE_SHORT,4528.61,85090,4521.6,-7.009999999999309
OPEN_LONG,4528.61,85090,4528.61,0.0
CLOSE_LONG,4527.16,85103,4528.61,-1.449999999999818
OPEN_SHORT,4527.16,85103,4527.16,0.0
CLOSE_SHORT,4488.11,85173,4527.16,39.05000000000018
OPEN_LONG,4488.11,85173,4488.11,0.0
CLOSE_LONG,4475.33,85210,4488.11,-12.779999999999745
OPEN_SHORT,4475.33,85210,4475.33,0.0
CLOSE_SHORT,4527.35,85400,4475.33,-52.02000000000044
OPEN_LONG,4527.35,85400,4527.35,0.0
CLOSE_LONG,4493.37,85598,4527.35,-33.98000000000047
OPEN_SHORT,4493.37,85598,4493.37,0.0
CLOSE_SHORT,4499.36,85673,4493.37,-5.989999999999782
OPEN_LONG,4499.36,85673,4499.36,0.0
CLOSE_LONG,4495.31,85742,4499.36,-4.049999999999272
OPEN_SHORT,4495.31,85742,4495.31,0.0
CLOSE_SHORT,4488.0,85775,4495.31,7.3100000000004
OPEN_LONG,4488.0,85775,4488.0,0.0
CLOSE_LONG,4486.19,85794,4488.0,-1.8100000000004002
OPEN_SHORT,4486.19,85794,4486.19,0.0
CLOSE_SHORT,4485.4,85837,4486.19,0.7899999999999636
OPEN_LONG,4485.4,85837,4485.4,0.0
CLOSE_LONG,4492.09,85847,4485.4,6.690000000000509
OPEN_SHORT,4492.09,85847,4492.09,0.0
CLOSE_SHORT,4482.78,85876,4492.09,9.3100000000004
OPEN_LONG,4482.78,85876,4482.78,0.0
CLOSE_LONG,4480.99,85904,4482.78,-1.7899999999999636
OPEN_SHORT,4480.99,85904,4480.99,0.0
CLOSE_SHORT,4502.88,85980,4480.99,-21.890000000000327
OPEN_LONG,4502.88,85980,4502.88,0.0
CLOSE_LONG,4515.01,85988,4502.88,12.13000000000011
OPEN_SHORT,4515.01,85988,4515.01,0.0
CLOSE_SHORT,4426.42,85993,4515.01,88.59000000000015
OPEN_LONG,4426.42,85993,4426.42,0.0
CLOSE_LONG,4501.17,85998,4426.42,74.75
OPEN_SHORT,4501.17,85998,4501.17,0.0
CLOSE_SHORT,4484.01,86003,4501.17,17.159999999999854
OPEN_LONG,4484.01,86003,4484.01,0.0
CLOSE_LONG,4475.34,86012,4484.01,-8.670000000000073
OPEN_SHORT,4475.34,86012,4475.34,0.0
CLOSE_SHORT,4463.59,86026,4475.34,11.75
OPEN_LONG,4463.59,86026,4463.59,0.0
CLOSE_LONG,4452.81,86043,4463.59,-10.779999999999745
OPEN_SHORT,4452.81,86043,4452.81,0.0
CLOSE_SHORT,4437.61,86046,4452.81,15.200000000000728
OPEN_LONG,4437.61,86046,4437.61,0.0
CLOSE_LONG,4452.74,86052,4437.61,15.13000000000011
OPEN_SHORT,4452.74,86052,4452.74,0.0
CLOSE_SHORT,4482.75,86065,4452.74,-30.01000000000022
OPEN_LONG,4482.75,86065,4482.75,0.0
CLOSE_LONG,4487.15,86077,4482.75,4.399999999999636
OPEN_SHORT,4487.15,86077,4487.15,0.0
CLOSE_SHORT,4496.44,86084,4487.15,-9.289999999999964
OPEN_LONG,4496.44,86084,4496.44,0.0
CLOSE_LONG,4504.54,86089,4496.44,8.100000000000364
OPEN_SHORT,4504.54,86089,4504.54,0.0
CLOSE_SHORT,4525.2,86137,4504.54,-20.659999999999854
OPEN_LONG,4525.2,86137,4525.2,0.0
CLOSE_LONG,4524.04,86148,4525.2,-1.1599999999998545
OPEN_SHORT,4524.04,86148,4524.04,0.0
CLOSE_SHORT,4506.57,86152,4524.04,17.470000000000255
OPEN_LONG,4506.57,86152,4506.57,0.0
CLOSE_LONG,4500.22,86185,4506.57,-6.349999999999454
OPEN_SHORT,4500.22,86185,4500.22,0.0
CLOSE_SHORT,4522.51,86229,4500.22,-22.289999999999964
OPEN_LONG,4522.51,86229,4522.51,0.0
CLOSE_LONG,4531.6,86234,4522.51,9.090000000000146
OPEN_SHORT,4531.6,86234,4531.6,0.0
CLOSE_SHORT,4586.11,86293,4531.6,-54.50999999999931
OPEN_LONG,4586.11,86293,4586.11,0.0
CLOSE_LONG,4603.09,86297,4586.11,16.980000000000473
OPEN_SHORT,4603.09,86297,4603.09,0.0
CLOSE_SHORT,4596.02,86310,4603.09,7.069999999999709
OPEN_LONG,4596.02,86310,4596.02,0.0
CLOSE_LONG,4599.59,86327,4596.02,3.569999999999709
OPEN_SHORT,4599.59,86327,4599.59,0.0
CLOSE_SHORT,4587.17,86333,4599.59,12.420000000000073
OPEN_LONG,4587.17,86333,4587.17,0.0
CLOSE_LONG,4590.58,86340,4587.17,3.4099999999998545
OPEN_SHORT,4590.58,86340,4590.58,0.0
CLOSE_SHORT,4595.98,86380,4590.58,-5.399999999999636
OPEN_LONG,4595.98,86380,4595.98,0.0
CLOSE_LONG,4603.1,86396,4595.98,7.1200000000008
OPEN_SHORT,4603.1,86396,4603.1,0.0
CLOSE_SHORT,4587.14,86408,4603.1,15.960000000000036
OPEN_LONG,4587.14,86408,4587.14,0.0
CLOSE_LONG,4599.54,86419,4587.14,12.399999999999636
OPEN_SHORT,4599.54,86419,4599.54,0.0
CLOSE_SHORT,4620.63,86463,4599.54,-21.090000000000146
OPEN_LONG,4620.63,86463,4620.63,0.0
CLOSE_LONG,4621.73,86541,4620.63,1.0999999999994543
OPEN_SHORT,4621.73,86541,4621.73,0.0
CLOSE_SHORT,4629.67,86554,4621.73,-7.940000000000509
OPEN_LONG,4629.67,86554,4629.67,0.0
CLOSE_LONG,4627.93,86573,4629.67,-1.7399999999997817
OPEN_SHORT,4627.93,86573,4627.93,0.0
CLOSE_SHORT,4607.12,86615,4627.93,20.8100000000004
OPEN_LONG,4607.12,86615,4607.12,0.0
CLOSE_LONG,4569.0,86732,4607.12,-38.11999999999989
OPEN_SHORT,4569.0,86732,4569.0,0.0
CLOSE_SHORT,4555.15,86742,4569.0,13.850000000000364
OPEN_LONG,4555.15,86742,4555.15,0.0
CLOSE_LONG,4563.6,86748,4555.15,8.450000000000728
OPEN_SHORT,4563.6,86748,4563.6,0.0
CLOSE_SHORT,4584.63,86963,4563.6,-21.029999999999745
OPEN_LONG,4584.63,86963,4584.63,0.0
CLOSE_LONG,4575.76,87112,4584.63,-8.86999999999989
OPEN_SHORT,4575.76,87112,4575.76,0.0
CLOSE_SHORT,4583.84,87174,4575.76,-8.079999999999927
OPEN_LONG,4583.84,87174,4583.84,0.0
CLOSE_LONG,4581.2,87183,4583.84,-2.6400000000003274
OPEN_SHORT,4581.2,87183,4581.2,0.0
CLOSE_SHORT,4606.44,87221,4581.2,-25.23999999999978
OPEN_LONG,4606.44,87221,4606.44,0.0
CLOSE_LONG,4600.57,87236,4606.44,-5.869999999999891
OPEN_SHORT,4600.57,87236,4600.57,0.0
CLOSE_SHORT,4587.28,87266,4600.57,13.289999999999964
OPEN_LONG,4587.28,87266,4587.28,0.0
CLOSE_LONG,4599.0,87272,4587.28,11.720000000000255
OPEN_SHORT,4599.0,87272,4599.0,0.0
CLOSE_SHORT,4588.14,87282,4599.0,10.859999999999673
OPEN_LONG,4588.14,87282,4588.14,0.0
CLOSE_LONG,4600.24,87328,4588.14,12.099999999999454
OPEN_SHORT,4600.24,87328,4600.24,0.0
CLOSE_SHORT,4618.36,87369,4600.24,-18.11999999999989
OPEN_LONG,4618.36,87369,4618.36,0.0
CLOSE_LONG,4609.22,87479,4618.36,-9.139999999999418
OPEN_SHORT,4609.22,87479,4609.22,0.0
CLOSE_SHORT,4582.53,87529,4609.22,26.69000000000051
OPEN_LONG,4582.53,87529,4582.53,0.0
CLOSE_LONG,4598.79,87590,4582.53,16.26000000000022
OPEN_SHORT,4598.79,87590,4598.79,0.0
CLOSE_SHORT,4589.49,87998,4598.79,9.300000000000182
OPEN_LONG,4589.49,87998,4589.49,0.0
CLOSE_LONG,4552.97,88025,4589.49,-36.51999999999953
OPEN_SHORT,4552.97,88025,4552.97,0.0
CLOSE_SHORT,4536.17,88035,4552.97,16.800000000000182
OPEN_LONG,4536.17,88035,4536.17,0.0
CLOSE_LONG,4551.08,88068,4536.17,14.909999999999854
OPEN_SHORT,4551.08,88068,4551.08,0.0
CLOSE_SHORT,4530.09,88359,4551.08,20.98999999999978
OPEN_LONG,4530.09,88359,4530.09,0.0
CLOSE_LONG,4537.79,88365,4530.09,7.699999999999818
OPEN_SHORT,4537.79,88365,4537.79,0.0
CLOSE_SHORT,4517.14,88604,4537.79,20.649999999999636
OPEN_LONG,4517.14,88604,4517.14,0.0
CLOSE_LONG,4518.75,88611,4517.14,1.6099999999996726
OPEN_SHORT,4518.75,88611,4518.75,0.0
CLOSE_SHORT,4511.68,88678,4518.75,7.069999999999709
OPEN_LONG,4511.68,88678,4511.68,0.0
CLOSE_LONG,4465.46,88720,4511.68,-46.220000000000255
OPEN_SHORT,4465.46,88720,4465.46,0.0
CLOSE_SHORT,4447.2,88918,4465.46,18.26000000000022
OPEN_LONG,4447.2,88918,4447.2,0.0
CLOSE_LONG,4453.39,88933,4447.2,6.190000000000509
OPEN_SHORT,4453.39,88933,4453.39,0.0
CLOSE_SHORT,4452.26,88974,4453.39,1.1300000000001091
OPEN_LONG,4452.26,88974,4452.26,0.0
CLOSE_LONG,4450.43,88993,4452.26,-1.8299999999999272
OPEN_SHORT,4450.43,88993,4450.43,0.0
CLOSE_SHORT,4451.18,89193,4450.43,-0.75
OPEN_LONG,4451.18,89193,4451.18,0.0
CLOSE_LONG,4462.95,89373,4451.18,11.769999999999527
OPEN_SHORT,4462.95,89373,4462.95,0.0
CLOSE_SHORT,4456.6,89804,4462.95,6.349999999999454
OPEN_LONG,4456.6,89804,4456.6,0.0
CLOSE_LONG,4468.99,89894,4456.6,12.389999999999418
OPEN_SHORT,4468.99,89894,4468.99,0.0
CLOSE_SHORT,4480.79,90264,4468.99,-11.800000000000182
OPEN_LONG,4480.79,90264,4480.79,0.0
CLOSE_LONG,4480.5,90270,4480.79,-0.2899999999999636
OPEN_SHORT,4480.5,90270,4480.5,0.0
CLOSE_SHORT,4479.53,90314,4480.5,0.9700000000002547
OPEN_LONG,4479.53,90314,4479.53,0.0
CLOSE_LONG,4483.34,90435,4479.53,3.8100000000004
OPEN_SHORT,4483.34,90435,4483.34,0.0
CLOSE_SHORT,4475.65,90691,4483.34,7.690000000000509
OPEN_LONG,4475.65,90691,4475.65,0.0
CLOSE_LONG,4473.51,90819,4475.65,-2.139999999999418
OPEN_SHORT,4473.51,90819,4473.51,0.0
CLOSE_SHORT,4461.47,91225,4473.51,12.039999999999964
OPEN_LONG,4461.47,91225,4461.47,0.0
CLOSE_LONG,4464.82,91259,4461.47,3.3499999999994543
OPEN_SHORT,4464.82,91259,4464.82,0.0
CLOSE_SHORT,4469.74,91667,4464.82,-4.920000000000073
OPEN_LONG,4469.74,91667,4469.74,0.0
CLOSE_LONG,4477.31,91689,4469.74,7.5700000000006185
OPEN_SHORT,4477.31,91689,4477.31,0.0
CLOSE_SHORT,4466.4,91720,4477.31,10.910000000000764
OPEN_LONG,4466.4,91720,4466.4,0.0
CLOSE_LONG,4488.41,91745,4466.4,22.01000000000022
OPEN_SHORT,4488.41,91745,4488.41,0.0
CLOSE_SHORT,4480.34,91815,4488.41,8.069999999999709
OPEN_LONG,4480.34,91815,4480.34,0.0
CLOSE_LONG,4455.46,92014,4480.34,-24.88000000000011
OPEN_SHORT,4455.46,92014,4455.46,0.0
CLOSE_SHORT,4451.72,92053,4455.46,3.7399999999997817
OPEN_LONG,4451.72,92053,4451.72,0.0
CLOSE_LONG,4450.7,92072,4451.72,-1.0200000000004366
OPEN_SHORT,4450.7,92072,4450.7,0.0
CLOSE_SHORT,4429.57,92129,4450.7,21.13000000000011
OPEN_LONG,4429.57,92129,4429.57,0.0
CLOSE_LONG,4365.19,92146,4429.57,-64.38000000000011
OPEN_SHORT,4365.19,92146,4365.19,0.0
CLOSE_SHORT,4353.8,92154,4365.19,11.389999999999418
OPEN_LONG,4353.8,92154,4353.8,0.0
CLOSE_LONG,4336.31,92163,4353.8,-17.48999999999978
OPEN_SHORT,4336.31,92163,4336.31,0.0
CLOSE_SHORT,4334.63,92177,4336.31,1.680000000000291
OPEN_LONG,4334.63,92177,4334.63,0.0
CLOSE_LONG,4338.33,92181,4334.63,3.699999999999818
OPEN_SHORT,4338.33,92181,4338.33,0.0
CLOSE_SHORT,4332.18,92188,4338.33,6.149999999999636
OPEN_LONG,4332.18,92188,4332.18,0.0
CLOSE_LONG,4338.54,92196,4332.18,6.359999999999673
OPEN_SHORT,4338.54,92196,4338.54,0.0
CLOSE_SHORT,4307.82,92255,4338.54,30.720000000000255
OPEN_LONG,4307.82,92255,4307.82,0.0
CLOSE_LONG,4289.59,92265,4307.82,-18.229999999999563
OPEN_SHORT,4289.59,92265,4289.59,0.0
CLOSE_SHORT,4284.27,92441,4289.59,5.319999999999709
OPEN_LONG,4284.27,92441,4284.27,0.0
CLOSE_LONG,4149.6,92475,4284.27,-134.67000000000007
OPEN_SHORT,4149.6,92475,4149.6,0.0
CLOSE_SHORT,4177.95,92497,4149.6,-28.349999999999454
OPEN_LONG,4177.95,92497,4177.95,0.0
CLOSE_LONG,4187.34,92502,4177.95,9.390000000000327
OPEN_SHORT,4187.34,92502,4187.34,0.0
CLOSE_SHORT,4180.63,92508,4187.34,6.710000000000036
OPEN_LONG,4180.63,92508,4180.63,0.0
CLOSE_LONG,4189.0,92513,4180.63,8.36999999999989
OPEN_SHORT,4189.0,92513,4189.0,0.0
CLOSE_SHORT,4190.01,92536,4189.0,-1.0100000000002183
OPEN_LONG,4190.01,92536,4190.01,0.0
CLOSE_LONG,4193.12,92551,4190.01,3.1099999999996726
OPEN_SHORT,4193.12,92551,4193.12,0.0
CLOSE_SHORT,4200.22,92567,4193.12,-7.100000000000364
OPEN_LONG,4200.22,92567,4200.22,0.0
CLOSE_LONG,4193.92,92595,4200.22,-6.300000000000182
OPEN_SHORT,4193.92,92595,4193.92,0.0
CLOSE_SHORT,4154.55,92696,4193.92,39.36999999999989
OPEN_LONG,4154.55,92696,4154.55,0.0
CLOSE_LONG,4147.6,92706,4154.55,-6.949999999999818
OPEN_SHORT,4147.6,92706,4147.6,0.0
CLOSE_SHORT,4187.32,92922,4147.6,-39.719999999999345
OPEN_LONG,4187.32,92922,4187.32,0.0
CLOSE_LONG,4182.14,92940,4187.32,-5.1799999999993815
OPEN_SHORT,4182.14,92940,4182.14,0.0
CLOSE_SHORT,4199.55,92955,4182.14,-17.409999999999854
OPEN_LONG,4199.55,92955,4199.55,0.0
CLOSE_LONG,4207.2,92965,4199.55,7.649999999999636
OPEN_SHORT,4207.2,92965,4207.2,0.0
CLOSE_SHORT,4200.4,92973,4207.2,6.800000000000182
OPEN_LONG,4200.4,92973,4200.4,0.0
CLOSE_LONG,4215.74,92977,4200.4,15.340000000000146
OPEN_SHORT,4215.74,92977,4215.74,0.0
CLOSE_SHORT,4200.23,92981,4215.74,15.510000000000218
OPEN_LONG,4200.23,92981,4200.23,0.0
CLOSE_LONG,4180.58,93017,4200.23,-19.649999999999636
OPEN_SHORT,4180.58,93017,4180.58,0.0
CLOSE_SHORT,4171.46,93021,4180.58,9.11999999999989
OPEN_LONG,4171.46,93021,4171.46,0.0
CLOSE_LONG,4177.55,93095,4171.46,6.0900000000001455
OPEN_SHORT,4177.55,93095,4177.55,0.0
CLOSE_SHORT,4153.93,93129,4177.55,23.61999999999989
OPEN_LONG,4153.93,93129,4153.93,0.0
CLOSE_LONG,4153.18,93140,4153.93,-0.75
OPEN_SHORT,4153.18,93140,4153.18,0.0
CLOSE_SHORT,4161.01,93182,4153.18,-7.829999999999927
OPEN_LONG,4161.01,93182,4161.01,0.0
CLOSE_LONG,4169.71,93194,4161.01,8.699999999999818
OPEN_SHORT,4169.71,93194,4169.71,0.0
CLOSE_SHORT,4150.58,93277,4169.71,19.13000000000011
OPEN_LONG,4150.58,93277,4150.58,0.0
CLOSE_LONG,4144.68,93288,4150.58,-5.899999999999636
OPEN_SHORT,4144.68,93288,4144.68,0.0
CLOSE_SHORT,4132.06,93292,4144.68,12.61999999999989
OPEN_LONG,4132.06,93292,4132.06,0.0
CLOSE_LONG,4144.76,93299,4132.06,12.699999999999818
OPEN_SHORT,4144.76,93299,4144.76,0.0
CLOSE_SHORT,4132.96,93306,4144.76,11.800000000000182
OPEN_LONG,4132.96,93306,4132.96,0.0
CLOSE_LONG,4142.04,93311,4132.96,9.079999999999927
OPEN_SHORT,4142.04,93311,4142.04,0.0
CLOSE_SHORT,4199.87,93579,4142.04,-57.82999999999993
OPEN_LONG,4199.87,93579,4199.87,0.0
CLOSE_LONG,4183.28,93625,4199.87,-16.590000000000146
OPEN_SHORT,4183.28,93625,4183.28,0.0
CLOSE_SHORT,4184.36,93640,4183.28,-1.0799999999999272
OPEN_LONG,4184.36,93640,4184.36,0.0
CLOSE_LONG,4171.88,93676,4184.36,-12.479999999999563
OPEN_SHORT,4171.88,93676,4171.88,0.0
CLOSE_SHORT,4162.39,93691,4171.88,9.489999999999782
OPEN_LONG,4162.39,93691,4162.39,0.0
CLOSE_LONG,4129.0,93740,4162.39,-33.39000000000033
OPEN_SHORT,4129.0,93740,4129.0,0.0
CLOSE_SHORT,4164.78,93854,4129.0,-35.779999999999745
OPEN_LONG,4164.78,93854,4164.78,0.0
CLOSE_LONG,4175.46,93859,4164.78,10.680000000000291
OPEN_SHORT,4175.46,93859,4175.46,0.0
CLOSE_SHORT,4201.5,93947,4175.46,-26.039999999999964
OPEN_LONG,4201.5,93947,4201.5,0.0
CLOSE_LONG,4208.06,93987,4201.5,6.5600000000004
OPEN_SHORT,4208.06,93987,4208.06,0.0
CLOSE_SHORT,4195.59,94032,4208.06,12.470000000000255
OPEN_LONG,4195.59,94032,4195.59,0.0
CLOSE_LONG,4208.88,94093,4195.59,13.289999999999964
OPEN_SHORT,4208.88,94093,4208.88,0.0
CLOSE_SHORT,4207.01,94112,4208.88,1.8699999999998909
OPEN_LONG,4207.01,94112,4207.01,0.0
CLOSE_LONG,4193.71,94280,4207.01,-13.300000000000182
OPEN_SHORT,4193.71,94280,4193.71,0.0
CLOSE_SHORT,4190.57,94366,4193.71,3.1400000000003274
OPEN_LONG,4190.57,94366,4190.57,0.0
CLOSE_LONG,4189.31,94373,4190.57,-1.2599999999993088
OPEN_SHORT,4189.31,94373,4189.31,0.0
CLOSE_SHORT,4190.53,94401,4189.31,-1.2199999999993452
OPEN_LONG,4190.53,94401,4190.53,0.0
CLOSE_LONG,4176.27,94426,4190.53,-14.259999999999309
OPEN_SHORT,4176.27,94426,4176.27,0.0
CLOSE_SHORT,4178.92,94434,4176.27,-2.649999999999636
OPEN_LONG,4178.92,94434,4178.92,0.0
CLOSE_LONG,4184.7,94441,4178.92,5.779999999999745
OPEN_SHORT,4184.7,94441,4184.7,0.0
CLOSE_SHORT,4167.08,94446,4184.7,17.61999999999989
OPEN_LONG,4167.08,94446,4167.08,0.0
CLOSE_LONG,4176.97,94451,4167.08,9.890000000000327
OPEN_SHORT,4176.97,94451,4176.97,0.0
CLOSE_SHORT,4185.89,94477,4176.97,-8.920000000000073
OPEN_LONG,4185.89,94477,4185.89,0.0
CLOSE_LONG,4172.91,94520,4185.89,-12.980000000000473
OPEN_SHORT,4172.91,94520,4172.91,0.0
CLOSE_SHORT,4178.01,94538,4172.91,-5.100000000000364
OPEN_LONG,4178.01,94538,4178.01,0.0
CLOSE_LONG,4175.0,94551,4178.01,-3.0100000000002183
OPEN_SHORT,4175.0,94551,4175.0,0.0
CLOSE_SHORT,4177.04,94568,4175.0,-2.0399999999999636
OPEN_LONG,4177.04,94568,4177.04,0.0
CLOSE_LONG,4177.85,94587,4177.04,0.8100000000004002
OPEN_SHORT,4177.85,94587,4177.85,0.0
CLOSE_SHORT,4168.01,94594,4177.85,9.840000000000146
OPEN_LONG,4168.01,94594,4168.01,0.0
CLOSE_LONG,4155.48,94614,4168.01,-12.530000000000655
OPEN_SHORT,4155.48,94614,4155.48,0.0
CLOSE_SHORT,4149.09,94669,4155.48,6.389999999999418
OPEN_LONG,4149.09,94669,4149.09,0.0
CLOSE_LONG,4155.0,94684,4149.09,5.9099999999998545
OPEN_SHORT,4155.0,94684,4155.0,0.0
CLOSE_SHORT,4143.8,94737,4155.0,11.199999999999818
OPEN_LONG,4143.8,94737,4143.8,0.0
CLOSE_LONG,4148.59,94743,4143.8,4.789999999999964
OPEN_SHORT,4148.59,94743,4148.59,0.0
CLOSE_SHORT,4149.26,94768,4148.59,-0.6700000000000728
OPEN_LONG,4149.26,94768,4149.26,0.0
CLOSE_LONG,4154.83,94784,4149.26,5.569999999999709
OPEN_SHORT,4154.83,94784,4154.83,0.0
CLOSE_SHORT,4174.72,94867,4154.83,-19.890000000000327
OPEN_LONG,4174.72,94867,4174.72,0.0
CLOSE_LONG,4180.66,94899,4174.72,5.9399999999996
OPEN_SHORT,4180.66,94899,4180.66,0.0
CLOSE_SHORT,4168.4,94945,4180.66,12.260000000000218
OPEN_LONG,4168.4,94945,4168.4,0.0
CLOSE_LONG,4167.3,94958,4168.4,-1.0999999999994543
OPEN_SHORT,4167.3,94958,4167.3,0.0
CLOSE_SHORT,4184.29,95011,4167.3,-16.98999999999978
OPEN_LONG,4184.29,95011,4184.29,0.0
CLOSE_LONG,4178.98,95051,4184.29,-5.3100000000004
OPEN_SHORT,4178.98,95051,4178.98,0.0
CLOSE_SHORT,4182.8,95089,4178.98,-3.8200000000006185
OPEN_LONG,4182.8,95089,4182.8,0.0
CLOSE_LONG,4170.67,95129,4182.8,-12.13000000000011
OPEN_SHORT,4170.67,95129,4170.67,0.0
CLOSE_SHORT,4160.82,95173,4170.67,9.850000000000364
OPEN_LONG,4160.82,95173,4160.82,0.0
CLOSE_LONG,4139.8,95207,4160.82,-21.019999999999527
OPEN_SHORT,4139.8,95207,4139.8,0.0
CLOSE_SHORT,4132.93,95228,4139.8,6.869999999999891
OPEN_LONG,4132.93,95228,4132.93,0.0
CLOSE_LONG,4100.95,95241,4132.93,-31.980000000000473
OPEN_SHORT,4100.95,95241,4100.95,0.0
CLOSE_SHORT,4136.99,95272,4100.95,-36.039999999999964
OPEN_LONG,4136.99,95272,4136.99,0.0
CLOSE_LONG,4147.76,95287,4136.99,10.770000000000437
OPEN_SHORT,4147.76,95287,4147.76,0.0
CLOSE_SHORT,4171.45,95429,4147.76,-23.6899999999996
OPEN_LONG,4171.45,95429,4171.45,0.0
CLOSE_LONG,4172.72,95446,4171.45,1.2700000000004366
OPEN_SHORT,4172.72,95446,4172.72,0.0
CLOSE_SHORT,4178.02,95683,4172.72,-5.300000000000182
OPEN_LONG,4178.02,95683,4178.02,0.0
CLOSE_LONG,4181.76,95703,4178.02,3.7399999999997817
OPEN_SHORT,4181.76,95703,4181.76,0.0
CLOSE_SHORT,4177.17,95758,4181.76,4.5900000000001455
OPEN_LONG,4177.17,95758,4177.17,0.0
CLOSE_LONG,4179.6,95807,4177.17,2.430000000000291
OPEN_SHORT,4179.6,95807,4179.6,0.0
CLOSE_SHORT,4167.19,95810,4179.6,12.410000000000764
OPEN_LONG,4167.19,95810,4167.19,0.0
CLOSE_LONG,4163.6,95828,4167.19,-3.589999999999236
OPEN_SHORT,4163.6,95828,4163.6,0.0
CLOSE_SHORT,4177.24,95935,4163.6,-13.639999999999418
OPEN_LONG,4177.24,95935,4177.24,0.0
CLOSE_LONG,4161.93,95961,4177.24,-15.30999999999949
OPEN_SHORT,4161.93,95961,4161.93,0.0
CLOSE_SHORT,4180.18,96051,4161.93,-18.25
OPEN_LONG,4180.18,96051,4180.18,0.0
CLOSE_LONG,4161.83,96175,4180.18,-18.350000000000364
OPEN_SHORT,4161.83,96175,4161.83,0.0
CLOSE_SHORT,4148.61,96301,4161.83,13.220000000000255
OPEN_LONG,4148.61,96301,4148.61,0.0
CLOSE_LONG,4157.25,96307,4148.61,8.640000000000327
OPEN_SHORT,4157.25,96307,4157.25,0.0
CLOSE_SHORT,4145.44,96442,4157.25,11.8100000000004
OPEN_LONG,4145.44,96442,4145.44,0.0
CLOSE_LONG,4144.23,96465,4145.44,-1.2100000000000364
OPEN_SHORT,4144.23,96465,4144.23,0.0
CLOSE_SHORT,4132.92,96471,4144.23,11.30999999999949
OPEN_LONG,4132.92,96471,4132.92,0.0
CLOSE_LONG,4131.77,96497,4132.92,-1.1499999999996362
OPEN_SHORT,4131.77,96497,4131.77,0.0
CLOSE_SHORT,4117.96,96502,4131.77,13.8100000000004
OPEN_LONG,4117.96,96502,4117.96,0.0
CLOSE_LONG,4094.72,96530,4117.96,-23.240000000000236
OPEN_SHORT,4094.72,96530,4094.72,0.0
CLOSE_SHORT,4096.46,96553,4094.72,-1.7400000000002365
OPEN_LONG,4096.46,96553,4096.46,0.0
CLOSE_LONG,4079.74,96568,4096.46,-16.720000000000255
OPEN_SHORT,4079.74,96568,4079.74,0.0
CLOSE_SHORT,4105.92,96581,4079.74,-26.18000000000029
OPEN_LONG,4105.92,96581,4105.92,0.0
CLOSE_LONG,4106.68,96592,4105.92,0.7600000000002183
OPEN_SHORT,4106.68,96592,4106.68,0.0
CLOSE_SHORT,4091.64,96598,4106.68,15.040000000000418
OPEN_LONG,4091.64,96598,4091.64,0.0
CLOSE_LONG,4099.6,96603,4091.64,7.960000000000491
OPEN_SHORT,4099.6,96603,4099.6,0.0
CLOSE_SHORT,4070.94,96623,4099.6,28.66000000000031
OPEN_LONG,4070.94,96623,4070.94,0.0
CLOSE_LONG,4045.01,96638,4070.94,-25.929999999999836
OPEN_SHORT,4045.01,96638,4045.01,0.0
CLOSE_SHORT,4037.3,96656,4045.01,7.710000000000036
OPEN_LONG,4037.3,96656,4037.3,0.0
CLOSE_LONG,4051.2,96661,4037.3,13.899999999999636
OPEN_SHORT,4051.2,96661,4051.2,0.0
CLOSE_SHORT,4051.36,96675,4051.2,-0.16000000000030923
OPEN_LONG,4051.36,96675,4051.36,0.0
CLOSE_LONG,4031.18,96688,4051.36,-20.18000000000029
OPEN_SHORT,4031.18,96688,4031.18,0.0
CLOSE_SHORT,4012.58,96703,4031.18,18.59999999999991
OPEN_LONG,4012.58,96703,4012.58,0.0
CLOSE_LONG,4023.6,96707,4012.58,11.019999999999982
OPEN_SHORT,4023.6,96707,4023.6,0.0
CLOSE_SHORT,4017.34,96713,4023.6,6.2599999999997635
OPEN_LONG,4017.34,96713,4017.34,0.0
CLOSE_LONG,4009.61,96722,4017.34,-7.730000000000018
OPEN_SHORT,4009.61,96722,4009.61,0.0
CLOSE_SHORT,3977.65,96727,4009.61,31.960000000000036
OPEN_LONG,3977.65,96727,3977.65,0.0
CLOSE_LONG,4008.6,96730,3977.65,30.949999999999818
OPEN_SHORT,4008.6,96730,4008.6,0.0
CLOSE_SHORT,4013.24,96790,4008.6,-4.639999999999873
OPEN_LONG,4013.24,96790,4013.24,0.0
CLOSE_LONG,4013.76,96803,4013.24,0.5200000000004366
OPEN_SHORT,4013.76,96803,4013.76,0.0
CLOSE_SHORT,4002.0,96812,4013.76,11.760000000000218
OPEN_LONG,4002.0,96812,4002.0,0.0
CLOSE_LONG,4011.7,96815,4002.0,9.699999999999818
OPEN_SHORT,4011.7,96815,4011.7,0.0
CLOSE_SHORT,3999.46,96828,4011.7,12.239999999999782
OPEN_LONG,3999.46,96828,3999.46,0.0
CLOSE_LONG,4006.88,96849,3999.46,7.420000000000073
OPEN_SHORT,4006.88,96849,4006.88,0.0
CLOSE_SHORT,4022.0,96925,4006.88,-15.11999999999989
OPEN_LONG,4022.0,96925,4022.0,0.0
CLOSE_LONG,4030.31,96931,4022.0,8.309999999999945
OPEN_SHORT,4030.31,96931,4030.31,0.0
CLOSE_SHORT,4010.25,96948,4030.31,20.059999999999945
OPEN_LONG,4010.25,96948,4010.25,0.0
CLOSE_LONG,4011.79,96961,4010.25,1.5399999999999636
OPEN_SHORT,4011.79,96961,4011.79,0.0
CLOSE_SHORT,4039.59,97004,4011.79,-27.800000000000182
OPEN_LONG,4039.59,97004,4039.59,0.0
CLOSE_LONG,4032.34,97038,4039.59,-7.25
OPEN_SHORT,4032.34,97038,4032.34,0.0
CLOSE_SHORT,4028.81,97051,4032.34,3.5300000000002
OPEN_LONG,4028.81,97051,4028.81,0.0
CLOSE_LONG,4013.36,97149,4028.81,-15.449999999999818
OPEN_SHORT,4013.36,97149,4013.36,0.0
CLOSE_SHORT,4002.1,97160,4013.36,11.260000000000218
OPEN_LONG,4002.1,97160,4002.1,0.0
CLOSE_LONG,3983.23,97177,4002.1,-18.86999999999989
OPEN_SHORT,3983.23,97177,3983.23,0.0
CLOSE_SHORT,3981.88,97183,3983.23,1.349999999999909
OPEN_LONG,3981.88,97183,3981.88,0.0
CLOSE_LONG,4000.72,97186,3981.88,18.83999999999969
OPEN_SHORT,4000.72,97186,4000.72,0.0
CLOSE_SHORT,3979.2,97199,4000.72,21.519999999999982
OPEN_LONG,3979.2,97199,3979.2,0.0
CLOSE_LONG,3969.76,97209,3979.2,-9.4399999999996
OPEN_SHORT,3969.76,97209,3969.76,0.0
CLOSE_SHORT,3988.98,97234,3969.76,-19.2199999999998
OPEN_LONG,3988.98,97234,3988.98,0.0
CLOSE_LONG,3963.55,97248,3988.98,-25.429999999999836
OPEN_SHORT,3963.55,97248,3963.55,0.0
CLOSE_SHORT,4006.38,97292,3963.55,-42.82999999999993
OPEN_LONG,4006.38,97292,4006.38,0.0
CLOSE_LONG,4019.73,97297,4006.38,13.349999999999909
OPEN_SHORT,4019.73,97297,4019.73,0.0
CLOSE_SHORT,4003.58,97314,4019.73,16.15000000000009
OPEN_LONG,4003.58,97314,4003.58,0.0
CLOSE_LONG,4012.76,97319,4003.58,9.180000000000291
OPEN_SHORT,4012.76,97319,4012.76,0.0
CLOSE_SHORT,4002.6,97325,4012.76,10.16000000000031
OPEN_LONG,4002.6,97325,4002.6,0.0
CLOSE_LONG,4002.1,97336,4002.6,-0.5
OPEN_SHORT,4002.1,97336,4002.1,0.0
CLOSE_SHORT,3989.1,97345,4002.1,13.0
OPEN_LONG,3989.1,97345,3989.1,0.0
CLOSE_LONG,3991.02,97353,3989.1,1.9200000000000728
OPEN_SHORT,3991.02,97353,3991.02,0.0
CLOSE_SHORT,3990.01,97376,3991.02,1.0099999999997635
OPEN_LONG,3990.01,97376,3990.01,0.0
CLOSE_LONG,3999.39,97381,3990.01,9.379999999999654
OPEN_SHORT,3999.39,97381,3999.39,0.0
CLOSE_SHORT,3992.89,97387,3999.39,6.5
OPEN_LONG,3992.89,97387,3992.89,0.0
CLOSE_LONG,3975.05,97415,3992.89,-17.83999999999969
OPEN_SHORT,3975.05,97415,3975.05,0.0
CLOSE_SHORT,3951.36,97423,3975.05,23.690000000000055
OPEN_LONG,3951.36,97423,3951.36,0.0
CLOSE_LONG,3946.21,97435,3951.36,-5.150000000000091
OPEN_SHORT,3946.21,97435,3946.21,0.0
CLOSE_SHORT,3933.97,97439,3946.21,12.240000000000236
OPEN_LONG,3933.97,97439,3933.97,0.0
CLOSE_LONG,3903.18,97462,3933.97,-30.789999999999964
OPEN_SHORT,3903.18,97462,3903.18,0.0
CLOSE_SHORT,3891.6,97463,3903.18,11.579999999999927
OPEN_LONG,3891.6,97463,3891.6,0.0
CLOSE_LONG,3905.0,97468,3891.6,13.400000000000091
OPEN_SHORT,3905.0,97468,3905.0,0.0
CLOSE_SHORT,3891.2,97474,3905.0,13.800000000000182
OPEN_LONG,3891.2,97474,3891.2,0.0
CLOSE_LONG,3871.0,97484,3891.2,-20.199999999999818
OPEN_SHORT,3871.0,97484,3871.0,0.0
CLOSE_SHORT,3860.82,97488,3871.0,10.179999999999836
OPEN_LONG,3860.82,97488,3860.82,0.0
CLOSE_LONG,3838.85,97509,3860.82,-21.970000000000255
OPEN_SHORT,3838.85,97509,3838.85,0.0
CLOSE_SHORT,3869.8,97537,3838.85,-30.950000000000273
OPEN_LONG,3869.8,97537,3869.8,0.0
CLOSE_LONG,3876.61,97542,3869.8,6.809999999999945
OPEN_SHORT,3876.61,97542,3876.61,0.0
CLOSE_SHORT,3879.51,97549,3876.61,-2.900000000000091
OPEN_LONG,3879.51,97549,3879.51,0.0
CLOSE_LONG,3899.34,97552,3879.51,19.829999999999927
OPEN_SHORT,3899.34,97552,3899.34,0.0
CLOSE_SHORT,3914.15,97614,3899.34,-14.809999999999945
OPEN_LONG,3914.15,97614,3914.15,0.0
CLOSE_LONG,3900.7,97641,3914.15,-13.450000000000273
OPEN_SHORT,3900.7,97641,3900.7,0.0
CLOSE_SHORT,3904.01,97648,3900.7,-3.3100000000004
OPEN_LONG,3904.01,97648,3904.01,0.0
CLOSE_LONG,3888.61,97666,3904.01,-15.400000000000091
OPEN_SHORT,3888.61,97666,3888.61,0.0
CLOSE_SHORT,3880.39,97674,3888.61,8.220000000000255
OPEN_LONG,3880.39,97674,3880.39,0.0
CLOSE_LONG,3888.0,97679,3880.39,7.610000000000127
OPEN_SHORT,3888.0,97679,3888.0,0.0
CLOSE_SHORT,3897.87,97697,3888.0,-9.86999999999989
OPEN_LONG,3897.87,97697,3897.87,0.0
CLOSE_LONG,3908.15,97705,3897.87,10.2800000000002
OPEN_SHORT,3908.15,97705,3908.15,0.0
CLOSE_SHORT,3892.28,97709,3908.15,15.86999999999989
OPEN_LONG,3892.28,97709,3892.28,0.0
CLOSE_LONG,3890.5,97728,3892.28,-1.7800000000002
OPEN_SHORT,3890.5,97728,3890.5,0.0
CLOSE_SHORT,3897.0,97748,3890.5,-6.5
OPEN_LONG,3897.0,97748,3897.0,0.0
CLOSE_LONG,3915.0,97752,3897.0,18.0
OPEN_SHORT,3915.0,97752,3915.0,0.0
CLOSE_SHORT,3919.6,97762,3915.0,-4.599999999999909
OPEN_LONG,3919.6,97762,3919.6,0.0
CLOSE_LONG,3890.94,97802,3919.6,-28.659999999999854
OPEN_SHORT,3890.94,97802,3890.94,0.0
CLOSE_SHORT,3889.78,97816,3890.94,1.1599999999998545
OPEN_LONG,3889.78,97816,3889.78,0.0
CLOSE_LONG,3864.16,97844,3889.78,-25.620000000000346
OPEN_SHORT,3864.16,97844,3864.16,0.0
CLOSE_SHORT,3889.75,97895,3864.16,-25.590000000000146
OPEN_LONG,3889.75,97895,3889.75,0.0
CLOSE_LONG,3883.4,97913,3889.75,-6.349999999999909
OPEN_SHORT,3883.4,97913,3883.4,0.0
CLOSE_SHORT,3923.28,97933,3883.4,-39.88000000000011
OPEN_LONG,3923.28,97933,3923.28,0.0
CLOSE_LONG,3936.4,97936,3923.28,13.11999999999989
OPEN_SHORT,3936.4,97936,3936.4,0.0
CLOSE_SHORT,3938.45,97973,3936.4,-2.049999999999727
OPEN_LONG,3938.45,97973,3938.45,0.0
CLOSE_LONG,3951.08,97984,3938.45,12.63000000000011
OPEN_SHORT,3951.08,97984,3951.08,0.0
CLOSE_SHORT,3948.9,97991,3951.08,2.1799999999998363
OPEN_LONG,3948.9,97991,3948.9,0.0
CLOSE_LONG,3953.14,97998,3948.9,4.239999999999782
OPEN_SHORT,3953.14,97998,3953.14,0.0
CLOSE_SHORT,3942.18,98008,3953.14,10.960000000000036
OPEN_LONG,3942.18,98008,3942.18,0.0
CLOSE_LONG,3953.03,98015,3942.18,10.850000000000364
OPEN_SHORT,3953.03,98015,3953.03,0.0
CLOSE_SHORT,3957.6,98037,3953.03,-4.569999999999709
OPEN_LONG,3957.6,98037,3957.6,0.0
CLOSE_LONG,3956.69,98053,3957.6,-0.9099999999998545
OPEN_SHORT,3956.69,98053,3956.69,0.0
CLOSE_SHORT,3945.48,98078,3956.69,11.210000000000036
OPEN_LONG,3945.48,98078,3945.48,0.0
CLOSE_LONG,3954.43,98083,3945.48,8.949999999999818
OPEN_SHORT,3954.43,98083,3954.43,0.0
CLOSE_SHORT,3959.67,98108,3954.43,-5.2400000000002365
OPEN_LONG,3959.67,98108,3959.67,0.0
CLOSE_LONG,3969.72,98113,3959.67,10.049999999999727
OPEN_SHORT,3969.72,98113,3969.72,0.0
CLOSE_SHORT,3960.99,98117,3969.72,8.730000000000018
OPEN_LONG,3960.99,98117,3960.99,0.0
CLOSE_LONG,3973.75,98122,3960.99,12.760000000000218
OPEN_SHORT,3973.75,98122,3973.75,0.0
CLOSE_SHORT,3965.0,98127,3973.75,8.75
OPEN_LONG,3965.0,98127,3965.0,0.0
CLOSE_LONG,3948.15,98153,3965.0,-16.84999999999991
OPEN_SHORT,3948.15,98153,3948.15,0.0
CLOSE_SHORT,3954.52,98189,3948.15,-6.369999999999891
OPEN_LONG,3954.52,98189,3954.52,0.0
CLOSE_LONG,3929.0,98236,3954.52,-25.519999999999982
OPEN_SHORT,3929.0,98236,3929.0,0.0
CLOSE_SHORT,3934.61,98253,3929.0,-5.610000000000127
OPEN_LONG,3934.61,98253,3934.61,0.0
CLOSE_LONG,3930.88,98295,3934.61,-3.730000000000018
OPEN_SHORT,3930.88,98295,3930.88,0.0
CLOSE_SHORT,3929.21,98311,3930.88,1.6700000000000728
OPEN_LONG,3929.21,98311,3929.21,0.0
CLOSE_LONG,3915.31,98320,3929.21,-13.900000000000091
OPEN_SHORT,3915.31,98320,3915.31,0.0
CLOSE_SHORT,3915.23,98435,3915.31,0.07999999999992724
OPEN_LONG,3915.23,98435,3915.23,0.0
CLOSE_LONG,3908.63,98449,3915.23,-6.599999999999909
OPEN_SHORT,3908.63,98449,3908.63,0.0
CLOSE_SHORT,3899.49,98465,3908.63,9.140000000000327
OPEN_LONG,3899.49,98465,3899.49,0.0
CLOSE_LONG,3891.04,98482,3899.49,-8.449999999999818
OPEN_SHORT,3891.04,98482,3891.04,0.0
CLOSE_SHORT,3874.3,98530,3891.04,16.73999999999978
OPEN_LONG,3874.3,98530,3874.3,0.0
CLOSE_LONG,3884.76,98541,3874.3,10.460000000000036
OPEN_SHORT,3884.76,98541,3884.76,0.0
CLOSE_SHORT,3884.31,98592,3884.76,0.45000000000027285
OPEN_LONG,3884.31,98592,3884.31,0.0
CLOSE_LONG,3888.8,98599,3884.31,4.4900000000002365
OPEN_SHORT,3888.8,98599,3888.8,0.0
CLOSE_SHORT,3875.97,98603,3888.8,12.830000000000382
OPEN_LONG,3875.97,98603,3875.97,0.0
CLOSE_LONG,3887.28,98608,3875.97,11.3100000000004
OPEN_SHORT,3887.28,98608,3887.28,0.0
CLOSE_SHORT,3939.0,98623,3887.28,-51.7199999999998
OPEN_LONG,3939.0,98623,3939.0,0.0
CLOSE_LONG,3939.5,98640,3939.0,0.5
OPEN_SHORT,3939.5,98640,3939.5,0.0
CLOSE_SHORT,3905.81,98672,3939.5,33.690000000000055
OPEN_LONG,3905.81,98672,3905.81,0.0
CLOSE_LONG,3925.31,98674,3905.81,19.5
OPEN_SHORT,3925.31,98674,3925.31,0.0
CLOSE_SHORT,3956.8,98705,3925.31,-31.490000000000236
OPEN_LONG,3956.8,98705,3956.8,0.0
CLOSE_LONG,3954.17,98721,3956.8,-2.630000000000109
OPEN_SHORT,3954.17,98721,3954.17,0.0
CLOSE_SHORT,3935.6,98724,3954.17,18.570000000000164
OPEN_LONG,3935.6,98724,3935.6,0.0
CLOSE_LONG,3943.36,98741,3935.6,7.760000000000218
OPEN_SHORT,3943.36,98741,3943.36,0.0
CLOSE_SHORT,3928.8,98751,3943.36,14.559999999999945
OPEN_LONG,3928.8,98751,3928.8,0.0
CLOSE_LONG,3931.24,98763,3928.8,2.4399999999996
OPEN_SHORT,3931.24,98763,3931.24,0.0
CLOSE_SHORT,3938.62,98773,3931.24,-7.380000000000109
OPEN_LONG,3938.62,98773,3938.62,0.0
CLOSE_LONG,3954.15,98779,3938.62,15.5300000000002
OPEN_SHORT,3954.15,98779,3954.15,0.0
CLOSE_SHORT,3945.14,98786,3954.15,9.010000000000218
OPEN_LONG,3945.14,98786,3945.14,0.0
CLOSE_LONG,3958.96,98791,3945.14,13.820000000000164
OPEN_SHORT,3958.96,98791,3958.96,0.0
CLOSE_SHORT,3952.53,98799,3958.96,6.429999999999836
OPEN_LONG,3952.53,98799,3952.53,0.0
CLOSE_LONG,3954.13,98825,3952.53,1.599999999999909
OPEN_SHORT,3954.13,98825,3954.13,0.0
CLOSE_SHORT,3976.89,98849,3954.13,-22.759999999999764
OPEN_LONG,3976.89,98849,3976.89,0.0
CLOSE_LONG,3993.96,98894,3976.89,17.070000000000164
OPEN_SHORT,3993.96,98894,3993.96,0.0
CLOSE_SHORT,4038.4,98950,3993.96,-44.440000000000055
OPEN_LONG,4038.4,98950,4038.4,0.0
CLOSE_LONG,4048.75,98955,4038.4,10.349999999999909
OPEN_SHORT,4048.75,98955,4048.75,0.0
CLOSE_SHORT,4051.68,98969,4048.75,-2.9299999999998363
OPEN_LONG,4051.68,98969,4051.68,0.0
CLOSE_LONG,4055.0,98977,4051.68,3.3200000000001637
OPEN_SHORT,4055.0,98977,4055.0,0.0
CLOSE_SHORT,4039.39,98981,4055.0,15.610000000000127
OPEN_LONG,4039.39,98981,4039.39,0.0
CLOSE_LONG,4040.96,99018,4039.39,1.5700000000001637
OPEN_SHORT,4040.96,99018,4040.96,0.0
CLOSE_SHORT,4028.48,99025,4040.96,12.480000000000018
OPEN_LONG,4028.48,99025,4028.48,0.0
CLOSE_LONG,4015.74,99053,4028.48,-12.740000000000236
OPEN_SHORT,4015.74,99053,4015.74,0.0
CLOSE_SHORT,4014.88,99064,4015.74,0.8599999999996726
OPEN_LONG,4014.88,99064,4014.88,0.0
CLOSE_LONG,4014.66,99135,4014.88,-0.22000000000025466
OPEN_SHORT,4014.66,99135,4014.66,0.0
CLOSE_SHORT,4016.35,99372,4014.66,-1.6900000000000546
OPEN_LONG,4016.35,99372,4016.35,0.0
CLOSE_LONG,4015.48,99484,4016.35,-0.8699999999998909
OPEN_SHORT,4015.48,99484,4015.48,0.0
CLOSE_SHORT,3994.53,99786,4015.48,20.949999999999818
OPEN_LONG,3994.53,99786,3994.53,0.0
CLOSE_LONG,3992.79,99799,3994.53,-1.7400000000002365
OPEN_SHORT,3992.79,99799,3992.79,0.0
CLOSE_SHORT,4018.0,100072,3992.79,-25.210000000000036
OPEN_LONG,4018.0,100072,4018.0,0.0
CLOSE_LONG,4033.78,100078,4018.0,15.7800000000002
OPEN_SHORT,4033.78,100078,4033.78,0.0
CLOSE_SHORT,4023.27,100083,4033.78,10.510000000000218
OPEN_LONG,4023.27,100083,4023.27,0.0
CLOSE_LONG,3998.37,100329,4023.27,-24.90000000000009
OPEN_SHORT,3998.37,100329,3998.37,0.0
CLOSE_SHORT,3988.98,100336,3998.37,9.389999999999873
OPEN_LONG,3988.98,100336,3988.98,0.0
CLOSE_LONG,3995.03,100351,3988.98,6.050000000000182
OPEN_SHORT,3995.03,100351,3995.03,0.0
CLOSE_SHORT,4014.35,100698,3995.03,-19.31999999999971
OPEN_LONG,4014.35,100698,4014.35,0.0
CLOSE_LONG,4026.06,100783,4014.35,11.710000000000036
OPEN_SHORT,4026.06,100783,4026.06,0.0
CLOSE_SHORT,4015.5,100788,4026.06,10.559999999999945
OPEN_LONG,4015.5,100788,4015.5,0.0
CLOSE_LONG,4007.35,100893,4015.5,-8.150000000000091
OPEN_SHORT,4007.35,100893,4007.35,0.0
CLOSE_SHORT,4002.8,101126,4007.35,4.549999999999727
OPEN_LONG,4002.8,101126,4002.8,0.0
CLOSE_LONG,4007.68,101139,4002.8,4.879999999999654
OPEN_SHORT,4007.68,101139,4007.68,0.0
CLOSE_SHORT,3996.92,101285,4007.68,10.759999999999764
OPEN_LONG,3996.92,101285,3996.92,0.0
CLOSE_LONG,3991.26,101349,3996.92,-5.6599999999998545
OPEN_SHORT,3991.26,101349,3991.26,0.0
CLOSE_SHORT,3970.13,101503,3991.26,21.13000000000011
OPEN_LONG,3970.13,101503,3970.13,0.0
CLOSE_LONG,3975.48,101509,3970.13,5.349999999999909
OPEN_SHORT,3975.48,101509,3975.48,0.0
CLOSE_SHORT,4033.6,101711,3975.48,-58.11999999999989
OPEN_LONG,4033.6,101711,4033.6,0.0
CLOSE_LONG,4039.36,101765,4033.6,5.760000000000218
OPEN_SHORT,4039.36,101765,4039.36,0.0
CLOSE_SHORT,4022.67,101783,4039.36,16.690000000000055
OPEN_LONG,4022.67,101783,4022.67,0.0
CLOSE_LONG,4036.49,101787,4022.67,13.819999999999709
OPEN_SHORT,4036.49,101787,4036.49,0.0
CLOSE_SHORT,4040.77,101809,4036.49,-4.2800000000002
OPEN_LONG,4040.77,101809,4040.77,0.0
CLOSE_LONG,4044.51,101960,4040.77,3.7400000000002365
OPEN_SHORT,4044.51,101960,4044.51,0.0
CLOSE_SHORT,4088.74,102069,4044.51,-44.22999999999956
OPEN_LONG,4088.74,102069,4088.74,0.0
CLOSE_LONG,4099.2,102075,4088.74,10.460000000000036
OPEN_SHORT,4099.2,102075,4099.2,0.0
CLOSE_SHORT,4128.77,102193,4099.2,-29.57000000000062
OPEN_LONG,4128.77,102193,4128.77,0.0
CLOSE_LONG,4138.64,102199,4128.77,9.86999999999989
OPEN_SHORT,4138.64,102199,4138.64,0.0
CLOSE_SHORT,4121.23,102214,4138.64,17.410000000000764
OPEN_LONG,4121.23,102214,4121.23,0.0
CLOSE_LONG,4130.2,102223,4121.23,8.970000000000255
OPEN_SHORT,4130.2,102223,4130.2,0.0
CLOSE_SHORT,4117.31,102265,4130.2,12.889999999999418
OPEN_LONG,4117.31,102265,4117.31,0.0
CLOSE_LONG,4120.68,102417,4117.31,3.369999999999891
OPEN_SHORT,4120.68,102417,4120.68,0.0
CLOSE_SHORT,4124.99,102762,4120.68,-4.309999999999491
OPEN_LONG,4124.99,102762,4124.99,0.0
CLOSE_LONG,4132.1,102774,4124.99,7.110000000000582
OPEN_SHORT,4132.1,102774,4132.1,0.0
CLOSE_SHORT,4102.4,102847,4132.1,29.700000000000728
OPEN_LONG,4102.4,102847,4102.4,0.0
CLOSE_LONG,4112.76,102944,4102.4,10.360000000000582
OPEN_SHORT,4112.76,102944,4112.76,0.0
CLOSE_SHORT,4100.17,102949,4112.76,12.590000000000146
OPEN_LONG,4100.17,102949,4100.17,0.0
CLOSE_LONG,4100.65,102970,4100.17,0.47999999999956344
OPEN_SHORT,4100.65,102970,4100.65,0.0
CLOSE_SHORT,4183.85,103087,4100.65,-83.20000000000073
OPEN_LONG,4183.85,103087,4183.85,0.0
CLOSE_LONG,4168.04,103149,4183.85,-15.8100000000004
OPEN_SHORT,4168.04,103149,4168.04,0.0
CLOSE_SHORT,4157.46,103155,4168.04,10.579999999999927
OPEN_LONG,4157.46,103155,4157.46,0.0
CLOSE_LONG,4151.2,103286,4157.46,-6.260000000000218
OPEN_SHORT,4151.2,103286,4151.2,0.0
CLOSE_SHORT,4159.6,103332,4151.2,-8.400000000000546
OPEN_LONG,4159.6,103332,4159.6,0.0
CLOSE_LONG,4169.83,103337,4159.6,10.229999999999563
OPEN_SHORT,4169.83,103337,4169.83,0.0
CLOSE_SHORT,4213.16,103451,4169.83,-43.32999999999993
OPEN_LONG,4213.16,103451,4213.16,0.0
CLOSE_LONG,4224.27,103493,4213.16,11.110000000000582
OPEN_SHORT,4224.27,103493,4224.27,0.0
CLOSE_SHORT,4206.65,103617,4224.27,17.6200000000008
OPEN_LONG,4206.65,103617,4206.65,0.0
CLOSE_LONG,4209.89,103651,4206.65,3.240000000000691
OPEN_SHORT,4209.89,103651,4209.89,0.0
CLOSE_SHORT,4206.9,103669,4209.89,2.990000000000691
OPEN_LONG,4206.9,103669,4206.9,0.0
CLOSE_LONG,4212.96,103688,4206.9,6.0600000000004
OPEN_SHORT,4212.96,103688,4212.96,0.0
CLOSE_SHORT,4210.6,103706,4212.96,2.3599999999996726
OPEN_LONG,4210.6,103706,4210.6,0.0
CLOSE_LONG,4208.29,103717,4210.6,-2.3100000000004
OPEN_SHORT,4208.29,103717,4208.29,0.0
CLOSE_SHORT,4199.09,103721,4208.29,9.199999999999818
OPEN_LONG,4199.09,103721,4199.09,0.0
CLOSE_LONG,4201.53,103736,4199.09,2.4399999999996
OPEN_SHORT,4201.53,103736,4201.53,0.0
CLOSE_SHORT,4178.99,103933,4201.53,22.539999999999964
OPEN_LONG,4178.99,103933,4178.99,0.0
CLOSE_LONG,4179.87,103966,4178.99,0.8800000000001091
OPEN_SHORT,4179.87,103966,4179.87,0.0
CLOSE_SHORT,4179.51,104071,4179.87,0.3599999999996726
OPEN_LONG,4179.51,104071,4179.51,0.0
CLOSE_LONG,4180.39,104083,4179.51,0.8800000000001091
OPEN_SHORT,4180.39,104083,4180.39,0.0
CLOSE_SHORT,4162.47,104191,4180.39,17.920000000000073
OPEN_LONG,4162.47,104191,4162.47,0.0
CLOSE_LONG,4142.0,104221,4162.47,-20.470000000000255
OPEN_SHORT,4142.0,104221,4142.0,0.0
CLOSE_SHORT,4149.21,104429,4142.0,-7.210000000000036
OPEN_LONG,4149.21,104429,4149.21,0.0
CLOSE_LONG,4160.0,104434,4149.21,10.789999999999964
OPEN_SHORT,4160.0,104434,4160.0,0.0
CLOSE_SHORT,4160.01,104445,4160.0,-0.010000000000218279
OPEN_LONG,4160.01,104445,4160.01,0.0
CLOSE_LONG,4140.26,104468,4160.01,-19.75
OPEN_SHORT,4140.26,104468,4140.26,0.0
CLOSE_SHORT,4125.07,104481,4140.26,15.19000000000051
OPEN_LONG,4125.07,104481,4125.07,0.0
CLOSE_LONG,4128.42,104500,4125.07,3.350000000000364
OPEN_SHORT,4128.42,104500,4128.42,0.0
CLOSE_SHORT,4137.8,104519,4128.42,-9.38000000000011
OPEN_LONG,4137.8,104519,4137.8,0.0
CLOSE_LONG,4114.14,104547,4137.8,-23.659999999999854
OPEN_SHORT,4114.14,104547,4114.14,0.0
CLOSE_SHORT,4109.94,104762,4114.14,4.200000000000728
OPEN_LONG,4109.94,104762,4109.94,0.0
CLOSE_LONG,4117.91,104767,4109.94,7.970000000000255
OPEN_SHORT,4117.91,104767,4117.91,0.0
CLOSE_SHORT,4153.08,104821,4117.91,-35.17000000000007
OPEN_LONG,4153.08,104821,4153.08,0.0
CLOSE_LONG,4163.14,104838,4153.08,10.0600000000004
OPEN_SHORT,4163.14,104838,4163.14,0.0
CLOSE_SHORT,4186.31,104888,4163.14,-23.170000000000073
OPEN_LONG,4186.31,104888,4186.31,0.0
CLOSE_LONG,4169.74,104939,4186.31,-16.57000000000062
OPEN_SHORT,4169.74,104939,4169.74,0.0
CLOSE_SHORT,4140.41,104968,4169.74,29.329999999999927
OPEN_LONG,4140.41,104968,4140.41,0.0
CLOSE_LONG,4138.5,105019,4140.41,-1.9099999999998545
OPEN_SHORT,4138.5,105019,4138.5,0.0
CLOSE_SHORT,4133.91,105280,4138.5,4.5900000000001455
OPEN_LONG,4133.91,105280,4133.91,0.0
CLOSE_LONG,4140.82,105297,4133.91,6.9099999999998545
OPEN_SHORT,4140.82,105297,4140.82,0.0
CLOSE_SHORT,4139.19,105349,4140.82,1.6300000000001091
OPEN_LONG,4139.19,105349,4139.19,0.0
CLOSE_LONG,4149.57,105364,4139.19,10.38000000000011
OPEN_SHORT,4149.57,105364,4149.57,0.0
CLOSE_SHORT,4281.15,105588,4149.57,-131.57999999999993
OPEN_LONG,4281.15,105588,4281.15,0.0
CLOSE_LONG,4290.0,105593,4281.15,8.850000000000364
OPEN_SHORT,4290.0,105593,4290.0,0.0
CLOSE_SHORT,4297.01,105808,4290.0,-7.010000000000218
OPEN_LONG,4297.01,105808,4297.01,0.0
CLOSE_LONG,4293.2,105848,4297.01,-3.8100000000004
OPEN_SHORT,4293.2,105848,4293.2,0.0
CLOSE_SHORT,4282.96,105886,4293.2,10.239999999999782
OPEN_LONG,4282.96,105886,4282.96,0.0
CLOSE_LONG,4293.28,105889,4282.96,10.319999999999709
OPEN_SHORT,4293.28,105889,4293.28,0.0
CLOSE_SHORT,4303.19,105904,4293.28,-9.909999999999854
OPEN_LONG,4303.19,105904,4303.19,0.0
CLOSE_LONG,4318.0,105922,4303.19,14.8100000000004
OPEN_SHORT,4318.0,105922,4318.0,0.0
CLOSE_SHORT,4319.54,105942,4318.0,-1.5399999999999636
OPEN_LONG,4319.54,105942,4319.54,0.0
CLOSE_LONG,4324.37,105949,4319.54,4.829999999999927
OPEN_SHORT,4324.37,105949,4324.37,0.0
CLOSE_SHORT,4315.05,105964,4324.37,9.319999999999709
OPEN_LONG,4315.05,105964,4315.05,0.0
CLOSE_LONG,4322.44,105972,4315.05,7.389999999999418
OPEN_SHORT,4322.44,105972,4322.44,0.0
CLOSE_SHORT,4318.26,106070,4322.44,4.1799999999993815
OPEN_LONG,4318.26,106070,4318.26,0.0
CLOSE_LONG,4325.34,106075,4318.26,7.079999999999927
OPEN_SHORT,4325.34,106075,4325.34,0.0
CLOSE_SHORT,4311.18,106088,4325.34,14.159999999999854
OPEN_LONG,4311.18,106088,4311.18,0.0
CLOSE_LONG,4330.43,106235,4311.18,19.25
OPEN_SHORT,4330.43,106235,4330.43,0.0
CLOSE_SHORT,4317.98,106267,4330.43,12.450000000000728
OPEN_LONG,4317.98,106267,4317.98,0.0
CLOSE_LONG,4330.4,106271,4317.98,12.420000000000073
OPEN_SHORT,4330.4,106271,4330.4,0.0
CLOSE_SHORT,4307.97,106346,4330.4,22.42999999999938
OPEN_LONG,4307.97,106346,4307.97,0.0
CLOSE_LONG,4307.7,106356,4307.97,-0.27000000000043656
OPEN_SHORT,4307.7,106356,4307.7,0.0
CLOSE_SHORT,4295.9,106363,4307.7,11.800000000000182
OPEN_LONG,4295.9,106363,4295.9,0.0
CLOSE_LONG,4310.93,106375,4295.9,15.030000000000655
OPEN_SHORT,4310.93,106375,4310.93,0.0
CLOSE_SHORT,4312.7,106389,4310.93,-1.769999999999527
OPEN_LONG,4312.7,106389,4312.7,0.0
CLOSE_LONG,4348.66,106492,4312.7,35.960000000000036
OPEN_SHORT,4348.66,106492,4348.66,0.0
CLOSE_SHORT,4362.32,106512,4348.66,-13.659999999999854
OPEN_LONG,4362.32,106512,4362.32,0.0
CLOSE_LONG,4339.59,106560,4362.32,-22.729999999999563
OPEN_SHORT,4339.59,106560,4339.59,0.0
CLOSE_SHORT,4380.02,106616,4339.59,-40.43000000000029
OPEN_LONG,4380.02,106616,4380.02,0.0
CLOSE_LONG,4378.41,106639,4380.02,-1.610000000000582
OPEN_SHORT,4378.41,106639,4378.41,0.0
CLOSE_SHORT,4385.92,106666,4378.41,-7.510000000000218
OPEN_LONG,4385.92,106666,4385.92,0.0
CLOSE_LONG,4380.72,106739,4385.92,-5.199999999999818
OPEN_SHORT,4380.72,106739,4380.72,0.0
CLOSE_SHORT,4359.49,106776,4380.72,21.230000000000473
OPEN_LONG,4359.49,106776,4359.49,0.0
CLOSE_LONG,4382.05,106821,4359.49,22.5600000000004
OPEN_SHORT,4382.05,106821,4382.05,0.0
CLOSE_SHORT,4385.08,106833,4382.05,-3.0299999999997453
OPEN_LONG,4385.08,106833,4385.08,0.0
CLOSE_LONG,4388.02,106882,4385.08,2.9400000000005093
OPEN_SHORT,4388.02,106882,4388.02,0.0
CLOSE_SHORT,4404.06,106889,4388.02,-16.039999999999964
OPEN_LONG,4404.06,106889,4404.06,0.0
CLOSE_LONG,4416.67,106895,4404.06,12.609999999999673
OPEN_SHORT,4416.67,106895,4416.67,0.0
CLOSE_SHORT,4403.64,106899,4416.67,13.029999999999745
OPEN_LONG,4403.64,106899,4403.64,0.0
CLOSE_LONG,4384.12,106997,4403.64,-19.520000000000437
OPEN_SHORT,4384.12,106997,4384.12,0.0
CLOSE_SHORT,4386.06,107086,4384.12,-1.9400000000005093
OPEN_LONG,4386.06,107086,4386.06,0.0
CLOSE_LONG,4380.64,107126,4386.06,-5.420000000000073
OPEN_SHORT,4380.64,107126,4380.64,0.0
CLOSE_SHORT,4406.56,107279,4380.64,-25.920000000000073
OPEN_LONG,4406.56,107279,4406.56,0.0
CLOSE_LONG,4393.56,107295,4406.56,-13.0
OPEN_SHORT,4393.56,107295,4393.56,0.0
CLOSE_SHORT,4389.7,107315,4393.56,3.860000000000582
OPEN_LONG,4389.7,107315,4389.7,0.0
CLOSE_LONG,4400.57,107318,4389.7,10.86999999999989
OPEN_SHORT,4400.57,107318,4400.57,0.0
CLOSE_SHORT,4402.76,107342,4400.57,-2.1900000000005093
OPEN_LONG,4402.76,107342,4402.76,0.0
CLOSE_LONG,4404.55,107349,4402.76,1.7899999999999636
OPEN_SHORT,4404.55,107349,4404.55,0.0
CLOSE_SHORT,4400.3,107366,4404.55,4.25
OPEN_LONG,4400.3,107366,4400.3,0.0
CLOSE_LONG,4377.19,107388,4400.3,-23.110000000000582
OPEN_SHORT,4377.19,107388,4377.19,0.0
CLOSE_SHORT,4362.77,107395,4377.19,14.419999999999163
OPEN_LONG,4362.77,107395,4362.77,0.0
CLOSE_LONG,4371.7,107402,4362.77,8.929999999999382
OPEN_SHORT,4371.7,107402,4371.7,0.0
CLOSE_SHORT,4406.2,107422,4371.7,-34.5
OPEN_LONG,4406.2,107422,4406.2,0.0
CLOSE_LONG,4412.8,107435,4406.2,6.600000000000364
OPEN_SHORT,4412.8,107435,4412.8,0.0
CLOSE_SHORT,4448.77,107474,4412.8,-35.970000000000255
OPEN_LONG,4448.77,107474,4448.77,0.0
CLOSE_LONG,4448.16,107487,4448.77,-0.6100000000005821
OPEN_SHORT,4448.16,107487,4448.16,0.0
CLOSE_SHORT,4437.2,107492,4448.16,10.960000000000036
OPEN_LONG,4437.2,107492,4437.2,0.0
CLOSE_LONG,4440.46,107499,4437.2,3.2600000000002183
OPEN_SHORT,4440.46,107499,4440.46,0.0
CLOSE_SHORT,4449.03,107533,4440.46,-8.569999999999709
OPEN_LONG,4449.03,107533,4449.03,0.0
CLOSE_LONG,4461.42,107539,4449.03,12.390000000000327
OPEN_SHORT,4461.42,107539,4461.42,0.0
CLOSE_SHORT,4451.01,107544,4461.42,10.409999999999854
OPEN_LONG,4451.01,107544,4451.01,0.0
CLOSE_LONG,4459.1,107549,4451.01,8.090000000000146
OPEN_SHORT,4459.1,107549,4459.1,0.0
CLOSE_SHORT,4478.99,107615,4459.1,-19.889999999999418
OPEN_LONG,4478.99,107615,4478.99,0.0
CLOSE_LONG,4497.71,107640,4478.99,18.720000000000255
OPEN_SHORT,4497.71,107640,4497.71,0.0
CLOSE_SHORT,4501.09,107652,4497.71,-3.380000000000109
OPEN_LONG,4501.09,107652,4501.09,0.0
CLOSE_LONG,4506.98,107679,4501.09,5.889999999999418
OPEN_SHORT,4506.98,107679,4506.98,0.0
CLOSE_SHORT,4493.9,107684,4506.98,13.079999999999927
OPEN_LONG,4493.9,107684,4493.9,0.0
CLOSE_LONG,4484.4,107736,4493.9,-9.5
OPEN_SHORT,4484.4,107736,4484.4,0.0
CLOSE_SHORT,4483.68,107769,4484.4,0.7199999999993452
OPEN_LONG,4483.68,107769,4483.68,0.0
CLOSE_LONG,4479.62,107817,4483.68,-4.0600000000004
OPEN_SHORT,4479.62,107817,4479.62,0.0
CLOSE_SHORT,4467.71,107832,4479.62,11.909999999999854
OPEN_LONG,4467.71,107832,4467.71,0.0
CLOSE_LONG,4468.84,107875,4467.71,1.1300000000001091
OPEN_SHORT,4468.84,107875,4468.84,0.0
CLOSE_SHORT,4461.9,107999,4468.84,6.940000000000509
OPEN_LONG,4461.9,107999,4461.9,0.0
CLOSE_LONG,4475.0,108028,4461.9,13.100000000000364
OPEN_SHORT,4475.0,108028,4475.0,0.0
CLOSE_SHORT,4493.68,108098,4475.0,-18.68000000000029
OPEN_LONG,4493.68,108098,4493.68,0.0
CLOSE_LONG,4505.83,108107,4493.68,12.149999999999636
OPEN_SHORT,4505.83,108107,4505.83,0.0
CLOSE_SHORT,4531.0,108124,4505.83,-25.170000000000073
OPEN_LONG,4531.0,108124,4531.0,0.0
CLOSE_LONG,4539.59,108129,4531.0,8.590000000000146
OPEN_SHORT,4539.59,108129,4539.59,0.0
CLOSE_SHORT,4527.76,108141,4539.59,11.829999999999927
OPEN_LONG,4527.76,108141,4527.76,0.0
CLOSE_LONG,4472.58,108352,4527.76,-55.18000000000029
OPEN_SHORT,4472.58,108352,4472.58,0.0
CLOSE_SHORT,4455.01,108373,4472.58,17.56999999999971
OPEN_LONG,4455.01,108373,4455.01,0.0
CLOSE_LONG,4442.5,108433,4455.01,-12.510000000000218
OPEN_SHORT,4442.5,108433,4442.5,0.0
CLOSE_SHORT,4467.88,108714,4442.5,-25.38000000000011
OPEN_LONG,4467.88,108714,4467.88,0.0
CLOSE_LONG,4464.8,108725,4467.88,-3.0799999999999272
OPEN_SHORT,4464.8,108725,4464.8,0.0
CLOSE_SHORT,4480.66,108748,4464.8,-15.859999999999673
OPEN_LONG,4480.66,108748,4480.66,0.0
CLOSE_LONG,4464.14,108779,4480.66,-16.519999999999527
OPEN_SHORT,4464.14,108779,4464.14,0.0
CLOSE_SHORT,4444.6,108789,4464.14,19.539999999999964
OPEN_LONG,4444.6,108789,4444.6,0.0
CLOSE_LONG,4452.92,108794,4444.6,8.319999999999709
OPEN_SHORT,4452.92,108794,4452.92,0.0
CLOSE_SHORT,4469.2,108835,4452.92,-16.279999999999745
OPEN_LONG,4469.2,108835,4469.2,0.0
CLOSE_LONG,4472.6,108847,4469.2,3.4000000000005457
OPEN_SHORT,4472.6,108847,4472.6,0.0
CLOSE_SHORT,4536.47,108899,4472.6,-63.86999999999989
OPEN_LONG,4536.47,108899,4536.47,0.0
CLOSE_LONG,4550.53,108903,4536.47,14.05999999999949
OPEN_SHORT,4550.53,108903,4550.53,0.0
CLOSE_SHORT,4536.53,108908,4550.53,14.0
OPEN_LONG,4536.53,108908,4536.53,0.0
CLOSE_LONG,4547.77,108913,4536.53,11.240000000000691
OPEN_SHORT,4547.77,108913,4547.77,0.0
CLOSE_SHORT,4571.99,108934,4547.77,-24.219999999999345
OPEN_LONG,4571.99,108934,4571.99,0.0
CLOSE_LONG,4493.76,108959,4571.99,-78.22999999999956
OPEN_SHORT,4493.76,108959,4493.76,0.0
CLOSE_SHORT,4502.6,108966,4493.76,-8.840000000000146
OPEN_LONG,4502.6,108966,4502.6,0.0
CLOSE_LONG,4506.91,108986,4502.6,4.309999999999491
OPEN_SHORT,4506.91,108986,4506.91,0.0
CLOSE_SHORT,4499.99,108996,4506.91,6.920000000000073
OPEN_LONG,4499.99,108996,4499.99,0.0
CLOSE_LONG,4471.55,109009,4499.99,-28.4399999999996
OPEN_SHORT,4471.55,109009,4471.55,0.0
CLOSE_SHORT,4462.51,109012,4471.55,9.039999999999964
OPEN_LONG,4462.51,109012,4462.51,0.0
CLOSE_LONG,4470.62,109020,4462.51,8.109999999999673
OPEN_SHORT,4470.62,109020,4470.62,0.0
CLOSE_SHORT,4492.78,109043,4470.62,-22.159999999999854
OPEN_LONG,4492.78,109043,4492.78,0.0
CLOSE_LONG,4508.39,109069,4492.78,15.610000000000582
OPEN_SHORT,4508.39,109069,4508.39,0.0
CLOSE_SHORT,4520.88,109092,4508.39,-12.489999999999782
OPEN_LONG,4520.88,109092,4520.88,0.0
CLOSE_LONG,4530.8,109099,4520.88,9.920000000000073
OPEN_SHORT,4530.8,109099,4530.8,0.0
CLOSE_SHORT,4519.84,109110,4530.8,10.960000000000036
OPEN_LONG,4519.84,109110,4519.84,0.0
CLOSE_LONG,4504.35,109146,4519.84,-15.489999999999782
OPEN_SHORT,4504.35,109146,4504.35,0.0
CLOSE_SHORT,4508.58,109342,4504.35,-4.229999999999563
OPEN_LONG,4508.58,109342,4508.58,0.0
CLOSE_LONG,4478.89,109490,4508.58,-29.6899999999996
OPEN_SHORT,4478.89,109490,4478.89,0.0
CLOSE_SHORT,4465.88,109508,4478.89,13.010000000000218
OPEN_LONG,4465.88,109508,4465.88,0.0
CLOSE_LONG,4473.66,109513,4465.88,7.779999999999745
OPEN_SHORT,4473.66,109513,4473.66,0.0
CLOSE_SHORT,4494.58,109931,4473.66,-20.920000000000073
OPEN_LONG,4494.58,109931,4494.58,0.0
CLOSE_LONG,4494.36,109971,4494.58,-0.22000000000025466
OPEN_SHORT,4494.36,109971,4494.36,0.0
CLOSE_SHORT,4481.06,110260,4494.36,13.299999999999272
OPEN_LONG,4481.06,110260,4481.06,0.0
CLOSE_LONG,4450.92,110306,4481.06,-30.140000000000327
OPEN_SHORT,4450.92,110306,4450.92,0.0
CLOSE_SHORT,4452.74,110432,4450.92,-1.819999999999709
OPEN_LONG,4452.74,110432,4452.74,0.0
CLOSE_LONG,4456.55,110510,4452.74,3.8100000000004
OPEN_SHORT,4456.55,110510,4456.55,0.0
CLOSE_SHORT,4481.66,110819,4456.55,-25.109999999999673
OPEN_LONG,4481.66,110819,4481.66,0.0
CLOSE_LONG,4487.0,110957,4481.66,5.3400000000001455
OPEN_SHORT,4487.0,110957,4487.0,0.0
CLOSE_SHORT,4515.38,110969,4487.0,-28.38000000000011
OPEN_LONG,4515.38,110969,4515.38,0.0
CLOSE_LONG,4525.76,110974,4515.38,10.38000000000011
OPEN_SHORT,4525.76,110974,4525.76,0.0
CLOSE_SHORT,4550.63,111004,4525.76,-24.86999999999989
OPEN_LONG,4550.63,111004,4550.63,0.0
CLOSE_LONG,4544.0,111018,4550.63,-6.630000000000109
OPEN_SHORT,4544.0,111018,4544.0,0.0
CLOSE_SHORT,4548.41,111039,4544.0,-4.4099999999998545
OPEN_LONG,4548.41,111039,4548.41,0.0
CLOSE_LONG,4540.79,111052,4548.41,-7.619999999999891
OPEN_SHORT,4540.79,111052,4540.79,0.0
CLOSE_SHORT,4529.87,111058,4540.79,10.920000000000073
OPEN_LONG,4529.87,111058,4529.87,0.0
CLOSE_LONG,4541.41,111069,4529.87,11.539999999999964
OPEN_SHORT,4541.41,111069,4541.41,0.0
CLOSE_SHORT,4567.23,111107,4541.41,-25.81999999999971
OPEN_LONG,4567.23,111107,4567.23,0.0
CLOSE_LONG,4582.19,111111,4567.23,14.960000000000036
OPEN_SHORT,4582.19,111111,4582.19,0.0
CLOSE_SHORT,4564.29,111115,4582.19,17.899999999999636
OPEN_LONG,4564.29,111115,4564.29,0.0
CLOSE_LONG,4572.4,111136,4564.29,8.109999999999673
OPEN_SHORT,4572.4,111136,4572.4,0.0
CLOSE_SHORT,4561.01,111151,4572.4,11.389999999999418
OPEN_LONG,4561.01,111151,4561.01,0.0
CLOSE_LONG,4566.81,111236,4561.01,5.800000000000182
OPEN_SHORT,4566.81,111236,4566.81,0.0
CLOSE_SHORT,4604.92,111296,4566.81,-38.10999999999967
OPEN_LONG,4604.92,111296,4604.92,0.0
CLOSE_LONG,4605.78,111314,4604.92,0.8599999999996726
OPEN_SHORT,4605.78,111314,4605.78,0.0
CLOSE_SHORT,4594.15,111320,4605.78,11.63000000000011
OPEN_LONG,4594.15,111320,4594.15,0.0
CLOSE_LONG,4569.18,111384,4594.15,-24.969999999999345
OPEN_SHORT,4569.18,111384,4569.18,0.0
CLOSE_SHORT,4556.1,111388,4569.18,13.079999999999927
OPEN_LONG,4556.1,111388,4556.1,0.0
CLOSE_LONG,4557.61,111399,4556.1,1.5099999999993088
OPEN_SHORT,4557.61,111399,4557.61,0.0
CLOSE_SHORT,4548.58,111408,4557.61,9.029999999999745
OPEN_LONG,4548.58,111408,4548.58,0.0
CLOSE_LONG,4548.15,111429,4548.58,-0.43000000000029104
OPEN_SHORT,4548.15,111429,4548.15,0.0
CLOSE_SHORT,4536.0,111434,4548.15,12.149999999999636
OPEN_LONG,4536.0,111434,4536.0,0.0
CLOSE_LONG,4541.83,111454,4536.0,5.829999999999927
OPEN_SHORT,4541.83,111454,4541.83,0.0
CLOSE_SHORT,4534.18,111567,4541.83,7.649999999999636
OPEN_LONG,4534.18,111567,4534.18,0.0
CLOSE_LONG,4540.2,111579,4534.18,6.019999999999527
OPEN_SHORT,4540.2,111579,4540.2,0.0
CLOSE_SHORT,4535.19,111683,4540.2,5.010000000000218
OPEN_LONG,4535.19,111683,4535.19,0.0
CLOSE_LONG,4537.5,111778,4535.19,2.3100000000004
OPEN_SHORT,4537.5,111778,4537.5,0.0
CLOSE_SHORT,4515.99,111815,4537.5,21.51000000000022
OPEN_LONG,4515.99,111815,4515.99,0.0
CLOSE_LONG,4517.4,111822,4515.99,1.4099999999998545
OPEN_SHORT,4517.4,111822,4517.4,0.0
CLOSE_SHORT,4521.26,111839,4517.4,-3.860000000000582
OPEN_LONG,4521.26,111839,4521.26,0.0
CLOSE_LONG,4513.2,111874,4521.26,-8.0600000000004
OPEN_SHORT,4513.2,111874,4513.2,0.0
CLOSE_SHORT,4476.8,112009,4513.2,36.399999999999636
OPEN_LONG,4476.8,112009,4476.8,0.0
CLOSE_LONG,4484.36,112014,4476.8,7.559999999999491
OPEN_SHORT,4484.36,112014,4484.36,0.0
CLOSE_SHORT,4501.29,112138,4484.36,-16.93000000000029
OPEN_LONG,4501.29,112138,4501.29,0.0
CLOSE_LONG,4513.8,112152,4501.29,12.510000000000218
OPEN_SHORT,4513.8,112152,4513.8,0.0
CLOSE_SHORT,4535.6,112270,4513.8,-21.800000000000182
OPEN_LONG,4535.6,112270,4535.6,0.0
CLOSE_LONG,4511.48,112292,4535.6,-24.1200000000008
OPEN_SHORT,4511.48,112292,4511.48,0.0
CLOSE_SHORT,4495.22,112300,4511.48,16.25999999999931
OPEN_LONG,4495.22,112300,4495.22,0.0
CLOSE_LONG,4504.29,112315,4495.22,9.069999999999709
OPEN_SHORT,4504.29,112315,4504.29,0.0
CLOSE_SHORT,4493.16,112323,4504.29,11.13000000000011
OPEN_LONG,4493.16,112323,4493.16,0.0
CLOSE_LONG,4510.97,112328,4493.16,17.8100000000004
OPEN_SHORT,4510.97,112328,4510.97,0.0
CLOSE_SHORT,4528.63,112344,4510.97,-17.659999999999854
OPEN_LONG,4528.63,112344,4528.63,0.0
CLOSE_LONG,4518.29,112410,4528.63,-10.340000000000146
OPEN_SHORT,4518.29,112410,4518.29,0.0
CLOSE_SHORT,4532.5,112421,4518.29,-14.210000000000036
OPEN_LONG,4532.5,112421,4532.5,0.0
CLOSE_LONG,4538.72,112486,4532.5,6.220000000000255
OPEN_SHORT,4538.72,112486,4538.72,0.0
CLOSE_SHORT,4530.4,112521,4538.72,8.320000000000618
OPEN_LONG,4530.4,112521,4530.4,0.0
CLOSE_LONG,4518.06,112575,4530.4,-12.339999999999236
OPEN_SHORT,4518.06,112575,4518.06,0.0
CLOSE_SHORT,4540.59,112628,4518.06,-22.529999999999745
OPEN_LONG,4540.59,112628,4540.59,0.0
CLOSE_LONG,4549.6,112633,4540.59,9.010000000000218
OPEN_SHORT,4549.6,112633,4549.6,0.0
CLOSE_SHORT,4565.04,112696,4549.6,-15.4399999999996
OPEN_LONG,4565.04,112696,4565.04,0.0
CLOSE_LONG,4543.17,112730,4565.04,-21.86999999999989
OPEN_SHORT,4543.17,112730,4543.17,0.0
CLOSE_SHORT,4566.33,112854,4543.17,-23.159999999999854
OPEN_LONG,4566.33,112854,4566.33,0.0
CLOSE_LONG,4567.05,112896,4566.33,0.7200000000002547
OPEN_SHORT,4567.05,112896,4567.05,0.0
CLOSE_SHORT,4575.0,112942,4567.05,-7.949999999999818
OPEN_LONG,4575.0,112942,4575.0,0.0
CLOSE_LONG,4578.73,112970,4575.0,3.7299999999995634
OPEN_SHORT,4578.73,112970,4578.73,0.0
CLOSE_SHORT,4577.85,113005,4578.73,0.8799999999991996
OPEN_LONG,4577.85,113005,4577.85,0.0
CLOSE_LONG,4595.35,113047,4577.85,17.5
OPEN_SHORT,4595.35,113047,4595.35,0.0
CLOSE_SHORT,4587.79,113058,4595.35,7.5600000000004
OPEN_LONG,4587.79,113058,4587.79,0.0
CLOSE_LONG,4606.56,113064,4587.79,18.770000000000437
OPEN_SHORT,4606.56,113064,4606.56,0.0
CLOSE_SHORT,4603.45,113070,4606.56,3.110000000000582
OPEN_LONG,4603.45,113070,4603.45,0.0
CLOSE_LONG,4613.32,113077,4603.45,9.86999999999989
OPEN_SHORT,4613.32,113077,4613.32,0.0
CLOSE_SHORT,4645.02,113098,4613.32,-31.700000000000728
OPEN_LONG,4645.02,113098,4645.02,0.0
CLOSE_LONG,4648.66,113106,4645.02,3.639999999999418
OPEN_SHORT,4648.66,113106,4648.66,0.0
CLOSE_SHORT,4650.07,113128,4648.66,-1.4099999999998545
OPEN_LONG,4650.07,113128,4650.07,0.0
CLOSE_LONG,4650.81,113151,4650.07,0.7400000000006912
OPEN_SHORT,4650.81,113151,4650.81,0.0
CLOSE_SHORT,4678.21,113179,4650.81,-27.399999999999636
OPEN_LONG,4678.21,113179,4678.21,0.0
CLOSE_LONG,4670.64,113194,4678.21,-7.569999999999709
OPEN_SHORT,4670.64,113194,4670.64,0.0
CLOSE_SHORT,4667.01,113215,4670.64,3.630000000000109
OPEN_LONG,4667.01,113215,4667.01,0.0
CLOSE_LONG,4670.04,113223,4667.01,3.0299999999997453
OPEN_SHORT,4670.04,113223,4670.04,0.0
CLOSE_SHORT,4670.02,113258,4670.04,0.019999999999527063
OPEN_LONG,4670.02,113258,4670.02,0.0
CLOSE_LONG,4695.96,113284,4670.02,25.9399999999996
OPEN_SHORT,4695.96,113284,4695.96,0.0
CLOSE_SHORT,4704.19,113294,4695.96,-8.229999999999563
OPEN_LONG,4704.19,113294,4704.19,0.0
CLOSE_LONG,4702.51,113320,4704.19,-1.6799999999993815
OPEN_SHORT,4702.51,113320,4702.51,0.0
CLOSE_SHORT,4678.98,113367,4702.51,23.530000000000655
OPEN_LONG,4678.98,113367,4678.98,0.0
CLOSE_LONG,4695.71,113377,4678.98,16.730000000000473
OPEN_SHORT,4695.71,113377,4695.71,0.0
CLOSE_SHORT,4704.58,113390,4695.71,-8.86999999999989
OPEN_LONG,4704.58,113390,4704.58,0.0
CLOSE_LONG,4714.62,113413,4704.58,10.039999999999964
OPEN_SHORT,4714.62,113413,4714.62,0.0
CLOSE_SHORT,4695.15,113428,4714.62,19.470000000000255
OPEN_LONG,4695.15,113428,4695.15,0.0
CLOSE_LONG,4701.6,113433,4695.15,6.450000000000728
OPEN_SHORT,4701.6,113433,4701.6,0.0
CLOSE_SHORT,4722.4,113458,4701.6,-20.799999999999272
OPEN_LONG,4722.4,113458,4722.4,0.0
CLOSE_LONG,4686.44,113535,4722.4,-35.960000000000036
OPEN_SHORT,4686.44,113535,4686.44,0.0
CLOSE_SHORT,4676.0,113540,4686.44,10.4399999999996
OPEN_LONG,4676.0,113540,4676.0,0.0
CLOSE_LONG,4691.63,113566,4676.0,15.63000000000011
OPEN_SHORT,4691.63,113566,4691.63,0.0
CLOSE_SHORT,4687.37,113635,4691.63,4.260000000000218
OPEN_LONG,4687.37,113635,4687.37,0.0
CLOSE_LONG,4702.85,113654,4687.37,15.480000000000473
OPEN_SHORT,4702.85,113654,4702.85,0.0
CLOSE_SHORT,4678.4,113764,4702.85,24.450000000000728
OPEN_LONG,4678.4,113764,4678.4,0.0
CLOSE_LONG,4674.3,113774,4678.4,-4.099999999999454
OPEN_SHORT,4674.3,113774,4674.3,0.0
CLOSE_SHORT,4674.0,113796,4674.3,0.3000000000001819
OPEN_LONG,4674.0,113796,4674.0,0.0
CLOSE_LONG,4683.3,113833,4674.0,9.300000000000182
OPEN_SHORT,4683.3,113833,4683.3,0.0
CLOSE_SHORT,4677.6,113842,4683.3,5.699999999999818
OPEN_LONG,4677.6,113842,4677.6,0.0
CLOSE_LONG,4688.75,113877,4677.6,11.149999999999636
OPEN_SHORT,4688.75,113877,4688.75,0.0
CLOSE_SHORT,4709.6,114038,4688.75,-20.850000000000364
OPEN_LONG,4709.6,114038,4709.6,0.0
CLOSE_LONG,4715.84,114048,4709.6,6.239999999999782
OPEN_SHORT,4715.84,114048,4715.84,0.0
CLOSE_SHORT,4704.62,114052,4715.84,11.220000000000255
OPEN_LONG,4704.62,114052,4704.62,0.0
CLOSE_LONG,4676.75,114128,4704.62,-27.86999999999989
OPEN_SHORT,4676.75,114128,4676.75,0.0
CLOSE_SHORT,4668.2,114144,4676.75,8.550000000000182
OPEN_LONG,4668.2,114144,4668.2,0.0
CLOSE_LONG,4653.91,114192,4668.2,-14.289999999999964
OPEN_SHORT,4653.91,114192,4653.91,0.0
CLOSE_SHORT,4637.95,114199,4653.91,15.960000000000036
OPEN_LONG,4637.95,114199,4637.95,0.0
CLOSE_LONG,4651.76,114204,4637.95,13.8100000000004
OPEN_SHORT,4651.76,114204,4651.76,0.0
CLOSE_SHORT,4698.63,114422,4651.76,-46.86999999999989
OPEN_LONG,4698.63,114422,4698.63,0.0
CLOSE_LONG,4713.99,114453,4698.63,15.359999999999673
OPEN_SHORT,4713.99,114453,4713.99,0.0
CLOSE_SHORT,4741.2,114498,4713.99,-27.210000000000036
OPEN_LONG,4741.2,114498,4741.2,0.0
CLOSE_LONG,4700.26,114516,4741.2,-40.9399999999996
OPEN_SHORT,4700.26,114516,4700.26,0.0
CLOSE_SHORT,4691.47,114528,4700.26,8.789999999999964
OPEN_LONG,4691.47,114528,4691.47,0.0
CLOSE_LONG,4643.6,114560,4691.47,-47.86999999999989
OPEN_SHORT,4643.6,114560,4643.6,0.0
CLOSE_SHORT,4625.78,114563,4643.6,17.82000000000062
OPEN_LONG,4625.78,114563,4625.78,0.0
CLOSE_LONG,4602.99,114587,4625.78,-22.789999999999964
OPEN_SHORT,4602.99,114587,4602.99,0.0
CLOSE_SHORT,4580.73,114591,4602.99,22.26000000000022
OPEN_LONG,4580.73,114591,4580.73,0.0
CLOSE_LONG,4552.96,114600,4580.73,-27.769999999999527
OPEN_SHORT,4552.96,114600,4552.96,0.0
CLOSE_SHORT,4557.11,114611,4552.96,-4.149999999999636
OPEN_LONG,4557.11,114611,4557.11,0.0
CLOSE_LONG,4512.41,114641,4557.11,-44.69999999999982
OPEN_SHORT,4512.41,114641,4512.41,0.0
CLOSE_SHORT,4498.77,114648,4512.41,13.639999999999418
OPEN_LONG,4498.77,114648,4498.77,0.0
CLOSE_LONG,4496.65,114657,4498.77,-2.1200000000008004
OPEN_SHORT,4496.65,114657,4496.65,0.0
CLOSE_SHORT,4480.61,114660,4496.65,16.039999999999964
OPEN_LONG,4480.61,114660,4480.61,0.0
CLOSE_LONG,4489.43,114665,4480.61,8.820000000000618
OPEN_SHORT,4489.43,114665,4489.43,0.0
CLOSE_SHORT,4469.6,114668,4489.43,19.829999999999927
OPEN_LONG,4469.6,114668,4469.6,0.0
CLOSE_LONG,4488.11,114673,4469.6,18.50999999999931
OPEN_SHORT,4488.11,114673,4488.11,0.0
CLOSE_SHORT,4501.82,114703,4488.11,-13.710000000000036
OPEN_LONG,4501.82,114703,4501.82,0.0
CLOSE_LONG,4505.0,114709,4501.82,3.180000000000291
OPEN_SHORT,4505.0,114709,4505.0,0.0
CLOSE_SHORT,4486.32,114718,4505.0,18.68000000000029
OPEN_LONG,4486.32,114718,4486.32,0.0
CLOSE_LONG,4491.42,114726,4486.32,5.100000000000364
OPEN_SHORT,4491.42,114726,4491.42,0.0
CLOSE_SHORT,4482.1,114756,4491.42,9.319999999999709
OPEN_LONG,4482.1,114756,4482.1,0.0
CLOSE_LONG,4476.79,114773,4482.1,-5.3100000000004
OPEN_SHORT,4476.79,114773,4476.79,0.0
CLOSE_SHORT,4463.53,114784,4476.79,13.260000000000218
OPEN_LONG,4463.53,114784,4463.53,0.0
CLOSE_LONG,4472.98,114798,4463.53,9.449999999999818
OPEN_SHORT,4472.98,114798,4472.98,0.0
CLOSE_SHORT,4459.95,114803,4472.98,13.029999999999745
OPEN_LONG,4459.95,114803,4459.95,0.0
CLOSE_LONG,4461.95,114811,4459.95,2.0
OPEN_SHORT,4461.95,114811,4461.95,0.0
CLOSE_SHORT,4461.61,114854,4461.95,0.3400000000001455
OPEN_LONG,4461.61,114854,4461.61,0.0
CLOSE_LONG,4470.6,114859,4461.61,8.990000000000691
OPEN_SHORT,4470.6,114859,4470.6,0.0
CLOSE_SHORT,4465.84,114871,4470.6,4.760000000000218
OPEN_LONG,4465.84,114871,4465.84,0.0
CLOSE_LONG,4478.05,114875,4465.84,12.210000000000036
OPEN_SHORT,4478.05,114875,4478.05,0.0
CLOSE_SHORT,4474.39,114883,4478.05,3.6599999999998545
OPEN_LONG,4474.39,114883,4474.39,0.0
CLOSE_LONG,4489.66,114887,4474.39,15.269999999999527
OPEN_SHORT,4489.66,114887,4489.66,0.0
CLOSE_SHORT,4499.15,114904,4489.66,-9.489999999999782
OPEN_LONG,4499.15,114904,4499.15,0.0
CLOSE_LONG,4514.67,114935,4499.15,15.520000000000437
OPEN_SHORT,4514.67,114935,4514.67,0.0
CLOSE_SHORT,4492.78,114986,4514.67,21.890000000000327
OPEN_LONG,4492.78,114986,4492.78,0.0
CLOSE_LONG,4491.31,115003,4492.78,-1.4699999999993452
OPEN_SHORT,4491.31,115003,4491.31,0.0
CLOSE_SHORT,4491.95,115044,4491.31,-0.6399999999994179
OPEN_LONG,4491.95,115044,4491.95,0.0
CLOSE_LONG,4457.33,115129,4491.95,-34.61999999999989
OPEN_SHORT,4457.33,115129,4457.33,0.0
CLOSE_SHORT,4445.47,115156,4457.33,11.859999999999673
OPEN_LONG,4445.47,115156,4445.47,0.0
CLOSE_LONG,4453.9,115163,4445.47,8.429999999999382
OPEN_SHORT,4453.9,115163,4453.9,0.0
CLOSE_SHORT,4461.71,115187,4453.9,-7.8100000000004
OPEN_LONG,4461.71,115187,4461.71,0.0
CLOSE_LONG,4468.47,115192,4461.71,6.760000000000218
OPEN_SHORT,4468.47,115192,4468.47,0.0
CLOSE_SHORT,4460.28,115198,4468.47,8.19000000000051
OPEN_LONG,4460.28,115198,4460.28,0.0
CLOSE_LONG,4473.5,115203,4460.28,13.220000000000255
OPEN_SHORT,4473.5,115203,4473.5,0.0
CLOSE_SHORT,4466.01,115308,4473.5,7.489999999999782
OPEN_LONG,4466.01,115308,4466.01,0.0
CLOSE_LONG,4443.93,115336,4466.01,-22.079999999999927
OPEN_SHORT,4443.93,115336,4443.93,0.0
CLOSE_SHORT,4436.0,115358,4443.93,7.930000000000291
OPEN_LONG,4436.0,115358,4436.0,0.0
CLOSE_LONG,4439.07,115379,4436.0,3.069999999999709
OPEN_SHORT,4439.07,115379,4439.07,0.0
CLOSE_SHORT,4449.65,115429,4439.07,-10.579999999999927
OPEN_LONG,4449.65,115429,4449.65,0.0
CLOSE_LONG,4432.79,115456,4449.65,-16.859999999999673
OPEN_SHORT,4432.79,115456,4432.79,0.0
CLOSE_SHORT,4421.6,115471,4432.79,11.1899999999996
OPEN_LONG,4421.6,115471,4421.6,0.0
CLOSE_LONG,4432.44,115475,4421.6,10.839999999999236
OPEN_SHORT,4432.44,115475,4432.44,0.0
CLOSE_SHORT,4481.84,115654,4432.44,-49.400000000000546
OPEN_LONG,4481.84,115654,4481.84,0.0
CLOSE_LONG,4479.37,115667,4481.84,-2.4700000000002547
OPEN_SHORT,4479.37,115667,4479.37,0.0
CLOSE_SHORT,4479.82,115738,4479.37,-0.4499999999998181
OPEN_LONG,4479.82,115738,4479.82,0.0
CLOSE_LONG,4488.63,115744,4479.82,8.8100000000004
OPEN_SHORT,4488.63,115744,4488.63,0.0
CLOSE_SHORT,4494.36,115804,4488.63,-5.729999999999563
OPEN_LONG,4494.36,115804,4494.36,0.0
CLOSE_LONG,4489.3,115856,4494.36,-5.059999999999491
OPEN_SHORT,4489.3,115856,4489.3,0.0
CLOSE_SHORT,4484.29,115862,4489.3,5.010000000000218
OPEN_LONG,4484.29,115862,4484.29,0.0
CLOSE_LONG,4483.91,115906,4484.29,-0.38000000000010914
OPEN_SHORT,4483.91,115906,4483.91,0.0
CLOSE_SHORT,4476.02,115911,4483.91,7.889999999999418
OPEN_LONG,4476.02,115911,4476.02,0.0
CLOSE_LONG,4481.01,115918,4476.02,4.989999999999782
OPEN_SHORT,4481.01,115918,4481.01,0.0
CLOSE_SHORT,4468.55,115935,4481.01,12.460000000000036
OPEN_LONG,4468.55,115935,4468.55,0.0
CLOSE_LONG,4462.34,115955,4468.55,-6.210000000000036
OPEN_SHORT,4462.34,115955,4462.34,0.0
CLOSE_SHORT,4504.89,115974,4462.34,-42.55000000000018
OPEN_LONG,4504.89,115974,4504.89,0.0
CLOSE_LONG,4505.89,115983,4504.89,1.0
OPEN_SHORT,4505.89,115983,4505.89,0.0
CLOSE_SHORT,4486.33,115987,4505.89,19.5600000000004
OPEN_LONG,4486.33,115987,4486.33,0.0
CLOSE_LONG,4468.81,116012,4486.33,-17.519999999999527
OPEN_SHORT,4468.81,116012,4468.81,0.0
CLOSE_SHORT,4451.39,116017,4468.81,17.420000000000073
OPEN_LONG,4451.39,116017,4451.39,0.0
CLOSE_LONG,4451.59,116024,4451.39,0.1999999999998181
OPEN_SHORT,4451.59,116024,4451.59,0.0
CLOSE_SHORT,4452.85,116040,4451.59,-1.2600000000002183
OPEN_LONG,4452.85,116040,4452.85,0.0
CLOSE_LONG,4459.66,116048,4452.85,6.809999999999491
OPEN_SHORT,4459.66,116048,4459.66,0.0
CLOSE_SHORT,4438.82,116072,4459.66,20.840000000000146
OPEN_LONG,4438.82,116072,4438.82,0.0
CLOSE_LONG,4447.91,116078,4438.82,9.090000000000146
OPEN_SHORT,4447.91,116078,4447.91,0.0
CLOSE_SHORT,4539.64,116180,4447.91,-91.73000000000047
OPEN_LONG,4539.64,116180,4539.64,0.0
CLOSE_LONG,4532.99,116193,4539.64,-6.650000000000546
OPEN_SHORT,4532.99,116193,4532.99,0.0
CLOSE_SHORT,4516.92,116239,4532.99,16.06999999999971
OPEN_LONG,4516.92,116239,4516.92,0.0
CLOSE_LONG,4522.81,116253,4516.92,5.890000000000327
OPEN_SHORT,4522.81,116253,4522.81,0.0
CLOSE_SHORT,4515.58,116266,4522.81,7.230000000000473
OPEN_LONG,4515.58,116266,4515.58,0.0
CLOSE_LONG,4511.21,116285,4515.58,-4.369999999999891
OPEN_SHORT,4511.21,116285,4511.21,0.0
CLOSE_SHORT,4513.12,116307,4511.21,-1.9099999999998545
OPEN_LONG,4513.12,116307,4513.12,0.0
CLOSE_LONG,4522.35,116341,4513.12,9.230000000000473
OPEN_SHORT,4522.35,116341,4522.35,0.0
CLOSE_SHORT,4508.4,116371,4522.35,13.950000000000728
OPEN_LONG,4508.4,116371,4508.4,0.0
CLOSE_LONG,4524.09,116443,4508.4,15.69000000000051
OPEN_SHORT,4524.09,116443,4524.09,0.0
CLOSE_SHORT,4520.17,116591,4524.09,3.9200000000000728
OPEN_LONG,4520.17,116591,4520.17,0.0
CLOSE_LONG,4471.18,116673,4520.17,-48.98999999999978
OPEN_SHORT,4471.18,116673,4471.18,0.0
CLOSE_SHORT,4464.8,116686,4471.18,6.380000000000109
OPEN_LONG,4464.8,116686,4464.8,0.0
CLOSE_LONG,4460.6,116697,4464.8,-4.199999999999818
OPEN_SHORT,4460.6,116697,4460.6,0.0
CLOSE_SHORT,4448.39,116703,4460.6,12.210000000000036
OPEN_LONG,4448.39,116703,4448.39,0.0
CLOSE_LONG,4448.6,116715,4448.39,0.21000000000003638
OPEN_SHORT,4448.6,116715,4448.6,0.0
CLOSE_SHORT,4437.0,116721,4448.6,11.600000000000364
OPEN_LONG,4437.0,116721,4437.0,0.0
CLOSE_LONG,4419.06,116745,4437.0,-17.9399999999996
OPEN_SHORT,4419.06,116745,4419.06,0.0
CLOSE_SHORT,4425.53,116945,4419.06,-6.469999999999345
OPEN_LONG,4425.53,116945,4425.53,0.0
CLOSE_LONG,4433.53,116949,4425.53,8.0
OPEN_SHORT,4433.53,116949,4433.53,0.0
CLOSE_SHORT,4430.96,116972,4433.53,2.569999999999709
OPEN_LONG,4430.96,116972,4430.96,0.0
CLOSE_LONG,4426.39,117031,4430.96,-4.569999999999709
OPEN_SHORT,4426.39,117031,4426.39,0.0
CLOSE_SHORT,4412.8,117049,4426.39,13.590000000000146
OPEN_LONG,4412.8,117049,4412.8,0.0
CLOSE_LONG,4350.72,117077,4412.8,-62.07999999999993
OPEN_SHORT,4350.72,117077,4350.72,0.0
CLOSE_SHORT,4331.35,117083,4350.72,19.36999999999989
OPEN_LONG,4331.35,117083,4331.35,0.0
CLOSE_LONG,4343.22,117088,4331.35,11.86999999999989
OPEN_SHORT,4343.22,117088,4343.22,0.0
CLOSE_SHORT,4329.72,117095,4343.22,13.5
OPEN_LONG,4329.72,117095,4329.72,0.0
CLOSE_LONG,4333.98,117104,4329.72,4.259999999999309
OPEN_SHORT,4333.98,117104,4333.98,0.0
CLOSE_SHORT,4325.09,117188,4333.98,8.889999999999418
OPEN_LONG,4325.09,117188,4325.09,0.0
CLOSE_LONG,4334.4,117193,4325.09,9.30999999999949
OPEN_SHORT,4334.4,117193,4334.4,0.0
CLOSE_SHORT,4396.73,117330,4334.4,-62.32999999999993
OPEN_LONG,4396.73,117330,4396.73,0.0
CLOSE_LONG,4404.16,117339,4396.73,7.430000000000291
OPEN_SHORT,4404.16,117339,4404.16,0.0
CLOSE_SHORT,4386.15,117373,4404.16,18.01000000000022
OPEN_LONG,4386.15,117373,4386.15,0.0
CLOSE_LONG,4383.87,117381,4386.15,-2.2799999999997453
OPEN_SHORT,4383.87,117381,4383.87,0.0
CLOSE_SHORT,4374.92,117384,4383.87,8.949999999999818
OPEN_LONG,4374.92,117384,4374.92,0.0
CLOSE_LONG,4378.46,117391,4374.92,3.5399999999999636
OPEN_SHORT,4378.46,117391,4378.46,0.0
CLOSE_SHORT,4367.72,117396,4378.46,10.739999999999782
OPEN_LONG,4367.72,117396,4367.72,0.0
CLOSE_LONG,4356.61,117408,4367.72,-11.110000000000582
OPEN_SHORT,4356.61,117408,4356.61,0.0
CLOSE_SHORT,4360.09,117422,4356.61,-3.480000000000473
OPEN_LONG,4360.09,117422,4360.09,0.0
CLOSE_LONG,4322.17,117444,4360.09,-37.92000000000007
OPEN_SHORT,4322.17,117444,4322.17,0.0
CLOSE_SHORT,4316.14,117448,4322.17,6.029999999999745
OPEN_LONG,4316.14,117448,4316.14,0.0
CLOSE_LONG,4328.54,117452,4316.14,12.399999999999636
OPEN_SHORT,4328.54,117452,4328.54,0.0
CLOSE_SHORT,4345.1,117474,4328.54,-16.5600000000004
OPEN_LONG,4345.1,117474,4345.1,0.0
CLOSE_LONG,4303.4,117509,4345.1,-41.70000000000073
OPEN_SHORT,4303.4,117509,4303.4,0.0
CLOSE_SHORT,4300.36,117543,4303.4,3.0399999999999636
OPEN_LONG,4300.36,117543,4300.36,0.0
CLOSE_LONG,4306.56,117550,4300.36,6.200000000000728
OPEN_SHORT,4306.56,117550,4306.56,0.0
CLOSE_SHORT,4293.83,117557,4306.56,12.730000000000473
OPEN_LONG,4293.83,117557,4293.83,0.0
CLOSE_LONG,4306.0,117566,4293.83,12.170000000000073
OPEN_SHORT,4306.0,117566,4306.0,0.0
CLOSE_SHORT,4276.19,117581,4306.0,29.8100000000004
OPEN_LONG,4276.19,117581,4276.19,0.0
CLOSE_LONG,4286.51,117586,4276.19,10.320000000000618
OPEN_SHORT,4286.51,117586,4286.51,0.0
CLOSE_SHORT,4299.65,117610,4286.51,-13.139999999999418
OPEN_LONG,4299.65,117610,4299.65,0.0
CLOSE_LONG,4307.51,117614,4299.65,7.860000000000582
OPEN_SHORT,4307.51,117614,4307.51,0.0
CLOSE_SHORT,4326.08,117665,4307.51,-18.56999999999971
OPEN_LONG,4326.08,117665,4326.08,0.0
CLOSE_LONG,4334.13,117669,4326.08,8.050000000000182
OPEN_SHORT,4334.13,117669,4334.13,0.0
CLOSE_SHORT,4320.98,117674,4334.13,13.150000000000546
OPEN_LONG,4320.98,117674,4320.98,0.0
CLOSE_LONG,4311.55,117703,4320.98,-9.429999999999382
OPEN_SHORT,4311.55,117703,4311.55,0.0
CLOSE_SHORT,4334.64,117815,4311.55,-23.090000000000146
OPEN_LONG,4334.64,117815,4334.64,0.0
CLOSE_LONG,4354.66,117837,4334.64,20.019999999999527
OPEN_SHORT,4354.66,117837,4354.66,0.0
CLOSE_SHORT,4361.78,118009,4354.66,-7.119999999999891
OPEN_LONG,4361.78,118009,4361.78,0.0
CLOSE_LONG,4373.99,118019,4361.78,12.210000000000036
OPEN_SHORT,4373.99,118019,4373.99,0.0
CLOSE_SHORT,4379.54,118100,4373.99,-5.550000000000182
OPEN_LONG,4379.54,118100,4379.54,0.0
CLOSE_LONG,4377.22,118141,4379.54,-2.319999999999709
OPEN_SHORT,4377.22,118141,4377.22,0.0
CLOSE_SHORT,4365.88,118154,4377.22,11.340000000000146
OPEN_LONG,4365.88,118154,4365.88,0.0
CLOSE_LONG,4366.48,118203,4365.88,0.5999999999994543
OPEN_SHORT,4366.48,118203,4366.48,0.0
CLOSE_SHORT,4371.84,118233,4366.48,-5.360000000000582
OPEN_LONG,4371.84,118233,4371.84,0.0
CLOSE_LONG,4355.35,118248,4371.84,-16.48999999999978
OPEN_SHORT,4355.35,118248,4355.35,0.0
CLOSE_SHORT,4339.19,118278,4355.35,16.160000000000764
OPEN_LONG,4339.19,118278,4339.19,0.0
CLOSE_LONG,4343.62,118323,4339.19,4.430000000000291
OPEN_SHORT,4343.62,118323,4343.62,0.0
CLOSE_SHORT,4344.63,118334,4343.62,-1.0100000000002183
OPEN_LONG,4344.63,118334,4344.63,0.0
CLOSE_LONG,4352.74,118342,4344.63,8.109999999999673
OPEN_SHORT,4352.74,118342,4352.74,0.0
CLOSE_SHORT,4357.59,118382,4352.74,-4.850000000000364
OPEN_LONG,4357.59,118382,4357.59,0.0
CLOSE_LONG,4350.27,118404,4357.59,-7.319999999999709
OPEN_SHORT,4350.27,118404,4350.27,0.0
CLOSE_SHORT,4335.64,118410,4350.27,14.63000000000011
OPEN_LONG,4335.64,118410,4335.64,0.0
CLOSE_LONG,4325.69,118434,4335.64,-9.950000000000728
OPEN_SHORT,4325.69,118434,4325.69,0.0
CLOSE_SHORT,4319.33,118468,4325.69,6.359999999999673
OPEN_LONG,4319.33,118468,4319.33,0.0
CLOSE_LONG,4327.2,118477,4319.33,7.869999999999891
OPEN_SHORT,4327.2,118477,4327.2,0.0
CLOSE_SHORT,4319.63,118489,4327.2,7.569999999999709
OPEN_LONG,4319.63,118489,4319.63,0.0
CLOSE_LONG,4329.54,118499,4319.63,9.909999999999854
OPEN_SHORT,4329.54,118499,4329.54,0.0
CLOSE_SHORT,4326.13,118591,4329.54,3.4099999999998545
OPEN_LONG,4326.13,118591,4326.13,0.0
CLOSE_LONG,4323.44,118605,4326.13,-2.6900000000005093
OPEN_SHORT,4323.44,118605,4323.44,0.0
CLOSE_SHORT,4337.49,118734,4323.44,-14.050000000000182
OPEN_LONG,4337.49,118734,4337.49,0.0
CLOSE_LONG,4343.62,118774,4337.49,6.130000000000109
OPEN_SHORT,4343.62,118774,4343.62,0.0
CLOSE_SHORT,4374.6,118826,4343.62,-30.980000000000473
OPEN_LONG,4374.6,118826,4374.6,0.0
CLOSE_LONG,4353.4,118841,4374.6,-21.200000000000728
OPEN_SHORT,4353.4,118841,4353.4,0.0
CLOSE_SHORT,4358.63,118854,4353.4,-5.230000000000473
OPEN_LONG,4358.63,118854,4358.63,0.0
CLOSE_LONG,4333.46,118875,4358.63,-25.170000000000073
OPEN_SHORT,4333.46,118875,4333.46,0.0
CLOSE_SHORT,4322.15,118884,4333.46,11.3100000000004
OPEN_LONG,4322.15,118884,4322.15,0.0
CLOSE_LONG,4329.21,118893,4322.15,7.0600000000004
OPEN_SHORT,4329.21,118893,4329.21,0.0
CLOSE_SHORT,4295.33,118899,4329.21,33.88000000000011
OPEN_LONG,4295.33,118899,4295.33,0.0
CLOSE_LONG,4269.33,118912,4295.33,-26.0
OPEN_SHORT,4269.33,118912,4269.33,0.0
CLOSE_SHORT,4249.9,118918,4269.33,19.43000000000029
OPEN_LONG,4249.9,118918,4249.9,0.0
CLOSE_LONG,4106.41,118938,4249.9,-143.48999999999978
OPEN_SHORT,4106.41,118938,4106.41,0.0
CLOSE_SHORT,4088.93,118942,4106.41,17.480000000000018
OPEN_LONG,4088.93,118942,4088.93,0.0
CLOSE_LONG,4114.22,118943,4088.93,25.29000000000042
OPEN_SHORT,4114.22,118943,4114.22,0.0
CLOSE_SHORT,4117.07,118951,4114.22,-2.8499999999994543
OPEN_LONG,4117.07,118951,4117.07,0.0
CLOSE_LONG,4112.58,118966,4117.07,-4.489999999999782
OPEN_SHORT,4112.58,118966,4112.58,0.0
CLOSE_SHORT,4109.0,118973,4112.58,3.5799999999999272
OPEN_LONG,4109.0,118973,4109.0,0.0
CLOSE_LONG,4111.47,118983,4109.0,2.4700000000002547
OPEN_SHORT,4111.47,118983,4111.47,0.0
CLOSE_SHORT,4119.53,119002,4111.47,-8.05999999999949
OPEN_LONG,4119.53,119002,4119.53,0.0
CLOSE_LONG,4109.86,119017,4119.53,-9.670000000000073
OPEN_SHORT,4109.86,119017,4109.86,0.0
CLOSE_SHORT,4074.44,119094,4109.86,35.41999999999962
OPEN_LONG,4074.44,119094,4074.44,0.0
CLOSE_LONG,4090.98,119097,4074.44,16.539999999999964
OPEN_SHORT,4090.98,119097,4090.98,0.0
CLOSE_SHORT,4083.72,119112,4090.98,7.260000000000218
OPEN_LONG,4083.72,119112,4083.72,0.0
CLOSE_LONG,4020.0,119166,4083.72,-63.7199999999998
OPEN_SHORT,4020.0,119166,4020.0,0.0
CLOSE_SHORT,3983.7,119169,4020.0,36.30000000000018
OPEN_LONG,3983.7,119169,3983.7,0.0
CLOSE_LONG,3971.45,119175,3983.7,-12.25
OPEN_SHORT,3971.45,119175,3971.45,0.0
CLOSE_SHORT,4015.84,119193,3971.45,-44.39000000000033
OPEN_LONG,4015.84,119193,4015.84,0.0
CLOSE_LONG,4008.6,119204,4015.84,-7.2400000000002365
OPEN_SHORT,4008.6,119204,4008.6,0.0
CLOSE_SHORT,3997.55,119210,4008.6,11.049999999999727
OPEN_LONG,3997.55,119210,3997.55,0.0
CLOSE_LONG,4008.01,119223,3997.55,10.460000000000036
OPEN_SHORT,4008.01,119223,4008.01,0.0
CLOSE_SHORT,3979.09,119251,4008.01,28.920000000000073
OPEN_LONG,3979.09,119251,3979.09,0.0
CLOSE_LONG,3911.95,119258,3979.09,-67.14000000000033
OPEN_SHORT,3911.95,119258,3911.95,0.0
CLOSE_SHORT,3865.21,119260,3911.95,46.73999999999978
OPEN_LONG,3865.21,119260,3865.21,0.0
CLOSE_LONG,3908.0,119265,3865.21,42.789999999999964
OPEN_SHORT,3908.0,119265,3908.0,0.0
CLOSE_SHORT,3894.89,119270,3908.0,13.110000000000127
OPEN_LONG,3894.89,119270,3894.89,0.0
CLOSE_LONG,3671.76,119282,3894.89,-223.12999999999965
OPEN_SHORT,3671.76,119282,3671.76,0.0
CLOSE_SHORT,3532.36,119287,3671.76,139.4000000000001
OPEN_LONG,3532.36,119287,3532.36,0.0
CLOSE_LONG,3638.69,119291,3532.36,106.32999999999993
OPEN_SHORT,3638.69,119291,3638.69,0.0
CLOSE_SHORT,3689.54,119298,3638.69,-50.84999999999991
OPEN_LONG,3689.54,119298,3689.54,0.0
CLOSE_LONG,3698.71,119303,3689.54,9.170000000000073
OPEN_SHORT,3698.71,119303,3698.71,0.0
CLOSE_SHORT,3881.0,119322,3698.71,-182.28999999999996
OPEN_LONG,3881.0,119322,3881.0,0.0
CLOSE_LONG,3865.7,119329,3881.0,-15.300000000000182
OPEN_SHORT,3865.7,119329,3865.7,0.0
CLOSE_SHORT,3871.79,119340,3865.7,-6.0900000000001455
OPEN_LONG,3871.79,119340,3871.79,0.0
CLOSE_LONG,3856.84,119349,3871.79,-14.949999999999818
OPEN_SHORT,3856.84,119349,3856.84,0.0
CLOSE_SHORT,3857.24,119358,3856.84,-0.3999999999996362
OPEN_LONG,3857.24,119358,3857.24,0.0
CLOSE_LONG,3861.83,119359,3857.24,4.5900000000001455
OPEN_SHORT,3861.83,119359,3861.83,0.0
CLOSE_SHORT,3861.0,119360,3861.83,0.8299999999999272
OPEN_LONG,3861.0,119360,3861.0,0.0
CLOSE_LONG,3873.76,119366,3861.0,12.760000000000218
OPEN_SHORT,3873.76,119366,3873.76,0.0
CLOSE_SHORT,3854.91,119372,3873.76,18.850000000000364
OPEN_LONG,3854.91,119372,3854.91,0.0
CLOSE_LONG,3854.27,119381,3854.91,-0.6399999999998727
OPEN_SHORT,3854.27,119381,3854.27,0.0
CLOSE_SHORT,3834.23,119386,3854.27,20.039999999999964
OPEN_LONG,3834.23,119386,3834.23,0.0
CLOSE_LONG,3825.27,119396,3834.23,-8.960000000000036
OPEN_SHORT,3825.27,119396,3825.27,0.0
CLOSE_SHORT,3893.6,119426,3825.27,-68.32999999999993
OPEN_LONG,3893.6,119426,3893.6,0.0
CLOSE_LONG,3839.72,119443,3893.6,-53.88000000000011
OPEN_SHORT,3839.72,119443,3839.72,0.0
CLOSE_SHORT,3832.05,119457,3839.72,7.669999999999618
OPEN_LONG,3832.05,119457,3832.05,0.0
CLOSE_LONG,3823.23,119463,3832.05,-8.820000000000164
OPEN_SHORT,3823.23,119463,3823.23,0.0
CLOSE_SHORT,3820.0,119472,3823.23,3.230000000000018
OPEN_LONG,3820.0,119472,3820.0,0.0
CLOSE_LONG,3830.8,119477,3820.0,10.800000000000182
OPEN_SHORT,3830.8,119477,3830.8,0.0
CLOSE_SHORT,3848.02,119493,3830.8,-17.2199999999998
OPEN_LONG,3848.02,119493,3848.02,0.0
CLOSE_LONG,3770.58,119531,3848.02,-77.44000000000005
OPEN_SHORT,3770.58,119531,3770.58,0.0
CLOSE_SHORT,3768.03,119541,3770.58,2.549999999999727
OPEN_LONG,3768.03,119541,3768.03,0.0
CLOSE_LONG,3755.04,119548,3768.03,-12.990000000000236
OPEN_SHORT,3755.04,119548,3755.04,0.0
CLOSE_SHORT,3743.2,119552,3755.04,11.840000000000146
OPEN_LONG,3743.2,119552,3743.2,0.0
CLOSE_LONG,3748.64,119563,3743.2,5.440000000000055
OPEN_SHORT,3748.64,119563,3748.64,0.0
CLOSE_SHORT,3845.08,119610,3748.64,-96.44000000000005
OPEN_LONG,3845.08,119610,3845.08,0.0
CLOSE_LONG,3844.81,119613,3845.08,-0.2699999999999818
OPEN_SHORT,3844.81,119613,3844.81,0.0
CLOSE_SHORT,3834.17,119615,3844.81,10.639999999999873
OPEN_LONG,3834.17,119615,3834.17,0.0
CLOSE_LONG,3844.63,119621,3834.17,10.460000000000036
OPEN_SHORT,3844.63,119621,3844.63,0.0
CLOSE_SHORT,3824.78,119625,3844.63,19.84999999999991
OPEN_LONG,3824.78,119625,3824.78,0.0
CLOSE_LONG,3780.49,119645,3824.78,-44.29000000000042
OPEN_SHORT,3780.49,119645,3780.49,0.0
CLOSE_SHORT,3756.7,119657,3780.49,23.789999999999964
OPEN_LONG,3756.7,119657,3756.7,0.0
CLOSE_LONG,3770.0,119662,3756.7,13.300000000000182
OPEN_SHORT,3770.0,119662,3770.0,0.0
CLOSE_SHORT,3782.96,119687,3770.0,-12.960000000000036
OPEN_LONG,3782.96,119687,3782.96,0.0
CLOSE_LONG,3795.29,119692,3782.96,12.329999999999927
OPEN_SHORT,3795.29,119692,3795.29,0.0
CLOSE_SHORT,3793.21,119707,3795.29,2.0799999999999272
OPEN_LONG,3793.21,119707,3793.21,0.0
CLOSE_LONG,3802.96,119711,3793.21,9.75
OPEN_SHORT,3802.96,119711,3802.96,0.0
CLOSE_SHORT,3784.8,119718,3802.96,18.159999999999854
OPEN_LONG,3784.8,119718,3784.8,0.0
CLOSE_LONG,3793.08,119725,3784.8,8.279999999999745
OPEN_SHORT,3793.08,119725,3793.08,0.0
CLOSE_SHORT,3805.19,119751,3793.08,-12.110000000000127
OPEN_LONG,3805.19,119751,3805.19,0.0
CLOSE_LONG,3773.9,119774,3805.19,-31.289999999999964
OPEN_SHORT,3773.9,119774,3773.9,0.0
CLOSE_SHORT,3786.01,119800,3773.9,-12.110000000000127
OPEN_LONG,3786.01,119800,3786.01,0.0
CLOSE_LONG,3804.0,119803,3786.01,17.98999999999978
OPEN_SHORT,3804.0,119803,3804.0,0.0
CLOSE_SHORT,3783.33,119808,3804.0,20.670000000000073
OPEN_LONG,3783.33,119808,3783.33,0.0
CLOSE_LONG,3796.47,119813,3783.33,13.139999999999873
OPEN_SHORT,3796.47,119813,3796.47,0.0
CLOSE_SHORT,3798.17,119827,3796.47,-1.7000000000002728
OPEN_LONG,3798.17,119827,3798.17,0.0
CLOSE_LONG,3789.24,119846,3798.17,-8.930000000000291
OPEN_SHORT,3789.24,119846,3789.24,0.0
CLOSE_SHORT,3776.31,119851,3789.24,12.929999999999836
OPEN_LONG,3776.31,119851,3776.31,0.0
CLOSE_LONG,3771.75,119874,3776.31,-4.559999999999945
OPEN_SHORT,3771.75,119874,3771.75,0.0
CLOSE_SHORT,3761.98,119879,3771.75,9.769999999999982
OPEN_LONG,3761.98,119879,3761.98,0.0
CLOSE_LONG,3772.8,119884,3761.98,10.820000000000164
OPEN_SHORT,3772.8,119884,3772.8,0.0
CLOSE_SHORT,3760.37,119890,3772.8,12.430000000000291
OPEN_LONG,3760.37,119890,3760.37,0.0
CLOSE_LONG,3768.0,119895,3760.37,7.630000000000109
OPEN_SHORT,3768.0,119895,3768.0,0.0
CLOSE_SHORT,3755.87,119896,3768.0,12.13000000000011
OPEN_LONG,3755.87,119896,3755.87,0.0
CLOSE_LONG,3758.36,119908,3755.87,2.4900000000002365
OPEN_SHORT,3758.36,119908,3758.36,0.0
CLOSE_SHORT,3741.6,119910,3758.36,16.76000000000022
OPEN_LONG,3741.6,119910,3741.6,0.0
CLOSE_LONG,3757.03,119915,3741.6,15.430000000000291
OPEN_SHORT,3757.03,119915,3757.03,0.0
CLOSE_SHORT,3797.24,119949,3757.03,-40.20999999999958
OPEN_LONG,3797.24,119949,3797.24,0.0
CLOSE_LONG,3798.92,119957,3797.24,1.680000000000291
OPEN_SHORT,3798.92,119957,3798.92,0.0
CLOSE_SHORT,3830.47,119994,3798.92,-31.549999999999727
OPEN_LONG,3830.47,119994,3830.47,0.0
CLOSE_LONG,3836.65,120000,3830.47,6.180000000000291
OPEN_SHORT,3836.65,120000,3836.65,0.0
CLOSE_SHORT,3817.74,120012,3836.65,18.91000000000031
OPEN_LONG,3817.74,120012,3817.74,0.0
CLOSE_LONG,3830.0,120017,3817.74,12.260000000000218
OPEN_SHORT,3830.0,120017,3830.0,0.0
CLOSE_SHORT,3817.0,120045,3830.0,13.0
OPEN_LONG,3817.0,120045,3817.0,0.0
CLOSE_LONG,3827.15,120050,3817.0,10.150000000000091
OPEN_SHORT,3827.15,120050,3827.15,0.0
CLOSE_SHORT,3833.0,120074,3827.15,-5.849999999999909
OPEN_LONG,3833.0,120074,3833.0,0.0
CLOSE_LONG,3806.45,120122,3833.0,-26.550000000000182
OPEN_SHORT,3806.45,120122,3806.45,0.0
CLOSE_SHORT,3828.32,120161,3806.45,-21.870000000000346
OPEN_LONG,3828.32,120161,3828.32,0.0
CLOSE_LONG,3839.2,120183,3828.32,10.879999999999654
OPEN_SHORT,3839.2,120183,3839.2,0.0
CLOSE_SHORT,3826.56,120193,3839.2,12.639999999999873
OPEN_LONG,3826.56,120193,3826.56,0.0
CLOSE_LONG,3822.08,120216,3826.56,-4.480000000000018
OPEN_SHORT,3822.08,120216,3822.08,0.0
CLOSE_SHORT,3810.31,120225,3822.08,11.769999999999982
OPEN_LONG,3810.31,120225,3810.31,0.0
CLOSE_LONG,3823.14,120233,3810.31,12.829999999999927
OPEN_SHORT,3823.14,120233,3823.14,0.0
CLOSE_SHORT,3819.2,120239,3823.14,3.9400000000000546
OPEN_LONG,3819.2,120239,3819.2,0.0
CLOSE_LONG,3800.26,120261,3819.2,-18.9399999999996
OPEN_SHORT,3800.26,120261,3800.26,0.0
CLOSE_SHORT,3820.16,120288,3800.26,-19.899999999999636
OPEN_LONG,3820.16,120288,3820.16,0.0
CLOSE_LONG,3803.05,120310,3820.16,-17.109999999999673
OPEN_SHORT,3803.05,120310,3803.05,0.0
CLOSE_SHORT,3800.19,120331,3803.05,2.8600000000001273
OPEN_LONG,3800.19,120331,3800.19,0.0
CLOSE_LONG,3809.17,120337,3800.19,8.980000000000018
OPEN_SHORT,3809.17,120337,3809.17,0.0
CLOSE_SHORT,3839.2,120358,3809.17,-30.029999999999745
OPEN_LONG,3839.2,120358,3839.2,0.0
CLOSE_LONG,3830.25,120380,3839.2,-8.949999999999818
OPEN_SHORT,3830.25,120380,3830.25,0.0
CLOSE_SHORT,3817.7,120385,3830.25,12.550000000000182
OPEN_LONG,3817.7,120385,3817.7,0.0
CLOSE_LONG,3821.66,120388,3817.7,3.9600000000000364
OPEN_SHORT,3821.66,120388,3821.66,0.0
CLOSE_SHORT,3833.43,120428,3821.66,-11.769999999999982
OPEN_LONG,3833.43,120428,3833.43,0.0
CLOSE_LONG,3816.31,120449,3833.43,-17.11999999999989
OPEN_SHORT,3816.31,120449,3816.31,0.0
CLOSE_SHORT,3829.21,120491,3816.31,-12.900000000000091
OPEN_LONG,3829.21,120491,3829.21,0.0
CLOSE_LONG,3817.93,120512,3829.21,-11.2800000000002
OPEN_SHORT,3817.93,120512,3817.93,0.0
CLOSE_SHORT,3811.69,120544,3817.93,6.239999999999782
OPEN_LONG,3811.69,120544,3811.69,0.0
CLOSE_LONG,3823.36,120561,3811.69,11.670000000000073
OPEN_SHORT,3823.36,120561,3823.36,0.0
CLOSE_SHORT,3815.21,120566,3823.36,8.150000000000091
OPEN_LONG,3815.21,120566,3815.21,0.0
CLOSE_LONG,3768.31,120606,3815.21,-46.90000000000009
OPEN_SHORT,3768.31,120606,3768.31,0.0
CLOSE_SHORT,3749.64,120613,3768.31,18.670000000000073
OPEN_LONG,3749.64,120613,3749.64,0.0
CLOSE_LONG,3750.59,120619,3749.64,0.9500000000002728
OPEN_SHORT,3750.59,120619,3750.59,0.0
CLOSE_SHORT,3747.3,120633,3750.59,3.2899999999999636
OPEN_LONG,3747.3,120633,3747.3,0.0
CLOSE_LONG,3757.42,120639,3747.3,10.11999999999989
OPEN_SHORT,3757.42,120639,3757.42,0.0
CLOSE_SHORT,3747.31,120644,3757.42,10.110000000000127
OPEN_LONG,3747.31,120644,3747.31,0.0
CLOSE_LONG,3693.25,120678,3747.31,-54.059999999999945
OPEN_SHORT,3693.25,120678,3693.25,0.0
CLOSE_SHORT,3695.69,120691,3693.25,-2.4400000000000546
OPEN_LONG,3695.69,120691,3695.69,0.0
CLOSE_LONG,3692.85,120699,3695.69,-2.8400000000001455
OPEN_SHORT,3692.85,120699,3692.85,0.0
CLOSE_SHORT,3671.45,120703,3692.85,21.40000000000009
OPEN_LONG,3671.45,120703,3671.45,0.0
CLOSE_LONG,3656.15,120713,3671.45,-15.299999999999727
OPEN_SHORT,3656.15,120713,3656.15,0.0
CLOSE_SHORT,3715.15,120730,3656.15,-59.0
OPEN_LONG,3715.15,120730,3715.15,0.0
CLOSE_LONG,3731.43,120736,3715.15,16.279999999999745
OPEN_SHORT,3731.43,120736,3731.43,0.0
CLOSE_SHORT,3721.6,120741,3731.43,9.829999999999927
OPEN_LONG,3721.6,120741,3721.6,0.0
CLOSE_LONG,3727.46,120745,3721.6,5.860000000000127
OPEN_SHORT,3727.46,120745,3727.46,0.0
CLOSE_SHORT,3744.53,120803,3727.46,-17.070000000000164
OPEN_LONG,3744.53,120803,3744.53,0.0
CLOSE_LONG,3744.08,120831,3744.53,-0.45000000000027285
OPEN_SHORT,3744.08,120831,3744.08,0.0
CLOSE_SHORT,3721.0,120900,3744.08,23.079999999999927
OPEN_LONG,3721.0,120900,3721.0,0.0
CLOSE_LONG,3728.15,120910,3721.0,7.150000000000091
OPEN_SHORT,3728.15,120910,3728.15,0.0
CLOSE_SHORT,3738.8,120919,3728.15,-10.650000000000091
OPEN_LONG,3738.8,120919,3738.8,0.0
CLOSE_LONG,3704.62,120943,3738.8,-34.18000000000029
OPEN_SHORT,3704.62,120943,3704.62,0.0
CLOSE_SHORT,3711.47,120958,3704.62,-6.849999999999909
OPEN_LONG,3711.47,120958,3711.47,0.0
CLOSE_LONG,3724.43,120964,3711.47,12.960000000000036
OPEN_SHORT,3724.43,120964,3724.43,0.0
CLOSE_SHORT,3712.29,120970,3724.43,12.139999999999873
OPEN_LONG,3712.29,120970,3712.29,0.0
CLOSE_LONG,3728.92,120975,3712.29,16.63000000000011
OPEN_SHORT,3728.92,120975,3728.92,0.0
CLOSE_SHORT,3715.7,120980,3728.92,13.220000000000255
OPEN_LONG,3715.7,120980,3715.7,0.0
CLOSE_LONG,3731.8,120984,3715.7,16.100000000000364
OPEN_SHORT,3731.8,120984,3731.8,0.0
CLOSE_SHORT,3721.58,120989,3731.8,10.220000000000255
OPEN_LONG,3721.58,120989,3721.58,0.0
CLOSE_LONG,3720.57,121015,3721.58,-1.0099999999997635
OPEN_SHORT,3720.57,121015,3720.57,0.0
CLOSE_SHORT,3729.1,121034,3720.57,-8.529999999999745
OPEN_LONG,3729.1,121034,3729.1,0.0
CLOSE_LONG,3726.16,121045,3729.1,-2.9400000000000546
OPEN_SHORT,3726.16,121045,3726.16,0.0
CLOSE_SHORT,3711.27,121049,3726.16,14.889999999999873
OPEN_LONG,3711.27,121049,3711.27,0.0
CLOSE_LONG,3718.75,121054,3711.27,7.480000000000018
OPEN_SHORT,3718.75,121054,3718.75,0.0
CLOSE_SHORT,3791.8,121101,3718.75,-73.05000000000018
OPEN_LONG,3791.8,121101,3791.8,0.0
CLOSE_LONG,3786.0,121122,3791.8,-5.800000000000182
OPEN_SHORT,3786.0,121122,3786.0,0.0
CLOSE_SHORT,3805.6,121155,3786.0,-19.59999999999991
OPEN_LONG,3805.6,121155,3805.6,0.0
CLOSE_LONG,3806.93,121165,3805.6,1.3299999999999272
OPEN_SHORT,3806.93,121165,3806.93,0.0
CLOSE_SHORT,3797.97,121170,3806.93,8.960000000000036
OPEN_LONG,3797.97,121170,3797.97,0.0
CLOSE_LONG,3805.59,121190,3797.97,7.620000000000346
OPEN_SHORT,3805.59,121190,3805.59,0.0
CLOSE_SHORT,3831.2,121311,3805.59,-25.609999999999673
OPEN_LONG,3831.2,121311,3831.2,0.0
CLOSE_LONG,3836.21,121319,3831.2,5.010000000000218
OPEN_SHORT,3836.21,121319,3836.21,0.0
CLOSE_SHORT,3821.63,121324,3836.21,14.579999999999927
OPEN_LONG,3821.63,121324,3821.63,0.0
CLOSE_LONG,3824.04,121337,3821.63,2.4099999999998545
OPEN_SHORT,3824.04,121337,3824.04,0.0
CLOSE_SHORT,3824.54,121405,3824.04,-0.5
OPEN_LONG,3824.54,121405,3824.54,0.0
CLOSE_LONG,3828.74,121412,3824.54,4.199999999999818
OPEN_SHORT,3828.74,121412,3828.74,0.0
CLOSE_SHORT,3816.57,121420,3828.74,12.169999999999618
OPEN_LONG,3816.57,121420,3816.57,0.0
CLOSE_LONG,3819.9,121437,3816.57,3.3299999999999272
OPEN_SHORT,3819.9,121437,3819.9,0.0
CLOSE_SHORT,3816.2,121445,3819.9,3.700000000000273
OPEN_LONG,3816.2,121445,3816.2,0.0
CLOSE_LONG,3829.0,121460,3816.2,12.800000000000182
OPEN_SHORT,3829.0,121460,3829.0,0.0
CLOSE_SHORT,3825.97,121469,3829.0,3.0300000000002
OPEN_LONG,3825.97,121469,3825.97,0.0
CLOSE_LONG,3841.34,121474,3825.97,15.370000000000346
OPEN_SHORT,3841.34,121474,3841.34,0.0
CLOSE_SHORT,3838.29,121484,3841.34,3.050000000000182
OPEN_LONG,3838.29,121484,3838.29,0.0
CLOSE_LONG,3822.4,121506,3838.29,-15.889999999999873
OPEN_SHORT,3822.4,121506,3822.4,0.0
CLOSE_SHORT,3819.61,121555,3822.4,2.7899999999999636
OPEN_LONG,3819.61,121555,3819.61,0.0
CLOSE_LONG,3824.2,121574,3819.61,4.589999999999691
OPEN_SHORT,3824.2,121574,3824.2,0.0
CLOSE_SHORT,3831.3,121635,3824.2,-7.100000000000364
OPEN_LONG,3831.3,121635,3831.3,0.0
CLOSE_LONG,3832.8,121649,3831.3,1.5
OPEN_SHORT,3832.8,121649,3832.8,0.0
CLOSE_SHORT,3818.98,121676,3832.8,13.820000000000164
OPEN_LONG,3818.98,121676,3818.98,0.0
CLOSE_LONG,3804.13,121696,3818.98,-14.849999999999909
OPEN_SHORT,3804.13,121696,3804.13,0.0
CLOSE_SHORT,3806.33,121705,3804.13,-2.199999999999818
OPEN_LONG,3806.33,121705,3806.33,0.0
CLOSE_LONG,3815.8,121711,3806.33,9.470000000000255
OPEN_SHORT,3815.8,121711,3815.8,0.0
CLOSE_SHORT,3809.53,121717,3815.8,6.269999999999982
OPEN_LONG,3809.53,121717,3809.53,0.0
CLOSE_LONG,3819.26,121722,3809.53,9.730000000000018
OPEN_SHORT,3819.26,121722,3819.26,0.0
CLOSE_SHORT,3818.21,121759,3819.26,1.050000000000182
OPEN_LONG,3818.21,121759,3818.21,0.0
CLOSE_LONG,3834.51,121763,3818.21,16.300000000000182
OPEN_SHORT,3834.51,121763,3834.51,0.0
CLOSE_SHORT,3973.88,121778,3834.51,-139.3699999999999
OPEN_LONG,3973.88,121778,3973.88,0.0
CLOSE_LONG,4004.56,121782,3973.88,30.679999999999836
OPEN_SHORT,4004.56,121782,4004.56,0.0
CLOSE_SHORT,4007.93,121790,4004.56,-3.369999999999891
OPEN_LONG,4007.93,121790,4007.93,0.0
CLOSE_LONG,4033.27,121792,4007.93,25.340000000000146
OPEN_SHORT,4033.27,121792,4033.27,0.0
CLOSE_SHORT,4063.33,121803,4033.27,-30.059999999999945
OPEN_LONG,4063.33,121803,4063.33,0.0
CLOSE_LONG,4004.83,121819,4063.33,-58.5
OPEN_SHORT,4004.83,121819,4004.83,0.0
CLOSE_SHORT,4069.37,121850,4004.83,-64.53999999999996
OPEN_LONG,4069.37,121850,4069.37,0.0
CLOSE_LONG,4078.41,121855,4069.37,9.039999999999964
OPEN_SHORT,4078.41,121855,4078.41,0.0
CLOSE_SHORT,4068.41,121857,4078.41,10.0
OPEN_LONG,4068.41,121857,4068.41,0.0
CLOSE_LONG,4080.73,121870,4068.41,12.320000000000164
OPEN_SHORT,4080.73,121870,4080.73,0.0
CLOSE_SHORT,4067.32,121875,4080.73,13.409999999999854
OPEN_LONG,4067.32,121875,4067.32,0.0
CLOSE_LONG,4063.81,121881,4067.32,-3.5100000000002183
OPEN_SHORT,4063.81,121881,4063.81,0.0
CLOSE_SHORT,4102.39,121889,4063.81,-38.58000000000038
OPEN_LONG,4102.39,121889,4102.39,0.0
CLOSE_LONG,4104.45,121897,4102.39,2.0599999999994907
OPEN_SHORT,4104.45,121897,4104.45,0.0
CLOSE_SHORT,4133.18,121919,4104.45,-28.730000000000473
OPEN_LONG,4133.18,121919,4133.18,0.0
CLOSE_LONG,4130.48,121936,4133.18,-2.7000000000007276
OPEN_SHORT,4130.48,121936,4130.48,0.0
CLOSE_SHORT,4127.64,121948,4130.48,2.839999999999236
OPEN_LONG,4127.64,121948,4127.64,0.0
CLOSE_LONG,4132.7,121958,4127.64,5.059999999999491
OPEN_SHORT,4132.7,121958,4132.7,0.0
CLOSE_SHORT,4127.96,121980,4132.7,4.739999999999782
OPEN_LONG,4127.96,121980,4127.96,0.0
CLOSE_LONG,4125.24,121989,4127.96,-2.7200000000002547
OPEN_SHORT,4125.24,121989,4125.24,0.0
CLOSE_SHORT,4108.47,121994,4125.24,16.769999999999527
OPEN_LONG,4108.47,121994,4108.47,0.0
CLOSE_LONG,4103.27,122011,4108.47,-5.199999999999818
OPEN_SHORT,4103.27,122011,4103.27,0.0
CLOSE_SHORT,4121.1,122056,4103.27,-17.829999999999927
OPEN_LONG,4121.1,122056,4121.1,0.0
CLOSE_LONG,4131.39,122064,4121.1,10.289999999999964
OPEN_SHORT,4131.39,122064,4131.39,0.0
CLOSE_SHORT,4127.53,122087,4131.39,3.860000000000582
OPEN_LONG,4127.53,122087,4127.53,0.0
CLOSE_LONG,4146.86,122107,4127.53,19.329999999999927
OPEN_SHORT,4146.86,122107,4146.86,0.0
CLOSE_SHORT,4143.8,122115,4146.86,3.0599999999994907
OPEN_LONG,4143.8,122115,4143.8,0.0
CLOSE_LONG,4148.99,122122,4143.8,5.1899999999996
OPEN_SHORT,4148.99,122122,4148.99,0.0
CLOSE_SHORT,4150.55,122132,4148.99,-1.5600000000004002
OPEN_LONG,4150.55,122132,4150.55,0.0
CLOSE_LONG,4147.52,122141,4150.55,-3.0299999999997453
OPEN_SHORT,4147.52,122141,4147.52,0.0
CLOSE_SHORT,4129.6,122146,4147.52,17.920000000000073
OPEN_LONG,4129.6,122146,4129.6,0.0
CLOSE_LONG,4155.13,122151,4129.6,25.529999999999745
OPEN_SHORT,4155.13,122151,4155.13,0.0
CLOSE_SHORT,4138.41,122156,4155.13,16.720000000000255
OPEN_LONG,4138.41,122156,4138.41,0.0
CLOSE_LONG,4108.4,122175,4138.41,-30.01000000000022
OPEN_SHORT,4108.4,122175,4108.4,0.0
CLOSE_SHORT,4128.79,122203,4108.4,-20.390000000000327
OPEN_LONG,4128.79,122203,4128.79,0.0
CLOSE_LONG,4127.74,122212,4128.79,-1.050000000000182
OPEN_SHORT,4127.74,122212,4127.74,0.0
CLOSE_SHORT,4124.54,122223,4127.74,3.199999999999818
OPEN_LONG,4124.54,122223,4124.54,0.0
CLOSE_LONG,4136.71,122229,4124.54,12.170000000000073
OPEN_SHORT,4136.71,122229,4136.71,0.0
CLOSE_SHORT,4131.61,122255,4136.71,5.100000000000364
OPEN_LONG,4131.61,122255,4131.61,0.0
CLOSE_LONG,4126.81,122268,4131.61,-4.799999999999272
OPEN_SHORT,4126.81,122268,4126.81,0.0
CLOSE_SHORT,4113.64,122273,4126.81,13.170000000000073
OPEN_LONG,4113.64,122273,4113.64,0.0
CLOSE_LONG,4127.73,122280,4113.64,14.089999999999236
OPEN_SHORT,4127.73,122280,4127.73,0.0
CLOSE_SHORT,4136.0,122295,4127.73,-8.270000000000437
OPEN_LONG,4136.0,122295,4136.0,0.0
CLOSE_LONG,4143.12,122304,4136.0,7.119999999999891
OPEN_SHORT,4143.12,122304,4143.12,0.0
CLOSE_SHORT,4141.58,122318,4143.12,1.5399999999999636
OPEN_LONG,4141.58,122318,4141.58,0.0
CLOSE_LONG,4146.4,122332,4141.58,4.819999999999709
OPEN_SHORT,4146.4,122332,4146.4,0.0
CLOSE_SHORT,4152.3,122341,4146.4,-5.900000000000546
OPEN_LONG,4152.3,122341,4152.3,0.0
CLOSE_LONG,4145.86,122354,4152.3,-6.440000000000509
OPEN_SHORT,4145.86,122354,4145.86,0.0
CLOSE_SHORT,4127.26,122356,4145.86,18.599999999999454
OPEN_LONG,4127.26,122356,4127.26,0.0
CLOSE_LONG,4146.35,122368,4127.26,19.090000000000146
OPEN_SHORT,4146.35,122368,4146.35,0.0
CLOSE_SHORT,4135.82,122378,4146.35,10.530000000000655
OPEN_LONG,4135.82,122378,4135.82,0.0
CLOSE_LONG,4139.75,122384,4135.82,3.930000000000291
OPEN_SHORT,4139.75,122384,4139.75,0.0
CLOSE_SHORT,4135.2,122393,4139.75,4.550000000000182
OPEN_LONG,4135.2,122393,4135.2,0.0
CLOSE_LONG,4144.95,122397,4135.2,9.75
OPEN_SHORT,4144.95,122397,4144.95,0.0
CLOSE_SHORT,4155.89,122415,4144.95,-10.94000000000051
OPEN_LONG,4155.89,122415,4155.89,0.0
CLOSE_LONG,4168.79,122423,4155.89,12.899999999999636
OPEN_SHORT,4168.79,122423,4168.79,0.0
CLOSE_SHORT,4173.31,122440,4168.79,-4.520000000000437
OPEN_LONG,4173.31,122440,4173.31,0.0
CLOSE_LONG,4174.86,122461,4173.31,1.5499999999992724
OPEN_SHORT,4174.86,122461,4174.86,0.0
CLOSE_SHORT,4156.4,122476,4174.86,18.460000000000036
OPEN_LONG,4156.4,122476,4156.4,0.0
CLOSE_LONG,4145.62,122536,4156.4,-10.779999999999745
OPEN_SHORT,4145.62,122536,4145.62,0.0
CLOSE_SHORT,4135.96,122564,4145.62,9.659999999999854
OPEN_LONG,4135.96,122564,4135.96,0.0
CLOSE_LONG,4128.7,122585,4135.96,-7.260000000000218
OPEN_SHORT,4128.7,122585,4128.7,0.0
CLOSE_SHORT,4124.92,122595,4128.7,3.7799999999997453
OPEN_LONG,4124.92,122595,4124.92,0.0
CLOSE_LONG,4135.21,122610,4124.92,10.289999999999964
OPEN_SHORT,4135.21,122610,4135.21,0.0
CLOSE_SHORT,4127.87,122620,4135.21,7.3400000000001455
OPEN_LONG,4127.87,122620,4127.87,0.0
CLOSE_LONG,4132.17,122646,4127.87,4.300000000000182
OPEN_SHORT,4132.17,122646,4132.17,0.0
CLOSE_SHORT,4115.74,122680,4132.17,16.43000000000029
OPEN_LONG,4115.74,122680,4115.74,0.0
CLOSE_LONG,4141.05,122684,4115.74,25.3100000000004
OPEN_SHORT,4141.05,122684,4141.05,0.0
CLOSE_SHORT,4155.91,122720,4141.05,-14.859999999999673
OPEN_LONG,4155.91,122720,4155.91,0.0
CLOSE_LONG,4158.66,122728,4155.91,2.75
OPEN_SHORT,4158.66,122728,4158.66,0.0
CLOSE_SHORT,4178.57,122771,4158.66,-19.909999999999854
OPEN_LONG,4178.57,122771,4178.57,0.0
CLOSE_LONG,4190.9,122776,4178.57,12.329999999999927
OPEN_SHORT,4190.9,122776,4190.9,0.0
CLOSE_SHORT,4176.6,122783,4190.9,14.299999999999272
OPEN_LONG,4176.6,122783,4176.6,0.0
CLOSE_LONG,4172.36,122791,4176.6,-4.240000000000691
OPEN_SHORT,4172.36,122791,4172.36,0.0
CLOSE_SHORT,4179.53,122823,4172.36,-7.170000000000073
OPEN_LONG,4179.53,122823,4179.53,0.0
CLOSE_LONG,4177.56,122850,4179.53,-1.9699999999993452
OPEN_SHORT,4177.56,122850,4177.56,0.0
CLOSE_SHORT,4160.0,122867,4177.56,17.5600000000004
OPEN_LONG,4160.0,122867,4160.0,0.0
CLOSE_LONG,4157.73,122892,4160.0,-2.2700000000004366
OPEN_SHORT,4157.73,122892,4157.73,0.0
CLOSE_SHORT,4151.68,122897,4157.73,6.049999999999272
OPEN_LONG,4151.68,122897,4151.68,0.0
CLOSE_LONG,4159.9,122966,4151.68,8.219999999999345
OPEN_SHORT,4159.9,122966,4159.9,0.0
CLOSE_SHORT,4151.54,122971,4159.9,8.359999999999673
OPEN_LONG,4151.54,122971,4151.54,0.0
CLOSE_LONG,4077.83,123011,4151.54,-73.71000000000004
OPEN_SHORT,4077.83,123011,4077.83,0.0
CLOSE_SHORT,4072.39,123027,4077.83,5.440000000000055
OPEN_LONG,4072.39,123027,4072.39,0.0
CLOSE_LONG,4081.18,123030,4072.39,8.789999999999964
OPEN_SHORT,4081.18,123030,4081.18,0.0
CLOSE_SHORT,4078.07,123036,4081.18,3.1099999999996726
OPEN_LONG,4078.07,123036,4078.07,0.0
CLOSE_LONG,4074.64,123043,4078.07,-3.430000000000291
OPEN_SHORT,4074.64,123043,4074.64,0.0
CLOSE_SHORT,4090.46,123057,4074.64,-15.820000000000164
OPEN_LONG,4090.46,123057,4090.46,0.0
CLOSE_LONG,4096.36,123062,4090.46,5.899999999999636
OPEN_SHORT,4096.36,123062,4096.36,0.0
CLOSE_SHORT,4100.35,123087,4096.36,-3.990000000000691
OPEN_LONG,4100.35,123087,4100.35,0.0
CLOSE_LONG,4108.01,123099,4100.35,7.6599999999998545
OPEN_SHORT,4108.01,123099,4108.01,0.0
CLOSE_SHORT,4095.01,123120,4108.01,13.0
OPEN_LONG,4095.01,123120,4095.01,0.0
CLOSE_LONG,4140.69,123127,4095.01,45.67999999999938
OPEN_SHORT,4140.69,123127,4140.69,0.0
CLOSE_SHORT,4138.94,123133,4140.69,1.75
OPEN_LONG,4138.94,123133,4138.94,0.0
CLOSE_LONG,4141.82,123140,4138.94,2.880000000000109
OPEN_SHORT,4141.82,123140,4141.82,0.0
CLOSE_SHORT,4126.11,123145,4141.82,15.710000000000036
OPEN_LONG,4126.11,123145,4126.11,0.0
CLOSE_LONG,4139.03,123147,4126.11,12.920000000000073
OPEN_SHORT,4139.03,123147,4139.03,0.0
CLOSE_SHORT,4151.52,123162,4139.03,-12.490000000000691
OPEN_LONG,4151.52,123162,4151.52,0.0
CLOSE_LONG,4142.81,123173,4151.52,-8.710000000000036
OPEN_SHORT,4142.81,123173,4142.81,0.0
CLOSE_SHORT,4124.18,123177,4142.81,18.63000000000011
OPEN_LONG,4124.18,123177,4124.18,0.0
CLOSE_LONG,4112.97,123190,4124.18,-11.210000000000036
OPEN_SHORT,4112.97,123190,4112.97,0.0
CLOSE_SHORT,4107.84,123199,4112.97,5.130000000000109
OPEN_LONG,4107.84,123199,4107.84,0.0
CLOSE_LONG,4097.56,123217,4107.84,-10.279999999999745
OPEN_SHORT,4097.56,123217,4097.56,0.0
CLOSE_SHORT,4119.66,123239,4097.56,-22.099999999999454
OPEN_LONG,4119.66,123239,4119.66,0.0
CLOSE_LONG,4134.31,123248,4119.66,14.650000000000546
OPEN_SHORT,4134.31,123248,4134.31,0.0
CLOSE_SHORT,4124.6,123253,4134.31,9.710000000000036
OPEN_LONG,4124.6,123253,4124.6,0.0
CLOSE_LONG,4130.84,123263,4124.6,6.239999999999782
OPEN_SHORT,4130.84,123263,4130.84,0.0
CLOSE_SHORT,4138.08,123297,4130.84,-7.239999999999782
OPEN_LONG,4138.08,123297,4138.08,0.0
CLOSE_LONG,4158.0,123302,4138.08,19.920000000000073
OPEN_SHORT,4158.0,123302,4158.0,0.0
CLOSE_SHORT,4143.86,123307,4158.0,14.140000000000327
OPEN_LONG,4143.86,123307,4143.86,0.0
CLOSE_LONG,4155.0,123324,4143.86,11.140000000000327
OPEN_SHORT,4155.0,123324,4155.0,0.0
CLOSE_SHORT,4163.38,123346,4155.0,-8.38000000000011
OPEN_LONG,4163.38,123346,4163.38,0.0
CLOSE_LONG,4168.37,123359,4163.38,4.989999999999782
OPEN_SHORT,4168.37,123359,4168.37,0.0
CLOSE_SHORT,4212.39,123401,4168.37,-44.02000000000044
OPEN_LONG,4212.39,123401,4212.39,0.0
CLOSE_LONG,4216.51,123417,4212.39,4.119999999999891
OPEN_SHORT,4216.51,123417,4216.51,0.0
CLOSE_SHORT,4220.0,123432,4216.51,-3.4899999999997817
OPEN_LONG,4220.0,123432,4220.0,0.0
CLOSE_LONG,4233.81,123438,4220.0,13.8100000000004
OPEN_SHORT,4233.81,123438,4233.81,0.0
CLOSE_SHORT,4223.72,123443,4233.81,10.090000000000146
OPEN_LONG,4223.72,123443,4223.72,0.0
CLOSE_LONG,4225.98,123454,4223.72,2.259999999999309
OPEN_SHORT,4225.98,123454,4225.98,0.0
CLOSE_SHORT,4252.38,123480,4225.98,-26.400000000000546
OPEN_LONG,4252.38,123480,4252.38,0.0
CLOSE_LONG,4257.59,123497,4252.38,5.210000000000036
OPEN_SHORT,4257.59,123497,4257.59,0.0
CLOSE_SHORT,4253.6,123514,4257.59,3.9899999999997817
OPEN_LONG,4253.6,123514,4253.6,0.0
CLOSE_LONG,4262.12,123521,4253.6,8.519999999999527
OPEN_SHORT,4262.12,123521,4262.12,0.0
CLOSE_SHORT,4272.12,123581,4262.12,-10.0
OPEN_LONG,4272.12,123581,4272.12,0.0
CLOSE_LONG,4276.08,123596,4272.12,3.9600000000000364
OPEN_SHORT,4276.08,123596,4276.08,0.0
CLOSE_SHORT,4265.32,123602,4276.08,10.760000000000218
OPEN_LONG,4265.32,123602,4265.32,0.0
CLOSE_LONG,4267.2,123639,4265.32,1.8800000000001091
OPEN_SHORT,4267.2,123639,4267.2,0.0
CLOSE_SHORT,4255.83,123663,4267.2,11.36999999999989
OPEN_LONG,4255.83,123663,4255.83,0.0
CLOSE_LONG,4262.57,123672,4255.83,6.739999999999782
OPEN_SHORT,4262.57,123672,4262.57,0.0
CLOSE_SHORT,4259.29,123699,4262.57,3.2799999999997453
OPEN_LONG,4259.29,123699,4259.29,0.0
CLOSE_LONG,4246.36,123774,4259.29,-12.930000000000291
OPEN_SHORT,4246.36,123774,4246.36,0.0
CLOSE_SHORT,4231.11,123805,4246.36,15.25
OPEN_LONG,4231.11,123805,4231.11,0.0
CLOSE_LONG,4236.39,123815,4231.11,5.280000000000655
OPEN_SHORT,4236.39,123815,4236.39,0.0
CLOSE_SHORT,4224.71,123821,4236.39,11.680000000000291
OPEN_LONG,4224.71,123821,4224.71,0.0
CLOSE_LONG,4217.99,123830,4224.71,-6.720000000000255
OPEN_SHORT,4217.99,123830,4217.99,0.0
CLOSE_SHORT,4201.5,123873,4217.99,16.48999999999978
OPEN_LONG,4201.5,123873,4201.5,0.0
CLOSE_LONG,4209.22,123887,4201.5,7.720000000000255
OPEN_SHORT,4209.22,123887,4209.22,0.0
CLOSE_SHORT,4187.61,123895,4209.22,21.610000000000582
OPEN_LONG,4187.61,123895,4187.61,0.0
CLOSE_LONG,4192.01,123901,4187.61,4.400000000000546
OPEN_SHORT,4192.01,123901,4192.01,0.0
CLOSE_SHORT,4169.27,123924,4192.01,22.73999999999978
OPEN_LONG,4169.27,123924,4169.27,0.0
CLOSE_LONG,4151.87,123949,4169.27,-17.400000000000546
OPEN_SHORT,4151.87,123949,4151.87,0.0
CLOSE_SHORT,4142.34,124006,4151.87,9.529999999999745
OPEN_LONG,4142.34,124006,4142.34,0.0
CLOSE_LONG,4148.8,124011,4142.34,6.460000000000036
OPEN_SHORT,4148.8,124011,4148.8,0.0
CLOSE_SHORT,4140.01,124027,4148.8,8.789999999999964
OPEN_LONG,4140.01,124027,4140.01,0.0
CLOSE_LONG,4099.01,124053,4140.01,-41.0
OPEN_SHORT,4099.01,124053,4099.01,0.0
CLOSE_SHORT,4111.57,124073,4099.01,-12.55999999999949
OPEN_LONG,4111.57,124073,4111.57,0.0
CLOSE_LONG,4069.35,124101,4111.57,-42.2199999999998
OPEN_SHORT,4069.35,124101,4069.35,0.0
CLOSE_SHORT,4075.15,124125,4069.35,-5.800000000000182
OPEN_LONG,4075.15,124125,4075.15,0.0
CLOSE_LONG,4071.26,124136,4075.15,-3.8899999999998727
OPEN_SHORT,4071.26,124136,4071.26,0.0
CLOSE_SHORT,4048.8,124140,4071.26,22.460000000000036
OPEN_LONG,4048.8,124140,4048.8,0.0
CLOSE_LONG,3991.0,124168,4048.8,-57.80000000000018
OPEN_SHORT,3991.0,124168,3991.0,0.0
CLOSE_SHORT,3996.68,124174,3991.0,-5.679999999999836
OPEN_LONG,3996.68,124174,3996.68,0.0
CLOSE_LONG,4015.85,124178,3996.68,19.170000000000073
OPEN_SHORT,4015.85,124178,4015.85,0.0
CLOSE_SHORT,3985.36,124182,4015.85,30.48999999999978
OPEN_LONG,3985.36,124182,3985.36,0.0
CLOSE_LONG,4001.79,124187,3985.36,16.429999999999836
OPEN_SHORT,4001.79,124187,4001.79,0.0
CLOSE_SHORT,3999.46,124199,4001.79,2.3299999999999272
OPEN_LONG,3999.46,124199,3999.46,0.0
CLOSE_LONG,4015.21,124202,3999.46,15.75
OPEN_SHORT,4015.21,124202,4015.21,0.0
CLOSE_SHORT,4003.52,124207,4015.21,11.690000000000055
OPEN_LONG,4003.52,124207,4003.52,0.0
CLOSE_LONG,3975.25,124244,4003.52,-28.269999999999982
OPEN_SHORT,3975.25,124244,3975.25,0.0
CLOSE_SHORT,3975.3,124252,3975.25,-0.0500000000001819
OPEN_LONG,3975.3,124252,3975.3,0.0
CLOSE_LONG,3976.93,124258,3975.3,1.6299999999996544
OPEN_SHORT,3976.93,124258,3976.93,0.0
CLOSE_SHORT,3989.51,124282,3976.93,-12.580000000000382
OPEN_LONG,3989.51,124282,3989.51,0.0
CLOSE_LONG,3996.97,124294,3989.51,7.459999999999582
OPEN_SHORT,3996.97,124294,3996.97,0.0
CLOSE_SHORT,3984.53,124343,3996.97,12.4399999999996
OPEN_LONG,3984.53,124343,3984.53,0.0
CLOSE_LONG,3986.78,124353,3984.53,2.25
OPEN_SHORT,3986.78,124353,3986.78,0.0
CLOSE_SHORT,3975.27,124358,3986.78,11.510000000000218
OPEN_LONG,3975.27,124358,3975.27,0.0
CLOSE_LONG,3907.98,124393,3975.27,-67.28999999999996
OPEN_SHORT,3907.98,124393,3907.98,0.0
CLOSE_SHORT,3920.21,124401,3907.98,-12.230000000000018
OPEN_LONG,3920.21,124401,3920.21,0.0
CLOSE_LONG,3937.38,124406,3920.21,17.170000000000073
OPEN_SHORT,3937.38,124406,3937.38,0.0
CLOSE_SHORT,3965.21,124435,3937.38,-27.829999999999927
OPEN_LONG,3965.21,124435,3965.21,0.0
CLOSE_LONG,3979.61,124437,3965.21,14.400000000000091
OPEN_SHORT,3979.61,124437,3979.61,0.0
CLOSE_SHORT,3966.82,124472,3979.61,12.789999999999964
OPEN_LONG,3966.82,124472,3966.82,0.0
CLOSE_LONG,3961.57,124486,3966.82,-5.25
OPEN_SHORT,3961.57,124486,3961.57,0.0
CLOSE_SHORT,3953.85,124493,3961.57,7.720000000000255
OPEN_LONG,3953.85,124493,3953.85,0.0
CLOSE_LONG,3939.0,124513,3953.85,-14.849999999999909
OPEN_SHORT,3939.0,124513,3939.0,0.0
CLOSE_SHORT,3943.16,124533,3939.0,-4.1599999999998545
OPEN_LONG,3943.16,124533,3943.16,0.0
CLOSE_LONG,3938.93,124550,3943.16,-4.230000000000018
OPEN_SHORT,3938.93,124550,3938.93,0.0
CLOSE_SHORT,3923.0,124572,3938.93,15.929999999999836
OPEN_LONG,3923.0,124572,3923.0,0.0
CLOSE_LONG,3930.0,124577,3923.0,7.0
OPEN_SHORT,3930.0,124577,3930.0,0.0
CLOSE_SHORT,3951.28,124587,3930.0,-21.2800000000002
OPEN_LONG,3951.28,124587,3951.28,0.0
CLOSE_LONG,3950.03,124608,3951.28,-1.25
OPEN_SHORT,3950.03,124608,3950.03,0.0
CLOSE_SHORT,3986.4,124618,3950.03,-36.36999999999989
OPEN_LONG,3986.4,124618,3986.4,0.0
CLOSE_LONG,3980.7,124636,3986.4,-5.700000000000273
OPEN_SHORT,3980.7,124636,3980.7,0.0
CLOSE_SHORT,3983.2,124646,3980.7,-2.5
OPEN_LONG,3983.2,124646,3983.2,0.0
CLOSE_LONG,3979.13,124658,3983.2,-4.069999999999709
OPEN_SHORT,3979.13,124658,3979.13,0.0
CLOSE_SHORT,3972.0,124664,3979.13,7.130000000000109
OPEN_LONG,3972.0,124664,3972.0,0.0
CLOSE_LONG,3965.58,124676,3972.0,-6.420000000000073
OPEN_SHORT,3965.58,124676,3965.58,0.0
CLOSE_SHORT,4064.72,124719,3965.58,-99.13999999999987
OPEN_LONG,4064.72,124719,4064.72,0.0
CLOSE_LONG,4085.86,124727,4064.72,21.140000000000327
OPEN_SHORT,4085.86,124727,4085.86,0.0
CLOSE_SHORT,4128.56,124741,4085.86,-42.70000000000027
OPEN_LONG,4128.56,124741,4128.56,0.0
CLOSE_LONG,4121.79,124747,4128.56,-6.770000000000437
OPEN_SHORT,4121.79,124747,4121.79,0.0
CLOSE_SHORT,4112.1,124749,4121.79,9.6899999999996
OPEN_LONG,4112.1,124749,4112.1,0.0
CLOSE_LONG,4128.39,124753,4112.1,16.289999999999964
OPEN_SHORT,4128.39,124753,4128.39,0.0
CLOSE_SHORT,4121.0,124772,4128.39,7.390000000000327
OPEN_LONG,4121.0,124772,4121.0,0.0
CLOSE_LONG,4110.66,124781,4121.0,-10.340000000000146
OPEN_SHORT,4110.66,124781,4110.66,0.0
CLOSE_SHORT,4114.94,124802,4110.66,-4.279999999999745
OPEN_LONG,4114.94,124802,4114.94,0.0
CLOSE_LONG,4129.66,124807,4114.94,14.720000000000255
OPEN_SHORT,4129.66,124807,4129.66,0.0
CLOSE_SHORT,4099.28,124810,4129.66,30.38000000000011
OPEN_LONG,4099.28,124810,4099.28,0.0
CLOSE_LONG,4107.31,124816,4099.28,8.030000000000655
OPEN_SHORT,4107.31,124816,4107.31,0.0
CLOSE_SHORT,4096.14,124817,4107.31,11.170000000000073
OPEN_LONG,4096.14,124817,4096.14,0.0
CLOSE_LONG,4107.04,124819,4096.14,10.899999999999636
OPEN_SHORT,4107.04,124819,4107.04,0.0
CLOSE_SHORT,4101.78,124831,4107.04,5.260000000000218
OPEN_LONG,4101.78,124831,4101.78,0.0
CLOSE_LONG,4109.25,124837,4101.78,7.470000000000255
OPEN_SHORT,4109.25,124837,4109.25,0.0
CLOSE_SHORT,4123.73,124856,4109.25,-14.479999999999563
OPEN_LONG,4123.73,124856,4123.73,0.0
CLOSE_LONG,4130.65,124859,4123.73,6.920000000000073
OPEN_SHORT,4130.65,124859,4130.65,0.0
CLOSE_SHORT,4118.7,124864,4130.65,11.949999999999818
OPEN_LONG,4118.7,124864,4118.7,0.0
CLOSE_LONG,4121.1,124867,4118.7,2.4000000000005457
OPEN_SHORT,4121.1,124867,4121.1,0.0
CLOSE_SHORT,4106.63,124872,4121.1,14.470000000000255
OPEN_LONG,4106.63,124872,4106.63,0.0
CLOSE_LONG,4109.18,124882,4106.63,2.550000000000182
OPEN_SHORT,4109.18,124882,4109.18,0.0
CLOSE_SHORT,4110.18,124892,4109.18,-1.0
OPEN_LONG,4110.18,124892,4110.18,0.0
CLOSE_LONG,4120.79,124898,4110.18,10.609999999999673
OPEN_SHORT,4120.79,124898,4120.79,0.0
CLOSE_SHORT,4133.01,124923,4120.79,-12.220000000000255
OPEN_LONG,4133.01,124923,4133.01,0.0
CLOSE_LONG,4081.72,124942,4133.01,-51.29000000000042
OPEN_SHORT,4081.72,124942,4081.72,0.0
CLOSE_SHORT,4099.35,124960,4081.72,-17.630000000000564
OPEN_LONG,4099.35,124960,4099.35,0.0
CLOSE_LONG,4097.15,124972,4099.35,-2.2000000000007276
OPEN_SHORT,4097.15,124972,4097.15,0.0
CLOSE_SHORT,4109.3,125025,4097.15,-12.150000000000546
OPEN_LONG,4109.3,125025,4109.3,0.0
CLOSE_LONG,4106.5,125038,4109.3,-2.800000000000182
OPEN_SHORT,4106.5,125038,4106.5,0.0
CLOSE_SHORT,4099.94,125053,4106.5,6.5600000000004
OPEN_LONG,4099.94,125053,4099.94,0.0
CLOSE_LONG,4108.6,125058,4099.94,8.660000000000764
OPEN_SHORT,4108.6,125058,4108.6,0.0
CLOSE_SHORT,4125.22,125188,4108.6,-16.61999999999989
OPEN_LONG,4125.22,125188,4125.22,0.0
CLOSE_LONG,4128.57,125199,4125.22,3.3499999999994543
OPEN_SHORT,4128.57,125199,4128.57,0.0
CLOSE_SHORT,4114.71,125205,4128.57,13.859999999999673
OPEN_LONG,4114.71,125205,4114.71,0.0
CLOSE_LONG,4109.74,125225,4114.71,-4.970000000000255
OPEN_SHORT,4109.74,125225,4109.74,0.0
CLOSE_SHORT,4097.69,125230,4109.74,12.050000000000182
OPEN_LONG,4097.69,125230,4097.69,0.0
CLOSE_LONG,4109.75,125240,4097.69,12.0600000000004
OPEN_SHORT,4109.75,125240,4109.75,0.0
CLOSE_SHORT,4098.21,125256,4109.75,11.539999999999964
OPEN_LONG,4098.21,125256,4098.21,0.0
CLOSE_LONG,4100.53,125267,4098.21,2.319999999999709
OPEN_SHORT,4100.53,125267,4100.53,0.0
CLOSE_SHORT,4093.2,125272,4100.53,7.329999999999927
OPEN_LONG,4093.2,125272,4093.2,0.0
CLOSE_LONG,4090.31,125290,4093.2,-2.8899999999998727
OPEN_SHORT,4090.31,125290,4090.31,0.0
CLOSE_SHORT,4127.94,125349,4090.31,-37.629999999999654
OPEN_LONG,4127.94,125349,4127.94,0.0
CLOSE_LONG,4128.54,125367,4127.94,0.6000000000003638
OPEN_SHORT,4128.54,125367,4128.54,0.0
CLOSE_SHORT,4116.99,125372,4128.54,11.550000000000182
OPEN_LONG,4116.99,125372,4116.99,0.0
CLOSE_LONG,4094.18,125402,4116.99,-22.809999999999945
OPEN_SHORT,4094.18,125402,4094.18,0.0
CLOSE_SHORT,4076.0,125416,4094.18,18.179999999999836
OPEN_LONG,4076.0,125416,4076.0,0.0
CLOSE_LONG,4079.01,125426,4076.0,3.0100000000002183
OPEN_SHORT,4079.01,125426,4079.01,0.0
CLOSE_SHORT,4105.6,125518,4079.01,-26.590000000000146
OPEN_LONG,4105.6,125518,4105.6,0.0
CLOSE_LONG,4106.78,125530,4105.6,1.1799999999993815
OPEN_SHORT,4106.78,125530,4106.78,0.0
CLOSE_SHORT,4100.34,125544,4106.78,6.4399999999996
OPEN_LONG,4100.34,125544,4100.34,0.0
CLOSE_LONG,4088.07,125589,4100.34,-12.269999999999982
OPEN_SHORT,4088.07,125589,4088.07,0.0
CLOSE_SHORT,4106.59,125600,4088.07,-18.519999999999982
OPEN_LONG,4106.59,125600,4106.59,0.0
CLOSE_LONG,4116.57,125614,4106.59,9.979999999999563
OPEN_SHORT,4116.57,125614,4116.57,0.0
CLOSE_SHORT,4189.21,125714,4116.57,-72.64000000000033
OPEN_LONG,4189.21,125714,4189.21,0.0
CLOSE_LONG,4180.62,125740,4189.21,-8.590000000000146
OPEN_SHORT,4180.62,125740,4180.62,0.0
CLOSE_SHORT,4158.25,125752,4180.62,22.36999999999989
OPEN_LONG,4158.25,125752,4158.25,0.0
CLOSE_LONG,4159.75,125771,4158.25,1.5
OPEN_SHORT,4159.75,125771,4159.75,0.0
CLOSE_SHORT,4151.0,125786,4159.75,8.75
OPEN_LONG,4151.0,125786,4151.0,0.0
CLOSE_LONG,4150.76,125804,4151.0,-0.23999999999978172
OPEN_SHORT,4150.76,125804,4150.76,0.0
CLOSE_SHORT,4145.59,125813,4150.76,5.170000000000073
OPEN_LONG,4145.59,125813,4145.59,0.0
CLOSE_LONG,4124.25,125841,4145.59,-21.340000000000146
OPEN_SHORT,4124.25,125841,4124.25,0.0
CLOSE_SHORT,4110.54,125860,4124.25,13.710000000000036
OPEN_LONG,4110.54,125860,4110.54,0.0
CLOSE_LONG,4102.93,125878,4110.54,-7.609999999999673
OPEN_SHORT,4102.93,125878,4102.93,0.0
CLOSE_SHORT,4098.74,125886,4102.93,4.190000000000509
OPEN_LONG,4098.74,125886,4098.74,0.0
CLOSE_LONG,4104.0,125923,4098.74,5.260000000000218
OPEN_SHORT,4104.0,125923,4104.0,0.0
CLOSE_SHORT,4090.01,125935,4104.0,13.989999999999782
OPEN_LONG,4090.01,125935,4090.01,0.0
CLOSE_LONG,4083.57,125949,4090.01,-6.440000000000055
OPEN_SHORT,4083.57,125949,4083.57,0.0
CLOSE_SHORT,4076.8,125953,4083.57,6.769999999999982
OPEN_LONG,4076.8,125953,4076.8,0.0
CLOSE_LONG,4090.01,125966,4076.8,13.210000000000036
OPEN_SHORT,4090.01,125966,4090.01,0.0
CLOSE_SHORT,4077.48,125977,4090.01,12.5300000000002
OPEN_LONG,4077.48,125977,4077.48,0.0
CLOSE_LONG,4075.05,125993,4077.48,-2.4299999999998363
OPEN_SHORT,4075.05,125993,4075.05,0.0
CLOSE_SHORT,4081.6,126012,4075.05,-6.549999999999727
OPEN_LONG,4081.6,126012,4081.6,0.0
CLOSE_LONG,4076.09,126019,4081.6,-5.5099999999997635
OPEN_SHORT,4076.09,126019,4076.09,0.0
CLOSE_SHORT,4055.04,126021,4076.09,21.050000000000182
OPEN_LONG,4055.04,126021,4055.04,0.0
CLOSE_LONG,4048.51,126027,4055.04,-6.529999999999745
OPEN_SHORT,4048.51,126027,4048.51,0.0
CLOSE_SHORT,4082.81,126052,4048.51,-34.29999999999973
OPEN_LONG,4082.81,126052,4082.81,0.0
CLOSE_LONG,4008.9,126092,4082.81,-73.90999999999985
OPEN_SHORT,4008.9,126092,4008.9,0.0
CLOSE_SHORT,4007.1,126106,4008.9,1.800000000000182
OPEN_LONG,4007.1,126106,4007.1,0.0
CLOSE_LONG,4004.33,126115,4007.1,-2.769999999999982
OPEN_SHORT,4004.33,126115,4004.33,0.0
CLOSE_SHORT,4003.35,126125,4004.33,0.9800000000000182
OPEN_LONG,4003.35,126125,4003.35,0.0
CLOSE_LONG,3976.7,126149,4003.35,-26.65000000000009
OPEN_SHORT,3976.7,126149,3976.7,0.0
CLOSE_SHORT,3968.5,126159,3976.7,8.199999999999818
OPEN_LONG,3968.5,126159,3968.5,0.0
CLOSE_LONG,3979.4,126164,3968.5,10.900000000000091
OPEN_SHORT,3979.4,126164,3979.4,0.0
CLOSE_SHORT,3984.81,126187,3979.4,-5.4099999999998545
OPEN_LONG,3984.81,126187,3984.81,0.0
CLOSE_LONG,3986.85,126204,3984.81,2.0399999999999636
OPEN_SHORT,3986.85,126204,3986.85,0.0
CLOSE_SHORT,3975.19,126211,3986.85,11.659999999999854
OPEN_LONG,3975.19,126211,3975.19,0.0
CLOSE_LONG,3947.23,126232,3975.19,-27.960000000000036
OPEN_SHORT,3947.23,126232,3947.23,0.0
CLOSE_SHORT,3973.38,126277,3947.23,-26.15000000000009
OPEN_LONG,3973.38,126277,3973.38,0.0
CLOSE_LONG,3986.25,126282,3973.38,12.86999999999989
OPEN_SHORT,3986.25,126282,3986.25,0.0
CLOSE_SHORT,3997.94,126337,3986.25,-11.690000000000055
OPEN_LONG,3997.94,126337,3997.94,0.0
CLOSE_LONG,3994.62,126350,3997.94,-3.3200000000001637
OPEN_SHORT,3994.62,126350,3994.62,0.0
CLOSE_SHORT,3989.34,126369,3994.62,5.279999999999745
OPEN_LONG,3989.34,126369,3989.34,0.0
CLOSE_LONG,3992.87,126378,3989.34,3.5299999999997453
OPEN_SHORT,3992.87,126378,3992.87,0.0
CLOSE_SHORT,3978.69,126385,3992.87,14.179999999999836
OPEN_LONG,3978.69,126385,3978.69,0.0
CLOSE_LONG,3981.43,126391,3978.69,2.7399999999997817
OPEN_SHORT,3981.43,126391,3981.43,0.0
CLOSE_SHORT,3979.47,126402,3981.43,1.9600000000000364
OPEN_LONG,3979.47,126402,3979.47,0.0
CLOSE_LONG,3990.25,126412,3979.47,10.7800000000002
OPEN_SHORT,3990.25,126412,3990.25,0.0
CLOSE_SHORT,3978.42,126420,3990.25,11.829999999999927
OPEN_LONG,3978.42,126420,3978.42,0.0
CLOSE_LONG,3955.23,126432,3978.42,-23.190000000000055
OPEN_SHORT,3955.23,126432,3955.23,0.0
CLOSE_SHORT,3963.2,126440,3955.23,-7.9699999999998
OPEN_LONG,3963.2,126440,3963.2,0.0
CLOSE_LONG,3976.36,126445,3963.2,13.16000000000031
OPEN_SHORT,3976.36,126445,3976.36,0.0
CLOSE_SHORT,3968.4,126448,3976.36,7.960000000000036
OPEN_LONG,3968.4,126448,3968.4,0.0
CLOSE_LONG,3953.79,126475,3968.4,-14.610000000000127
OPEN_SHORT,3953.79,126475,3953.79,0.0
CLOSE_SHORT,3966.57,126495,3953.79,-12.7800000000002
OPEN_LONG,3966.57,126495,3966.57,0.0
CLOSE_LONG,3951.54,126513,3966.57,-15.0300000000002
OPEN_SHORT,3951.54,126513,3951.54,0.0
CLOSE_SHORT,3958.8,126563,3951.54,-7.260000000000218
OPEN_LONG,3958.8,126563,3958.8,0.0
CLOSE_LONG,3959.03,126573,3958.8,0.2300000000000182
OPEN_SHORT,3959.03,126573,3959.03,0.0
CLOSE_SHORT,3978.14,126645,3959.03,-19.109999999999673
OPEN_LONG,3978.14,126645,3978.14,0.0
CLOSE_LONG,3986.71,126651,3978.14,8.570000000000164
OPEN_SHORT,3986.71,126651,3986.71,0.0
CLOSE_SHORT,3981.64,126666,3986.71,5.070000000000164
OPEN_LONG,3981.64,126666,3981.64,0.0
CLOSE_LONG,3987.03,126683,3981.64,5.390000000000327
OPEN_SHORT,3987.03,126683,3987.03,0.0
CLOSE_SHORT,3994.04,126709,3987.03,-7.0099999999997635
OPEN_LONG,3994.04,126709,3994.04,0.0
CLOSE_LONG,4007.54,126745,3994.04,13.5
OPEN_SHORT,4007.54,126745,4007.54,0.0
CLOSE_SHORT,4000.25,126757,4007.54,7.289999999999964
OPEN_LONG,4000.25,126757,4000.25,0.0
CLOSE_LONG,4014.4,126761,4000.25,14.150000000000091
OPEN_SHORT,4014.4,126761,4014.4,0.0
CLOSE_SHORT,4019.68,126767,4014.4,-5.279999999999745
OPEN_LONG,4019.68,126767,4019.68,0.0
CLOSE_LONG,4025.39,126802,4019.68,5.710000000000036
OPEN_SHORT,4025.39,126802,4025.39,0.0
CLOSE_SHORT,4022.24,126821,4025.39,3.150000000000091
OPEN_LONG,4022.24,126821,4022.24,0.0
CLOSE_LONG,4033.61,126836,4022.24,11.370000000000346
OPEN_SHORT,4033.61,126836,4033.61,0.0
CLOSE_SHORT,4005.34,126917,4033.61,28.269999999999982
OPEN_LONG,4005.34,126917,4005.34,0.0
CLOSE_LONG,4008.17,126926,4005.34,2.8299999999999272
OPEN_SHORT,4008.17,126926,4008.17,0.0
CLOSE_SHORT,3994.08,126951,4008.17,14.090000000000146
OPEN_LONG,3994.08,126951,3994.08,0.0
CLOSE_LONG,4018.09,126968,3994.08,24.01000000000022
OPEN_SHORT,4018.09,126968,4018.09,0.0
CLOSE_SHORT,4007.45,126982,4018.09,10.640000000000327
OPEN_LONG,4007.45,126982,4007.45,0.0
CLOSE_LONG,3993.25,126990,4007.45,-14.199999999999818
OPEN_SHORT,3993.25,126990,3993.25,0.0
CLOSE_SHORT,4000.81,127004,3993.25,-7.559999999999945
OPEN_LONG,4000.81,127004,4000.81,0.0
CLOSE_LONG,4010.98,127020,4000.81,10.170000000000073
OPEN_SHORT,4010.98,127020,4010.98,0.0
CLOSE_SHORT,4011.26,127075,4010.98,-0.2800000000002001
OPEN_LONG,4011.26,127075,4011.26,0.0
CLOSE_LONG,4002.77,127125,4011.26,-8.490000000000236
OPEN_SHORT,4002.77,127125,4002.77,0.0
CLOSE_SHORT,3982.74,127150,4002.77,20.0300000000002
OPEN_LONG,3982.74,127150,3982.74,0.0
CLOSE_LONG,3990.78,127155,3982.74,8.040000000000418
OPEN_SHORT,3990.78,127155,3990.78,0.0
CLOSE_SHORT,3989.08,127199,3990.78,1.7000000000002728
OPEN_LONG,3989.08,127199,3989.08,0.0
CLOSE_LONG,3954.01,127212,3989.08,-35.06999999999971
OPEN_SHORT,3954.01,127212,3954.01,0.0
CLOSE_SHORT,4024.01,127227,3954.01,-70.0
OPEN_LONG,4024.01,127227,4024.01,0.0
CLOSE_LONG,4038.3,127239,4024.01,14.289999999999964
OPEN_SHORT,4038.3,127239,4038.3,0.0
CLOSE_SHORT,4057.22,127254,4038.3,-18.919999999999618
OPEN_LONG,4057.22,127254,4057.22,0.0
CLOSE_LONG,4052.75,127273,4057.22,-4.4699999999998
OPEN_SHORT,4052.75,127273,4052.75,0.0
CLOSE_SHORT,4038.41,127301,4052.75,14.340000000000146
OPEN_LONG,4038.41,127301,4038.41,0.0
CLOSE_LONG,4048.51,127308,4038.41,10.100000000000364
OPEN_SHORT,4048.51,127308,4048.51,0.0
CLOSE_SHORT,4055.2,127361,4048.51,-6.6899999999996
OPEN_LONG,4055.2,127361,4055.2,0.0
CLOSE_LONG,4047.26,127383,4055.2,-7.9399999999996
OPEN_SHORT,4047.26,127383,4047.26,0.0
CLOSE_SHORT,4047.82,127416,4047.26,-0.5599999999999454
OPEN_LONG,4047.82,127416,4047.82,0.0
CLOSE_LONG,4047.62,127443,4047.82,-0.20000000000027285
OPEN_SHORT,4047.62,127443,4047.62,0.0
CLOSE_SHORT,4044.58,127455,4047.62,3.0399999999999636
OPEN_LONG,4044.58,127455,4044.58,0.0
CLOSE_LONG,4056.32,127458,4044.58,11.740000000000236
OPEN_SHORT,4056.32,127458,4056.32,0.0
CLOSE_SHORT,4042.7,127461,4056.32,13.620000000000346
OPEN_LONG,4042.7,127461,4042.7,0.0
CLOSE_LONG,3984.0,127495,4042.7,-58.69999999999982
OPEN_SHORT,3984.0,127495,3984.0,0.0
CLOSE_SHORT,4034.49,127519,3984.0,-50.48999999999978
OPEN_LONG,4034.49,127519,4034.49,0.0
CLOSE_LONG,4002.8,127543,4034.49,-31.6899999999996
OPEN_SHORT,4002.8,127543,4002.8,0.0
CLOSE_SHORT,4001.78,127550,4002.8,1.0199999999999818
OPEN_LONG,4001.78,127550,4001.78,0.0
CLOSE_LONG,3907.8,127599,4001.78,-93.98000000000002
OPEN_SHORT,3907.8,127599,3907.8,0.0
CLOSE_SHORT,3885.28,127609,3907.8,22.519999999999982
OPEN_LONG,3885.28,127609,3885.28,0.0
CLOSE_LONG,3869.9,127628,3885.28,-15.38000000000011
OPEN_SHORT,3869.9,127628,3869.9,0.0
CLOSE_SHORT,3886.4,127639,3869.9,-16.5
OPEN_LONG,3886.4,127639,3886.4,0.0
CLOSE_LONG,3909.11,127641,3886.4,22.710000000000036
OPEN_SHORT,3909.11,127641,3909.11,0.0
CLOSE_SHORT,3933.82,127657,3909.11,-24.710000000000036
OPEN_LONG,3933.82,127657,3933.82,0.0
CLOSE_LONG,3935.06,127664,3933.82,1.2399999999997817
OPEN_SHORT,3935.06,127664,3935.06,0.0
CLOSE_SHORT,3933.03,127675,3935.06,2.0299999999997453
OPEN_LONG,3933.03,127675,3933.03,0.0
CLOSE_LONG,3947.11,127680,3933.03,14.079999999999927
OPEN_SHORT,3947.11,127680,3947.11,0.0
CLOSE_SHORT,3935.51,127688,3947.11,11.599999999999909
OPEN_LONG,3935.51,127688,3935.51,0.0
CLOSE_LONG,3928.3,127701,3935.51,-7.210000000000036
OPEN_SHORT,3928.3,127701,3928.3,0.0
CLOSE_SHORT,3917.16,127706,3928.3,11.140000000000327
OPEN_LONG,3917.16,127706,3917.16,0.0
CLOSE_LONG,3901.13,127730,3917.16,-16.029999999999745
OPEN_SHORT,3901.13,127730,3901.13,0.0
CLOSE_SHORT,3887.12,127738,3901.13,14.010000000000218
OPEN_LONG,3887.12,127738,3887.12,0.0
CLOSE_LONG,3905.61,127748,3887.12,18.490000000000236
OPEN_SHORT,3905.61,127748,3905.61,0.0
CLOSE_SHORT,3895.96,127753,3905.61,9.650000000000091
OPEN_LONG,3895.96,127753,3895.96,0.0
CLOSE_LONG,3904.46,127754,3895.96,8.5
OPEN_SHORT,3904.46,127754,3904.46,0.0
CLOSE_SHORT,3894.61,127764,3904.46,9.849999999999909
OPEN_LONG,3894.61,127764,3894.61,0.0
CLOSE_LONG,3905.78,127774,3894.61,11.170000000000073
OPEN_SHORT,3905.78,127774,3905.78,0.0
CLOSE_SHORT,3887.26,127784,3905.78,18.519999999999982
OPEN_LONG,3887.26,127784,3887.26,0.0
CLOSE_LONG,3882.64,127797,3887.26,-4.620000000000346
OPEN_SHORT,3882.64,127797,3882.64,0.0
CLOSE_SHORT,3866.39,127803,3882.64,16.25
OPEN_LONG,3866.39,127803,3866.39,0.0
CLOSE_LONG,3866.89,127809,3866.39,0.5
OPEN_SHORT,3866.89,127809,3866.89,0.0
CLOSE_SHORT,3863.82,127830,3866.89,3.069999999999709
OPEN_LONG,3863.82,127830,3863.82,0.0
CLOSE_LONG,3874.08,127835,3863.82,10.259999999999764
OPEN_SHORT,3874.08,127835,3874.08,0.0
CLOSE_SHORT,3861.79,127838,3874.08,12.289999999999964
OPEN_LONG,3861.79,127838,3861.79,0.0
CLOSE_LONG,3871.29,127841,3861.79,9.5
OPEN_SHORT,3871.29,127841,3871.29,0.0
CLOSE_SHORT,3857.68,127846,3871.29,13.610000000000127
OPEN_LONG,3857.68,127846,3857.68,0.0
CLOSE_LONG,3867.22,127850,3857.68,9.539999999999964
OPEN_SHORT,3867.22,127850,3867.22,0.0
CLOSE_SHORT,3854.06,127861,3867.22,13.159999999999854
OPEN_LONG,3854.06,127861,3854.06,0.0
CLOSE_LONG,3849.0,127870,3854.06,-5.059999999999945
OPEN_SHORT,3849.0,127870,3849.0,0.0
CLOSE_SHORT,3832.94,127874,3849.0,16.059999999999945
OPEN_LONG,3832.94,127874,3832.94,0.0
CLOSE_LONG,3850.17,127878,3832.94,17.230000000000018
OPEN_SHORT,3850.17,127878,3850.17,0.0
CLOSE_SHORT,3849.93,127886,3850.17,0.24000000000023647
OPEN_LONG,3849.93,127886,3849.93,0.0
CLOSE_LONG,3854.01,127894,3849.93,4.080000000000382
OPEN_SHORT,3854.01,127894,3854.01,0.0
CLOSE_SHORT,3845.6,127903,3854.01,8.41000000000031
OPEN_LONG,3845.6,127903,3845.6,0.0
CLOSE_LONG,3854.45,127906,3845.6,8.849999999999909
OPEN_SHORT,3854.45,127906,3854.45,0.0
CLOSE_SHORT,3866.57,127995,3854.45,-12.120000000000346
OPEN_LONG,3866.57,127995,3866.57,0.0
CLOSE_LONG,3876.7,128005,3866.57,10.129999999999654
OPEN_SHORT,3876.7,128005,3876.7,0.0
CLOSE_SHORT,3863.66,128010,3876.7,13.039999999999964
OPEN_LONG,3863.66,128010,3863.66,0.0
CLOSE_LONG,3873.7,128014,3863.66,10.039999999999964
OPEN_SHORT,3873.7,128014,3873.7,0.0
CLOSE_SHORT,3933.8,128143,3873.7,-60.100000000000364
OPEN_LONG,3933.8,128143,3933.8,0.0
CLOSE_LONG,3918.71,128191,3933.8,-15.090000000000146
OPEN_SHORT,3918.71,128191,3918.71,0.0
CLOSE_SHORT,3911.58,128199,3918.71,7.130000000000109
OPEN_LONG,3911.58,128199,3911.58,0.0
CLOSE_LONG,3907.87,128224,3911.58,-3.7100000000000364
OPEN_SHORT,3907.87,128224,3907.87,0.0
CLOSE_SHORT,3916.59,128242,3907.87,-8.720000000000255
OPEN_LONG,3916.59,128242,3916.59,0.0
CLOSE_LONG,3926.0,128248,3916.59,9.409999999999854
OPEN_SHORT,3926.0,128248,3926.0,0.0
CLOSE_SHORT,3927.38,128318,3926.0,-1.3800000000001091
OPEN_LONG,3927.38,128318,3927.38,0.0
CLOSE_LONG,3916.4,128395,3927.38,-10.980000000000018
OPEN_SHORT,3916.4,128395,3916.4,0.0
CLOSE_SHORT,3905.59,128411,3916.4,10.809999999999945
OPEN_LONG,3905.59,128411,3905.59,0.0
CLOSE_LONG,3900.0,128435,3905.59,-5.5900000000001455
OPEN_SHORT,3900.0,128435,3900.0,0.0
CLOSE_SHORT,3889.36,128444,3900.0,10.639999999999873
OPEN_LONG,3889.36,128444,3889.36,0.0
CLOSE_LONG,3833.6,128485,3889.36,-55.76000000000022
OPEN_SHORT,3833.6,128485,3833.6,0.0
CLOSE_SHORT,3817.1,128490,3833.6,16.5
OPEN_LONG,3817.1,128490,3817.1,0.0
CLOSE_LONG,3787.35,128505,3817.1,-29.75
OPEN_SHORT,3787.35,128505,3787.35,0.0
CLOSE_SHORT,3764.98,128524,3787.35,22.36999999999989
OPEN_LONG,3764.98,128524,3764.98,0.0
CLOSE_LONG,3787.57,128529,3764.98,22.590000000000146
OPEN_SHORT,3787.57,128529,3787.57,0.0
CLOSE_SHORT,3777.53,128534,3787.57,10.039999999999964
OPEN_LONG,3777.53,128534,3777.53,0.0
CLOSE_LONG,3781.42,128538,3777.53,3.8899999999998727
OPEN_SHORT,3781.42,128538,3781.42,0.0
CLOSE_SHORT,3762.73,128545,3781.42,18.690000000000055
OPEN_LONG,3762.73,128545,3762.73,0.0
CLOSE_LONG,3749.65,128560,3762.73,-13.079999999999927
OPEN_SHORT,3749.65,128560,3749.65,0.0
CLOSE_SHORT,3740.72,128566,3749.65,8.930000000000291
OPEN_LONG,3740.72,128566,3740.72,0.0
CLOSE_LONG,3721.6,128573,3740.72,-19.11999999999989
OPEN_SHORT,3721.6,128573,3721.6,0.0
CLOSE_SHORT,3717.6,128574,3721.6,4.0
OPEN_LONG,3717.6,128574,3717.6,0.0
CLOSE_LONG,3736.71,128577,3717.6,19.110000000000127
OPEN_SHORT,3736.71,128577,3736.71,0.0
CLOSE_SHORT,3733.79,128593,3736.71,2.9200000000000728
OPEN_LONG,3733.79,128593,3733.79,0.0
CLOSE_LONG,3723.36,128615,3733.79,-10.429999999999836
OPEN_SHORT,3723.36,128615,3723.36,0.0
CLOSE_SHORT,3724.05,128635,3723.36,-0.6900000000000546
OPEN_LONG,3724.05,128635,3724.05,0.0
CLOSE_LONG,3732.81,128639,3724.05,8.759999999999764
OPEN_SHORT,3732.81,128639,3732.81,0.0
CLOSE_SHORT,3748.52,128654,3732.81,-15.710000000000036
OPEN_LONG,3748.52,128654,3748.52,0.0
CLOSE_LONG,3734.31,128675,3748.52,-14.210000000000036
OPEN_SHORT,3734.31,128675,3734.31,0.0
CLOSE_SHORT,3717.7,128680,3734.31,16.610000000000127
OPEN_LONG,3717.7,128680,3717.7,0.0
CLOSE_LONG,3692.31,128706,3717.7,-25.389999999999873
OPEN_SHORT,3692.31,128706,3692.31,0.0
CLOSE_SHORT,3693.33,128715,3692.31,-1.0199999999999818
OPEN_LONG,3693.33,128715,3693.33,0.0
CLOSE_LONG,3705.0,128719,3693.33,11.670000000000073
OPEN_SHORT,3705.0,128719,3705.0,0.0
CLOSE_SHORT,3720.06,128739,3705.0,-15.059999999999945
OPEN_LONG,3720.06,128739,3720.06,0.0
CLOSE_LONG,3737.96,128742,3720.06,17.90000000000009
OPEN_SHORT,3737.96,128742,3737.96,0.0
CLOSE_SHORT,3792.18,128755,3737.96,-54.2199999999998
OPEN_LONG,3792.18,128755,3792.18,0.0
CLOSE_LONG,3809.56,128757,3792.18,17.38000000000011
OPEN_SHORT,3809.56,128757,3809.56,0.0
CLOSE_SHORT,3793.25,128762,3809.56,16.309999999999945
OPEN_LONG,3793.25,128762,3793.25,0.0
CLOSE_LONG,3780.76,128776,3793.25,-12.489999999999782
OPEN_SHORT,3780.76,128776,3780.76,0.0
CLOSE_SHORT,3775.88,128786,3780.76,4.880000000000109
OPEN_LONG,3775.88,128786,3775.88,0.0
CLOSE_LONG,3776.76,128792,3775.88,0.8800000000001091
OPEN_SHORT,3776.76,128792,3776.76,0.0
CLOSE_SHORT,3777.2,128803,3776.76,-0.4399999999995998
OPEN_LONG,3777.2,128803,3777.2,0.0
CLOSE_LONG,3783.57,128809,3777.2,6.370000000000346
OPEN_SHORT,3783.57,128809,3783.57,0.0
CLOSE_SHORT,3784.36,128818,3783.57,-0.7899999999999636
OPEN_LONG,3784.36,128818,3784.36,0.0
CLOSE_LONG,3793.86,128829,3784.36,9.5
OPEN_SHORT,3793.86,128829,3793.86,0.0
CLOSE_SHORT,3786.39,128834,3793.86,7.470000000000255
OPEN_LONG,3786.39,128834,3786.39,0.0
CLOSE_LONG,3781.67,128853,3786.39,-4.7199999999998
OPEN_SHORT,3781.67,128853,3781.67,0.0
CLOSE_SHORT,3772.55,128858,3781.67,9.11999999999989
OPEN_LONG,3772.55,128858,3772.55,0.0
CLOSE_LONG,3770.71,128870,3772.55,-1.8400000000001455
OPEN_SHORT,3770.71,128870,3770.71,0.0
CLOSE_SHORT,3780.43,128892,3770.71,-9.7199999999998
OPEN_LONG,3780.43,128892,3780.43,0.0
CLOSE_LONG,3771.25,128900,3780.43,-9.179999999999836
OPEN_SHORT,3771.25,128900,3771.25,0.0
CLOSE_SHORT,3787.6,128911,3771.25,-16.34999999999991
OPEN_LONG,3787.6,128911,3787.6,0.0
CLOSE_LONG,3780.35,128926,3787.6,-7.25
OPEN_SHORT,3780.35,128926,3780.35,0.0
CLOSE_SHORT,3767.0,128930,3780.35,13.349999999999909
OPEN_LONG,3767.0,128930,3767.0,0.0
CLOSE_LONG,3739.84,128953,3767.0,-27.159999999999854
OPEN_SHORT,3739.84,128953,3739.84,0.0
CLOSE_SHORT,3756.79,128965,3739.84,-16.949999999999818
OPEN_LONG,3756.79,128965,3756.79,0.0
CLOSE_LONG,3759.8,128973,3756.79,3.0100000000002183
OPEN_SHORT,3759.8,128973,3759.8,0.0
CLOSE_SHORT,3757.15,128980,3759.8,2.650000000000091
OPEN_LONG,3757.15,128980,3757.15,0.0
CLOSE_LONG,3767.51,128989,3757.15,10.360000000000127
OPEN_SHORT,3767.51,128989,3767.51,0.0
CLOSE_SHORT,3757.66,128993,3767.51,9.850000000000364
OPEN_LONG,3757.66,128993,3757.66,0.0
CLOSE_LONG,3774.35,128997,3757.66,16.690000000000055
OPEN_SHORT,3774.35,128997,3774.35,0.0
CLOSE_SHORT,3766.83,129002,3774.35,7.519999999999982
OPEN_LONG,3766.83,129002,3766.83,0.0
CLOSE_LONG,3769.88,129010,3766.83,3.050000000000182
OPEN_SHORT,3769.88,129010,3769.88,0.0
CLOSE_SHORT,3820.52,129044,3769.88,-50.63999999999987
OPEN_LONG,3820.52,129044,3820.52,0.0
CLOSE_LONG,3836.7,129054,3820.52,16.179999999999836
OPEN_SHORT,3836.7,129054,3836.7,0.0
CLOSE_SHORT,3804.4,129057,3836.7,32.29999999999973
OPEN_LONG,3804.4,129057,3804.4,0.0
CLOSE_LONG,3810.8,129062,3804.4,6.400000000000091
OPEN_SHORT,3810.8,129062,3810.8,0.0
CLOSE_SHORT,3803.55,129063,3810.8,7.25
OPEN_LONG,3803.55,129063,3803.55,0.0
CLOSE_LONG,3800.64,129070,3803.55,-2.9100000000003092
OPEN_SHORT,3800.64,129070,3800.64,0.0
CLOSE_SHORT,3790.27,129076,3800.64,10.36999999999989
OPEN_LONG,3790.27,129076,3790.27,0.0
CLOSE_LONG,3807.06,129079,3790.27,16.789999999999964
OPEN_SHORT,3807.06,129079,3807.06,0.0
CLOSE_SHORT,3789.76,129084,3807.06,17.299999999999727
OPEN_LONG,3789.76,129084,3789.76,0.0
CLOSE_LONG,3788.38,129091,3789.76,-1.3800000000001091
OPEN_SHORT,3788.38,129091,3788.38,0.0
CLOSE_SHORT,3787.28,129102,3788.38,1.099999999999909
OPEN_LONG,3787.28,129102,3787.28,0.0
CLOSE_LONG,3795.41,129107,3787.28,8.129999999999654
OPEN_SHORT,3795.41,129107,3795.41,0.0
CLOSE_SHORT,3783.83,129110,3795.41,11.579999999999927
OPEN_LONG,3783.83,129110,3783.83,0.0
CLOSE_LONG,3797.36,129114,3783.83,13.5300000000002
OPEN_SHORT,3797.36,129114,3797.36,0.0
CLOSE_SHORT,3799.85,129133,3797.36,-2.4899999999997817
OPEN_LONG,3799.85,129133,3799.85,0.0
CLOSE_LONG,3814.95,129141,3799.85,15.099999999999909
OPEN_SHORT,3814.95,129141,3814.95,0.0
CLOSE_SHORT,3810.62,129166,3814.95,4.329999999999927
OPEN_LONG,3810.62,129166,3810.62,0.0
CLOSE_LONG,3821.61,129170,3810.62,10.990000000000236
OPEN_SHORT,3821.61,129170,3821.61,0.0
CLOSE_SHORT,3832.5,129198,3821.61,-10.889999999999873
OPEN_LONG,3832.5,129198,3832.5,0.0
CLOSE_LONG,3837.95,129213,3832.5,5.449999999999818
OPEN_SHORT,3837.95,129213,3837.95,0.0
CLOSE_SHORT,3839.6,129232,3837.95,-1.650000000000091
OPEN_LONG,3839.6,129232,3839.6,0.0
CLOSE_LONG,3822.49,129252,3839.6,-17.110000000000127
OPEN_SHORT,3822.49,129252,3822.49,0.0
CLOSE_SHORT,3816.8,129273,3822.49,5.6899999999996
OPEN_LONG,3816.8,129273,3816.8,0.0
CLOSE_LONG,3825.82,129280,3816.8,9.019999999999982
OPEN_SHORT,3825.82,129280,3825.82,0.0
CLOSE_SHORT,3847.68,129305,3825.82,-21.859999999999673
OPEN_LONG,3847.68,129305,3847.68,0.0
CLOSE_LONG,3855.88,129318,3847.68,8.200000000000273
OPEN_SHORT,3855.88,129318,3855.88,0.0
CLOSE_SHORT,3866.31,129365,3855.88,-10.429999999999836
OPEN_LONG,3866.31,129365,3866.31,0.0
CLOSE_LONG,3874.35,129370,3866.31,8.039999999999964
OPEN_SHORT,3874.35,129370,3874.35,0.0
CLOSE_SHORT,3872.11,129399,3874.35,2.2399999999997817
OPEN_LONG,3872.11,129399,3872.11,0.0
CLOSE_LONG,3867.9,129419,3872.11,-4.210000000000036
OPEN_SHORT,3867.9,129419,3867.9,0.0
CLOSE_SHORT,3853.94,129423,3867.9,13.960000000000036
OPEN_LONG,3853.94,129423,3853.94,0.0
CLOSE_LONG,3829.9,129531,3853.94,-24.039999999999964
OPEN_SHORT,3829.9,129531,3829.9,0.0
CLOSE_SHORT,3830.22,129545,3829.9,-0.31999999999970896
OPEN_LONG,3830.22,129545,3830.22,0.0
CLOSE_LONG,3837.41,129549,3830.22,7.190000000000055
OPEN_SHORT,3837.41,129549,3837.41,0.0
CLOSE_SHORT,3863.35,129643,3837.41,-25.940000000000055
OPEN_LONG,3863.35,129643,3863.35,0.0
CLOSE_LONG,3861.37,129655,3863.35,-1.9800000000000182
OPEN_SHORT,3861.37,129655,3861.37,0.0
CLOSE_SHORT,3866.07,129732,3861.37,-4.700000000000273
OPEN_LONG,3866.07,129732,3866.07,0.0
CLOSE_LONG,3859.24,129850,3866.07,-6.830000000000382
OPEN_SHORT,3859.24,129850,3859.24,0.0
CLOSE_SHORT,3909.72,129943,3859.24,-50.48000000000002
OPEN_LONG,3909.72,129943,3909.72,0.0
CLOSE_LONG,3897.09,129957,3909.72,-12.629999999999654
OPEN_SHORT,3897.09,129957,3897.09,0.0
CLOSE_SHORT,3888.77,129987,3897.09,8.320000000000164
OPEN_LONG,3888.77,129987,3888.77,0.0
CLOSE_LONG,3902.98,129997,3888.77,14.210000000000036
OPEN_SHORT,3902.98,129997,3902.98,0.0
CLOSE_SHORT,3884.58,130016,3902.98,18.40000000000009
OPEN_LONG,3884.58,130016,3884.58,0.0
CLOSE_LONG,3877.85,130071,3884.58,-6.730000000000018
OPEN_SHORT,3877.85,130071,3877.85,0.0
CLOSE_SHORT,3874.87,130085,3877.85,2.980000000000018
OPEN_LONG,3874.87,130085,3874.87,0.0
CLOSE_LONG,3870.04,130131,3874.87,-4.829999999999927
OPEN_SHORT,3870.04,130131,3870.04,0.0
CLOSE_SHORT,3880.56,130156,3870.04,-10.519999999999982
OPEN_LONG,3880.56,130156,3880.56,0.0
CLOSE_LONG,3878.71,130185,3880.56,-1.849999999999909
OPEN_SHORT,3878.71,130185,3878.71,0.0
CLOSE_SHORT,3878.51,130256,3878.71,0.1999999999998181
OPEN_LONG,3878.51,130256,3878.51,0.0
CLOSE_LONG,3878.62,130273,3878.51,0.10999999999967258
OPEN_SHORT,3878.62,130273,3878.62,0.0
CLOSE_SHORT,3857.3,130328,3878.62,21.31999999999971
OPEN_LONG,3857.3,130328,3857.3,0.0
CLOSE_LONG,3864.8,130342,3857.3,7.5
OPEN_SHORT,3864.8,130342,3864.8,0.0
CLOSE_SHORT,3860.24,130357,3864.8,4.5600000000004
OPEN_LONG,3860.24,130357,3860.24,0.0
CLOSE_LONG,3860.86,130369,3860.24,0.6200000000003456
OPEN_SHORT,3860.86,130369,3860.86,0.0
CLOSE_SHORT,3867.57,130440,3860.86,-6.710000000000036
OPEN_LONG,3867.57,130440,3867.57,0.0
CLOSE_LONG,3871.17,130451,3867.57,3.599999999999909
OPEN_SHORT,3871.17,130451,3871.17,0.0
CLOSE_SHORT,3869.54,130477,3871.17,1.6300000000001091
OPEN_LONG,3869.54,130477,3869.54,0.0
CLOSE_LONG,3859.74,130518,3869.54,-9.800000000000182
OPEN_SHORT,3859.74,130518,3859.74,0.0
CLOSE_SHORT,3885.6,130723,3859.74,-25.860000000000127
OPEN_LONG,3885.6,130723,3885.6,0.0
CLOSE_LONG,3876.99,130784,3885.6,-8.610000000000127
OPEN_SHORT,3876.99,130784,3876.99,0.0
CLOSE_SHORT,3871.79,130981,3876.99,5.199999999999818
OPEN_LONG,3871.79,130981,3871.79,0.0
CLOSE_LONG,3866.92,131029,3871.79,-4.869999999999891
OPEN_SHORT,3866.92,131029,3866.92,0.0
CLOSE_SHORT,3906.2,131275,3866.92,-39.279999999999745
OPEN_LONG,3906.2,131275,3906.2,0.0
CLOSE_LONG,3894.13,131430,3906.2,-12.069999999999709
OPEN_SHORT,3894.13,131430,3894.13,0.0
CLOSE_SHORT,3883.35,131441,3894.13,10.7800000000002
OPEN_LONG,3883.35,131441,3883.35,0.0
CLOSE_LONG,3910.8,131447,3883.35,27.450000000000273
OPEN_SHORT,3910.8,131447,3910.8,0.0
CLOSE_SHORT,3888.11,131452,3910.8,22.690000000000055
OPEN_LONG,3888.11,131452,3888.11,0.0
CLOSE_LONG,3873.84,131459,3888.11,-14.269999999999982
OPEN_SHORT,3873.84,131459,3873.84,0.0
CLOSE_SHORT,3863.37,131463,3873.84,10.470000000000255
OPEN_LONG,3863.37,131463,3863.37,0.0
CLOSE_LONG,3865.72,131476,3863.37,2.349999999999909
OPEN_SHORT,3865.72,131476,3865.72,0.0
CLOSE_SHORT,3853.31,131514,3865.72,12.409999999999854
OPEN_LONG,3853.31,131514,3853.31,0.0
CLOSE_LONG,3857.8,131522,3853.31,4.4900000000002365
OPEN_SHORT,3857.8,131522,3857.8,0.0
CLOSE_SHORT,3907.46,131555,3857.8,-49.659999999999854
OPEN_LONG,3907.46,131555,3907.46,0.0
CLOSE_LONG,3913.75,131568,3907.46,6.289999999999964
OPEN_SHORT,3913.75,131568,3913.75,0.0
CLOSE_SHORT,3926.68,131581,3913.75,-12.929999999999836
OPEN_LONG,3926.68,131581,3926.68,0.0
CLOSE_LONG,3926.28,131589,3926.68,-0.3999999999996362
OPEN_SHORT,3926.28,131589,3926.28,0.0
CLOSE_SHORT,3935.39,131631,3926.28,-9.109999999999673
OPEN_LONG,3935.39,131631,3935.39,0.0
CLOSE_LONG,3925.23,131667,3935.39,-10.159999999999854
OPEN_SHORT,3925.23,131667,3925.23,0.0
CLOSE_SHORT,3916.99,131680,3925.23,8.240000000000236
OPEN_LONG,3916.99,131680,3916.99,0.0
CLOSE_LONG,3932.9,131759,3916.99,15.91000000000031
OPEN_SHORT,3932.9,131759,3932.9,0.0
CLOSE_SHORT,3961.24,131791,3932.9,-28.33999999999969
OPEN_LONG,3961.24,131791,3961.24,0.0
CLOSE_LONG,3968.85,131799,3961.24,7.610000000000127
OPEN_SHORT,3968.85,131799,3968.85,0.0
CLOSE_SHORT,3986.87,131815,3968.85,-18.019999999999982
OPEN_LONG,3986.87,131815,3986.87,0.0
CLOSE_LONG,3989.6,131843,3986.87,2.730000000000018
OPEN_SHORT,3989.6,131843,3989.6,0.0
CLOSE_SHORT,3975.75,131859,3989.6,13.849999999999909
OPEN_LONG,3975.75,131859,3975.75,0.0
CLOSE_LONG,3984.65,131869,3975.75,8.900000000000091
OPEN_SHORT,3984.65,131869,3984.65,0.0
CLOSE_SHORT,4012.39,131980,3984.65,-27.73999999999978
OPEN_LONG,4012.39,131980,4012.39,0.0
CLOSE_LONG,3998.39,132029,4012.39,-14.0
OPEN_SHORT,3998.39,132029,3998.39,0.0
CLOSE_SHORT,3988.35,132039,3998.39,10.039999999999964
OPEN_LONG,3988.35,132039,3988.35,0.0
CLOSE_LONG,3990.26,132196,3988.35,1.9100000000003092
OPEN_SHORT,3990.26,132196,3990.26,0.0
CLOSE_SHORT,4007.14,132328,3990.26,-16.879999999999654
OPEN_LONG,4007.14,132328,4007.14,0.0
CLOSE_LONG,3920.41,132423,4007.14,-86.73000000000002
OPEN_SHORT,3920.41,132423,3920.41,0.0
CLOSE_SHORT,3930.07,132453,3920.41,-9.66000000000031
OPEN_LONG,3930.07,132453,3930.07,0.0
CLOSE_LONG,3943.3,132458,3930.07,13.230000000000018
OPEN_SHORT,3943.3,132458,3943.3,0.0
CLOSE_SHORT,3917.13,132519,3943.3,26.170000000000073
OPEN_LONG,3917.13,132519,3917.13,0.0
CLOSE_LONG,3928.53,132521,3917.13,11.400000000000091
OPEN_SHORT,3928.53,132521,3928.53,0.0
CLOSE_SHORT,3951.56,132563,3928.53,-23.029999999999745
OPEN_LONG,3951.56,132563,3951.56,0.0
CLOSE_LONG,3954.24,132582,3951.56,2.6799999999998363
OPEN_SHORT,3954.24,132582,3954.24,0.0
CLOSE_SHORT,4023.13,132638,3954.24,-68.89000000000033
OPEN_LONG,4023.13,132638,4023.13,0.0
CLOSE_LONG,4034.09,132643,4023.13,10.960000000000036
OPEN_SHORT,4034.09,132643,4034.09,0.0
CLOSE_SHORT,4043.92,132692,4034.09,-9.829999999999927
OPEN_LONG,4043.92,132692,4043.92,0.0
CLOSE_LONG,4048.96,132698,4043.92,5.039999999999964
OPEN_SHORT,4048.96,132698,4048.96,0.0
CLOSE_SHORT,4059.71,132747,4048.96,-10.75
OPEN_LONG,4059.71,132747,4059.71,0.0
CLOSE_LONG,4066.27,132753,4059.71,6.559999999999945
OPEN_SHORT,4066.27,132753,4066.27,0.0
CLOSE_SHORT,4066.18,132808,4066.27,0.09000000000014552
OPEN_LONG,4066.18,132808,4066.18,0.0
CLOSE_LONG,4072.94,132821,4066.18,6.760000000000218
OPEN_SHORT,4072.94,132821,4072.94,0.0
CLOSE_SHORT,4034.36,132890,4072.94,38.57999999999993
OPEN_LONG,4034.36,132890,4034.36,0.0
CLOSE_LONG,4047.76,132897,4034.36,13.400000000000091
OPEN_SHORT,4047.76,132897,4047.76,0.0
CLOSE_SHORT,4047.0,132907,4047.76,0.7600000000002183
OPEN_LONG,4047.0,132907,4047.0,0.0
CLOSE_LONG,4047.76,132939,4047.0,0.7600000000002183
OPEN_SHORT,4047.76,132939,4047.76,0.0
CLOSE_SHORT,4036.71,132944,4047.76,11.050000000000182
OPEN_LONG,4036.71,132944,4036.71,0.0
CLOSE_LONG,4024.49,133044,4036.71,-12.220000000000255
OPEN_SHORT,4024.49,133044,4024.49,0.0
CLOSE_SHORT,4023.68,133189,4024.49,0.8099999999999454
OPEN_LONG,4023.68,133189,4023.68,0.0
CLOSE_LONG,4028.09,133197,4023.68,4.410000000000309
OPEN_SHORT,4028.09,133197,4028.09,0.0
CLOSE_SHORT,4020.2,133242,4028.09,7.890000000000327
OPEN_LONG,4020.2,133242,4020.2,0.0
CLOSE_LONG,4019.6,133250,4020.2,-0.599999999999909
OPEN_SHORT,4019.6,133250,4019.6,0.0
CLOSE_SHORT,4022.35,133301,4019.6,-2.75
OPEN_LONG,4022.35,133301,4022.35,0.0
CLOSE_LONG,4025.7,133313,4022.35,3.349999999999909
OPEN_SHORT,4025.7,133313,4025.7,0.0
CLOSE_SHORT,4024.14,133341,4025.7,1.5599999999999454
OPEN_LONG,4024.14,133341,4024.14,0.0
CLOSE_LONG,3969.38,133353,4024.14,-54.75999999999976
OPEN_SHORT,3969.38,133353,3969.38,0.0
CLOSE_SHORT,3965.64,133362,3969.38,3.7400000000002365
OPEN_LONG,3965.64,133362,3965.64,0.0
CLOSE_LONG,3938.26,133400,3965.64,-27.379999999999654
OPEN_SHORT,3938.26,133400,3938.26,0.0
CLOSE_SHORT,3949.46,133416,3938.26,-11.199999999999818
OPEN_LONG,3949.46,133416,3949.46,0.0
CLOSE_LONG,3947.1,133425,3949.46,-2.3600000000001273
OPEN_SHORT,3947.1,133425,3947.1,0.0
CLOSE_SHORT,3935.01,133430,3947.1,12.08999999999969
OPEN_LONG,3935.01,133430,3935.01,0.0
CLOSE_LONG,3929.9,133452,3935.01,-5.110000000000127
OPEN_SHORT,3929.9,133452,3929.9,0.0
CLOSE_SHORT,3966.28,133536,3929.9,-36.38000000000011
OPEN_LONG,3966.28,133536,3966.28,0.0
CLOSE_LONG,3971.87,133554,3966.28,5.589999999999691
OPEN_SHORT,3971.87,133554,3971.87,0.0
CLOSE_SHORT,3974.91,133588,3971.87,-3.0399999999999636
OPEN_LONG,3974.91,133588,3974.91,0.0
CLOSE_LONG,3983.22,133595,3974.91,8.309999999999945
OPEN_SHORT,3983.22,133595,3983.22,0.0
CLOSE_SHORT,3991.75,133661,3983.22,-8.5300000000002
OPEN_LONG,3991.75,133661,3991.75,0.0
CLOSE_LONG,3981.34,133714,3991.75,-10.409999999999854
OPEN_SHORT,3981.34,133714,3981.34,0.0
CLOSE_SHORT,3979.54,133733,3981.34,1.800000000000182
OPEN_LONG,3979.54,133733,3979.54,0.0
CLOSE_LONG,3972.21,133846,3979.54,-7.329999999999927
OPEN_SHORT,3972.21,133846,3972.21,0.0
CLOSE_SHORT,3962.72,133890,3972.21,9.490000000000236
OPEN_LONG,3962.72,133890,3962.72,0.0
CLOSE_LONG,3962.13,133898,3962.72,-0.5899999999996908
OPEN_SHORT,3962.13,133898,3962.13,0.0
CLOSE_SHORT,3937.04,133942,3962.13,25.090000000000146
OPEN_LONG,3937.04,133942,3937.04,0.0
CLOSE_LONG,3946.17,133947,3937.04,9.13000000000011
OPEN_SHORT,3946.17,133947,3946.17,0.0
CLOSE_SHORT,3933.99,133951,3946.17,12.180000000000291
OPEN_LONG,3933.99,133951,3933.99,0.0
CLOSE_LONG,3937.57,133958,3933.99,3.580000000000382
OPEN_SHORT,3937.57,133958,3937.57,0.0
CLOSE_SHORT,3912.0,134067,3937.57,25.570000000000164
OPEN_LONG,3912.0,134067,3912.0,0.0
CLOSE_LONG,3852.0,134118,3912.0,-60.0
OPEN_SHORT,3852.0,134118,3852.0,0.0
CLOSE_SHORT,3843.32,134121,3852.0,8.679999999999836
OPEN_LONG,3843.32,134121,3843.32,0.0
CLOSE_LONG,3853.1,134126,3843.32,9.779999999999745
OPEN_SHORT,3853.1,134126,3853.1,0.0
CLOSE_SHORT,3840.8,134132,3853.1,12.299999999999727
OPEN_LONG,3840.8,134132,3840.8,0.0
CLOSE_LONG,3848.8,134137,3840.8,8.0
OPEN_SHORT,3848.8,134137,3848.8,0.0
CLOSE_SHORT,3853.2,134165,3848.8,-4.399999999999636
OPEN_LONG,3853.2,134165,3853.2,0.0
CLOSE_LONG,3865.72,134169,3853.2,12.519999999999982
OPEN_SHORT,3865.72,134169,3865.72,0.0
CLOSE_SHORT,3860.0,134346,3865.72,5.7199999999998
OPEN_LONG,3860.0,134346,3860.0,0.0
CLOSE_LONG,3855.78,134357,3860.0,-4.2199999999998
OPEN_SHORT,3855.78,134357,3855.78,0.0
CLOSE_SHORT,3857.16,134370,3855.78,-1.3799999999996544
OPEN_LONG,3857.16,134370,3857.16,0.0
CLOSE_LONG,3872.5,134390,3857.16,15.340000000000146
OPEN_SHORT,3872.5,134390,3872.5,0.0
CLOSE_SHORT,3862.25,134447,3872.5,10.25
OPEN_LONG,3862.25,134447,3862.25,0.0
CLOSE_LONG,3866.3,134458,3862.25,4.050000000000182
OPEN_SHORT,3866.3,134458,3866.3,0.0
CLOSE_SHORT,3885.79,134483,3866.3,-19.48999999999978
OPEN_LONG,3885.79,134483,3885.79,0.0
CLOSE_LONG,3881.03,134505,3885.79,-4.7599999999997635
OPEN_SHORT,3881.03,134505,3881.03,0.0
CLOSE_SHORT,3902.36,134572,3881.03,-21.329999999999927
OPEN_LONG,3902.36,134572,3902.36,0.0
CLOSE_LONG,3910.73,134587,3902.36,8.36999999999989
OPEN_SHORT,3910.73,134587,3910.73,0.0
CLOSE_SHORT,3900.74,134594,3910.73,9.990000000000236
OPEN_LONG,3900.74,134594,3900.74,0.0
CLOSE_LONG,3886.07,134610,3900.74,-14.669999999999618
OPEN_SHORT,3886.07,134610,3886.07,0.0
CLOSE_SHORT,3869.4,134614,3886.07,16.670000000000073
OPEN_LONG,3869.4,134614,3869.4,0.0
CLOSE_LONG,3879.49,134620,3869.4,10.08999999999969
OPEN_SHORT,3879.49,134620,3879.49,0.0
CLOSE_SHORT,3874.57,134639,3879.49,4.919999999999618
OPEN_LONG,3874.57,134639,3874.57,0.0
CLOSE_LONG,3890.54,134643,3874.57,15.9699999999998
OPEN_SHORT,3890.54,134643,3890.54,0.0
CLOSE_SHORT,3873.1,134648,3890.54,17.440000000000055
OPEN_LONG,3873.1,134648,3873.1,0.0
CLOSE_LONG,3866.4,134666,3873.1,-6.699999999999818
OPEN_SHORT,3866.4,134666,3866.4,0.0
CLOSE_SHORT,3934.63,134692,3866.4,-68.23000000000002
OPEN_LONG,3934.63,134692,3934.63,0.0
CLOSE_LONG,3930.58,134700,3934.63,-4.050000000000182
OPEN_SHORT,3930.58,134700,3930.58,0.0
CLOSE_SHORT,4007.1,134730,3930.58,-76.51999999999998
OPEN_LONG,4007.1,134730,4007.1,0.0
CLOSE_LONG,4030.29,134733,4007.1,23.190000000000055
OPEN_SHORT,4030.29,134733,4030.29,0.0
CLOSE_SHORT,4032.38,134743,4030.29,-2.0900000000001455
OPEN_LONG,4032.38,134743,4032.38,0.0
CLOSE_LONG,4042.54,134746,4032.38,10.159999999999854
OPEN_SHORT,4042.54,134746,4042.54,0.0
CLOSE_SHORT,4053.86,134755,4042.54,-11.320000000000164
OPEN_LONG,4053.86,134755,4053.86,0.0
CLOSE_LONG,4065.0,134756,4053.86,11.139999999999873
OPEN_SHORT,4065.0,134756,4065.0,0.0
CLOSE_SHORT,4036.76,134763,4065.0,28.23999999999978
OPEN_LONG,4036.76,134763,4036.76,0.0
CLOSE_LONG,4062.62,134767,4036.76,25.859999999999673
OPEN_SHORT,4062.62,134767,4062.62,0.0
CLOSE_SHORT,4075.47,134793,4062.62,-12.849999999999909
OPEN_LONG,4075.47,134793,4075.47,0.0
CLOSE_LONG,4081.78,134799,4075.47,6.3100000000004
OPEN_SHORT,4081.78,134799,4081.78,0.0
CLOSE_SHORT,4086.36,134827,4081.78,-4.579999999999927
OPEN_LONG,4086.36,134827,4086.36,0.0
CLOSE_LONG,4099.79,134832,4086.36,13.429999999999836
OPEN_SHORT,4099.79,134832,4099.79,0.0
CLOSE_SHORT,4080.77,134838,4099.79,19.019999999999982
OPEN_LONG,4080.77,134838,4080.77,0.0
CLOSE_LONG,3981.9,134870,4080.77,-98.86999999999989
OPEN_SHORT,3981.9,134870,3981.9,0.0
CLOSE_SHORT,4014.8,134900,3981.9,-32.90000000000009
OPEN_LONG,4014.8,134900,4014.8,0.0
CLOSE_LONG,3994.26,134930,4014.8,-20.539999999999964
OPEN_SHORT,3994.26,134930,3994.26,0.0
CLOSE_SHORT,3988.04,134935,3994.26,6.220000000000255
OPEN_LONG,3988.04,134935,3988.04,0.0
CLOSE_LONG,3993.92,134948,3988.04,5.880000000000109
OPEN_SHORT,3993.92,134948,3993.92,0.0
CLOSE_SHORT,4011.21,134976,3993.92,-17.289999999999964
OPEN_LONG,4011.21,134976,4011.21,0.0
CLOSE_LONG,4005.21,135001,4011.21,-6.0
OPEN_SHORT,4005.21,135001,4005.21,0.0
CLOSE_SHORT,4001.76,135023,4005.21,3.449999999999818
OPEN_LONG,4001.76,135023,4001.76,0.0
CLOSE_LONG,3957.8,135047,4001.76,-43.960000000000036
OPEN_SHORT,3957.8,135047,3957.8,0.0
CLOSE_SHORT,3942.4,135074,3957.8,15.400000000000091
OPEN_LONG,3942.4,135074,3942.4,0.0
CLOSE_LONG,3954.91,135078,3942.4,12.509999999999764
OPEN_SHORT,3954.91,135078,3954.91,0.0
CLOSE_SHORT,3945.1,135101,3954.91,9.809999999999945
OPEN_LONG,3945.1,135101,3945.1,0.0
CLOSE_LONG,3918.81,135111,3945.1,-26.289999999999964
OPEN_SHORT,3918.81,135111,3918.81,0.0
CLOSE_SHORT,3936.68,135148,3918.81,-17.86999999999989
OPEN_LONG,3936.68,135148,3936.68,0.0
CLOSE_LONG,3932.78,135159,3936.68,-3.899999999999636
OPEN_SHORT,3932.78,135159,3932.78,0.0
CLOSE_SHORT,3922.21,135166,3932.78,10.570000000000164
OPEN_LONG,3922.21,135166,3922.21,0.0
CLOSE_LONG,3910.95,135188,3922.21,-11.260000000000218
OPEN_SHORT,3910.95,135188,3910.95,0.0
CLOSE_SHORT,3902.2,135197,3910.95,8.75
OPEN_LONG,3902.2,135197,3902.2,0.0
CLOSE_LONG,3904.05,135210,3902.2,1.8500000000003638
OPEN_SHORT,3904.05,135210,3904.05,0.0
CLOSE_SHORT,3889.42,135221,3904.05,14.63000000000011
OPEN_LONG,3889.42,135221,3889.42,0.0
CLOSE_LONG,3904.32,135225,3889.42,14.900000000000091
OPEN_SHORT,3904.32,135225,3904.32,0.0
CLOSE_SHORT,3895.75,135232,3904.32,8.570000000000164
OPEN_LONG,3895.75,135232,3895.75,0.0
CLOSE_LONG,3868.16,135249,3895.75,-27.590000000000146
OPEN_SHORT,3868.16,135249,3868.16,0.0
CLOSE_SHORT,3873.62,135283,3868.16,-5.460000000000036
OPEN_LONG,3873.62,135283,3873.62,0.0
CLOSE_LONG,3862.4,135298,3873.62,-11.2199999999998
OPEN_SHORT,3862.4,135298,3862.4,0.0
CLOSE_SHORT,3836.19,135299,3862.4,26.210000000000036
OPEN_LONG,3836.19,135299,3836.19,0.0
CLOSE_LONG,3835.6,135305,3836.19,-0.5900000000001455
OPEN_SHORT,3835.6,135305,3835.6,0.0
CLOSE_SHORT,3850.65,135341,3835.6,-15.050000000000182
OPEN_LONG,3850.65,135341,3850.65,0.0
CLOSE_LONG,3855.18,135347,3850.65,4.529999999999745
OPEN_SHORT,3855.18,135347,3855.18,0.0
CLOSE_SHORT,3848.0,135356,3855.18,7.179999999999836
OPEN_LONG,3848.0,135356,3848.0,0.0
CLOSE_LONG,3855.69,135361,3848.0,7.690000000000055
OPEN_SHORT,3855.69,135361,3855.69,0.0
CLOSE_SHORT,3855.91,135447,3855.69,-0.2199999999997999
OPEN_LONG,3855.91,135447,3855.91,0.0
CLOSE_LONG,3849.24,135463,3855.91,-6.670000000000073
OPEN_SHORT,3849.24,135463,3849.24,0.0
CLOSE_SHORT,3847.42,135481,3849.24,1.819999999999709
OPEN_LONG,3847.42,135481,3847.42,0.0
CLOSE_LONG,3856.45,135496,3847.42,9.029999999999745
OPEN_SHORT,3856.45,135496,3856.45,0.0
CLOSE_SHORT,3866.99,135573,3856.45,-10.539999999999964
OPEN_LONG,3866.99,135573,3866.99,0.0
CLOSE_LONG,3851.2,135596,3866.99,-15.789999999999964
OPEN_SHORT,3851.2,135596,3851.2,0.0
CLOSE_SHORT,3840.52,135601,3851.2,10.679999999999836
OPEN_LONG,3840.52,135601,3840.52,0.0
CLOSE_LONG,3858.7,135613,3840.52,18.179999999999836
OPEN_SHORT,3858.7,135613,3858.7,0.0
CLOSE_SHORT,3851.76,135633,3858.7,6.9399999999996
OPEN_LONG,3851.76,135633,3851.76,0.0
CLOSE_LONG,3864.39,135650,3851.76,12.629999999999654
OPEN_SHORT,3864.39,135650,3864.39,0.0
CLOSE_SHORT,3856.68,135731,3864.39,7.710000000000036
OPEN_LONG,3856.68,135731,3856.68,0.0
CLOSE_LONG,3870.67,135743,3856.68,13.990000000000236
OPEN_SHORT,3870.67,135743,3870.67,0.0
CLOSE_SHORT,3862.0,135748,3870.67,8.670000000000073
OPEN_LONG,3862.0,135748,3862.0,0.0
CLOSE_LONG,3855.86,135770,3862.0,-6.139999999999873
OPEN_SHORT,3855.86,135770,3855.86,0.0
CLOSE_SHORT,3829.54,135824,3855.86,26.320000000000164
OPEN_LONG,3829.54,135824,3829.54,0.0
CLOSE_LONG,3841.75,135829,3829.54,12.210000000000036
OPEN_SHORT,3841.75,135829,3841.75,0.0
CLOSE_SHORT,3840.97,135844,3841.75,0.7800000000002001
OPEN_LONG,3840.97,135844,3840.97,0.0
CLOSE_LONG,3831.57,135855,3840.97,-9.399999999999636
OPEN_SHORT,3831.57,135855,3831.57,0.0
CLOSE_SHORT,3832.71,135890,3831.57,-1.1399999999998727
OPEN_LONG,3832.71,135890,3832.71,0.0
CLOSE_LONG,3787.27,135933,3832.71,-45.440000000000055
OPEN_SHORT,3787.27,135933,3787.27,0.0
CLOSE_SHORT,3808.61,135942,3787.27,-21.340000000000146
OPEN_LONG,3808.61,135942,3808.61,0.0
CLOSE_LONG,3832.54,135945,3808.61,23.929999999999836
OPEN_SHORT,3832.54,135945,3832.54,0.0
CLOSE_SHORT,3824.32,135966,3832.54,8.2199999999998
OPEN_LONG,3824.32,135966,3824.32,0.0
CLOSE_LONG,3823.59,135979,3824.32,-0.7300000000000182
OPEN_SHORT,3823.59,135979,3823.59,0.0
CLOSE_SHORT,3838.48,136007,3823.59,-14.889999999999873
OPEN_LONG,3838.48,136007,3838.48,0.0
CLOSE_LONG,3845.14,136012,3838.48,6.6599999999998545
OPEN_SHORT,3845.14,136012,3845.14,0.0
CLOSE_SHORT,3842.65,136031,3845.14,2.4899999999997817
OPEN_LONG,3842.65,136031,3842.65,0.0
CLOSE_LONG,3849.7,136054,3842.65,7.049999999999727
OPEN_SHORT,3849.7,136054,3849.7,0.0
CLOSE_SHORT,3852.25,136061,3849.7,-2.550000000000182
OPEN_LONG,3852.25,136061,3852.25,0.0
CLOSE_LONG,3845.51,136081,3852.25,-6.739999999999782
OPEN_SHORT,3845.51,136081,3845.51,0.0
CLOSE_SHORT,3843.48,136087,3845.51,2.0300000000002
OPEN_LONG,3843.48,136087,3843.48,0.0
CLOSE_LONG,3850.86,136095,3843.48,7.380000000000109
OPEN_SHORT,3850.86,136095,3850.86,0.0
CLOSE_SHORT,3859.22,136107,3850.86,-8.359999999999673
OPEN_LONG,3859.22,136107,3859.22,0.0
CLOSE_LONG,3846.75,136121,3859.22,-12.4699999999998
OPEN_SHORT,3846.75,136121,3846.75,0.0
CLOSE_SHORT,3833.31,136125,3846.75,13.440000000000055
OPEN_LONG,3833.31,136125,3833.31,0.0
CLOSE_LONG,3816.16,136132,3833.31,-17.15000000000009
OPEN_SHORT,3816.16,136132,3816.16,0.0
CLOSE_SHORT,3801.76,136134,3816.16,14.399999999999636
OPEN_LONG,3801.76,136134,3801.76,0.0
CLOSE_LONG,3815.6,136140,3801.76,13.83999999999969
OPEN_SHORT,3815.6,136140,3815.6,0.0
CLOSE_SHORT,3796.85,136147,3815.6,18.75
OPEN_LONG,3796.85,136147,3796.85,0.0
CLOSE_LONG,3801.18,136153,3796.85,4.329999999999927
OPEN_SHORT,3801.18,136153,3801.18,0.0
CLOSE_SHORT,3844.37,136168,3801.18,-43.190000000000055
OPEN_LONG,3844.37,136168,3844.37,0.0
CLOSE_LONG,3811.86,136190,3844.37,-32.50999999999976
OPEN_SHORT,3811.86,136190,3811.86,0.0
CLOSE_SHORT,3800.41,136194,3811.86,11.450000000000273
OPEN_LONG,3800.41,136194,3800.41,0.0
CLOSE_LONG,3813.48,136196,3800.41,13.070000000000164
OPEN_SHORT,3813.48,136196,3813.48,0.0
CLOSE_SHORT,3839.8,136235,3813.48,-26.320000000000164
OPEN_LONG,3839.8,136235,3839.8,0.0
CLOSE_LONG,3831.03,136249,3839.8,-8.769999999999982
OPEN_SHORT,3831.03,136249,3831.03,0.0
CLOSE_SHORT,3815.6,136254,3831.03,15.430000000000291
OPEN_LONG,3815.6,136254,3815.6,0.0
CLOSE_LONG,3834.48,136259,3815.6,18.88000000000011
OPEN_SHORT,3834.48,136259,3834.48,0.0
CLOSE_SHORT,3838.54,136274,3834.48,-4.059999999999945
OPEN_LONG,3838.54,136274,3838.54,0.0
CLOSE_LONG,3842.24,136280,3838.54,3.699999999999818
OPEN_SHORT,3842.24,136280,3842.24,0.0
CLOSE_SHORT,3833.6,136283,3842.24,8.639999999999873
OPEN_LONG,3833.6,136283,3833.6,0.0
CLOSE_LONG,3838.38,136293,3833.6,4.7800000000002
OPEN_SHORT,3838.38,136293,3838.38,0.0
CLOSE_SHORT,3829.87,136299,3838.38,8.510000000000218
OPEN_LONG,3829.87,136299,3829.87,0.0
CLOSE_LONG,3830.11,136317,3829.87,0.24000000000023647
OPEN_SHORT,3830.11,136317,3830.11,0.0
CLOSE_SHORT,3823.41,136323,3830.11,6.700000000000273
OPEN_LONG,3823.41,136323,3823.41,0.0
CLOSE_LONG,3819.39,136331,3823.41,-4.019999999999982
OPEN_SHORT,3819.39,136331,3819.39,0.0
CLOSE_SHORT,3804.9,136335,3819.39,14.489999999999782
OPEN_LONG,3804.9,136335,3804.9,0.0
CLOSE_LONG,3809.55,136344,3804.9,4.650000000000091
OPEN_SHORT,3809.55,136344,3809.55,0.0
CLOSE_SHORT,3799.6,136359,3809.55,9.950000000000273
OPEN_LONG,3799.6,136359,3799.6,0.0
CLOSE_LONG,3815.42,136365,3799.6,15.820000000000164
OPEN_SHORT,3815.42,136365,3815.42,0.0
CLOSE_SHORT,3803.27,136370,3815.42,12.150000000000091
OPEN_LONG,3803.27,136370,3803.27,0.0
CLOSE_LONG,3807.61,136380,3803.27,4.3400000000001455
OPEN_SHORT,3807.61,136380,3807.61,0.0
CLOSE_SHORT,3798.74,136385,3807.61,8.870000000000346
OPEN_LONG,3798.74,136385,3798.74,0.0
CLOSE_LONG,3801.5,136399,3798.74,2.7600000000002183
OPEN_SHORT,3801.5,136399,3801.5,0.0
CLOSE_SHORT,3811.23,136430,3801.5,-9.730000000000018
OPEN_LONG,3811.23,136430,3811.23,0.0
CLOSE_LONG,3818.15,136436,3811.23,6.920000000000073
OPEN_SHORT,3818.15,136436,3818.15,0.0
CLOSE_SHORT,3806.5,136447,3818.15,11.650000000000091
OPEN_LONG,3806.5,136447,3806.5,0.0
CLOSE_LONG,3806.75,136466,3806.5,0.25
OPEN_SHORT,3806.75,136466,3806.75,0.0
CLOSE_SHORT,3792.98,136468,3806.75,13.769999999999982
OPEN_LONG,3792.98,136468,3792.98,0.0
CLOSE_LONG,3800.64,136473,3792.98,7.6599999999998545
OPEN_SHORT,3800.64,136473,3800.64,0.0
CLOSE_SHORT,3794.2,136479,3800.64,6.440000000000055
OPEN_LONG,3794.2,136479,3794.2,0.0
CLOSE_LONG,3792.16,136502,3794.2,-2.0399999999999636
OPEN_SHORT,3792.16,136502,3792.16,0.0
CLOSE_SHORT,3786.45,136515,3792.16,5.710000000000036
OPEN_LONG,3786.45,136515,3786.45,0.0
CLOSE_LONG,3763.24,136530,3786.45,-23.210000000000036
OPEN_SHORT,3763.24,136530,3763.24,0.0
CLOSE_SHORT,3712.79,136535,3763.24,50.44999999999982
OPEN_LONG,3712.79,136535,3712.79,0.0
CLOSE_LONG,3747.21,136540,3712.79,34.42000000000007
OPEN_SHORT,3747.21,136540,3747.21,0.0
CLOSE_SHORT,3731.06,136549,3747.21,16.15000000000009
OPEN_LONG,3731.06,136549,3731.06,0.0
CLOSE_LONG,3740.4,136557,3731.06,9.340000000000146
OPEN_SHORT,3740.4,136557,3740.4,0.0
CLOSE_SHORT,3736.74,136582,3740.4,3.6600000000003092
OPEN_LONG,3736.74,136582,3736.74,0.0
CLOSE_LONG,3754.17,136586,3736.74,17.43000000000029
OPEN_SHORT,3754.17,136586,3754.17,0.0
CLOSE_SHORT,3734.0,136605,3754.17,20.170000000000073
OPEN_LONG,3734.0,136605,3734.0,0.0
CLOSE_LONG,3742.85,136618,3734.0,8.849999999999909
OPEN_SHORT,3742.85,136618,3742.85,0.0
CLOSE_SHORT,3797.69,136684,3742.85,-54.840000000000146
OPEN_LONG,3797.69,136684,3797.69,0.0
CLOSE_LONG,3801.25,136693,3797.69,3.5599999999999454
OPEN_SHORT,3801.25,136693,3801.25,0.0
CLOSE_SHORT,3806.58,136728,3801.25,-5.329999999999927
OPEN_LONG,3806.58,136728,3806.58,0.0
CLOSE_LONG,3808.91,136735,3806.58,2.3299999999999272
OPEN_SHORT,3808.91,136735,3808.91,0.0
CLOSE_SHORT,3804.34,136746,3808.91,4.569999999999709
OPEN_LONG,3804.34,136746,3804.34,0.0
CLOSE_LONG,3813.23,136755,3804.34,8.889999999999873
OPEN_SHORT,3813.23,136755,3813.23,0.0
CLOSE_SHORT,3816.36,136785,3813.23,-3.130000000000109
OPEN_LONG,3816.36,136785,3816.36,0.0
CLOSE_LONG,3819.59,136795,3816.36,3.230000000000018
OPEN_SHORT,3819.59,136795,3819.59,0.0
CLOSE_SHORT,3821.16,136869,3819.59,-1.569999999999709
OPEN_LONG,3821.16,136869,3821.16,0.0
CLOSE_LONG,3830.31,136903,3821.16,9.150000000000091
OPEN_SHORT,3830.31,136903,3830.31,0.0
CLOSE_SHORT,3874.01,137160,3830.31,-43.70000000000027
OPEN_LONG,3874.01,137160,3874.01,0.0
CLOSE_LONG,3881.6,137167,3874.01,7.589999999999691
OPEN_SHORT,3881.6,137167,3881.6,0.0
CLOSE_SHORT,3887.06,137221,3881.6,-5.460000000000036
OPEN_LONG,3887.06,137221,3887.06,0.0
CLOSE_LONG,3895.91,137232,3887.06,8.849999999999909
OPEN_SHORT,3895.91,137232,3895.91,0.0
CLOSE_SHORT,3885.0,137239,3895.91,10.909999999999854
OPEN_LONG,3885.0,137239,3885.0,0.0
CLOSE_LONG,3896.38,137305,3885.0,11.38000000000011
OPEN_SHORT,3896.38,137305,3896.38,0.0
CLOSE_SHORT,3894.24,137327,3896.38,2.1400000000003274
OPEN_LONG,3894.24,137327,3894.24,0.0
CLOSE_LONG,3841.14,137431,3894.24,-53.09999999999991
OPEN_SHORT,3841.14,137431,3841.14,0.0
CLOSE_SHORT,3844.01,137454,3841.14,-2.8700000000003456
OPEN_LONG,3844.01,137454,3844.01,0.0
CLOSE_LONG,3851.67,137463,3844.01,7.6599999999998545
OPEN_SHORT,3851.67,137463,3851.67,0.0
CLOSE_SHORT,3844.78,137524,3851.67,6.889999999999873
OPEN_LONG,3844.78,137524,3844.78,0.0
CLOSE_LONG,3845.45,137530,3844.78,0.669999999999618
OPEN_SHORT,3845.45,137530,3845.45,0.0
CLOSE_SHORT,3827.6,137550,3845.45,17.84999999999991
OPEN_LONG,3827.6,137550,3827.6,0.0
CLOSE_LONG,3827.15,137565,3827.6,-0.4499999999998181
OPEN_SHORT,3827.15,137565,3827.15,0.0
CLOSE_SHORT,3856.24,137619,3827.15,-29.08999999999969
OPEN_LONG,3856.24,137619,3856.24,0.0
CLOSE_LONG,3854.2,137629,3856.24,-2.0399999999999636
OPEN_SHORT,3854.2,137629,3854.2,0.0
CLOSE_SHORT,3870.92,137671,3854.2,-16.720000000000255
OPEN_LONG,3870.92,137671,3870.92,0.0
CLOSE_LONG,3878.22,137676,3870.92,7.299999999999727
OPEN_SHORT,3878.22,137676,3878.22,0.0
CLOSE_SHORT,3865.35,137698,3878.22,12.86999999999989
OPEN_LONG,3865.35,137698,3865.35,0.0
CLOSE_LONG,3875.0,137703,3865.35,9.650000000000091
OPEN_SHORT,3875.0,137703,3875.0,0.0
CLOSE_SHORT,3916.77,137722,3875.0,-41.76999999999998
OPEN_LONG,3916.77,137722,3916.77,0.0
CLOSE_LONG,3889.85,137741,3916.77,-26.920000000000073
OPEN_SHORT,3889.85,137741,3889.85,0.0
CLOSE_SHORT,3910.0,137766,3889.85,-20.15000000000009
OPEN_LONG,3910.0,137766,3910.0,0.0
CLOSE_LONG,3923.02,137771,3910.0,13.019999999999982
OPEN_SHORT,3923.02,137771,3923.02,0.0
CLOSE_SHORT,3909.63,137785,3923.02,13.389999999999873
OPEN_LONG,3909.63,137785,3909.63,0.0
CLOSE_LONG,3873.14,137838,3909.63,-36.49000000000024
OPEN_SHORT,3873.14,137838,3873.14,0.0
CLOSE_SHORT,3864.45,137843,3873.14,8.690000000000055
OPEN_LONG,3864.45,137843,3864.45,0.0
CLOSE_LONG,3855.25,137855,3864.45,-9.199999999999818
OPEN_SHORT,3855.25,137855,3855.25,0.0
CLOSE_SHORT,3848.68,137858,3855.25,6.570000000000164
OPEN_LONG,3848.68,137858,3848.68,0.0
CLOSE_LONG,3857.2,137866,3848.68,8.519999999999982
OPEN_SHORT,3857.2,137866,3857.2,0.0
CLOSE_SHORT,3856.15,137876,3857.2,1.0499999999997272
OPEN_LONG,3856.15,137876,3856.15,0.0
CLOSE_LONG,3842.98,137920,3856.15,-13.170000000000073
OPEN_SHORT,3842.98,137920,3842.98,0.0
CLOSE_SHORT,3821.69,137960,3842.98,21.289999999999964
OPEN_LONG,3821.69,137960,3821.69,0.0
CLOSE_LONG,3830.18,137965,3821.69,8.489999999999782
OPEN_SHORT,3830.18,137965,3830.18,0.0
CLOSE_SHORT,3847.48,138148,3830.18,-17.300000000000182
OPEN_LONG,3847.48,138148,3847.48,0.0
CLOSE_LONG,3855.18,138154,3847.48,7.699999999999818
OPEN_SHORT,3855.18,138154,3855.18,0.0
CLOSE_SHORT,3858.48,138229,3855.18,-3.300000000000182
OPEN_LONG,3858.48,138229,3858.48,0.0
CLOSE_LONG,3870.75,138241,3858.48,12.269999999999982
OPEN_SHORT,3870.75,138241,3870.75,0.0
CLOSE_SHORT,3870.13,138284,3870.75,0.6199999999998909
OPEN_LONG,3870.13,138284,3870.13,0.0
CLOSE_LONG,3881.95,138294,3870.13,11.819999999999709
OPEN_SHORT,3881.95,138294,3881.95,0.0
CLOSE_SHORT,3962.92,138443,3881.95,-80.97000000000025
OPEN_LONG,3962.92,138443,3962.92,0.0
CLOSE_LONG,3972.69,138450,3962.92,9.769999999999982
OPEN_SHORT,3972.69,138450,3972.69,0.0
CLOSE_SHORT,3976.07,138496,3972.69,-3.380000000000109
OPEN_LONG,3976.07,138496,3976.07,0.0
CLOSE_LONG,3974.21,138525,3976.07,-1.8600000000001273
OPEN_SHORT,3974.21,138525,3974.21,0.0
CLOSE_SHORT,3960.34,138599,3974.21,13.86999999999989
OPEN_LONG,3960.34,138599,3960.34,0.0
CLOSE_LONG,3943.44,138633,3960.34,-16.90000000000009
OPEN_SHORT,3943.44,138633,3943.44,0.0
CLOSE_SHORT,3937.57,138638,3943.44,5.869999999999891
OPEN_LONG,3937.57,138638,3937.57,0.0
CLOSE_LONG,3945.54,138658,3937.57,7.9699999999998
OPEN_SHORT,3945.54,138658,3945.54,0.0
CLOSE_SHORT,3952.32,138672,3945.54,-6.7800000000002
OPEN_LONG,3952.32,138672,3952.32,0.0
CLOSE_LONG,3958.67,138688,3952.32,6.349999999999909
OPEN_SHORT,3958.67,138688,3958.67,0.0
CLOSE_SHORT,3956.93,138714,3958.67,1.7400000000002365
OPEN_LONG,3956.93,138714,3956.93,0.0
CLOSE_LONG,3961.79,138755,3956.93,4.860000000000127
OPEN_SHORT,3961.79,138755,3961.79,0.0
CLOSE_SHORT,3935.5,138835,3961.79,26.289999999999964
OPEN_LONG,3935.5,138835,3935.5,0.0
CLOSE_LONG,3941.59,138840,3935.5,6.0900000000001455
OPEN_SHORT,3941.59,138840,3941.59,0.0
CLOSE_SHORT,3947.19,138880,3941.59,-5.599999999999909
OPEN_LONG,3947.19,138880,3947.19,0.0
CLOSE_LONG,3996.3,138892,3947.19,49.11000000000013
OPEN_SHORT,3996.3,138892,3996.3,0.0
CLOSE_SHORT,3982.86,138897,3996.3,13.440000000000055
OPEN_LONG,3982.86,138897,3982.86,0.0
CLOSE_LONG,3971.2,138941,3982.86,-11.66000000000031
OPEN_SHORT,3971.2,138941,3971.2,0.0
CLOSE_SHORT,3955.79,138958,3971.2,15.409999999999854
OPEN_LONG,3955.79,138958,3955.79,0.0
CLOSE_LONG,3937.83,138974,3955.79,-17.960000000000036
OPEN_SHORT,3937.83,138974,3937.83,0.0
CLOSE_SHORT,3928.0,138983,3937.83,9.829999999999927
OPEN_LONG,3928.0,138983,3928.0,0.0
CLOSE_LONG,3933.19,138994,3928.0,5.190000000000055
OPEN_SHORT,3933.19,138994,3933.19,0.0
CLOSE_SHORT,3921.57,139000,3933.19,11.61999999999989
OPEN_LONG,3921.57,139000,3921.57,0.0
CLOSE_LONG,3904.18,139012,3921.57,-17.390000000000327
OPEN_SHORT,3904.18,139012,3904.18,0.0
CLOSE_SHORT,3903.6,139029,3904.18,0.5799999999999272
OPEN_LONG,3903.6,139029,3903.6,0.0
CLOSE_LONG,3901.92,139037,3903.6,-1.6799999999998363
OPEN_SHORT,3901.92,139037,3901.92,0.0
CLOSE_SHORT,3886.4,139086,3901.92,15.519999999999982
OPEN_LONG,3886.4,139086,3886.4,0.0
CLOSE_LONG,3894.31,139091,3886.4,7.9099999999998545
OPEN_SHORT,3894.31,139091,3894.31,0.0
CLOSE_SHORT,3881.0,139096,3894.31,13.309999999999945
OPEN_LONG,3881.0,139096,3881.0,0.0
CLOSE_LONG,3888.27,139101,3881.0,7.269999999999982
OPEN_SHORT,3888.27,139101,3888.27,0.0
CLOSE_SHORT,3875.39,139104,3888.27,12.88000000000011
OPEN_LONG,3875.39,139104,3875.39,0.0
CLOSE_LONG,3876.33,139111,3875.39,0.9400000000000546
OPEN_SHORT,3876.33,139111,3876.33,0.0
CLOSE_SHORT,3876.31,139125,3876.33,0.01999999999998181
OPEN_LONG,3876.31,139125,3876.31,0.0
CLOSE_LONG,3883.1,139130,3876.31,6.789999999999964
OPEN_SHORT,3883.1,139130,3883.1,0.0
CLOSE_SHORT,3868.05,139136,3883.1,15.049999999999727
OPEN_LONG,3868.05,139136,3868.05,0.0
CLOSE_LONG,3878.0,139153,3868.05,9.949999999999818
OPEN_SHORT,3878.0,139153,3878.0,0.0
CLOSE_SHORT,3880.81,139170,3878.0,-2.8099999999999454
OPEN_LONG,3880.81,139170,3880.81,0.0
CLOSE_LONG,3885.69,139177,3880.81,4.880000000000109
OPEN_SHORT,3885.69,139177,3885.69,0.0
CLOSE_SHORT,3886.51,139211,3885.69,-0.8200000000001637
OPEN_LONG,3886.51,139211,3886.51,0.0
CLOSE_LONG,3893.96,139225,3886.51,7.449999999999818
OPEN_SHORT,3893.96,139225,3893.96,0.0
CLOSE_SHORT,3903.77,139258,3893.96,-9.809999999999945
OPEN_LONG,3903.77,139258,3903.77,0.0
CLOSE_LONG,3916.74,139285,3903.77,12.9699999999998
OPEN_SHORT,3916.74,139285,3916.74,0.0
CLOSE_SHORT,3923.77,139317,3916.74,-7.0300000000002
OPEN_LONG,3923.77,139317,3923.77,0.0
CLOSE_LONG,3936.24,139419,3923.77,12.4699999999998
OPEN_SHORT,3936.24,139419,3936.24,0.0
CLOSE_SHORT,3935.32,139464,3936.24,0.919999999999618
OPEN_LONG,3935.32,139464,3935.32,0.0
CLOSE_LONG,3929.72,139668,3935.32,-5.600000000000364
OPEN_SHORT,3929.72,139668,3929.72,0.0
CLOSE_SHORT,3926.76,139677,3929.72,2.9599999999995816
OPEN_LONG,3926.76,139677,3926.76,0.0
CLOSE_LONG,3928.1,139690,3926.76,1.3399999999996908
OPEN_SHORT,3928.1,139690,3928.1,0.0
CLOSE_SHORT,3923.7,139852,3928.1,4.400000000000091
OPEN_LONG,3923.7,139852,3923.7,0.0
CLOSE_LONG,3932.76,139952,3923.7,9.0600000000004
OPEN_SHORT,3932.76,139952,3932.76,0.0
CLOSE_SHORT,3930.38,140038,3932.76,2.380000000000109
OPEN_LONG,3930.38,140038,3930.38,0.0
CLOSE_LONG,3933.81,140075,3930.38,3.4299999999998363
OPEN_SHORT,3933.81,140075,3933.81,0.0
CLOSE_SHORT,3936.0,140187,3933.81,-2.1900000000000546
OPEN_LONG,3936.0,140187,3936.0,0.0
CLOSE_LONG,3952.42,140311,3936.0,16.420000000000073
OPEN_SHORT,3952.42,140311,3952.42,0.0
CLOSE_SHORT,3946.28,140316,3952.42,6.139999999999873
OPEN_LONG,3946.28,140316,3946.28,0.0
CLOSE_LONG,3951.98,140359,3946.28,5.699999999999818
OPEN_SHORT,3951.98,140359,3951.98,0.0
CLOSE_SHORT,3940.61,140855,3951.98,11.36999999999989
OPEN_LONG,3940.61,140855,3940.61,0.0
CLOSE_LONG,3957.09,141049,3940.61,16.480000000000018
OPEN_SHORT,3957.09,141049,3957.09,0.0
CLOSE_SHORT,3918.67,141135,3957.09,38.42000000000007
OPEN_LONG,3918.67,141135,3918.67,0.0
CLOSE_LONG,3930.19,141140,3918.67,11.519999999999982
OPEN_SHORT,3930.19,141140,3930.19,0.0
CLOSE_SHORT,3922.66,141143,3930.19,7.5300000000002
OPEN_LONG,3922.66,141143,3922.66,0.0
CLOSE_LONG,3936.67,141171,3922.66,14.010000000000218
OPEN_SHORT,3936.67,141171,3936.67,0.0
CLOSE_SHORT,3986.54,141592,3936.67,-49.86999999999989
OPEN_LONG,3986.54,141592,3986.54,0.0
CLOSE_LONG,3987.03,141618,3986.54,0.49000000000023647
OPEN_SHORT,3987.03,141618,3987.03,0.0
CLOSE_SHORT,4030.08,141727,3987.03,-43.04999999999973
OPEN_LONG,4030.08,141727,4030.08,0.0
CLOSE_LONG,4042.09,141734,4030.08,12.010000000000218
OPEN_SHORT,4042.09,141734,4042.09,0.0
CLOSE_SHORT,4040.44,141744,4042.09,1.650000000000091
OPEN_LONG,4040.44,141744,4040.44,0.0
CLOSE_LONG,4055.39,141756,4040.44,14.949999999999818
OPEN_SHORT,4055.39,141756,4055.39,0.0
CLOSE_SHORT,4044.94,141763,4055.39,10.449999999999818
OPEN_LONG,4044.94,141763,4044.94,0.0
CLOSE_LONG,4053.2,141768,4044.94,8.259999999999764
OPEN_SHORT,4053.2,141768,4053.2,0.0
CLOSE_SHORT,4048.56,141783,4053.2,4.639999999999873
OPEN_LONG,4048.56,141783,4048.56,0.0
CLOSE_LONG,4070.25,141784,4048.56,21.690000000000055
OPEN_SHORT,4070.25,141784,4070.25,0.0
CLOSE_SHORT,4066.88,141806,4070.25,3.369999999999891
OPEN_LONG,4066.88,141806,4066.88,0.0
CLOSE_LONG,4073.46,141819,4066.88,6.579999999999927
OPEN_SHORT,4073.46,141819,4073.46,0.0
CLOSE_SHORT,4082.81,141852,4073.46,-9.349999999999909
OPEN_LONG,4082.81,141852,4082.81,0.0
CLOSE_LONG,4086.98,141865,4082.81,4.170000000000073
OPEN_SHORT,4086.98,141865,4086.98,0.0
CLOSE_SHORT,4070.94,141905,4086.98,16.039999999999964
OPEN_LONG,4070.94,141905,4070.94,0.0
CLOSE_LONG,4075.19,141934,4070.94,4.25
OPEN_SHORT,4075.19,141934,4075.19,0.0
CLOSE_SHORT,4067.61,141957,4075.19,7.579999999999927
OPEN_LONG,4067.61,141957,4067.61,0.0
CLOSE_LONG,4064.41,142102,4067.61,-3.200000000000273
OPEN_SHORT,4064.41,142102,4064.41,0.0
CLOSE_SHORT,4055.78,142240,4064.41,8.629999999999654
OPEN_LONG,4055.78,142240,4055.78,0.0
CLOSE_LONG,4067.88,142252,4055.78,12.099999999999909
OPEN_SHORT,4067.88,142252,4067.88,0.0
CLOSE_SHORT,4060.12,142307,4067.88,7.760000000000218
OPEN_LONG,4060.12,142307,4060.12,0.0
CLOSE_LONG,4073.44,142313,4060.12,13.320000000000164
OPEN_SHORT,4073.44,142313,4073.44,0.0
CLOSE_SHORT,4080.54,142332,4073.44,-7.099999999999909
OPEN_LONG,4080.54,142332,4080.54,0.0
CLOSE_LONG,4089.16,142339,4080.54,8.61999999999989
OPEN_SHORT,4089.16,142339,4089.16,0.0
CLOSE_SHORT,4138.13,142346,4089.16,-48.970000000000255
OPEN_LONG,4138.13,142346,4138.13,0.0
CLOSE_LONG,4133.5,142349,4138.13,-4.630000000000109
OPEN_SHORT,4133.5,142349,4133.5,0.0
CLOSE_SHORT,4157.86,142404,4133.5,-24.359999999999673
OPEN_LONG,4157.86,142404,4157.86,0.0
CLOSE_LONG,4161.88,142413,4157.86,4.020000000000437
OPEN_SHORT,4161.88,142413,4161.88,0.0
CLOSE_SHORT,4156.33,142455,4161.88,5.550000000000182
OPEN_LONG,4156.33,142455,4156.33,0.0
CLOSE_LONG,4165.75,142462,4156.33,9.420000000000073
OPEN_SHORT,4165.75,142462,4165.75,0.0
CLOSE_SHORT,4165.79,142506,4165.75,-0.03999999999996362
OPEN_LONG,4165.79,142506,4165.79,0.0
CLOSE_LONG,4173.61,142511,4165.79,7.819999999999709
OPEN_SHORT,4173.61,142511,4173.61,0.0
CLOSE_SHORT,4189.76,142560,4173.61,-16.150000000000546
OPEN_LONG,4189.76,142560,4189.76,0.0
CLOSE_LONG,4208.12,142599,4189.76,18.359999999999673
OPEN_SHORT,4208.12,142599,4208.12,0.0
CLOSE_SHORT,4194.99,142606,4208.12,13.13000000000011
OPEN_LONG,4194.99,142606,4194.99,0.0
CLOSE_LONG,4194.32,142617,4194.99,-0.6700000000000728
OPEN_SHORT,4194.32,142617,4194.32,0.0
CLOSE_SHORT,4207.61,142661,4194.32,-13.289999999999964
OPEN_LONG,4207.61,142661,4207.61,0.0
CLOSE_LONG,4206.58,142686,4207.61,-1.0299999999997453
OPEN_SHORT,4206.58,142686,4206.58,0.0
CLOSE_SHORT,4236.49,142790,4206.58,-29.909999999999854
OPEN_LONG,4236.49,142790,4236.49,0.0
CLOSE_LONG,4235.01,142814,4236.49,-1.4799999999995634
OPEN_SHORT,4235.01,142814,4235.01,0.0
CLOSE_SHORT,4226.35,142820,4235.01,8.659999999999854
OPEN_LONG,4226.35,142820,4226.35,0.0
CLOSE_LONG,4235.16,142834,4226.35,8.80999999999949
OPEN_SHORT,4235.16,142834,4235.16,0.0
CLOSE_SHORT,4230.5,142851,4235.16,4.6599999999998545
OPEN_LONG,4230.5,142851,4230.5,0.0
CLOSE_LONG,4236.94,142869,4230.5,6.4399999999996
OPEN_SHORT,4236.94,142869,4236.94,0.0
CLOSE_SHORT,4225.3,142887,4236.94,11.639999999999418
OPEN_LONG,4225.3,142887,4225.3,0.0
CLOSE_LONG,4211.34,142925,4225.3,-13.960000000000036
OPEN_SHORT,4211.34,142925,4211.34,0.0
CLOSE_SHORT,4198.86,142929,4211.34,12.480000000000473
OPEN_LONG,4198.86,142929,4198.86,0.0
CLOSE_LONG,4172.26,142971,4198.86,-26.599999999999454
OPEN_SHORT,4172.26,142971,4172.26,0.0
CLOSE_SHORT,4167.06,142986,4172.26,5.199999999999818
OPEN_LONG,4167.06,142986,4167.06,0.0
CLOSE_LONG,4168.8,142997,4167.06,1.7399999999997817
OPEN_SHORT,4168.8,142997,4168.8,0.0
CLOSE_SHORT,4154.22,143002,4168.8,14.579999999999927
OPEN_LONG,4154.22,143002,4154.22,0.0
CLOSE_LONG,4163.49,143007,4154.22,9.269999999999527
OPEN_SHORT,4163.49,143007,4163.49,0.0
CLOSE_SHORT,4159.74,143135,4163.49,3.75
OPEN_LONG,4159.74,143135,4159.74,0.0
CLOSE_LONG,4153.5,143153,4159.74,-6.239999999999782
OPEN_SHORT,4153.5,143153,4153.5,0.0
CLOSE_SHORT,4140.9,143212,4153.5,12.600000000000364
OPEN_LONG,4140.9,143212,4140.9,0.0
CLOSE_LONG,4148.99,143222,4140.9,8.090000000000146
OPEN_SHORT,4148.99,143222,4148.99,0.0
CLOSE_SHORT,4147.5,143271,4148.99,1.4899999999997817
OPEN_LONG,4147.5,143271,4147.5,0.0
CLOSE_LONG,4147.67,143283,4147.5,0.17000000000007276
OPEN_SHORT,4147.67,143283,4147.67,0.0
CLOSE_SHORT,4173.65,143294,4147.67,-25.979999999999563
OPEN_LONG,4173.65,143294,4173.65,0.0
CLOSE_LONG,4138.23,143321,4173.65,-35.42000000000007
OPEN_SHORT,4138.23,143321,4138.23,0.0
CLOSE_SHORT,4145.0,143343,4138.23,-6.770000000000437
OPEN_LONG,4145.0,143343,4145.0,0.0
CLOSE_LONG,4147.47,143356,4145.0,2.4700000000002547
OPEN_SHORT,4147.47,143356,4147.47,0.0
CLOSE_SHORT,4203.18,143500,4147.47,-55.710000000000036
OPEN_LONG,4203.18,143500,4203.18,0.0
CLOSE_LONG,4208.22,143512,4203.18,5.039999999999964
OPEN_SHORT,4208.22,143512,4208.22,0.0
CLOSE_SHORT,4212.08,143564,4208.22,-3.8599999999996726
OPEN_LONG,4212.08,143564,4212.08,0.0
CLOSE_LONG,4201.85,143605,4212.08,-10.229999999999563
OPEN_SHORT,4201.85,143605,4201.85,0.0
CLOSE_SHORT,4206.84,143623,4201.85,-4.989999999999782
OPEN_LONG,4206.84,143623,4206.84,0.0
CLOSE_LONG,4157.5,143674,4206.84,-49.340000000000146
OPEN_SHORT,4157.5,143674,4157.5,0.0
CLOSE_SHORT,4144.07,143681,4157.5,13.430000000000291
OPEN_LONG,4144.07,143681,4144.07,0.0
CLOSE_LONG,4136.2,143721,4144.07,-7.869999999999891
OPEN_SHORT,4136.2,143721,4136.2,0.0
CLOSE_SHORT,4123.68,143732,4136.2,12.519999999999527
OPEN_LONG,4123.68,143732,4123.68,0.0
CLOSE_LONG,4117.74,143749,4123.68,-5.940000000000509
OPEN_SHORT,4117.74,143749,4117.74,0.0
CLOSE_SHORT,4113.93,143776,4117.74,3.8099999999994907
OPEN_LONG,4113.93,143776,4113.93,0.0
CLOSE_LONG,4124.82,143780,4113.93,10.889999999999418
OPEN_SHORT,4124.82,143780,4124.82,0.0
CLOSE_SHORT,4103.39,143861,4124.82,21.42999999999938
OPEN_LONG,4103.39,143861,4103.39,0.0
CLOSE_LONG,4110.4,143866,4103.39,7.009999999999309
OPEN_SHORT,4110.4,143866,4110.4,0.0
CLOSE_SHORT,4116.64,143888,4110.4,-6.240000000000691
OPEN_LONG,4116.64,143888,4116.64,0.0
CLOSE_LONG,4120.28,143906,4116.64,3.639999999999418
OPEN_SHORT,4120.28,143906,4120.28,0.0
CLOSE_SHORT,4108.99,143947,4120.28,11.289999999999964
OPEN_LONG,4108.99,143947,4108.99,0.0
CLOSE_LONG,4117.03,143949,4108.99,8.039999999999964
OPEN_SHORT,4117.03,143949,4117.03,0.0
CLOSE_SHORT,4120.82,143988,4117.03,-3.7899999999999636
OPEN_LONG,4120.82,143988,4120.82,0.0
CLOSE_LONG,4139.37,144023,4120.82,18.550000000000182
OPEN_SHORT,4139.37,144023,4139.37,0.0
CLOSE_SHORT,4124.24,144027,4139.37,15.13000000000011
OPEN_LONG,4124.24,144027,4124.24,0.0
CLOSE_LONG,4091.9,144070,4124.24,-32.33999999999969
OPEN_SHORT,4091.9,144070,4091.9,0.0
CLOSE_SHORT,4087.02,144088,4091.9,4.880000000000109
OPEN_LONG,4087.02,144088,4087.02,0.0
CLOSE_LONG,4081.01,144095,4087.02,-6.0099999999997635
OPEN_SHORT,4081.01,144095,4081.01,0.0
CLOSE_SHORT,4081.23,144111,4081.01,-0.2199999999997999
OPEN_LONG,4081.23,144111,4081.23,0.0
CLOSE_LONG,4089.0,144121,4081.23,7.769999999999982
OPEN_SHORT,4089.0,144121,4089.0,0.0
CLOSE_SHORT,4069.92,144241,4089.0,19.079999999999927
OPEN_LONG,4069.92,144241,4069.92,0.0
CLOSE_LONG,4075.8,144261,4069.92,5.880000000000109
OPEN_SHORT,4075.8,144261,4075.8,0.0
CLOSE_SHORT,4112.52,144369,4075.8,-36.720000000000255
OPEN_LONG,4112.52,144369,4112.52,0.0
CLOSE_LONG,4121.52,144398,4112.52,9.0
OPEN_SHORT,4121.52,144398,4121.52,0.0
CLOSE_SHORT,4114.12,144498,4121.52,7.400000000000546
OPEN_LONG,4114.12,144498,4114.12,0.0
CLOSE_LONG,4112.08,144629,4114.12,-2.0399999999999636
OPEN_SHORT,4112.08,144629,4112.08,0.0
CLOSE_SHORT,4139.05,144705,4112.08,-26.970000000000255
OPEN_LONG,4139.05,144705,4139.05,0.0
CLOSE_LONG,4147.99,144708,4139.05,8.9399999999996
OPEN_SHORT,4147.99,144708,4147.99,0.0
CLOSE_SHORT,4133.5,144713,4147.99,14.489999999999782
OPEN_LONG,4133.5,144713,4133.5,0.0
CLOSE_LONG,4144.18,144715,4133.5,10.680000000000291
OPEN_SHORT,4144.18,144715,4144.18,0.0
CLOSE_SHORT,4147.59,144730,4144.18,-3.4099999999998545
OPEN_LONG,4147.59,144730,4147.59,0.0
CLOSE_LONG,4156.63,144735,4147.59,9.039999999999964
OPEN_SHORT,4156.63,144735,4156.63,0.0
CLOSE_SHORT,4145.35,144744,4156.63,11.279999999999745
OPEN_LONG,4145.35,144744,4145.35,0.0
CLOSE_LONG,4159.52,144749,4145.35,14.170000000000073
OPEN_SHORT,4159.52,144749,4159.52,0.0
CLOSE_SHORT,4154.39,144761,4159.52,5.130000000000109
OPEN_LONG,4154.39,144761,4154.39,0.0
CLOSE_LONG,4163.56,144766,4154.39,9.170000000000073
OPEN_SHORT,4163.56,144766,4163.56,0.0
CLOSE_SHORT,4140.72,144768,4163.56,22.840000000000146
OPEN_LONG,4140.72,144768,4140.72,0.0
CLOSE_LONG,4107.04,144786,4140.72,-33.68000000000029
OPEN_SHORT,4107.04,144786,4107.04,0.0
CLOSE_SHORT,4125.24,144812,4107.04,-18.199999999999818
OPEN_LONG,4125.24,144812,4125.24,0.0
CLOSE_LONG,4098.33,144844,4125.24,-26.909999999999854
OPEN_SHORT,4098.33,144844,4098.33,0.0
CLOSE_SHORT,4094.44,144872,4098.33,3.8899999999998727
OPEN_LONG,4094.44,144872,4094.44,0.0
CLOSE_LONG,4111.27,144883,4094.44,16.830000000000382
OPEN_SHORT,4111.27,144883,4111.27,0.0
CLOSE_SHORT,4122.59,144947,4111.27,-11.319999999999709
OPEN_LONG,4122.59,144947,4122.59,0.0
CLOSE_LONG,4142.2,144952,4122.59,19.609999999999673
OPEN_SHORT,4142.2,144952,4142.2,0.0
CLOSE_SHORT,4129.75,144976,4142.2,12.449999999999818
OPEN_LONG,4129.75,144976,4129.75,0.0
CLOSE_LONG,4140.28,144982,4129.75,10.529999999999745
OPEN_SHORT,4140.28,144982,4140.28,0.0
CLOSE_SHORT,4124.9,145004,4140.28,15.38000000000011
OPEN_LONG,4124.9,145004,4124.9,0.0
CLOSE_LONG,4114.99,145025,4124.9,-9.909999999999854
OPEN_SHORT,4114.99,145025,4114.99,0.0
CLOSE_SHORT,4101.44,145049,4114.99,13.550000000000182
OPEN_LONG,4101.44,145049,4101.44,0.0
CLOSE_LONG,4064.18,145069,4101.44,-37.25999999999976
OPEN_SHORT,4064.18,145069,4064.18,0.0
CLOSE_SHORT,4057.23,145075,4064.18,6.949999999999818
OPEN_LONG,4057.23,145075,4057.23,0.0
CLOSE_LONG,4041.34,145090,4057.23,-15.889999999999873
OPEN_SHORT,4041.34,145090,4041.34,0.0
CLOSE_SHORT,4013.08,145101,4041.34,28.26000000000022
OPEN_LONG,4013.08,145101,4013.08,0.0
CLOSE_LONG,3984.89,145120,4013.08,-28.190000000000055
OPEN_SHORT,3984.89,145120,3984.89,0.0
CLOSE_SHORT,3970.44,145123,3984.89,14.449999999999818
OPEN_LONG,3970.44,145123,3970.44,0.0
CLOSE_LONG,3975.0,145129,3970.44,4.559999999999945
OPEN_SHORT,3975.0,145129,3975.0,0.0
CLOSE_SHORT,3976.61,145139,3975.0,-1.6100000000001273
OPEN_LONG,3976.61,145139,3976.61,0.0
CLOSE_LONG,3986.4,145149,3976.61,9.789999999999964
OPEN_SHORT,3986.4,145149,3986.4,0.0
CLOSE_SHORT,3968.36,145156,3986.4,18.039999999999964
OPEN_LONG,3968.36,145156,3968.36,0.0
CLOSE_LONG,3958.3,145167,3968.36,-10.059999999999945
OPEN_SHORT,3958.3,145167,3958.3,0.0
CLOSE_SHORT,3971.91,145215,3958.3,-13.609999999999673
OPEN_LONG,3971.91,145215,3971.91,0.0
CLOSE_LONG,3988.31,145218,3971.91,16.40000000000009
OPEN_SHORT,3988.31,145218,3988.31,0.0
CLOSE_SHORT,3982.31,145254,3988.31,6.0
OPEN_LONG,3982.31,145254,3982.31,0.0
CLOSE_LONG,3991.9,145257,3982.31,9.590000000000146
OPEN_SHORT,3991.9,145257,3991.9,0.0
CLOSE_SHORT,3977.2,145296,3991.9,14.700000000000273
OPEN_LONG,3977.2,145296,3977.2,0.0
CLOSE_LONG,3984.8,145310,3977.2,7.600000000000364
OPEN_SHORT,3984.8,145310,3984.8,0.0
CLOSE_SHORT,3971.85,145381,3984.8,12.950000000000273
OPEN_LONG,3971.85,145381,3971.85,0.0
CLOSE_LONG,3976.35,145397,3971.85,4.5
OPEN_SHORT,3976.35,145397,3976.35,0.0
CLOSE_SHORT,3963.57,145402,3976.35,12.779999999999745
OPEN_LONG,3963.57,145402,3963.57,0.0
CLOSE_LONG,3970.99,145407,3963.57,7.419999999999618
OPEN_SHORT,3970.99,145407,3970.99,0.0
CLOSE_SHORT,3970.72,145418,3970.99,0.2699999999999818
OPEN_LONG,3970.72,145418,3970.72,0.0
CLOSE_LONG,3979.91,145429,3970.72,9.190000000000055
OPEN_SHORT,3979.91,145429,3979.91,0.0
CLOSE_SHORT,3989.23,145440,3979.91,-9.320000000000164
OPEN_LONG,3989.23,145440,3989.23,0.0
CLOSE_LONG,3993.7,145482,3989.23,4.4699999999998
OPEN_SHORT,3993.7,145482,3993.7,0.0
CLOSE_SHORT,3986.8,145519,3993.7,6.899999999999636
OPEN_LONG,3986.8,145519,3986.8,0.0
CLOSE_LONG,3995.2,145525,3986.8,8.399999999999636
OPEN_SHORT,3995.2,145525,3995.2,0.0
CLOSE_SHORT,4021.16,145786,3995.2,-25.960000000000036
OPEN_LONG,4021.16,145786,4021.16,0.0
CLOSE_LONG,4025.07,145809,4021.16,3.9100000000003092
OPEN_SHORT,4025.07,145809,4025.07,0.0
CLOSE_SHORT,4015.86,145822,4025.07,9.210000000000036
OPEN_LONG,4015.86,145822,4015.86,0.0
CLOSE_LONG,4003.03,145894,4015.86,-12.829999999999927
OPEN_SHORT,4003.03,145894,4003.03,0.0
CLOSE_SHORT,3990.01,145906,4003.03,13.019999999999982
OPEN_LONG,3990.01,145906,3990.01,0.0
CLOSE_LONG,3997.99,145918,3990.01,7.979999999999563
OPEN_SHORT,3997.99,145918,3997.99,0.0
CLOSE_SHORT,4009.48,146147,3997.99,-11.490000000000236
OPEN_LONG,4009.48,146147,4009.48,0.0
CLOSE_LONG,4000.99,146158,4009.48,-8.490000000000236
OPEN_SHORT,4000.99,146158,4000.99,0.0
CLOSE_SHORT,3988.42,146163,4000.99,12.569999999999709
OPEN_LONG,3988.42,146163,3988.42,0.0
CLOSE_LONG,3994.91,146166,3988.42,6.489999999999782
OPEN_SHORT,3994.91,146166,3994.91,0.0
CLOSE_SHORT,3983.02,146176,3994.91,11.889999999999873
OPEN_LONG,3983.02,146176,3983.02,0.0
CLOSE_LONG,3987.15,146183,3983.02,4.130000000000109
OPEN_SHORT,3987.15,146183,3987.15,0.0
CLOSE_SHORT,3975.2,146192,3987.15,11.950000000000273
OPEN_LONG,3975.2,146192,3975.2,0.0
CLOSE_LONG,3984.34,146209,3975.2,9.140000000000327
OPEN_SHORT,3984.34,146209,3984.34,0.0
CLOSE_SHORT,3979.61,146224,3984.34,4.730000000000018
OPEN_LONG,3979.61,146224,3979.61,0.0
CLOSE_LONG,3990.45,146234,3979.61,10.83999999999969
OPEN_SHORT,3990.45,146234,3990.45,0.0
CLOSE_SHORT,3955.6,146267,3990.45,34.84999999999991
OPEN_LONG,3955.6,146267,3955.6,0.0
CLOSE_LONG,3965.01,146272,3955.6,9.41000000000031
OPEN_SHORT,3965.01,146272,3965.01,0.0
CLOSE_SHORT,3946.81,146281,3965.01,18.200000000000273
OPEN_LONG,3946.81,146281,3946.81,0.0
CLOSE_LONG,3953.41,146286,3946.81,6.599999999999909
OPEN_SHORT,3953.41,146286,3953.41,0.0
CLOSE_SHORT,3939.46,146297,3953.41,13.949999999999818
OPEN_LONG,3939.46,146297,3939.46,0.0
CLOSE_LONG,3942.77,146309,3939.46,3.3099999999999454
OPEN_SHORT,3942.77,146309,3942.77,0.0
CLOSE_SHORT,3996.67,146418,3942.77,-53.90000000000009
OPEN_LONG,3996.67,146418,3996.67,0.0
CLOSE_LONG,3996.64,146432,3996.67,-0.03000000000020009
OPEN_SHORT,3996.64,146432,3996.64,0.0
CLOSE_SHORT,3901.77,146449,3996.64,94.86999999999989
OPEN_LONG,3901.77,146449,3901.77,0.0
CLOSE_LONG,3890.69,146459,3901.77,-11.079999999999927
OPEN_SHORT,3890.69,146459,3890.69,0.0
CLOSE_SHORT,3918.8,146472,3890.69,-28.110000000000127
OPEN_LONG,3918.8,146472,3918.8,0.0
CLOSE_LONG,3931.42,146480,3918.8,12.61999999999989
OPEN_SHORT,3931.42,146480,3931.42,0.0
CLOSE_SHORT,3932.01,146490,3931.42,-0.5900000000001455
OPEN_LONG,3932.01,146490,3932.01,0.0
CLOSE_LONG,3907.05,146519,3932.01,-24.960000000000036
OPEN_SHORT,3907.05,146519,3907.05,0.0
CLOSE_SHORT,3902.91,146533,3907.05,4.140000000000327
OPEN_LONG,3902.91,146533,3902.91,0.0
CLOSE_LONG,3910.5,146538,3902.91,7.5900000000001455
OPEN_SHORT,3910.5,146538,3910.5,0.0
CLOSE_SHORT,3896.16,146539,3910.5,14.340000000000146
OPEN_LONG,3896.16,146539,3896.16,0.0
CLOSE_LONG,3895.91,146549,3896.16,-0.25
OPEN_SHORT,3895.91,146549,3895.91,0.0
CLOSE_SHORT,3937.72,146596,3895.91,-41.809999999999945
OPEN_LONG,3937.72,146596,3937.72,0.0
CLOSE_LONG,3943.6,146613,3937.72,5.880000000000109
OPEN_SHORT,3943.6,146613,3943.6,0.0
CLOSE_SHORT,3940.35,146660,3943.6,3.25
OPEN_LONG,3940.35,146660,3940.35,0.0
CLOSE_LONG,3949.21,146665,3940.35,8.860000000000127
OPEN_SHORT,3949.21,146665,3949.21,0.0
CLOSE_SHORT,3939.2,146670,3949.21,10.010000000000218
OPEN_LONG,3939.2,146670,3939.2,0.0
CLOSE_LONG,3946.51,146675,3939.2,7.3100000000004
OPEN_SHORT,3946.51,146675,3946.51,0.0
CLOSE_SHORT,3910.49,146728,3946.51,36.02000000000044
OPEN_LONG,3910.49,146728,3910.49,0.0
CLOSE_LONG,3919.15,146732,3910.49,8.66000000000031
OPEN_SHORT,3919.15,146732,3919.15,0.0
CLOSE_SHORT,3887.78,146751,3919.15,31.36999999999989
OPEN_LONG,3887.78,146751,3887.78,0.0
CLOSE_LONG,3889.72,146758,3887.78,1.9399999999995998
OPEN_SHORT,3889.72,146758,3889.72,0.0
CLOSE_SHORT,3890.58,146780,3889.72,-0.8600000000001273
OPEN_LONG,3890.58,146780,3890.58,0.0
CLOSE_LONG,3901.99,146785,3890.58,11.409999999999854
OPEN_SHORT,3901.99,146785,3901.99,0.0
CLOSE_SHORT,3901.02,146813,3901.99,0.9699999999997999
OPEN_LONG,3901.02,146813,3901.02,0.0
CLOSE_LONG,3909.6,146818,3901.02,8.579999999999927
OPEN_SHORT,3909.6,146818,3909.6,0.0
CLOSE_SHORT,3910.03,146837,3909.6,-0.43000000000029104
OPEN_LONG,3910.03,146837,3910.03,0.0
CLOSE_LONG,3919.74,146843,3910.03,9.709999999999582
OPEN_SHORT,3919.74,146843,3919.74,0.0
CLOSE_SHORT,3914.36,147020,3919.74,5.379999999999654
OPEN_LONG,3914.36,147020,3914.36,0.0
CLOSE_LONG,3893.63,147033,3914.36,-20.730000000000018
OPEN_SHORT,3893.63,147033,3893.63,0.0
CLOSE_SHORT,3867.84,147036,3893.63,25.789999999999964
OPEN_LONG,3867.84,147036,3867.84,0.0
CLOSE_LONG,3859.47,147046,3867.84,-8.370000000000346
OPEN_SHORT,3859.47,147046,3859.47,0.0
CLOSE_SHORT,3893.01,147054,3859.47,-33.54000000000042
OPEN_LONG,3893.01,147054,3893.01,0.0
CLOSE_LONG,3871.97,147095,3893.01,-21.04000000000042
OPEN_SHORT,3871.97,147095,3871.97,0.0
CLOSE_SHORT,3897.6,147149,3871.97,-25.63000000000011
OPEN_LONG,3897.6,147149,3897.6,0.0
CLOSE_LONG,3902.83,147154,3897.6,5.230000000000018
OPEN_SHORT,3902.83,147154,3902.83,0.0
CLOSE_SHORT,3918.69,147309,3902.83,-15.860000000000127
OPEN_LONG,3918.69,147309,3918.69,0.0
CLOSE_LONG,3903.0,147340,3918.69,-15.690000000000055
OPEN_SHORT,3903.0,147340,3903.0,0.0
CLOSE_SHORT,3896.01,147347,3903.0,6.989999999999782
OPEN_LONG,3896.01,147347,3896.01,0.0
CLOSE_LONG,3903.83,147396,3896.01,7.819999999999709
OPEN_SHORT,3903.83,147396,3903.83,0.0
CLOSE_SHORT,3896.89,147401,3903.83,6.940000000000055
OPEN_LONG,3896.89,147401,3896.89,0.0
CLOSE_LONG,3894.46,147423,3896.89,-2.4299999999998363
OPEN_SHORT,3894.46,147423,3894.46,0.0
CLOSE_SHORT,3878.8,147443,3894.46,15.659999999999854
OPEN_LONG,3878.8,147443,3878.8,0.0
CLOSE_LONG,3884.1,147447,3878.8,5.299999999999727
OPEN_SHORT,3884.1,147447,3884.1,0.0
CLOSE_SHORT,3881.44,147483,3884.1,2.6599999999998545
OPEN_LONG,3881.44,147483,3881.44,0.0
CLOSE_LONG,3852.76,147526,3881.44,-28.679999999999836
OPEN_SHORT,3852.76,147526,3852.76,0.0
CLOSE_SHORT,3824.07,147534,3852.76,28.690000000000055
OPEN_LONG,3824.07,147534,3824.07,0.0
CLOSE_LONG,3810.75,147548,3824.07,-13.320000000000164
OPEN_SHORT,3810.75,147548,3810.75,0.0
CLOSE_SHORT,3822.8,147570,3810.75,-12.050000000000182
OPEN_LONG,3822.8,147570,3822.8,0.0
CLOSE_LONG,3818.67,147582,3822.8,-4.130000000000109
OPEN_SHORT,3818.67,147582,3818.67,0.0
CLOSE_SHORT,3806.79,147586,3818.67,11.88000000000011
OPEN_LONG,3806.79,147586,3806.79,0.0
CLOSE_LONG,3787.0,147598,3806.79,-19.789999999999964
OPEN_SHORT,3787.0,147598,3787.0,0.0
CLOSE_SHORT,3785.74,147608,3787.0,1.2600000000002183
OPEN_LONG,3785.74,147608,3785.74,0.0
CLOSE_LONG,3772.86,147617,3785.74,-12.879999999999654
OPEN_SHORT,3772.86,147617,3772.86,0.0
CLOSE_SHORT,3779.52,147623,3772.86,-6.6599999999998545
OPEN_LONG,3779.52,147623,3779.52,0.0
CLOSE_LONG,3792.32,147627,3779.52,12.800000000000182
OPEN_SHORT,3792.32,147627,3792.32,0.0
CLOSE_SHORT,3778.27,147632,3792.32,14.050000000000182
OPEN_LONG,3778.27,147632,3778.27,0.0
CLOSE_LONG,3786.87,147635,3778.27,8.599999999999909
OPEN_SHORT,3786.87,147635,3786.87,0.0
CLOSE_SHORT,3776.0,147640,3786.87,10.86999999999989
OPEN_LONG,3776.0,147640,3776.0,0.0
CLOSE_LONG,3785.71,147644,3776.0,9.710000000000036
OPEN_SHORT,3785.71,147644,3785.71,0.0
CLOSE_SHORT,3766.81,147646,3785.71,18.90000000000009
OPEN_LONG,3766.81,147646,3766.81,0.0
CLOSE_LONG,3781.8,147650,3766.81,14.990000000000236
OPEN_SHORT,3781.8,147650,3781.8,0.0
CLOSE_SHORT,3782.3,147660,3781.8,-0.5
OPEN_LONG,3782.3,147660,3782.3,0.0
CLOSE_LONG,3792.04,147665,3782.3,9.739999999999782
OPEN_SHORT,3792.04,147665,3792.04,0.0
CLOSE_SHORT,3786.57,147680,3792.04,5.4699999999998
OPEN_LONG,3786.57,147680,3786.57,0.0
CLOSE_LONG,3787.2,147696,3786.57,0.6299999999996544
OPEN_SHORT,3787.2,147696,3787.2,0.0
CLOSE_SHORT,3764.6,147710,3787.2,22.59999999999991
OPEN_LONG,3764.6,147710,3764.6,0.0
CLOSE_LONG,3769.72,147718,3764.6,5.119999999999891
OPEN_SHORT,3769.72,147718,3769.72,0.0
CLOSE_SHORT,3760.65,147735,3769.72,9.069999999999709
OPEN_LONG,3760.65,147735,3760.65,0.0
CLOSE_LONG,3781.9,147738,3760.65,21.25
OPEN_SHORT,3781.9,147738,3781.9,0.0
CLOSE_SHORT,3779.77,147750,3781.9,2.130000000000109
OPEN_LONG,3779.77,147750,3779.77,0.0
CLOSE_LONG,3795.63,147760,3779.77,15.860000000000127
OPEN_SHORT,3795.63,147760,3795.63,0.0
CLOSE_SHORT,3789.38,147766,3795.63,6.25
OPEN_LONG,3789.38,147766,3789.38,0.0
CLOSE_LONG,3782.79,147781,3789.38,-6.5900000000001455
OPEN_SHORT,3782.79,147781,3782.79,0.0
CLOSE_SHORT,3764.8,147796,3782.79,17.98999999999978
OPEN_LONG,3764.8,147796,3764.8,0.0
CLOSE_LONG,3763.3,147803,3764.8,-1.5
OPEN_SHORT,3763.3,147803,3763.3,0.0
CLOSE_SHORT,3741.0,147813,3763.3,22.300000000000182
OPEN_LONG,3741.0,147813,3741.0,0.0
CLOSE_LONG,3746.39,147820,3741.0,5.389999999999873
OPEN_SHORT,3746.39,147820,3746.39,0.0
CLOSE_SHORT,3727.2,147824,3746.39,19.190000000000055
OPEN_LONG,3727.2,147824,3727.2,0.0
CLOSE_LONG,3741.69,147837,3727.2,14.490000000000236
OPEN_SHORT,3741.69,147837,3741.69,0.0
CLOSE_SHORT,3761.03,147857,3741.69,-19.340000000000146
OPEN_LONG,3761.03,147857,3761.03,0.0
CLOSE_LONG,3749.43,147883,3761.03,-11.600000000000364
OPEN_SHORT,3749.43,147883,3749.43,0.0
CLOSE_SHORT,3731.96,147888,3749.43,17.4699999999998
OPEN_LONG,3731.96,147888,3731.96,0.0
CLOSE_LONG,3728.49,147895,3731.96,-3.4700000000002547
OPEN_SHORT,3728.49,147895,3728.49,0.0
CLOSE_SHORT,3720.89,147906,3728.49,7.599999999999909
OPEN_LONG,3720.89,147906,3720.89,0.0
CLOSE_LONG,3728.15,147917,3720.89,7.260000000000218
OPEN_SHORT,3728.15,147917,3728.15,0.0
CLOSE_SHORT,3716.57,147930,3728.15,11.579999999999927
OPEN_LONG,3716.57,147930,3716.57,0.0
CLOSE_LONG,3725.3,147939,3716.57,8.730000000000018
OPEN_SHORT,3725.3,147939,3725.3,0.0
CLOSE_SHORT,3711.98,147948,3725.3,13.320000000000164
OPEN_LONG,3711.98,147948,3711.98,0.0
CLOSE_LONG,3696.79,147957,3711.98,-15.190000000000055
OPEN_SHORT,3696.79,147957,3696.79,0.0
CLOSE_SHORT,3700.53,147968,3696.79,-3.7400000000002365
OPEN_LONG,3700.53,147968,3700.53,0.0
CLOSE_LONG,3694.81,147977,3700.53,-5.720000000000255
OPEN_SHORT,3694.81,147977,3694.81,0.0
CLOSE_SHORT,3699.29,148002,3694.81,-4.480000000000018
OPEN_LONG,3699.29,148002,3699.29,0.0
CLOSE_LONG,3719.38,148006,3699.29,20.090000000000146
OPEN_SHORT,3719.38,148006,3719.38,0.0
CLOSE_SHORT,3767.32,148090,3719.38,-47.940000000000055
OPEN_LONG,3767.32,148090,3767.32,0.0
CLOSE_LONG,3771.88,148130,3767.32,4.559999999999945
OPEN_SHORT,3771.88,148130,3771.88,0.0
CLOSE_SHORT,3784.65,148192,3771.88,-12.769999999999982
OPEN_LONG,3784.65,148192,3784.65,0.0
CLOSE_LONG,3794.6,148200,3784.65,9.949999999999818
OPEN_SHORT,3794.6,148200,3794.6,0.0
CLOSE_SHORT,3795.79,148215,3794.6,-1.1900000000000546
OPEN_LONG,3795.79,148215,3795.79,0.0
CLOSE_LONG,3804.99,148224,3795.79,9.199999999999818
OPEN_SHORT,3804.99,148224,3804.99,0.0
CLOSE_SHORT,3825.61,148274,3804.99,-20.620000000000346
OPEN_LONG,3825.61,148274,3825.61,0.0
CLOSE_LONG,3842.17,148278,3825.61,16.559999999999945
OPEN_SHORT,3842.17,148278,3842.17,0.0
CLOSE_SHORT,3843.89,148302,3842.17,-1.7199999999998
OPEN_LONG,3843.89,148302,3843.89,0.0
CLOSE_LONG,3845.28,148321,3843.89,1.3900000000003274
OPEN_SHORT,3845.28,148321,3845.28,0.0
CLOSE_SHORT,3828.08,148343,3845.28,17.200000000000273
OPEN_LONG,3828.08,148343,3828.08,0.0
CLOSE_LONG,3834.1,148349,3828.08,6.019999999999982
OPEN_SHORT,3834.1,148349,3834.1,0.0
CLOSE_SHORT,3827.39,148369,3834.1,6.710000000000036
OPEN_LONG,3827.39,148369,3827.39,0.0
CLOSE_LONG,3818.01,148384,3827.39,-9.379999999999654
OPEN_SHORT,3818.01,148384,3818.01,0.0
CLOSE_SHORT,3814.12,148392,3818.01,3.8900000000003274
OPEN_LONG,3814.12,148392,3814.12,0.0
CLOSE_LONG,3827.21,148399,3814.12,13.090000000000146
OPEN_SHORT,3827.21,148399,3827.21,0.0
CLOSE_SHORT,3826.08,148417,3827.21,1.1300000000001091
OPEN_LONG,3826.08,148417,3826.08,0.0
CLOSE_LONG,3830.19,148428,3826.08,4.110000000000127
OPEN_SHORT,3830.19,148428,3830.19,0.0
CLOSE_SHORT,3818.09,148432,3830.19,12.099999999999909
OPEN_LONG,3818.09,148432,3818.09,0.0
CLOSE_LONG,3839.35,148459,3818.09,21.259999999999764
OPEN_SHORT,3839.35,148459,3839.35,0.0
CLOSE_SHORT,3853.19,148468,3839.35,-13.840000000000146
OPEN_LONG,3853.19,148468,3853.19,0.0
CLOSE_LONG,3864.63,148473,3853.19,11.440000000000055
OPEN_SHORT,3864.63,148473,3864.63,0.0
CLOSE_SHORT,3858.79,148480,3864.63,5.8400000000001455
OPEN_LONG,3858.79,148480,3858.79,0.0
CLOSE_LONG,3870.0,148492,3858.79,11.210000000000036
OPEN_SHORT,3870.0,148492,3870.0,0.0
CLOSE_SHORT,3853.34,148513,3870.0,16.659999999999854
OPEN_LONG,3853.34,148513,3853.34,0.0
CLOSE_LONG,3858.06,148522,3853.34,4.7199999999998
OPEN_SHORT,3858.06,148522,3858.06,0.0
CLOSE_SHORT,3837.18,148579,3858.06,20.88000000000011
OPEN_LONG,3837.18,148579,3837.18,0.0
CLOSE_LONG,3835.4,148643,3837.18,-1.7799999999997453
OPEN_SHORT,3835.4,148643,3835.4,0.0
CLOSE_SHORT,3830.51,148669,3835.4,4.889999999999873
OPEN_LONG,3830.51,148669,3830.51,0.0
CLOSE_LONG,3828.07,148688,3830.51,-2.4400000000000546
OPEN_SHORT,3828.07,148688,3828.07,0.0
CLOSE_SHORT,3820.79,148704,3828.07,7.2800000000002
OPEN_LONG,3820.79,148704,3820.79,0.0
CLOSE_LONG,3829.74,148711,3820.79,8.949999999999818
OPEN_SHORT,3829.74,148711,3829.74,0.0
CLOSE_SHORT,3846.86,148759,3829.74,-17.120000000000346
OPEN_LONG,3846.86,148759,3846.86,0.0
CLOSE_LONG,3852.01,148763,3846.86,5.150000000000091
OPEN_SHORT,3852.01,148763,3852.01,0.0
CLOSE_SHORT,3833.24,148870,3852.01,18.770000000000437
OPEN_LONG,3833.24,148870,3833.24,0.0
CLOSE_LONG,3855.25,148920,3833.24,22.01000000000022
OPEN_SHORT,3855.25,148920,3855.25,0.0
CLOSE_SHORT,3871.15,148939,3855.25,-15.900000000000091
OPEN_LONG,3871.15,148939,3871.15,0.0
CLOSE_LONG,3873.99,148948,3871.15,2.8399999999996908
OPEN_SHORT,3873.99,148948,3873.99,0.0
CLOSE_SHORT,3869.22,148957,3873.99,4.769999999999982
OPEN_LONG,3869.22,148957,3869.22,0.0
CLOSE_LONG,3875.57,148965,3869.22,6.350000000000364
OPEN_SHORT,3875.57,148965,3875.57,0.0
CLOSE_SHORT,3858.49,148969,3875.57,17.080000000000382
OPEN_LONG,3858.49,148969,3858.49,0.0
CLOSE_LONG,3851.19,149004,3858.49,-7.299999999999727
OPEN_SHORT,3851.19,149004,3851.19,0.0
CLOSE_SHORT,3854.04,149017,3851.19,-2.849999999999909
OPEN_LONG,3854.04,149017,3854.04,0.0
CLOSE_LONG,3847.33,149038,3854.04,-6.710000000000036
OPEN_SHORT,3847.33,149038,3847.33,0.0
CLOSE_SHORT,3844.8,149055,3847.33,2.5299999999997453
OPEN_LONG,3844.8,149055,3844.8,0.0
CLOSE_LONG,3863.44,149057,3844.8,18.639999999999873
OPEN_SHORT,3863.44,149057,3863.44,0.0
CLOSE_SHORT,3852.15,149062,3863.44,11.289999999999964
OPEN_LONG,3852.15,149062,3852.15,0.0
CLOSE_LONG,3854.61,149076,3852.15,2.4600000000000364
OPEN_SHORT,3854.61,149076,3854.61,0.0
CLOSE_SHORT,3857.51,149112,3854.61,-2.900000000000091
OPEN_LONG,3857.51,149112,3857.51,0.0
CLOSE_LONG,3873.92,149120,3857.51,16.409999999999854
OPEN_SHORT,3873.92,149120,3873.92,0.0
CLOSE_SHORT,3868.13,149134,3873.92,5.789999999999964
OPEN_LONG,3868.13,149134,3868.13,0.0
CLOSE_LONG,3866.32,149155,3868.13,-1.8099999999999454
OPEN_SHORT,3866.32,149155,3866.32,0.0
CLOSE_SHORT,3848.85,149180,3866.32,17.470000000000255
OPEN_LONG,3848.85,149180,3848.85,0.0
CLOSE_LONG,3855.79,149195,3848.85,6.940000000000055
OPEN_SHORT,3855.79,149195,3855.79,0.0
CLOSE_SHORT,3849.73,149212,3855.79,6.059999999999945
OPEN_LONG,3849.73,149212,3849.73,0.0
CLOSE_LONG,3820.13,149234,3849.73,-29.59999999999991
OPEN_SHORT,3820.13,149234,3820.13,0.0
CLOSE_SHORT,3807.23,149249,3820.13,12.900000000000091
OPEN_LONG,3807.23,149249,3807.23,0.0
CLOSE_LONG,3815.09,149254,3807.23,7.860000000000127
OPEN_SHORT,3815.09,149254,3815.09,0.0
CLOSE_SHORT,3817.35,149264,3815.09,-2.2599999999997635
OPEN_LONG,3817.35,149264,3817.35,0.0
CLOSE_LONG,3818.86,149272,3817.35,1.5100000000002183
OPEN_SHORT,3818.86,149272,3818.86,0.0
CLOSE_SHORT,3816.57,149309,3818.86,2.2899999999999636
OPEN_LONG,3816.57,149309,3816.57,0.0
CLOSE_LONG,3825.94,149314,3816.57,9.36999999999989
OPEN_SHORT,3825.94,149314,3825.94,0.0
CLOSE_SHORT,3811.06,149325,3825.94,14.88000000000011
OPEN_LONG,3811.06,149325,3811.06,0.0
CLOSE_LONG,3840.06,149328,3811.06,29.0
OPEN_SHORT,3840.06,149328,3840.06,0.0
CLOSE_SHORT,3848.54,149338,3840.06,-8.480000000000018
OPEN_LONG,3848.54,149338,3848.54,0.0
CLOSE_LONG,3843.02,149359,3848.54,-5.519999999999982
OPEN_SHORT,3843.02,149359,3843.02,0.0
CLOSE_SHORT,3885.11,149389,3843.02,-42.090000000000146
OPEN_LONG,3885.11,149389,3885.11,0.0
CLOSE_LONG,3891.06,149395,3885.11,5.949999999999818
OPEN_SHORT,3891.06,149395,3891.06,0.0
CLOSE_SHORT,3886.67,149406,3891.06,4.389999999999873
OPEN_LONG,3886.67,149406,3886.67,0.0
CLOSE_LONG,3881.12,149420,3886.67,-5.550000000000182
OPEN_SHORT,3881.12,149420,3881.12,0.0
CLOSE_SHORT,3864.6,149461,3881.12,16.519999999999982
OPEN_LONG,3864.6,149461,3864.6,0.0
CLOSE_LONG,3848.35,149490,3864.6,-16.25
OPEN_SHORT,3848.35,149490,3848.35,0.0
CLOSE_SHORT,3853.5,149554,3848.35,-5.150000000000091
OPEN_LONG,3853.5,149554,3853.5,0.0
CLOSE_LONG,3838.23,149678,3853.5,-15.269999999999982
OPEN_SHORT,3838.23,149678,3838.23,0.0
CLOSE_SHORT,3837.56,149806,3838.23,0.6700000000000728
OPEN_LONG,3837.56,149806,3837.56,0.0
CLOSE_LONG,3853.27,149847,3837.56,15.710000000000036
OPEN_SHORT,3853.27,149847,3853.27,0.0
CLOSE_SHORT,3859.66,150472,3853.27,-6.389999999999873
OPEN_LONG,3859.66,150472,3859.66,0.0
CLOSE_LONG,3868.3,150525,3859.66,8.640000000000327
OPEN_SHORT,3868.3,150525,3868.3,0.0
CLOSE_SHORT,3879.57,150670,3868.3,-11.269999999999982
OPEN_LONG,3879.57,150670,3879.57,0.0
CLOSE_LONG,3865.6,151162,3879.57,-13.970000000000255
OPEN_SHORT,3865.6,151162,3865.6,0.0
CLOSE_SHORT,3894.18,151411,3865.6,-28.579999999999927
OPEN_LONG,3894.18,151411,3894.18,0.0
CLOSE_LONG,3903.82,151494,3894.18,9.640000000000327
OPEN_SHORT,3903.82,151494,3903.82,0.0
CLOSE_SHORT,3892.01,151514,3903.82,11.809999999999945
OPEN_LONG,3892.01,151514,3892.01,0.0
CLOSE_LONG,3911.15,151562,3892.01,19.139999999999873
OPEN_SHORT,3911.15,151562,3911.15,0.0
CLOSE_SHORT,3904.87,151567,3911.15,6.2800000000002
OPEN_LONG,3904.87,151567,3904.87,0.0
CLOSE_LONG,3865.53,151699,3904.87,-39.33999999999969
OPEN_SHORT,3865.53,151699,3865.53,0.0
CLOSE_SHORT,3879.5,151830,3865.53,-13.9699999999998
OPEN_LONG,3879.5,151830,3879.5,0.0
CLOSE_LONG,3847.2,151961,3879.5,-32.30000000000018
OPEN_SHORT,3847.2,151961,3847.2,0.0
CLOSE_SHORT,3843.6,151975,3847.2,3.599999999999909
OPEN_LONG,3843.6,151975,3843.6,0.0
CLOSE_LONG,3855.1,151980,3843.6,11.5
OPEN_SHORT,3855.1,151980,3855.1,0.0
CLOSE_SHORT,3846.01,151989,3855.1,9.08999999999969
OPEN_LONG,3846.01,151989,3846.01,0.0
CLOSE_LONG,3857.24,151997,3846.01,11.229999999999563
OPEN_SHORT,3857.24,151997,3857.24,0.0
CLOSE_SHORT,3838.82,152063,3857.24,18.419999999999618
OPEN_LONG,3838.82,152063,3838.82,0.0
CLOSE_LONG,3850.0,152068,3838.82,11.179999999999836
OPEN_SHORT,3850.0,152068,3850.0,0.0
CLOSE_SHORT,3841.86,152265,3850.0,8.139999999999873
OPEN_LONG,3841.86,152265,3841.86,0.0
CLOSE_LONG,3854.21,152283,3841.86,12.349999999999909
OPEN_SHORT,3854.21,152283,3854.21,0.0
CLOSE_SHORT,3848.61,152299,3854.21,5.599999999999909
OPEN_LONG,3848.61,152299,3848.61,0.0
CLOSE_LONG,3856.24,152339,3848.61,7.629999999999654
OPEN_SHORT,3856.24,152339,3856.24,0.0
CLOSE_SHORT,3843.63,152442,3856.24,12.609999999999673
OPEN_LONG,3843.63,152442,3843.63,0.0
CLOSE_LONG,3859.06,152468,3843.63,15.429999999999836
OPEN_SHORT,3859.06,152468,3859.06,0.0
CLOSE_SHORT,3901.32,152528,3859.06,-42.26000000000022
OPEN_LONG,3901.32,152528,3901.32,0.0
CLOSE_LONG,3908.97,152535,3901.32,7.649999999999636
OPEN_SHORT,3908.97,152535,3908.97,0.0
CLOSE_SHORT,3902.0,152549,3908.97,6.9699999999998
OPEN_LONG,3902.0,152549,3902.0,0.0
CLOSE_LONG,3848.72,152619,3902.0,-53.2800000000002
OPEN_SHORT,3848.72,152619,3848.72,0.0
CLOSE_SHORT,3834.38,152623,3848.72,14.33999999999969
OPEN_LONG,3834.38,152623,3834.38,0.0
CLOSE_LONG,3799.74,152699,3834.38,-34.64000000000033
OPEN_SHORT,3799.74,152699,3799.74,0.0
CLOSE_SHORT,3797.0,152707,3799.74,2.7399999999997817
OPEN_LONG,3797.0,152707,3797.0,0.0
CLOSE_LONG,3803.15,152712,3797.0,6.150000000000091
OPEN_SHORT,3803.15,152712,3803.15,0.0
CLOSE_SHORT,3792.3,152717,3803.15,10.849999999999909
OPEN_LONG,3792.3,152717,3792.3,0.0
CLOSE_LONG,3766.43,152726,3792.3,-25.870000000000346
OPEN_SHORT,3766.43,152726,3766.43,0.0
CLOSE_SHORT,3748.36,152729,3766.43,18.06999999999971
OPEN_LONG,3748.36,152729,3748.36,0.0
CLOSE_LONG,3753.31,152743,3748.36,4.949999999999818
OPEN_SHORT,3753.31,152743,3753.31,0.0
CLOSE_SHORT,3737.86,152753,3753.31,15.449999999999818
OPEN_LONG,3737.86,152753,3737.86,0.0
CLOSE_LONG,3719.44,152779,3737.86,-18.420000000000073
OPEN_SHORT,3719.44,152779,3719.44,0.0
CLOSE_SHORT,3726.73,152812,3719.44,-7.289999999999964
OPEN_LONG,3726.73,152812,3726.73,0.0
CLOSE_LONG,3734.42,152817,3726.73,7.690000000000055
OPEN_SHORT,3734.42,152817,3734.42,0.0
CLOSE_SHORT,3748.12,152847,3734.42,-13.699999999999818
OPEN_LONG,3748.12,152847,3748.12,0.0
CLOSE_LONG,3755.75,152856,3748.12,7.630000000000109
OPEN_SHORT,3755.75,152856,3755.75,0.0
CLOSE_SHORT,3743.23,152864,3755.75,12.519999999999982
OPEN_LONG,3743.23,152864,3743.23,0.0
CLOSE_LONG,3733.21,152890,3743.23,-10.019999999999982
OPEN_SHORT,3733.21,152890,3733.21,0.0
CLOSE_SHORT,3724.65,152898,3733.21,8.559999999999945
OPEN_LONG,3724.65,152898,3724.65,0.0
CLOSE_LONG,3727.04,152905,3724.65,2.3899999999998727
OPEN_SHORT,3727.04,152905,3727.04,0.0
CLOSE_SHORT,3715.25,152928,3727.04,11.789999999999964
OPEN_LONG,3715.25,152928,3715.25,0.0
CLOSE_LONG,3707.62,152938,3715.25,-7.630000000000109
OPEN_SHORT,3707.62,152938,3707.62,0.0
CLOSE_SHORT,3715.32,152989,3707.62,-7.700000000000273
OPEN_LONG,3715.32,152989,3715.32,0.0
CLOSE_LONG,3714.94,152998,3715.32,-0.38000000000010914
OPEN_SHORT,3714.94,152998,3714.94,0.0
CLOSE_SHORT,3703.92,153028,3714.94,11.019999999999982
OPEN_LONG,3703.92,153028,3703.92,0.0
CLOSE_LONG,3696.98,153051,3703.92,-6.940000000000055
OPEN_SHORT,3696.98,153051,3696.98,0.0
CLOSE_SHORT,3688.73,153056,3696.98,8.25
OPEN_LONG,3688.73,153056,3688.73,0.0
CLOSE_LONG,3704.0,153057,3688.73,15.269999999999982
OPEN_SHORT,3704.0,153057,3704.0,0.0
CLOSE_SHORT,3723.96,153086,3704.0,-19.960000000000036
OPEN_LONG,3723.96,153086,3723.96,0.0
CLOSE_LONG,3714.66,153097,3723.96,-9.300000000000182
OPEN_SHORT,3714.66,153097,3714.66,0.0
CLOSE_SHORT,3705.13,153160,3714.66,9.529999999999745
OPEN_LONG,3705.13,153160,3705.13,0.0
CLOSE_LONG,3703.32,153190,3705.13,-1.8099999999999454
OPEN_SHORT,3703.32,153190,3703.32,0.0
CLOSE_SHORT,3696.13,153209,3703.32,7.190000000000055
OPEN_LONG,3696.13,153209,3696.13,0.0
CLOSE_LONG,3702.96,153215,3696.13,6.829999999999927
OPEN_SHORT,3702.96,153215,3702.96,0.0
CLOSE_SHORT,3694.68,153223,3702.96,8.2800000000002
OPEN_LONG,3694.68,153223,3694.68,0.0
CLOSE_LONG,3706.49,153227,3694.68,11.809999999999945
OPEN_SHORT,3706.49,153227,3706.49,0.0
CLOSE_SHORT,3697.22,153315,3706.49,9.269999999999982
OPEN_LONG,3697.22,153315,3697.22,0.0
CLOSE_LONG,3708.27,153332,3697.22,11.050000000000182
OPEN_SHORT,3708.27,153332,3708.27,0.0
CLOSE_SHORT,3713.04,153350,3708.27,-4.769999999999982
OPEN_LONG,3713.04,153350,3713.04,0.0
CLOSE_LONG,3725.81,153362,3713.04,12.769999999999982
OPEN_SHORT,3725.81,153362,3725.81,0.0
CLOSE_SHORT,3726.77,153380,3725.81,-0.9600000000000364
OPEN_LONG,3726.77,153380,3726.77,0.0
CLOSE_LONG,3722.73,153405,3726.77,-4.039999999999964
OPEN_SHORT,3722.73,153405,3722.73,0.0
CLOSE_SHORT,3711.62,153410,3722.73,11.110000000000127
OPEN_LONG,3711.62,153410,3711.62,0.0
CLOSE_LONG,3720.33,153413,3711.62,8.710000000000036
OPEN_SHORT,3720.33,153413,3720.33,0.0
CLOSE_SHORT,3724.04,153428,3720.33,-3.7100000000000364
OPEN_LONG,3724.04,153428,3724.04,0.0
CLOSE_LONG,3619.77,153462,3724.04,-104.26999999999998
OPEN_SHORT,3619.77,153462,3619.77,0.0
CLOSE_SHORT,3609.02,153468,3619.77,10.75
OPEN_LONG,3609.02,153468,3609.02,0.0
CLOSE_LONG,3595.6,153480,3609.02,-13.420000000000073
OPEN_SHORT,3595.6,153480,3595.6,0.0
CLOSE_SHORT,3585.18,153487,3595.6,10.420000000000073
OPEN_LONG,3585.18,153487,3585.18,0.0
CLOSE_LONG,3578.31,153496,3585.18,-6.869999999999891
OPEN_SHORT,3578.31,153496,3578.31,0.0
CLOSE_SHORT,3609.42,153515,3578.31,-31.110000000000127
OPEN_LONG,3609.42,153515,3609.42,0.0
CLOSE_LONG,3607.97,153527,3609.42,-1.4500000000002728
OPEN_SHORT,3607.97,153527,3607.97,0.0
CLOSE_SHORT,3639.6,153573,3607.97,-31.63000000000011
OPEN_LONG,3639.6,153573,3639.6,0.0
CLOSE_LONG,3644.68,153578,3639.6,5.079999999999927
OPEN_SHORT,3644.68,153578,3644.68,0.0
CLOSE_SHORT,3659.85,153599,3644.68,-15.170000000000073
OPEN_LONG,3659.85,153599,3659.85,0.0
CLOSE_LONG,3664.45,153606,3659.85,4.599999999999909
OPEN_SHORT,3664.45,153606,3664.45,0.0
CLOSE_SHORT,3658.83,153615,3664.45,5.619999999999891
OPEN_LONG,3658.83,153615,3658.83,0.0
CLOSE_LONG,3663.88,153629,3658.83,5.050000000000182
OPEN_SHORT,3663.88,153629,3663.88,0.0
CLOSE_SHORT,3653.77,153634,3663.88,10.110000000000127
OPEN_LONG,3653.77,153634,3653.77,0.0
CLOSE_LONG,3643.53,153655,3653.77,-10.239999999999782
OPEN_SHORT,3643.53,153655,3643.53,0.0
CLOSE_SHORT,3620.93,153669,3643.53,22.600000000000364
OPEN_LONG,3620.93,153669,3620.93,0.0
CLOSE_LONG,3626.55,153674,3620.93,5.620000000000346
OPEN_SHORT,3626.55,153674,3626.55,0.0
CLOSE_SHORT,3629.88,153719,3626.55,-3.3299999999999272
OPEN_LONG,3629.88,153719,3629.88,0.0
CLOSE_LONG,3609.43,153747,3629.88,-20.450000000000273
OPEN_SHORT,3609.43,153747,3609.43,0.0
CLOSE_SHORT,3595.6,153751,3609.43,13.829999999999927
OPEN_LONG,3595.6,153751,3595.6,0.0
CLOSE_LONG,3612.22,153757,3595.6,16.61999999999989
OPEN_SHORT,3612.22,153757,3612.22,0.0
CLOSE_SHORT,3597.76,153762,3612.22,14.459999999999582
OPEN_LONG,3597.76,153762,3597.76,0.0
CLOSE_LONG,3586.5,153786,3597.76,-11.260000000000218
OPEN_SHORT,3586.5,153786,3586.5,0.0
CLOSE_SHORT,3595.6,153794,3586.5,-9.099999999999909
OPEN_LONG,3595.6,153794,3595.6,0.0
CLOSE_LONG,3595.0,153809,3595.6,-0.599999999999909
OPEN_SHORT,3595.0,153809,3595.0,0.0
CLOSE_SHORT,3575.56,153814,3595.0,19.440000000000055
OPEN_LONG,3575.56,153814,3575.56,0.0
CLOSE_LONG,3587.85,153817,3575.56,12.289999999999964
OPEN_SHORT,3587.85,153817,3587.85,0.0
CLOSE_SHORT,3589.85,153851,3587.85,-2.0
OPEN_LONG,3589.85,153851,3589.85,0.0
CLOSE_LONG,3595.8,153855,3589.85,5.950000000000273
OPEN_SHORT,3595.8,153855,3595.8,0.0
CLOSE_SHORT,3586.24,153872,3595.8,9.5600000000004
OPEN_LONG,3586.24,153872,3586.24,0.0
CLOSE_LONG,3572.45,153882,3586.24,-13.789999999999964
OPEN_SHORT,3572.45,153882,3572.45,0.0
CLOSE_SHORT,3583.58,153902,3572.45,-11.13000000000011
OPEN_LONG,3583.58,153902,3583.58,0.0
CLOSE_LONG,3572.79,153914,3583.58,-10.789999999999964
OPEN_SHORT,3572.79,153914,3572.79,0.0
CLOSE_SHORT,3582.54,153988,3572.79,-9.75
OPEN_LONG,3582.54,153988,3582.54,0.0
CLOSE_LONG,3580.0,153998,3582.54,-2.5399999999999636
OPEN_SHORT,3580.0,153998,3580.0,0.0
CLOSE_SHORT,3617.73,154020,3580.0,-37.73000000000002
OPEN_LONG,3617.73,154020,3617.73,0.0
CLOSE_LONG,3619.1,154027,3617.73,1.3699999999998909
OPEN_SHORT,3619.1,154027,3619.1,0.0
CLOSE_SHORT,3607.4,154031,3619.1,11.699999999999818
OPEN_LONG,3607.4,154031,3607.4,0.0
CLOSE_LONG,3618.6,154035,3607.4,11.199999999999818
OPEN_SHORT,3618.6,154035,3618.6,0.0
CLOSE_SHORT,3629.18,154052,3618.6,-10.579999999999927
OPEN_LONG,3629.18,154052,3629.18,0.0
CLOSE_LONG,3634.08,154059,3629.18,4.900000000000091
OPEN_SHORT,3634.08,154059,3634.08,0.0
CLOSE_SHORT,3633.06,154075,3634.08,1.0199999999999818
OPEN_LONG,3633.06,154075,3633.06,0.0
CLOSE_LONG,3640.84,154080,3633.06,7.7800000000002
OPEN_SHORT,3640.84,154080,3640.84,0.0
CLOSE_SHORT,3635.49,154087,3640.84,5.350000000000364
OPEN_LONG,3635.49,154087,3635.49,0.0
CLOSE_LONG,3641.02,154095,3635.49,5.5300000000002
OPEN_SHORT,3641.02,154095,3641.02,0.0
CLOSE_SHORT,3633.6,154114,3641.02,7.420000000000073
OPEN_LONG,3633.6,154114,3633.6,0.0
CLOSE_LONG,3629.1,154140,3633.6,-4.5
OPEN_SHORT,3629.1,154140,3629.1,0.0
CLOSE_SHORT,3624.32,154151,3629.1,4.779999999999745
OPEN_LONG,3624.32,154151,3624.32,0.0
CLOSE_LONG,3633.3,154157,3624.32,8.980000000000018
OPEN_SHORT,3633.3,154157,3633.3,0.0
CLOSE_SHORT,3638.5,154166,3633.3,-5.199999999999818
OPEN_LONG,3638.5,154166,3638.5,0.0
CLOSE_LONG,3646.48,154173,3638.5,7.980000000000018
OPEN_SHORT,3646.48,154173,3646.48,0.0
CLOSE_SHORT,3638.16,154178,3646.48,8.320000000000164
OPEN_LONG,3638.16,154178,3638.16,0.0
CLOSE_LONG,3649.2,154183,3638.16,11.039999999999964
OPEN_SHORT,3649.2,154183,3649.2,0.0
CLOSE_SHORT,3631.19,154241,3649.2,18.009999999999764
OPEN_LONG,3631.19,154241,3631.19,0.0
CLOSE_LONG,3531.15,154302,3631.19,-100.03999999999996
OPEN_SHORT,3531.15,154302,3531.15,0.0
CLOSE_SHORT,3530.4,154308,3531.15,0.75
OPEN_LONG,3530.4,154308,3530.4,0.0
CLOSE_LONG,3500.37,154327,3530.4,-30.0300000000002
OPEN_SHORT,3500.37,154327,3500.37,0.0
CLOSE_SHORT,3477.59,154334,3500.37,22.779999999999745
OPEN_LONG,3477.59,154334,3477.59,0.0
CLOSE_LONG,3500.89,154339,3477.59,23.299999999999727
OPEN_SHORT,3500.89,154339,3500.89,0.0
CLOSE_SHORT,3537.98,154348,3500.89,-37.090000000000146
OPEN_LONG,3537.98,154348,3537.98,0.0
CLOSE_LONG,3531.49,154355,3537.98,-6.4900000000002365
OPEN_SHORT,3531.49,154355,3531.49,0.0
CLOSE_SHORT,3519.36,154359,3531.49,12.129999999999654
OPEN_LONG,3519.36,154359,3519.36,0.0
CLOSE_LONG,3510.01,154379,3519.36,-9.349999999999909
OPEN_SHORT,3510.01,154379,3510.01,0.0
CLOSE_SHORT,3483.84,154389,3510.01,26.170000000000073
OPEN_LONG,3483.84,154389,3483.84,0.0
CLOSE_LONG,3493.2,154394,3483.84,9.359999999999673
OPEN_SHORT,3493.2,154394,3493.2,0.0
CLOSE_SHORT,3497.52,154407,3493.2,-4.320000000000164
OPEN_LONG,3497.52,154407,3497.52,0.0
CLOSE_LONG,3489.01,154419,3497.52,-8.509999999999764
OPEN_SHORT,3489.01,154419,3489.01,0.0
CLOSE_SHORT,3484.09,154428,3489.01,4.920000000000073
OPEN_LONG,3484.09,154428,3484.09,0.0
CLOSE_LONG,3488.97,154438,3484.09,4.879999999999654
OPEN_SHORT,3488.97,154438,3488.97,0.0
CLOSE_SHORT,3481.53,154447,3488.97,7.4399999999996
OPEN_LONG,3481.53,154447,3481.53,0.0
CLOSE_LONG,3480.25,154466,3481.53,-1.2800000000002
OPEN_SHORT,3480.25,154466,3480.25,0.0
CLOSE_SHORT,3485.78,154474,3480.25,-5.5300000000002
OPEN_LONG,3485.78,154474,3485.78,0.0
CLOSE_LONG,3494.53,154476,3485.78,8.75
OPEN_SHORT,3494.53,154476,3494.53,0.0
CLOSE_SHORT,3489.89,154492,3494.53,4.640000000000327
OPEN_LONG,3489.89,154492,3489.89,0.0
CLOSE_LONG,3494.1,154503,3489.89,4.210000000000036
OPEN_SHORT,3494.1,154503,3494.1,0.0
CLOSE_SHORT,3480.97,154528,3494.1,13.13000000000011
OPEN_LONG,3480.97,154528,3480.97,0.0
CLOSE_LONG,3486.03,154532,3480.97,5.0600000000004
OPEN_SHORT,3486.03,154532,3486.03,0.0
CLOSE_SHORT,3485.77,154542,3486.03,0.2600000000002183
OPEN_LONG,3485.77,154542,3485.77,0.0
CLOSE_LONG,3494.67,154547,3485.77,8.900000000000091
OPEN_SHORT,3494.67,154547,3494.67,0.0
CLOSE_SHORT,3487.32,154557,3494.67,7.349999999999909
OPEN_LONG,3487.32,154557,3487.32,0.0
CLOSE_LONG,3490.65,154563,3487.32,3.3299999999999272
OPEN_SHORT,3490.65,154563,3490.65,0.0
CLOSE_SHORT,3480.84,154597,3490.65,9.809999999999945
OPEN_LONG,3480.84,154597,3480.84,0.0
CLOSE_LONG,3488.44,154607,3480.84,7.599999999999909
OPEN_SHORT,3488.44,154607,3488.44,0.0
CLOSE_SHORT,3509.56,154651,3488.44,-21.11999999999989
OPEN_LONG,3509.56,154651,3509.56,0.0
CLOSE_LONG,3516.98,154663,3509.56,7.420000000000073
OPEN_SHORT,3516.98,154663,3516.98,0.0
CLOSE_SHORT,3518.63,154696,3516.98,-1.650000000000091
OPEN_LONG,3518.63,154696,3518.63,0.0
CLOSE_LONG,3506.8,154734,3518.63,-11.829999999999927
OPEN_SHORT,3506.8,154734,3506.8,0.0
CLOSE_SHORT,3506.2,154770,3506.8,0.6000000000003638
OPEN_LONG,3506.2,154770,3506.2,0.0
CLOSE_LONG,3501.51,154778,3506.2,-4.6899999999996
OPEN_SHORT,3501.51,154778,3501.51,0.0
CLOSE_SHORT,3503.87,154806,3501.51,-2.3599999999996726
OPEN_LONG,3503.87,154806,3503.87,0.0
CLOSE_LONG,3509.82,154812,3503.87,5.950000000000273
OPEN_SHORT,3509.82,154812,3509.82,0.0
CLOSE_SHORT,3500.64,154820,3509.82,9.180000000000291
OPEN_LONG,3500.64,154820,3500.64,0.0
CLOSE_LONG,3512.58,154847,3500.64,11.940000000000055
OPEN_SHORT,3512.58,154847,3512.58,0.0
CLOSE_SHORT,3550.87,154872,3512.58,-38.289999999999964
OPEN_LONG,3550.87,154872,3550.87,0.0
CLOSE_LONG,3561.69,154884,3550.87,10.820000000000164
OPEN_SHORT,3561.69,154884,3561.69,0.0
CLOSE_SHORT,3572.01,154890,3561.69,-10.320000000000164
OPEN_LONG,3572.01,154890,3572.01,0.0
CLOSE_LONG,3508.44,154924,3572.01,-63.570000000000164
OPEN_SHORT,3508.44,154924,3508.44,0.0
CLOSE_SHORT,3501.52,154931,3508.44,6.920000000000073
OPEN_LONG,3501.52,154931,3501.52,0.0
CLOSE_LONG,3469.9,154952,3501.52,-31.61999999999989
OPEN_SHORT,3469.9,154952,3469.9,0.0
CLOSE_SHORT,3471.48,154960,3469.9,-1.5799999999999272
OPEN_LONG,3471.48,154960,3471.48,0.0
CLOSE_LONG,3392.3,155003,3471.48,-79.17999999999984
OPEN_SHORT,3392.3,155003,3392.3,0.0
CLOSE_SHORT,3391.61,155012,3392.3,0.6900000000000546
OPEN_LONG,3391.61,155012,3391.61,0.0
CLOSE_LONG,3397.48,155015,3391.61,5.869999999999891
OPEN_SHORT,3397.48,155015,3397.48,0.0
CLOSE_SHORT,3397.4,155025,3397.48,0.07999999999992724
OPEN_LONG,3397.4,155025,3397.4,0.0
CLOSE_LONG,3362.41,155053,3397.4,-34.99000000000024
OPEN_SHORT,3362.41,155053,3362.41,0.0
CLOSE_SHORT,3350.92,155059,3362.41,11.489999999999782
OPEN_LONG,3350.92,155059,3350.92,0.0
CLOSE_LONG,3322.56,155075,3350.92,-28.360000000000127
OPEN_SHORT,3322.56,155075,3322.56,0.0
CLOSE_SHORT,3300.32,155076,3322.56,22.23999999999978
OPEN_LONG,3300.32,155076,3300.32,0.0
CLOSE_LONG,3281.12,155083,3300.32,-19.200000000000273
OPEN_SHORT,3281.12,155083,3281.12,0.0
CLOSE_SHORT,3269.12,155084,3281.12,12.0
OPEN_LONG,3269.12,155084,3269.12,0.0
CLOSE_LONG,3271.23,155085,3269.12,2.1100000000001273
OPEN_SHORT,3271.23,155085,3271.23,0.0
CLOSE_SHORT,3291.11,155092,3271.23,-19.88000000000011
OPEN_LONG,3291.11,155092,3291.11,0.0
CLOSE_LONG,3296.91,155098,3291.11,5.799999999999727
OPEN_SHORT,3296.91,155098,3296.91,0.0
CLOSE_SHORT,3290.82,155110,3296.91,6.089999999999691
OPEN_LONG,3290.82,155110,3290.82,0.0
CLOSE_LONG,3301.37,155118,3290.82,10.549999999999727
OPEN_SHORT,3301.37,155118,3301.37,0.0
CLOSE_SHORT,3294.88,155124,3301.37,6.489999999999782
OPEN_LONG,3294.88,155124,3294.88,0.0
CLOSE_LONG,3306.8,155128,3294.88,11.920000000000073
OPEN_SHORT,3306.8,155128,3306.8,0.0
CLOSE_SHORT,3293.09,155133,3306.8,13.710000000000036
OPEN_LONG,3293.09,155133,3293.09,0.0
CLOSE_LONG,3237.3,155172,3293.09,-55.789999999999964
OPEN_SHORT,3237.3,155172,3237.3,0.0
CLOSE_SHORT,3219.86,155180,3237.3,17.440000000000055
OPEN_LONG,3219.86,155180,3219.86,0.0
CLOSE_LONG,3159.49,155187,3219.86,-60.370000000000346
OPEN_SHORT,3159.49,155187,3159.49,0.0
CLOSE_SHORT,3167.62,155197,3159.49,-8.13000000000011
OPEN_LONG,3167.62,155197,3167.62,0.0
CLOSE_LONG,3187.08,155203,3167.62,19.460000000000036
OPEN_SHORT,3187.08,155203,3187.08,0.0
CLOSE_SHORT,3204.73,155213,3187.08,-17.65000000000009
OPEN_LONG,3204.73,155213,3204.73,0.0
CLOSE_LONG,3191.94,155222,3204.73,-12.789999999999964
OPEN_SHORT,3191.94,155222,3191.94,0.0
CLOSE_SHORT,3194.59,155230,3191.94,-2.650000000000091
OPEN_LONG,3194.59,155230,3194.59,0.0
CLOSE_LONG,3199.5,155238,3194.59,4.9099999999998545
OPEN_SHORT,3199.5,155238,3199.5,0.0
CLOSE_SHORT,3182.66,155240,3199.5,16.840000000000146
OPEN_LONG,3182.66,155240,3182.66,0.0
CLOSE_LONG,3101.57,155264,3182.66,-81.08999999999969
OPEN_SHORT,3101.57,155264,3101.57,0.0
CLOSE_SHORT,3131.79,155276,3101.57,-30.2199999999998
OPEN_LONG,3131.79,155276,3131.79,0.0
CLOSE_LONG,3146.38,155279,3131.79,14.590000000000146
OPEN_SHORT,3146.38,155279,3146.38,0.0
CLOSE_SHORT,3243.6,155310,3146.38,-97.2199999999998
OPEN_LONG,3243.6,155310,3243.6,0.0
CLOSE_LONG,3259.45,155315,3243.6,15.849999999999909
OPEN_SHORT,3259.45,155315,3259.45,0.0
CLOSE_SHORT,3260.99,155324,3259.45,-1.5399999999999636
OPEN_LONG,3260.99,155324,3260.99,0.0
CLOSE_LONG,3245.9,155344,3260.99,-15.08999999999969
OPEN_SHORT,3245.9,155344,3245.9,0.0
CLOSE_SHORT,3267.3,155354,3245.9,-21.40000000000009
OPEN_LONG,3267.3,155354,3267.3,0.0
CLOSE_LONG,3268.71,155360,3267.3,1.4099999999998545
OPEN_SHORT,3268.71,155360,3268.71,0.0
CLOSE_SHORT,3259.59,155365,3268.71,9.11999999999989
OPEN_LONG,3259.59,155365,3259.59,0.0
CLOSE_LONG,3269.75,155369,3259.59,10.159999999999854
OPEN_SHORT,3269.75,155369,3269.75,0.0
CLOSE_SHORT,3284.8,155404,3269.75,-15.050000000000182
OPEN_LONG,3284.8,155404,3284.8,0.0
CLOSE_LONG,3295.7,155407,3284.8,10.899999999999636
OPEN_SHORT,3295.7,155407,3295.7,0.0
CLOSE_SHORT,3271.38,155411,3295.7,24.31999999999971
OPEN_LONG,3271.38,155411,3271.38,0.0
CLOSE_LONG,3280.92,155424,3271.38,9.539999999999964
OPEN_SHORT,3280.92,155424,3280.92,0.0
CLOSE_SHORT,3267.98,155429,3280.92,12.940000000000055
OPEN_LONG,3267.98,155429,3267.98,0.0
CLOSE_LONG,3253.26,155443,3267.98,-14.7199999999998
OPEN_SHORT,3253.26,155443,3253.26,0.0
CLOSE_SHORT,3235.26,155447,3253.26,18.0
OPEN_LONG,3235.26,155447,3235.26,0.0
CLOSE_LONG,3233.33,155454,3235.26,-1.930000000000291
OPEN_SHORT,3233.33,155454,3233.33,0.0
CLOSE_SHORT,3232.44,155466,3233.33,0.8899999999998727
OPEN_LONG,3232.44,155466,3232.44,0.0
CLOSE_LONG,3217.62,155475,3232.44,-14.820000000000164
OPEN_SHORT,3217.62,155475,3217.62,0.0
CLOSE_SHORT,3209.92,155481,3217.62,7.699999999999818
OPEN_LONG,3209.92,155481,3209.92,0.0
CLOSE_LONG,3196.96,155495,3209.92,-12.960000000000036
OPEN_SHORT,3196.96,155495,3196.96,0.0
CLOSE_SHORT,3174.64,155498,3196.96,22.320000000000164
OPEN_LONG,3174.64,155498,3174.64,0.0
CLOSE_LONG,3179.61,155509,3174.64,4.970000000000255
OPEN_SHORT,3179.61,155509,3179.61,0.0
CLOSE_SHORT,3272.11,155536,3179.61,-92.5
OPEN_LONG,3272.11,155536,3272.11,0.0
CLOSE_LONG,3273.89,155543,3272.11,1.7799999999997453
OPEN_SHORT,3273.89,155543,3273.89,0.0
CLOSE_SHORT,3260.25,155551,3273.89,13.639999999999873
OPEN_LONG,3260.25,155551,3260.25,0.0
CLOSE_LONG,3271.17,155556,3260.25,10.920000000000073
OPEN_SHORT,3271.17,155556,3271.17,0.0
CLOSE_SHORT,3313.2,155588,3271.17,-42.029999999999745
OPEN_LONG,3313.2,155588,3313.2,0.0
CLOSE_LONG,3325.36,155590,3313.2,12.16000000000031
OPEN_SHORT,3325.36,155590,3325.36,0.0
CLOSE_SHORT,3319.71,155594,3325.36,5.650000000000091
OPEN_LONG,3319.71,155594,3319.71,0.0
CLOSE_LONG,3321.11,155607,3319.71,1.400000000000091
OPEN_SHORT,3321.11,155607,3321.11,0.0
CLOSE_SHORT,3332.36,155635,3321.11,-11.25
OPEN_LONG,3332.36,155635,3332.36,0.0
CLOSE_LONG,3325.37,155677,3332.36,-6.9900000000002365
OPEN_SHORT,3325.37,155677,3325.37,0.0
CLOSE_SHORT,3324.98,155698,3325.37,0.38999999999987267
OPEN_LONG,3324.98,155698,3324.98,0.0
CLOSE_LONG,3340.75,155711,3324.98,15.769999999999982
OPEN_SHORT,3340.75,155711,3340.75,0.0
CLOSE_SHORT,3340.29,155723,3340.75,0.4600000000000364
OPEN_LONG,3340.29,155723,3340.29,0.0
CLOSE_LONG,3336.64,155735,3340.29,-3.650000000000091
OPEN_SHORT,3336.64,155735,3336.64,0.0
CLOSE_SHORT,3326.97,155741,3336.64,9.670000000000073
OPEN_LONG,3326.97,155741,3326.97,0.0
CLOSE_LONG,3336.84,155746,3326.97,9.870000000000346
OPEN_SHORT,3336.84,155746,3336.84,0.0
CLOSE_SHORT,3328.0,155751,3336.84,8.840000000000146
OPEN_LONG,3328.0,155751,3328.0,0.0
CLOSE_LONG,3332.24,155783,3328.0,4.239999999999782
OPEN_SHORT,3332.24,155783,3332.24,0.0
CLOSE_SHORT,3317.3,155788,3332.24,14.9399999999996
OPEN_LONG,3317.3,155788,3317.3,0.0
CLOSE_LONG,3335.65,155824,3317.3,18.34999999999991
OPEN_SHORT,3335.65,155824,3335.65,0.0
CLOSE_SHORT,3327.13,155829,3335.65,8.519999999999982
OPEN_LONG,3327.13,155829,3327.13,0.0
CLOSE_LONG,3317.87,155852,3327.13,-9.260000000000218
OPEN_SHORT,3317.87,155852,3317.87,0.0
CLOSE_SHORT,3329.01,155884,3317.87,-11.140000000000327
OPEN_LONG,3329.01,155884,3329.01,0.0
CLOSE_LONG,3322.53,155894,3329.01,-6.480000000000018
OPEN_SHORT,3322.53,155894,3322.53,0.0
CLOSE_SHORT,3312.68,155897,3322.53,9.850000000000364
OPEN_LONG,3312.68,155897,3312.68,0.0
CLOSE_LONG,3292.27,155913,3312.68,-20.409999999999854
OPEN_SHORT,3292.27,155913,3292.27,0.0
CLOSE_SHORT,3291.0,155928,3292.27,1.2699999999999818
OPEN_LONG,3291.0,155928,3291.0,0.0
CLOSE_LONG,3305.59,155935,3291.0,14.590000000000146
OPEN_SHORT,3305.59,155935,3305.59,0.0
CLOSE_SHORT,3297.76,155945,3305.59,7.829999999999927
OPEN_LONG,3297.76,155945,3297.76,0.0
CLOSE_LONG,3308.13,155948,3297.76,10.36999999999989
OPEN_SHORT,3308.13,155948,3308.13,0.0
CLOSE_SHORT,3302.85,155957,3308.13,5.2800000000002
OPEN_LONG,3302.85,155957,3302.85,0.0
CLOSE_LONG,3303.35,155969,3302.85,0.5
OPEN_SHORT,3303.35,155969,3303.35,0.0
CLOSE_SHORT,3294.03,155977,3303.35,9.319999999999709
OPEN_LONG,3294.03,155977,3294.03,0.0
CLOSE_LONG,3301.74,155981,3294.03,7.709999999999582
OPEN_SHORT,3301.74,155981,3301.74,0.0
CLOSE_SHORT,3295.94,156005,3301.74,5.799999999999727
OPEN_LONG,3295.94,156005,3295.94,0.0
CLOSE_LONG,3295.41,156028,3295.94,-0.5300000000002001
OPEN_SHORT,3295.41,156028,3295.41,0.0
CLOSE_SHORT,3283.51,156050,3295.41,11.899999999999636
OPEN_LONG,3283.51,156050,3283.51,0.0
CLOSE_LONG,3280.9,156068,3283.51,-2.6100000000001273
OPEN_SHORT,3280.9,156068,3280.9,0.0
CLOSE_SHORT,3336.68,156158,3280.9,-55.779999999999745
OPEN_LONG,3336.68,156158,3336.68,0.0
CLOSE_LONG,3349.36,156167,3336.68,12.680000000000291
OPEN_SHORT,3349.36,156167,3349.36,0.0
CLOSE_SHORT,3340.05,156172,3349.36,9.309999999999945
OPEN_LONG,3340.05,156172,3340.05,0.0
CLOSE_LONG,3341.03,156181,3340.05,0.9800000000000182
OPEN_SHORT,3341.03,156181,3341.03,0.0
CLOSE_SHORT,3336.89,156191,3341.03,4.140000000000327
OPEN_LONG,3336.89,156191,3336.89,0.0
CLOSE_LONG,3335.47,156206,3336.89,-1.4200000000000728
OPEN_SHORT,3335.47,156206,3335.47,0.0
CLOSE_SHORT,3357.75,156243,3335.47,-22.2800000000002
OPEN_LONG,3357.75,156243,3357.75,0.0
CLOSE_LONG,3367.37,156246,3357.75,9.61999999999989
OPEN_SHORT,3367.37,156246,3367.37,0.0
CLOSE_SHORT,3354.85,156252,3367.37,12.519999999999982
OPEN_LONG,3354.85,156252,3354.85,0.0
CLOSE_LONG,3342.27,156274,3354.85,-12.579999999999927
OPEN_SHORT,3342.27,156274,3342.27,0.0
CLOSE_SHORT,3329.17,156277,3342.27,13.099999999999909
OPEN_LONG,3329.17,156277,3329.17,0.0
CLOSE_LONG,3334.19,156283,3329.17,5.019999999999982
OPEN_SHORT,3334.19,156283,3334.19,0.0
CLOSE_SHORT,3343.86,156302,3334.19,-9.670000000000073
OPEN_LONG,3343.86,156302,3343.86,0.0
CLOSE_LONG,3352.85,156310,3343.86,8.989999999999782
OPEN_SHORT,3352.85,156310,3352.85,0.0
CLOSE_SHORT,3351.48,156317,3352.85,1.3699999999998909
OPEN_LONG,3351.48,156317,3351.48,0.0
CLOSE_LONG,3361.5,156320,3351.48,10.019999999999982
OPEN_SHORT,3361.5,156320,3361.5,0.0
CLOSE_SHORT,3347.11,156325,3361.5,14.389999999999873
OPEN_LONG,3347.11,156325,3347.11,0.0
CLOSE_LONG,3355.8,156330,3347.11,8.690000000000055
OPEN_SHORT,3355.8,156330,3355.8,0.0
CLOSE_SHORT,3391.95,156370,3355.8,-36.149999999999636
OPEN_LONG,3391.95,156370,3391.95,0.0
CLOSE_LONG,3376.23,156389,3391.95,-15.7199999999998
OPEN_SHORT,3376.23,156389,3376.23,0.0
CLOSE_SHORT,3420.52,156428,3376.23,-44.289999999999964
OPEN_LONG,3420.52,156428,3420.52,0.0
CLOSE_LONG,3425.02,156443,3420.52,4.5
OPEN_SHORT,3425.02,156443,3425.02,0.0
CLOSE_SHORT,3465.9,156540,3425.02,-40.88000000000011
OPEN_LONG,3465.9,156540,3465.9,0.0
CLOSE_LONG,3461.41,156560,3465.9,-4.4900000000002365
OPEN_SHORT,3461.41,156560,3461.41,0.0
CLOSE_SHORT,3460.52,156590,3461.41,0.8899999999998727
OPEN_LONG,3460.52,156590,3460.52,0.0
CLOSE_LONG,3459.37,156609,3460.52,-1.150000000000091
OPEN_SHORT,3459.37,156609,3459.37,0.0
CLOSE_SHORT,3461.03,156629,3459.37,-1.6600000000003092
OPEN_LONG,3461.03,156629,3461.03,0.0
CLOSE_LONG,3460.21,156639,3461.03,-0.8200000000001637
OPEN_SHORT,3460.21,156639,3460.21,0.0
CLOSE_SHORT,3453.2,156651,3460.21,7.010000000000218
OPEN_LONG,3453.2,156651,3453.2,0.0
CLOSE_LONG,3441.2,156686,3453.2,-12.0
OPEN_SHORT,3441.2,156686,3441.2,0.0
CLOSE_SHORT,3431.28,156691,3441.2,9.919999999999618
OPEN_LONG,3431.28,156691,3431.28,0.0
CLOSE_LONG,3425.97,156758,3431.28,-5.3100000000004
OPEN_SHORT,3425.97,156758,3425.97,0.0
CLOSE_SHORT,3415.6,156789,3425.97,10.36999999999989
OPEN_LONG,3415.6,156789,3415.6,0.0
CLOSE_LONG,3422.07,156794,3415.6,6.470000000000255
OPEN_SHORT,3422.07,156794,3422.07,0.0
CLOSE_SHORT,3408.37,156846,3422.07,13.700000000000273
OPEN_LONG,3408.37,156846,3408.37,0.0
CLOSE_LONG,3408.74,156853,3408.37,0.36999999999989086
OPEN_SHORT,3408.74,156853,3408.74,0.0
CLOSE_SHORT,3401.82,156865,3408.74,6.919999999999618
OPEN_LONG,3401.82,156865,3401.82,0.0
CLOSE_LONG,3403.0,156872,3401.82,1.1799999999998363
OPEN_SHORT,3403.0,156872,3403.0,0.0
CLOSE_SHORT,3395.77,156908,3403.0,7.230000000000018
OPEN_LONG,3395.77,156908,3395.77,0.0
CLOSE_LONG,3378.76,156931,3395.77,-17.009999999999764
OPEN_SHORT,3378.76,156931,3378.76,0.0
CLOSE_SHORT,3397.0,156976,3378.76,-18.23999999999978
OPEN_LONG,3397.0,156976,3397.0,0.0
CLOSE_LONG,3402.69,156981,3397.0,5.690000000000055
OPEN_SHORT,3402.69,156981,3402.69,0.0
CLOSE_SHORT,3391.99,156987,3402.69,10.700000000000273
OPEN_LONG,3391.99,156987,3391.99,0.0
CLOSE_LONG,3398.44,156993,3391.99,6.450000000000273
OPEN_SHORT,3398.44,156993,3398.44,0.0
CLOSE_SHORT,3420.14,157017,3398.44,-21.699999999999818
OPEN_LONG,3420.14,157017,3420.14,0.0
CLOSE_LONG,3431.02,157027,3420.14,10.88000000000011
OPEN_SHORT,3431.02,157027,3431.02,0.0
CLOSE_SHORT,3440.31,157046,3431.02,-9.289999999999964
OPEN_LONG,3440.31,157046,3440.31,0.0
CLOSE_LONG,3439.7,157061,3440.31,-0.6100000000001273
OPEN_SHORT,3439.7,157061,3439.7,0.0
CLOSE_SHORT,3441.51,157148,3439.7,-1.8100000000004002
OPEN_LONG,3441.51,157148,3441.51,0.0
CLOSE_LONG,3421.86,157165,3441.51,-19.65000000000009
OPEN_SHORT,3421.86,157165,3421.86,0.0
CLOSE_SHORT,3411.39,157170,3421.86,10.470000000000255
OPEN_LONG,3411.39,157170,3411.39,0.0
CLOSE_LONG,3388.3,157270,3411.39,-23.08999999999969
OPEN_SHORT,3388.3,157270,3388.3,0.0
CLOSE_SHORT,3377.99,157278,3388.3,10.3100000000004
OPEN_LONG,3377.99,157278,3377.99,0.0
CLOSE_LONG,3373.47,157285,3377.99,-4.519999999999982
OPEN_SHORT,3373.47,157285,3373.47,0.0
CLOSE_SHORT,3371.35,157296,3373.47,2.119999999999891
OPEN_LONG,3371.35,157296,3371.35,0.0
CLOSE_LONG,3377.85,157314,3371.35,6.5
OPEN_SHORT,3377.85,157314,3377.85,0.0
CLOSE_SHORT,3374.94,157386,3377.85,2.9099999999998545
OPEN_LONG,3374.94,157386,3374.94,0.0
CLOSE_LONG,3381.3,157392,3374.94,6.360000000000127
OPEN_SHORT,3381.3,157392,3381.3,0.0
CLOSE_SHORT,3378.3,157433,3381.3,3.0
OPEN_LONG,3378.3,157433,3378.3,0.0
CLOSE_LONG,3384.65,157438,3378.3,6.349999999999909
OPEN_SHORT,3384.65,157438,3384.65,0.0
CLOSE_SHORT,3372.26,157449,3384.65,12.389999999999873
OPEN_LONG,3372.26,157449,3372.26,0.0
CLOSE_LONG,3378.49,157454,3372.26,6.229999999999563
OPEN_SHORT,3378.49,157454,3378.49,0.0
CLOSE_SHORT,3398.97,157482,3378.49,-20.480000000000018
OPEN_LONG,3398.97,157482,3398.97,0.0
CLOSE_LONG,3399.63,157498,3398.97,0.6600000000003092
OPEN_SHORT,3399.63,157498,3399.63,0.0
CLOSE_SHORT,3391.47,157503,3399.63,8.16000000000031
OPEN_LONG,3391.47,157503,3391.47,0.0
CLOSE_LONG,3392.87,157520,3391.47,1.400000000000091
OPEN_SHORT,3392.87,157520,3392.87,0.0
CLOSE_SHORT,3391.17,157566,3392.87,1.699999999999818
OPEN_LONG,3391.17,157566,3391.17,0.0
CLOSE_LONG,3398.4,157571,3391.17,7.230000000000018
OPEN_SHORT,3398.4,157571,3398.4,0.0
CLOSE_SHORT,3390.95,157576,3398.4,7.450000000000273
OPEN_LONG,3390.95,157576,3390.95,0.0
CLOSE_LONG,3357.14,157614,3390.95,-33.809999999999945
OPEN_SHORT,3357.14,157614,3357.14,0.0
CLOSE_SHORT,3384.4,157654,3357.14,-27.26000000000022
OPEN_LONG,3384.4,157654,3384.4,0.0
CLOSE_LONG,3392.22,157666,3384.4,7.819999999999709
OPEN_SHORT,3392.22,157666,3392.22,0.0
CLOSE_SHORT,3370.06,157689,3392.22,22.159999999999854
OPEN_LONG,3370.06,157689,3370.06,0.0
CLOSE_LONG,3364.98,157698,3370.06,-5.079999999999927
OPEN_SHORT,3364.98,157698,3364.98,0.0
CLOSE_SHORT,3357.76,157705,3364.98,7.2199999999998
OPEN_LONG,3357.76,157705,3357.76,0.0
CLOSE_LONG,3336.8,157723,3357.76,-20.960000000000036
OPEN_SHORT,3336.8,157723,3336.8,0.0
CLOSE_SHORT,3339.52,157733,3336.8,-2.7199999999998
OPEN_LONG,3339.52,157733,3339.52,0.0
CLOSE_LONG,3336.0,157746,3339.52,-3.519999999999982
OPEN_SHORT,3336.0,157746,3336.0,0.0
CLOSE_SHORT,3344.41,157770,3336.0,-8.409999999999854
OPEN_LONG,3344.41,157770,3344.41,0.0
CLOSE_LONG,3301.24,157797,3344.41,-43.17000000000007
OPEN_SHORT,3301.24,157797,3301.24,0.0
CLOSE_SHORT,3298.94,157813,3301.24,2.299999999999727
OPEN_LONG,3298.94,157813,3298.94,0.0
CLOSE_LONG,3295.72,157824,3298.94,-3.2200000000002547
OPEN_SHORT,3295.72,157824,3295.72,0.0
CLOSE_SHORT,3292.49,157837,3295.72,3.230000000000018
OPEN_LONG,3292.49,157837,3292.49,0.0
CLOSE_LONG,3262.29,157850,3292.49,-30.199999999999818
OPEN_SHORT,3262.29,157850,3262.29,0.0
CLOSE_SHORT,3249.13,157852,3262.29,13.159999999999854
OPEN_LONG,3249.13,157852,3249.13,0.0
CLOSE_LONG,3276.16,157855,3249.13,27.029999999999745
OPEN_SHORT,3276.16,157855,3276.16,0.0
CLOSE_SHORT,3273.6,157870,3276.16,2.5599999999999454
OPEN_LONG,3273.6,157870,3273.6,0.0
CLOSE_LONG,3291.81,157872,3273.6,18.210000000000036
OPEN_SHORT,3291.81,157872,3291.81,0.0
CLOSE_SHORT,3279.2,157877,3291.81,12.610000000000127
OPEN_LONG,3279.2,157877,3279.2,0.0
CLOSE_LONG,3284.38,157882,3279.2,5.180000000000291
OPEN_SHORT,3284.38,157882,3284.38,0.0
CLOSE_SHORT,3303.01,157904,3284.38,-18.63000000000011
OPEN_LONG,3303.01,157904,3303.01,0.0
CLOSE_LONG,3307.91,157907,3303.01,4.899999999999636
OPEN_SHORT,3307.91,157907,3307.91,0.0
CLOSE_SHORT,3313.62,157927,3307.91,-5.710000000000036
OPEN_LONG,3313.62,157927,3313.62,0.0
CLOSE_LONG,3304.84,157945,3313.62,-8.779999999999745
OPEN_SHORT,3304.84,157945,3304.84,0.0
CLOSE_SHORT,3332.48,157975,3304.84,-27.639999999999873
OPEN_LONG,3332.48,157975,3332.48,0.0
CLOSE_LONG,3336.82,157987,3332.48,4.3400000000001455
OPEN_SHORT,3336.82,157987,3336.82,0.0
CLOSE_SHORT,3332.39,158002,3336.82,4.430000000000291
OPEN_LONG,3332.39,158002,3332.39,0.0
CLOSE_LONG,3337.94,158010,3332.39,5.550000000000182
OPEN_SHORT,3337.94,158010,3337.94,0.0
CLOSE_SHORT,3316.29,158023,3337.94,21.65000000000009
OPEN_LONG,3316.29,158023,3316.29,0.0
CLOSE_LONG,3321.36,158039,3316.29,5.070000000000164
OPEN_SHORT,3321.36,158039,3321.36,0.0
CLOSE_SHORT,3322.25,158052,3321.36,-0.8899999999998727
OPEN_LONG,3322.25,158052,3322.25,0.0
CLOSE_LONG,3316.76,158064,3322.25,-5.489999999999782
OPEN_SHORT,3316.76,158064,3316.76,0.0
CLOSE_SHORT,3311.56,158070,3316.76,5.200000000000273
OPEN_LONG,3311.56,158070,3311.56,0.0
CLOSE_LONG,3300.53,158092,3311.56,-11.029999999999745
OPEN_SHORT,3300.53,158092,3300.53,0.0
CLOSE_SHORT,3298.57,158106,3300.53,1.9600000000000364
OPEN_LONG,3298.57,158106,3298.57,0.0
CLOSE_LONG,3303.44,158112,3298.57,4.869999999999891
OPEN_SHORT,3303.44,158112,3303.44,0.0
CLOSE_SHORT,3298.99,158114,3303.44,4.450000000000273
OPEN_LONG,3298.99,158114,3298.99,0.0
CLOSE_LONG,3310.92,158129,3298.99,11.930000000000291
OPEN_SHORT,3310.92,158129,3310.92,0.0
CLOSE_SHORT,3319.28,158149,3310.92,-8.360000000000127
OPEN_LONG,3319.28,158149,3319.28,0.0
CLOSE_LONG,3331.34,158154,3319.28,12.059999999999945
OPEN_SHORT,3331.34,158154,3331.34,0.0
CLOSE_SHORT,3323.55,158159,3331.34,7.789999999999964
OPEN_LONG,3323.55,158159,3323.55,0.0
CLOSE_LONG,3320.81,158181,3323.55,-2.7400000000002365
OPEN_SHORT,3320.81,158181,3320.81,0.0
CLOSE_SHORT,3310.8,158188,3320.81,10.009999999999764
OPEN_LONG,3310.8,158188,3310.8,0.0
CLOSE_LONG,3316.87,158193,3310.8,6.069999999999709
OPEN_SHORT,3316.87,158193,3316.87,0.0
CLOSE_SHORT,3306.98,158198,3316.87,9.889999999999873
OPEN_LONG,3306.98,158198,3306.98,0.0
CLOSE_LONG,3309.05,158213,3306.98,2.0700000000001637
OPEN_SHORT,3309.05,158213,3309.05,0.0
CLOSE_SHORT,3308.45,158224,3309.05,0.6000000000003638
OPEN_LONG,3308.45,158224,3308.45,0.0
CLOSE_LONG,3315.44,158235,3308.45,6.9900000000002365
OPEN_SHORT,3315.44,158235,3315.44,0.0
CLOSE_SHORT,3303.21,158239,3315.44,12.230000000000018
OPEN_LONG,3303.21,158239,3303.21,0.0
CLOSE_LONG,3303.97,158247,3303.21,0.7599999999997635
OPEN_SHORT,3303.97,158247,3303.97,0.0
CLOSE_SHORT,3292.58,158253,3303.97,11.389999999999873
OPEN_LONG,3292.58,158253,3292.58,0.0
CLOSE_LONG,3298.68,158265,3292.58,6.099999999999909
OPEN_SHORT,3298.68,158265,3298.68,0.0
CLOSE_SHORT,3310.66,158294,3298.68,-11.980000000000018
OPEN_LONG,3310.66,158294,3310.66,0.0
CLOSE_LONG,3303.6,158314,3310.66,-7.059999999999945
OPEN_SHORT,3303.6,158314,3303.6,0.0
CLOSE_SHORT,3320.41,158324,3303.6,-16.809999999999945
OPEN_LONG,3320.41,158324,3320.41,0.0
CLOSE_LONG,3328.4,158330,3320.41,7.9900000000002365
OPEN_SHORT,3328.4,158330,3328.4,0.0
CLOSE_SHORT,3321.03,158337,3328.4,7.369999999999891
OPEN_LONG,3321.03,158337,3321.03,0.0
CLOSE_LONG,3325.41,158343,3321.03,4.379999999999654
OPEN_SHORT,3325.41,158343,3325.41,0.0
CLOSE_SHORT,3317.17,158348,3325.41,8.239999999999782
OPEN_LONG,3317.17,158348,3317.17,0.0
CLOSE_LONG,3307.31,158356,3317.17,-9.860000000000127
OPEN_SHORT,3307.31,158356,3307.31,0.0
CLOSE_SHORT,3313.38,158372,3307.31,-6.070000000000164
OPEN_LONG,3313.38,158372,3313.38,0.0
CLOSE_LONG,3293.52,158381,3313.38,-19.860000000000127
OPEN_SHORT,3293.52,158381,3293.52,0.0
CLOSE_SHORT,3313.43,158405,3293.52,-19.909999999999854
OPEN_LONG,3313.43,158405,3313.43,0.0
CLOSE_LONG,3313.74,158434,3313.43,0.30999999999994543
OPEN_SHORT,3313.74,158434,3313.74,0.0
CLOSE_SHORT,3350.4,158499,3313.74,-36.66000000000031
OPEN_LONG,3350.4,158499,3350.4,0.0
CLOSE_LONG,3339.11,158540,3350.4,-11.289999999999964
OPEN_SHORT,3339.11,158540,3339.11,0.0
CLOSE_SHORT,3329.8,158555,3339.11,9.309999999999945
OPEN_LONG,3329.8,158555,3329.8,0.0
CLOSE_LONG,3330.9,158565,3329.8,1.099999999999909
OPEN_SHORT,3330.9,158565,3330.9,0.0
CLOSE_SHORT,3358.0,158648,3330.9,-27.09999999999991
OPEN_LONG,3358.0,158648,3358.0,0.0
CLOSE_LONG,3355.18,158704,3358.0,-2.8200000000001637
OPEN_SHORT,3355.18,158704,3355.18,0.0
CLOSE_SHORT,3348.37,158726,3355.18,6.809999999999945
OPEN_LONG,3348.37,158726,3348.37,0.0
CLOSE_LONG,3345.44,158746,3348.37,-2.9299999999998363
OPEN_SHORT,3345.44,158746,3345.44,0.0
CLOSE_SHORT,3346.96,158781,3345.44,-1.5199999999999818
OPEN_LONG,3346.96,158781,3346.96,0.0
CLOSE_LONG,3350.71,158788,3346.96,3.75
OPEN_SHORT,3350.71,158788,3350.71,0.0
CLOSE_SHORT,3344.12,158795,3350.71,6.5900000000001455
OPEN_LONG,3344.12,158795,3344.12,0.0
CLOSE_LONG,3296.22,158870,3344.12,-47.90000000000009
OPEN_SHORT,3296.22,158870,3296.22,0.0
CLOSE_SHORT,3297.68,158891,3296.22,-1.4600000000000364
OPEN_LONG,3297.68,158891,3297.68,0.0
CLOSE_LONG,3281.49,158910,3297.68,-16.190000000000055
OPEN_SHORT,3281.49,158910,3281.49,0.0
CLOSE_SHORT,3272.1,158933,3281.49,9.389999999999873
OPEN_LONG,3272.1,158933,3272.1,0.0
CLOSE_LONG,3276.67,158938,3272.1,4.570000000000164
OPEN_SHORT,3276.67,158938,3276.67,0.0
CLOSE_SHORT,3268.08,158946,3276.67,8.590000000000146
OPEN_LONG,3268.08,158946,3268.08,0.0
CLOSE_LONG,3230.56,158979,3268.08,-37.51999999999998
OPEN_SHORT,3230.56,158979,3230.56,0.0
CLOSE_SHORT,3257.67,159011,3230.56,-27.110000000000127
OPEN_LONG,3257.67,159011,3257.67,0.0
CLOSE_LONG,3204.34,159036,3257.67,-53.32999999999993
OPEN_SHORT,3204.34,159036,3204.34,0.0
CLOSE_SHORT,3203.2,159048,3204.34,1.1400000000003274
OPEN_LONG,3203.2,159048,3203.2,0.0
CLOSE_LONG,3210.47,159052,3203.2,7.269999999999982
OPEN_SHORT,3210.47,159052,3210.47,0.0
CLOSE_SHORT,3224.62,159077,3210.47,-14.150000000000091
OPEN_LONG,3224.62,159077,3224.62,0.0
CLOSE_LONG,3242.05,159081,3224.62,17.43000000000029
OPEN_SHORT,3242.05,159081,3242.05,0.0
CLOSE_SHORT,3228.74,159103,3242.05,13.3100000000004
OPEN_LONG,3228.74,159103,3228.74,0.0
CLOSE_LONG,3236.63,159108,3228.74,7.890000000000327
OPEN_SHORT,3236.63,159108,3236.63,0.0
CLOSE_SHORT,3236.73,159119,3236.63,-0.09999999999990905
OPEN_LONG,3236.73,159119,3236.73,0.0
CLOSE_LONG,3242.38,159131,3236.73,5.650000000000091
OPEN_SHORT,3242.38,159131,3242.38,0.0
CLOSE_SHORT,3231.96,159136,3242.38,10.420000000000073
OPEN_LONG,3231.96,159136,3231.96,0.0
CLOSE_LONG,3219.04,159162,3231.96,-12.920000000000073
OPEN_SHORT,3219.04,159162,3219.04,0.0
CLOSE_SHORT,3264.06,159170,3219.04,-45.01999999999998
OPEN_LONG,3264.06,159170,3264.06,0.0
CLOSE_LONG,3264.52,159172,3264.06,0.4600000000000364
OPEN_SHORT,3264.52,159172,3264.52,0.0
CLOSE_SHORT,3273.46,159174,3264.52,-8.940000000000055
OPEN_LONG,3273.46,159174,3273.46,0.0
CLOSE_LONG,3280.6,159175,3273.46,7.139999999999873
OPEN_SHORT,3280.6,159175,3280.6,0.0
CLOSE_SHORT,3275.59,159182,3280.6,5.0099999999997635
OPEN_LONG,3275.59,159182,3275.59,0.0
CLOSE_LONG,3290.41,159190,3275.59,14.819999999999709
OPEN_SHORT,3290.41,159190,3290.41,0.0
CLOSE_SHORT,3302.23,159200,3290.41,-11.820000000000164
OPEN_LONG,3302.23,159200,3302.23,0.0
CLOSE_LONG,3305.6,159206,3302.23,3.369999999999891
OPEN_SHORT,3305.6,159206,3305.6,0.0
CLOSE_SHORT,3297.55,159213,3305.6,8.049999999999727
OPEN_LONG,3297.55,159213,3297.55,0.0
CLOSE_LONG,3290.67,159228,3297.55,-6.880000000000109
OPEN_SHORT,3290.67,159228,3290.67,0.0
CLOSE_SHORT,3295.38,159240,3290.67,-4.710000000000036
OPEN_LONG,3295.38,159240,3295.38,0.0
CLOSE_LONG,3286.98,159260,3295.38,-8.400000000000091
OPEN_SHORT,3286.98,159260,3286.98,0.0
CLOSE_SHORT,3316.74,159273,3286.98,-29.759999999999764
OPEN_LONG,3316.74,159273,3316.74,0.0
CLOSE_LONG,3315.2,159284,3316.74,-1.5399999999999636
OPEN_SHORT,3315.2,159284,3315.2,0.0
CLOSE_SHORT,3301.33,159296,3315.2,13.86999999999989
OPEN_LONG,3301.33,159296,3301.33,0.0
CLOSE_LONG,3307.81,159303,3301.33,6.480000000000018
OPEN_SHORT,3307.81,159303,3307.81,0.0
CLOSE_SHORT,3296.06,159308,3307.81,11.75
OPEN_LONG,3296.06,159308,3296.06,0.0
CLOSE_LONG,3316.39,159312,3296.06,20.329999999999927
OPEN_SHORT,3316.39,159312,3316.39,0.0
CLOSE_SHORT,3375.2,159339,3316.39,-58.809999999999945
OPEN_LONG,3375.2,159339,3375.2,0.0
CLOSE_LONG,3383.61,159344,3375.2,8.41000000000031
OPEN_SHORT,3383.61,159344,3383.61,0.0
CLOSE_SHORT,3370.23,159349,3383.61,13.38000000000011
OPEN_LONG,3370.23,159349,3370.23,0.0
CLOSE_LONG,3380.85,159356,3370.23,10.61999999999989
OPEN_SHORT,3380.85,159356,3380.85,0.0
CLOSE_SHORT,3386.93,159377,3380.85,-6.079999999999927
OPEN_LONG,3386.93,159377,3386.93,0.0
CLOSE_LONG,3417.24,159380,3386.93,30.309999999999945
OPEN_SHORT,3417.24,159380,3417.24,0.0
CLOSE_SHORT,3409.14,159385,3417.24,8.099999999999909
OPEN_LONG,3409.14,159385,3409.14,0.0
CLOSE_LONG,3411.56,159387,3409.14,2.4200000000000728
OPEN_SHORT,3411.56,159387,3411.56,0.0
CLOSE_SHORT,3418.11,159409,3411.56,-6.550000000000182
OPEN_LONG,3418.11,159409,3418.11,0.0
CLOSE_LONG,3418.95,159417,3418.11,0.8399999999996908
OPEN_SHORT,3418.95,159417,3418.95,0.0
CLOSE_SHORT,3425.13,159438,3418.95,-6.180000000000291
OPEN_LONG,3425.13,159438,3425.13,0.0
CLOSE_LONG,3433.05,159453,3425.13,7.920000000000073
OPEN_SHORT,3433.05,159453,3433.05,0.0
CLOSE_SHORT,3432.9,159470,3433.05,0.15000000000009095
OPEN_LONG,3432.9,159470,3432.9,0.0
CLOSE_LONG,3440.56,159475,3432.9,7.6599999999998545
OPEN_SHORT,3440.56,159475,3440.56,0.0
CLOSE_SHORT,3432.34,159488,3440.56,8.2199999999998
OPEN_LONG,3432.34,159488,3432.34,0.0
CLOSE_LONG,3445.05,159493,3432.34,12.710000000000036
OPEN_SHORT,3445.05,159493,3445.05,0.0
CLOSE_SHORT,3436.57,159499,3445.05,8.480000000000018
OPEN_LONG,3436.57,159499,3436.57,0.0
CLOSE_LONG,3442.34,159508,3436.57,5.769999999999982
OPEN_SHORT,3442.34,159508,3442.34,0.0
CLOSE_SHORT,3456.44,159541,3442.34,-14.099999999999909
OPEN_LONG,3456.44,159541,3456.44,0.0
CLOSE_LONG,3463.14,159558,3456.44,6.699999999999818
OPEN_SHORT,3463.14,159558,3463.14,0.0
CLOSE_SHORT,3457.92,159613,3463.14,5.2199999999998
OPEN_LONG,3457.92,159613,3457.92,0.0
CLOSE_LONG,3453.32,159649,3457.92,-4.599999999999909
OPEN_SHORT,3453.32,159649,3453.32,0.0
CLOSE_SHORT,3444.57,159656,3453.32,8.75
OPEN_LONG,3444.57,159656,3444.57,0.0
CLOSE_LONG,3442.83,159694,3444.57,-1.7400000000002365
OPEN_SHORT,3442.83,159694,3442.83,0.0
CLOSE_SHORT,3435.1,159704,3442.83,7.730000000000018
OPEN_LONG,3435.1,159704,3435.1,0.0
CLOSE_LONG,3434.55,159738,3435.1,-0.5499999999997272
OPEN_SHORT,3434.55,159738,3434.55,0.0
CLOSE_SHORT,3431.7,159745,3434.55,2.850000000000364
OPEN_LONG,3431.7,159745,3431.7,0.0
CLOSE_LONG,3425.59,159762,3431.7,-6.109999999999673
OPEN_SHORT,3425.59,159762,3425.59,0.0
CLOSE_SHORT,3428.03,159773,3425.59,-2.4400000000000546
OPEN_LONG,3428.03,159773,3428.03,0.0
CLOSE_LONG,3432.73,159784,3428.03,4.699999999999818
OPEN_SHORT,3432.73,159784,3432.73,0.0
CLOSE_SHORT,3429.73,159811,3432.73,3.0
OPEN_LONG,3429.73,159811,3429.73,0.0
CLOSE_LONG,3433.5,159817,3429.73,3.769999999999982
OPEN_SHORT,3433.5,159817,3433.5,0.0
CLOSE_SHORT,3442.96,159893,3433.5,-9.460000000000036
OPEN_LONG,3442.96,159893,3442.96,0.0
CLOSE_LONG,3446.16,159903,3442.96,3.199999999999818
OPEN_SHORT,3446.16,159903,3446.16,0.0
CLOSE_SHORT,3446.97,159942,3446.16,-0.8099999999999454
OPEN_LONG,3446.97,159942,3446.97,0.0
CLOSE_LONG,3458.0,159946,3446.97,11.0300000000002
OPEN_SHORT,3458.0,159946,3458.0,0.0
CLOSE_SHORT,3456.02,159958,3458.0,1.9800000000000182
OPEN_LONG,3456.02,159958,3456.02,0.0
CLOSE_LONG,3462.51,159964,3456.02,6.4900000000002365
OPEN_SHORT,3462.51,159964,3462.51,0.0
CLOSE_SHORT,3455.95,159986,3462.51,6.5600000000004
OPEN_LONG,3455.95,159986,3455.95,0.0
CLOSE_LONG,3456.89,159994,3455.95,0.9400000000000546
OPEN_SHORT,3456.89,159994,3456.89,0.0
CLOSE_SHORT,3465.0,160010,3456.89,-8.110000000000127
OPEN_LONG,3465.0,160010,3465.0,0.0
CLOSE_LONG,3465.0,160025,3465.0,0.0
OPEN_SHORT,3465.0,160025,3465.0,0.0
CLOSE_SHORT,3454.38,160030,3465.0,10.61999999999989
OPEN_LONG,3454.38,160030,3454.38,0.0
CLOSE_LONG,3440.69,160097,3454.38,-13.690000000000055
OPEN_SHORT,3440.69,160097,3440.69,0.0
CLOSE_SHORT,3443.96,160133,3440.69,-3.269999999999982
OPEN_LONG,3443.96,160133,3443.96,0.0
CLOSE_LONG,3432.58,160170,3443.96,-11.38000000000011
OPEN_SHORT,3432.58,160170,3432.58,0.0
CLOSE_SHORT,3437.94,160216,3432.58,-5.360000000000127
OPEN_LONG,3437.94,160216,3437.94,0.0
CLOSE_LONG,3446.0,160225,3437.94,8.059999999999945
OPEN_SHORT,3446.0,160225,3446.0,0.0
CLOSE_SHORT,3452.85,160307,3446.0,-6.849999999999909
OPEN_LONG,3452.85,160307,3452.85,0.0
CLOSE_LONG,3441.8,160339,3452.85,-11.049999999999727
OPEN_SHORT,3441.8,160339,3441.8,0.0
CLOSE_SHORT,3443.39,160412,3441.8,-1.5899999999996908
OPEN_LONG,3443.39,160412,3443.39,0.0
CLOSE_LONG,3412.4,160468,3443.39,-30.98999999999978
OPEN_SHORT,3412.4,160468,3412.4,0.0
CLOSE_SHORT,3399.43,160505,3412.4,12.970000000000255
OPEN_LONG,3399.43,160505,3399.43,0.0
CLOSE_LONG,3403.53,160511,3399.43,4.100000000000364
OPEN_SHORT,3403.53,160511,3403.53,0.0
CLOSE_SHORT,3393.0,160516,3403.53,10.5300000000002
OPEN_LONG,3393.0,160516,3393.0,0.0
CLOSE_LONG,3401.89,160521,3393.0,8.889999999999873
OPEN_SHORT,3401.89,160521,3401.89,0.0
CLOSE_SHORT,3389.6,160533,3401.89,12.289999999999964
OPEN_LONG,3389.6,160533,3389.6,0.0
CLOSE_LONG,3400.69,160536,3389.6,11.090000000000146
OPEN_SHORT,3400.69,160536,3400.69,0.0
CLOSE_SHORT,3385.04,160567,3400.69,15.650000000000091
OPEN_LONG,3385.04,160567,3385.04,0.0
CLOSE_LONG,3381.99,160582,3385.04,-3.050000000000182
OPEN_SHORT,3381.99,160582,3381.99,0.0
CLOSE_SHORT,3388.01,160640,3381.99,-6.020000000000437
OPEN_LONG,3388.01,160640,3388.01,0.0
CLOSE_LONG,3386.61,160653,3388.01,-1.400000000000091
OPEN_SHORT,3386.61,160653,3386.61,0.0
CLOSE_SHORT,3373.48,160678,3386.61,13.13000000000011
OPEN_LONG,3373.48,160678,3373.48,0.0
CLOSE_LONG,3374.06,160692,3373.48,0.5799999999999272
OPEN_SHORT,3374.06,160692,3374.06,0.0
CLOSE_SHORT,3370.87,160699,3374.06,3.1900000000000546
OPEN_LONG,3370.87,160699,3370.87,0.0
CLOSE_LONG,3374.98,160705,3370.87,4.110000000000127
OPEN_SHORT,3374.98,160705,3374.98,0.0
CLOSE_SHORT,3368.93,160724,3374.98,6.050000000000182
OPEN_LONG,3368.93,160724,3368.93,0.0
CLOSE_LONG,3366.52,160739,3368.93,-2.4099999999998545
OPEN_SHORT,3366.52,160739,3366.52,0.0
CLOSE_SHORT,3390.47,160878,3366.52,-23.949999999999818
OPEN_LONG,3390.47,160878,3390.47,0.0
CLOSE_LONG,3371.48,160889,3390.47,-18.98999999999978
OPEN_SHORT,3371.48,160889,3371.48,0.0
CLOSE_SHORT,3386.0,161173,3371.48,-14.519999999999982
OPEN_LONG,3386.0,161173,3386.0,0.0
CLOSE_LONG,3394.41,161226,3386.0,8.409999999999854
OPEN_SHORT,3394.41,161226,3394.41,0.0
CLOSE_SHORT,3378.0,161251,3394.41,16.409999999999854
OPEN_LONG,3378.0,161251,3378.0,0.0
CLOSE_LONG,3388.15,161256,3378.0,10.150000000000091
OPEN_SHORT,3388.15,161256,3388.15,0.0
CLOSE_SHORT,3387.54,161309,3388.15,0.6100000000001273
OPEN_LONG,3387.54,161309,3387.54,0.0
CLOSE_LONG,3382.47,161327,3387.54,-5.070000000000164
OPEN_SHORT,3382.47,161327,3382.47,0.0
CLOSE_SHORT,3373.86,161332,3382.47,8.609999999999673
OPEN_LONG,3373.86,161332,3373.86,0.0
CLOSE_LONG,3372.99,161350,3373.86,-0.8700000000003456
OPEN_SHORT,3372.99,161350,3372.99,0.0
CLOSE_SHORT,3360.66,161363,3372.99,12.329999999999927
OPEN_LONG,3360.66,161363,3360.66,0.0
CLOSE_LONG,3366.47,161371,3360.66,5.809999999999945
OPEN_SHORT,3366.47,161371,3366.47,0.0
CLOSE_SHORT,3396.32,161492,3366.47,-29.850000000000364
OPEN_LONG,3396.32,161492,3396.32,0.0
CLOSE_LONG,3400.99,161499,3396.32,4.669999999999618
OPEN_SHORT,3400.99,161499,3400.99,0.0
CLOSE_SHORT,3426.26,161725,3400.99,-25.270000000000437
OPEN_LONG,3426.26,161725,3426.26,0.0
CLOSE_LONG,3398.25,161806,3426.26,-28.01000000000022
OPEN_SHORT,3398.25,161806,3398.25,0.0
CLOSE_SHORT,3446.44,161907,3398.25,-48.190000000000055
OPEN_LONG,3446.44,161907,3446.44,0.0
CLOSE_LONG,3451.54,161916,3446.44,5.099999999999909
OPEN_SHORT,3451.54,161916,3451.54,0.0
CLOSE_SHORT,3537.86,162032,3451.54,-86.32000000000016
OPEN_LONG,3537.86,162032,3537.86,0.0
CLOSE_LONG,3518.13,162052,3537.86,-19.730000000000018
OPEN_SHORT,3518.13,162052,3518.13,0.0
CLOSE_SHORT,3508.56,162055,3518.13,9.570000000000164
OPEN_LONG,3508.56,162055,3508.56,0.0
CLOSE_LONG,3516.55,162061,3508.56,7.9900000000002365
OPEN_SHORT,3516.55,162061,3516.55,0.0
CLOSE_SHORT,3520.97,162073,3516.55,-4.419999999999618
OPEN_LONG,3520.97,162073,3520.97,0.0
CLOSE_LONG,3530.8,162077,3520.97,9.830000000000382
OPEN_SHORT,3530.8,162077,3530.8,0.0
CLOSE_SHORT,3523.4,162082,3530.8,7.400000000000091
OPEN_LONG,3523.4,162082,3523.4,0.0
CLOSE_LONG,3535.89,162100,3523.4,12.489999999999782
OPEN_SHORT,3535.89,162100,3535.89,0.0
CLOSE_SHORT,3527.3,162105,3535.89,8.58999999999969
OPEN_LONG,3527.3,162105,3527.3,0.0
CLOSE_LONG,3510.13,162137,3527.3,-17.170000000000073
OPEN_SHORT,3510.13,162137,3510.13,0.0
CLOSE_SHORT,3512.54,162150,3510.13,-2.4099999999998545
OPEN_LONG,3512.54,162150,3512.54,0.0
CLOSE_LONG,3523.5,162164,3512.54,10.960000000000036
OPEN_SHORT,3523.5,162164,3523.5,0.0
CLOSE_SHORT,3525.84,162176,3523.5,-2.3400000000001455
OPEN_LONG,3525.84,162176,3525.84,0.0
CLOSE_LONG,3517.57,162211,3525.84,-8.269999999999982
OPEN_SHORT,3517.57,162211,3517.57,0.0
CLOSE_SHORT,3506.99,162217,3517.57,10.580000000000382
OPEN_LONG,3506.99,162217,3506.99,0.0
CLOSE_LONG,3529.92,162286,3506.99,22.93000000000029
OPEN_SHORT,3529.92,162286,3529.92,0.0
CLOSE_SHORT,3569.39,162365,3529.92,-39.4699999999998
OPEN_LONG,3569.39,162365,3569.39,0.0
CLOSE_LONG,3575.15,162375,3569.39,5.760000000000218
OPEN_SHORT,3575.15,162375,3575.15,0.0
CLOSE_SHORT,3574.76,162429,3575.15,0.38999999999987267
OPEN_LONG,3574.76,162429,3574.76,0.0
CLOSE_LONG,3583.34,162434,3574.76,8.579999999999927
OPEN_SHORT,3583.34,162434,3583.34,0.0
CLOSE_SHORT,3578.89,162472,3583.34,4.450000000000273
OPEN_LONG,3578.89,162472,3578.89,0.0
CLOSE_LONG,3574.19,162492,3578.89,-4.699999999999818
OPEN_SHORT,3574.19,162492,3574.19,0.0
CLOSE_SHORT,3565.2,162515,3574.19,8.990000000000236
OPEN_LONG,3565.2,162515,3565.2,0.0
CLOSE_LONG,3577.52,162523,3565.2,12.320000000000164
OPEN_SHORT,3577.52,162523,3577.52,0.0
CLOSE_SHORT,3585.92,162537,3577.52,-8.400000000000091
OPEN_LONG,3585.92,162537,3585.92,0.0
CLOSE_LONG,3605.96,162539,3585.92,20.039999999999964
OPEN_SHORT,3605.96,162539,3605.96,0.0
CLOSE_SHORT,3596.0,162544,3605.96,9.960000000000036
OPEN_LONG,3596.0,162544,3596.0,0.0
CLOSE_LONG,3593.2,162554,3596.0,-2.800000000000182
OPEN_SHORT,3593.2,162554,3593.2,0.0
CLOSE_SHORT,3581.19,162558,3593.2,12.009999999999764
OPEN_LONG,3581.19,162558,3581.19,0.0
CLOSE_LONG,3581.8,162595,3581.19,0.6100000000001273
OPEN_SHORT,3581.8,162595,3581.8,0.0
CLOSE_SHORT,3570.36,162599,3581.8,11.440000000000055
OPEN_LONG,3570.36,162599,3570.36,0.0
CLOSE_LONG,3570.94,162607,3570.36,0.5799999999999272
OPEN_SHORT,3570.94,162607,3570.94,0.0
CLOSE_SHORT,3595.01,162627,3570.94,-24.070000000000164
OPEN_LONG,3595.01,162627,3595.01,0.0
CLOSE_LONG,3604.99,162630,3595.01,9.979999999999563
OPEN_SHORT,3604.99,162630,3604.99,0.0
CLOSE_SHORT,3633.94,162657,3604.99,-28.950000000000273
OPEN_LONG,3633.94,162657,3633.94,0.0
CLOSE_LONG,3644.85,162660,3633.94,10.909999999999854
OPEN_SHORT,3644.85,162660,3644.85,0.0
CLOSE_SHORT,3627.7,162664,3644.85,17.15000000000009
OPEN_LONG,3627.7,162664,3627.7,0.0
CLOSE_LONG,3642.79,162669,3627.7,15.090000000000146
OPEN_SHORT,3642.79,162669,3642.79,0.0
CLOSE_SHORT,3644.45,162690,3642.79,-1.6599999999998545
OPEN_LONG,3644.45,162690,3644.45,0.0
CLOSE_LONG,3636.16,162706,3644.45,-8.289999999999964
OPEN_SHORT,3636.16,162706,3636.16,0.0
CLOSE_SHORT,3630.01,162712,3636.16,6.149999999999636
OPEN_LONG,3630.01,162712,3630.01,0.0
CLOSE_LONG,3635.83,162721,3630.01,5.819999999999709
OPEN_SHORT,3635.83,162721,3635.83,0.0
CLOSE_SHORT,3626.2,162733,3635.83,9.63000000000011
OPEN_LONG,3626.2,162733,3626.2,0.0
CLOSE_LONG,3622.28,162766,3626.2,-3.919999999999618
OPEN_SHORT,3622.28,162766,3622.28,0.0
CLOSE_SHORT,3618.2,162773,3622.28,4.080000000000382
OPEN_LONG,3618.2,162773,3618.2,0.0
CLOSE_LONG,3626.8,162777,3618.2,8.600000000000364
OPEN_SHORT,3626.8,162777,3626.8,0.0
CLOSE_SHORT,3630.92,162787,3626.8,-4.119999999999891
OPEN_LONG,3630.92,162787,3630.92,0.0
CLOSE_LONG,3630.81,162795,3630.92,-0.11000000000012733
OPEN_SHORT,3630.81,162795,3630.81,0.0
CLOSE_SHORT,3622.25,162853,3630.81,8.559999999999945
OPEN_LONG,3622.25,162853,3622.25,0.0
CLOSE_LONG,3614.81,162889,3622.25,-7.440000000000055
OPEN_SHORT,3614.81,162889,3614.81,0.0
CLOSE_SHORT,3614.69,162913,3614.81,0.11999999999989086
OPEN_LONG,3614.69,162913,3614.69,0.0
CLOSE_LONG,3600.56,162938,3614.69,-14.13000000000011
OPEN_SHORT,3600.56,162938,3600.56,0.0
CLOSE_SHORT,3603.0,163089,3600.56,-2.4400000000000546
OPEN_LONG,3603.0,163089,3603.0,0.0
CLOSE_LONG,3605.81,163102,3603.0,2.8099999999999454
OPEN_SHORT,3605.81,163102,3605.81,0.0
CLOSE_SHORT,3610.44,163225,3605.81,-4.630000000000109
OPEN_LONG,3610.44,163225,3610.44,0.0
CLOSE_LONG,3611.75,163284,3610.44,1.3099999999999454
OPEN_SHORT,3611.75,163284,3611.75,0.0
CLOSE_SHORT,3591.6,163320,3611.75,20.15000000000009
OPEN_LONG,3591.6,163320,3591.6,0.0
CLOSE_LONG,3592.68,163329,3591.6,1.0799999999999272
OPEN_SHORT,3592.68,163329,3592.68,0.0
CLOSE_SHORT,3602.75,163390,3592.68,-10.070000000000164
OPEN_LONG,3602.75,163390,3602.75,0.0
CLOSE_LONG,3603.26,163404,3602.75,0.5100000000002183
OPEN_SHORT,3603.26,163404,3603.26,0.0
CLOSE_SHORT,3602.1,163440,3603.26,1.1600000000003092
OPEN_LONG,3602.1,163440,3602.1,0.0
CLOSE_LONG,3606.48,163458,3602.1,4.380000000000109
OPEN_SHORT,3606.48,163458,3606.48,0.0
CLOSE_SHORT,3590.14,163468,3606.48,16.340000000000146
OPEN_LONG,3590.14,163468,3590.14,0.0
CLOSE_LONG,3543.11,163495,3590.14,-47.029999999999745
OPEN_SHORT,3543.11,163495,3543.11,0.0
CLOSE_SHORT,3532.34,163500,3543.11,10.769999999999982
OPEN_LONG,3532.34,163500,3532.34,0.0
CLOSE_LONG,3547.56,163501,3532.34,15.2199999999998
OPEN_SHORT,3547.56,163501,3547.56,0.0
CLOSE_SHORT,3538.38,163508,3547.56,9.179999999999836
OPEN_LONG,3538.38,163508,3538.38,0.0
CLOSE_LONG,3538.56,163520,3538.38,0.1799999999998363
OPEN_SHORT,3538.56,163520,3538.56,0.0
CLOSE_SHORT,3532.88,163534,3538.56,5.679999999999836
OPEN_LONG,3532.88,163534,3532.88,0.0
CLOSE_LONG,3547.95,163538,3532.88,15.069999999999709
OPEN_SHORT,3547.95,163538,3547.95,0.0
CLOSE_SHORT,3539.69,163544,3547.95,8.259999999999764
OPEN_LONG,3539.69,163544,3539.69,0.0
CLOSE_LONG,3522.34,163564,3539.69,-17.34999999999991
OPEN_SHORT,3522.34,163564,3522.34,0.0
CLOSE_SHORT,3516.83,163578,3522.34,5.510000000000218
OPEN_LONG,3516.83,163578,3516.83,0.0
CLOSE_LONG,3522.71,163583,3516.83,5.880000000000109
OPEN_SHORT,3522.71,163583,3522.71,0.0
CLOSE_SHORT,3512.84,163600,3522.71,9.86999999999989
OPEN_LONG,3512.84,163600,3512.84,0.0
CLOSE_LONG,3522.13,163606,3512.84,9.289999999999964
OPEN_SHORT,3522.13,163606,3522.13,0.0
CLOSE_SHORT,3528.1,163630,3522.13,-5.9699999999998
OPEN_LONG,3528.1,163630,3528.1,0.0
CLOSE_LONG,3534.72,163651,3528.1,6.619999999999891
OPEN_SHORT,3534.72,163651,3534.72,0.0
CLOSE_SHORT,3544.06,163671,3534.72,-9.340000000000146
OPEN_LONG,3544.06,163671,3544.06,0.0
CLOSE_LONG,3553.35,163676,3544.06,9.289999999999964
OPEN_SHORT,3553.35,163676,3553.35,0.0
CLOSE_SHORT,3543.91,163681,3553.35,9.440000000000055
OPEN_LONG,3543.91,163681,3543.91,0.0
CLOSE_LONG,3545.69,163699,3543.91,1.7800000000002
OPEN_SHORT,3545.69,163699,3545.69,0.0
CLOSE_SHORT,3541.19,163731,3545.69,4.5
OPEN_LONG,3541.19,163731,3541.19,0.0
CLOSE_LONG,3537.42,163741,3541.19,-3.769999999999982
OPEN_SHORT,3537.42,163741,3537.42,0.0
CLOSE_SHORT,3563.52,163793,3537.42,-26.09999999999991
OPEN_LONG,3563.52,163793,3563.52,0.0
CLOSE_LONG,3565.1,163806,3563.52,1.5799999999999272
OPEN_SHORT,3565.1,163806,3565.1,0.0
CLOSE_SHORT,3559.76,163827,3565.1,5.339999999999691
OPEN_LONG,3559.76,163827,3559.76,0.0
CLOSE_LONG,3569.07,163832,3559.76,9.309999999999945
OPEN_SHORT,3569.07,163832,3569.07,0.0
CLOSE_SHORT,3570.19,163848,3569.07,-1.1199999999998909
OPEN_LONG,3570.19,163848,3570.19,0.0
CLOSE_LONG,3538.62,163901,3570.19,-31.570000000000164
OPEN_SHORT,3538.62,163901,3538.62,0.0
CLOSE_SHORT,3531.34,163906,3538.62,7.279999999999745
OPEN_LONG,3531.34,163906,3531.34,0.0
CLOSE_LONG,3541.04,163912,3531.34,9.699999999999818
OPEN_SHORT,3541.04,163912,3541.04,0.0
CLOSE_SHORT,3539.54,163927,3541.04,1.5
OPEN_LONG,3539.54,163927,3539.54,0.0
CLOSE_LONG,3539.75,163936,3539.54,0.21000000000003638
OPEN_SHORT,3539.75,163936,3539.75,0.0
CLOSE_SHORT,3566.39,163980,3539.75,-26.639999999999873
OPEN_LONG,3566.39,163980,3566.39,0.0
CLOSE_LONG,3576.56,164024,3566.39,10.170000000000073
OPEN_SHORT,3576.56,164024,3576.56,0.0
CLOSE_SHORT,3561.16,164029,3576.56,15.400000000000091
OPEN_LONG,3561.16,164029,3561.16,0.0
CLOSE_LONG,3568.74,164034,3561.16,7.579999999999927
OPEN_SHORT,3568.74,164034,3568.74,0.0
CLOSE_SHORT,3560.8,164047,3568.74,7.9399999999996
OPEN_LONG,3560.8,164047,3560.8,0.0
CLOSE_LONG,3569.56,164052,3560.8,8.759999999999764
OPEN_SHORT,3569.56,164052,3569.56,0.0
CLOSE_SHORT,3561.95,164062,3569.56,7.610000000000127
OPEN_LONG,3561.95,164062,3561.95,0.0
CLOSE_LONG,3566.37,164068,3561.95,4.420000000000073
OPEN_SHORT,3566.37,164068,3566.37,0.0
CLOSE_SHORT,3557.25,164073,3566.37,9.11999999999989
OPEN_LONG,3557.25,164073,3557.25,0.0
CLOSE_LONG,3566.78,164084,3557.25,9.5300000000002
OPEN_SHORT,3566.78,164084,3566.78,0.0
CLOSE_SHORT,3624.53,164120,3566.78,-57.75
OPEN_LONG,3624.53,164120,3624.53,0.0
CLOSE_LONG,3601.19,164141,3624.53,-23.340000000000146
OPEN_SHORT,3601.19,164141,3601.19,0.0
CLOSE_SHORT,3595.51,164150,3601.19,5.679999999999836
OPEN_LONG,3595.51,164150,3595.51,0.0
CLOSE_LONG,3573.72,164165,3595.51,-21.79000000000042
OPEN_SHORT,3573.72,164165,3573.72,0.0
CLOSE_SHORT,3581.15,164173,3573.72,-7.430000000000291
OPEN_LONG,3581.15,164173,3581.15,0.0
CLOSE_LONG,3590.64,164183,3581.15,9.489999999999782
OPEN_SHORT,3590.64,164183,3590.64,0.0
CLOSE_SHORT,3615.97,164204,3590.64,-25.329999999999927
OPEN_LONG,3615.97,164204,3615.97,0.0
CLOSE_LONG,3619.11,164218,3615.97,3.1400000000003274
OPEN_SHORT,3619.11,164218,3619.11,0.0
CLOSE_SHORT,3616.38,164245,3619.11,2.730000000000018
OPEN_LONG,3616.38,164245,3616.38,0.0
CLOSE_LONG,3608.0,164264,3616.38,-8.38000000000011
OPEN_SHORT,3608.0,164264,3608.0,0.0
CLOSE_SHORT,3586.51,164287,3608.0,21.48999999999978
OPEN_LONG,3586.51,164287,3586.51,0.0
CLOSE_LONG,3545.64,164414,3586.51,-40.870000000000346
OPEN_SHORT,3545.64,164414,3545.64,0.0
CLOSE_SHORT,3543.05,164441,3545.64,2.5899999999996908
OPEN_LONG,3543.05,164441,3543.05,0.0
CLOSE_LONG,3549.26,164448,3543.05,6.210000000000036
OPEN_SHORT,3549.26,164448,3549.26,0.0
CLOSE_SHORT,3551.24,164473,3549.26,-1.9799999999995634
OPEN_LONG,3551.24,164473,3551.24,0.0
CLOSE_LONG,3562.0,164478,3551.24,10.760000000000218
OPEN_SHORT,3562.0,164478,3562.0,0.0
CLOSE_SHORT,3546.32,164494,3562.0,15.679999999999836
OPEN_LONG,3546.32,164494,3546.32,0.0
CLOSE_LONG,3549.1,164500,3546.32,2.7799999999997453
OPEN_SHORT,3549.1,164500,3549.1,0.0
CLOSE_SHORT,3550.84,164548,3549.1,-1.7400000000002365
OPEN_LONG,3550.84,164548,3550.84,0.0
CLOSE_LONG,3556.6,164560,3550.84,5.7599999999997635
OPEN_SHORT,3556.6,164560,3556.6,0.0
CLOSE_SHORT,3572.04,164590,3556.6,-15.440000000000055
OPEN_LONG,3572.04,164590,3572.04,0.0
CLOSE_LONG,3576.61,164597,3572.04,4.570000000000164
OPEN_SHORT,3576.61,164597,3576.61,0.0
CLOSE_SHORT,3564.61,164620,3576.61,12.0
OPEN_LONG,3564.61,164620,3564.61,0.0
CLOSE_LONG,3569.44,164700,3564.61,4.829999999999927
OPEN_SHORT,3569.44,164700,3569.44,0.0
CLOSE_SHORT,3566.33,164746,3569.44,3.1100000000001273
OPEN_LONG,3566.33,164746,3566.33,0.0
CLOSE_LONG,3585.15,164761,3566.33,18.820000000000164
OPEN_SHORT,3585.15,164761,3585.15,0.0
CLOSE_SHORT,3582.04,164769,3585.15,3.1100000000001273
OPEN_LONG,3582.04,164769,3582.04,0.0
CLOSE_LONG,3557.58,164808,3582.04,-24.460000000000036
OPEN_SHORT,3557.58,164808,3557.58,0.0
CLOSE_SHORT,3542.19,164813,3557.58,15.389999999999873
OPEN_LONG,3542.19,164813,3542.19,0.0
CLOSE_LONG,3554.84,164840,3542.19,12.650000000000091
OPEN_SHORT,3554.84,164840,3554.84,0.0
CLOSE_SHORT,3556.58,164867,3554.84,-1.7399999999997817
OPEN_LONG,3556.58,164867,3556.58,0.0
CLOSE_LONG,3535.0,164882,3556.58,-21.579999999999927
OPEN_SHORT,3535.0,164882,3535.0,0.0
CLOSE_SHORT,3528.58,164906,3535.0,6.420000000000073
OPEN_LONG,3528.58,164906,3528.58,0.0
CLOSE_LONG,3523.51,164914,3528.58,-5.069999999999709
OPEN_SHORT,3523.51,164914,3523.51,0.0
CLOSE_SHORT,3511.03,164919,3523.51,12.480000000000018
OPEN_LONG,3511.03,164919,3511.03,0.0
CLOSE_LONG,3514.24,164932,3511.03,3.2099999999995816
OPEN_SHORT,3514.24,164932,3514.24,0.0
CLOSE_SHORT,3514.14,164939,3514.24,0.09999999999990905
OPEN_LONG,3514.14,164939,3514.14,0.0
CLOSE_LONG,3502.9,164947,3514.14,-11.239999999999782
OPEN_SHORT,3502.9,164947,3502.9,0.0
CLOSE_SHORT,3491.88,164963,3502.9,11.019999999999982
OPEN_LONG,3491.88,164963,3491.88,0.0
CLOSE_LONG,3479.39,164972,3491.88,-12.490000000000236
OPEN_SHORT,3479.39,164972,3479.39,0.0
CLOSE_SHORT,3469.99,164981,3479.39,9.400000000000091
OPEN_LONG,3469.99,164981,3469.99,0.0
CLOSE_LONG,3475.5,164986,3469.99,5.510000000000218
OPEN_SHORT,3475.5,164986,3475.5,0.0
CLOSE_SHORT,3472.94,165001,3475.5,2.5599999999999454
OPEN_LONG,3472.94,165001,3472.94,0.0
CLOSE_LONG,3481.03,165006,3472.94,8.090000000000146
OPEN_SHORT,3481.03,165006,3481.03,0.0
CLOSE_SHORT,3478.09,165022,3481.03,2.9400000000000546
OPEN_LONG,3478.09,165022,3478.09,0.0
CLOSE_LONG,3477.91,165028,3478.09,-0.18000000000029104
OPEN_SHORT,3477.91,165028,3477.91,0.0
CLOSE_SHORT,3481.94,165053,3477.91,-4.0300000000002
OPEN_LONG,3481.94,165053,3481.94,0.0
CLOSE_LONG,3490.01,165060,3481.94,8.070000000000164
OPEN_SHORT,3490.01,165060,3490.01,0.0
CLOSE_SHORT,3472.68,165080,3490.01,17.330000000000382
OPEN_LONG,3472.68,165080,3472.68,0.0
CLOSE_LONG,3457.65,165100,3472.68,-15.029999999999745
OPEN_SHORT,3457.65,165100,3457.65,0.0
CLOSE_SHORT,3467.16,165122,3457.65,-9.509999999999764
OPEN_LONG,3467.16,165122,3467.16,0.0
CLOSE_LONG,3481.74,165128,3467.16,14.579999999999927
OPEN_SHORT,3481.74,165128,3481.74,0.0
CLOSE_SHORT,3470.16,165139,3481.74,11.579999999999927
OPEN_LONG,3470.16,165139,3470.16,0.0
CLOSE_LONG,3478.51,165145,3470.16,8.350000000000364
OPEN_SHORT,3478.51,165145,3478.51,0.0
CLOSE_SHORT,3467.34,165151,3478.51,11.170000000000073
OPEN_LONG,3467.34,165151,3467.34,0.0
CLOSE_LONG,3469.12,165163,3467.34,1.7799999999997453
OPEN_SHORT,3469.12,165163,3469.12,0.0
CLOSE_SHORT,3457.47,165211,3469.12,11.650000000000091
OPEN_LONG,3457.47,165211,3457.47,0.0
CLOSE_LONG,3458.04,165222,3457.47,0.5700000000001637
OPEN_SHORT,3458.04,165222,3458.04,0.0
CLOSE_SHORT,3454.51,165233,3458.04,3.5299999999997453
OPEN_LONG,3454.51,165233,3454.51,0.0
CLOSE_LONG,3448.4,165250,3454.51,-6.110000000000127
OPEN_SHORT,3448.4,165250,3448.4,0.0
CLOSE_SHORT,3447.59,165263,3448.4,0.8099999999999454
OPEN_LONG,3447.59,165263,3447.59,0.0
CLOSE_LONG,3437.28,165275,3447.59,-10.309999999999945
OPEN_SHORT,3437.28,165275,3437.28,0.0
CLOSE_SHORT,3430.65,165296,3437.28,6.630000000000109
OPEN_LONG,3430.65,165296,3430.65,0.0
CLOSE_LONG,3436.4,165301,3430.65,5.75
OPEN_SHORT,3436.4,165301,3436.4,0.0
CLOSE_SHORT,3427.21,165327,3436.4,9.190000000000055
OPEN_LONG,3427.21,165327,3427.21,0.0
CLOSE_LONG,3418.63,165348,3427.21,-8.579999999999927
OPEN_SHORT,3418.63,165348,3418.63,0.0
CLOSE_SHORT,3408.32,165355,3418.63,10.309999999999945
OPEN_LONG,3408.32,165355,3408.32,0.0
CLOSE_LONG,3408.71,165362,3408.32,0.38999999999987267
OPEN_SHORT,3408.71,165362,3408.71,0.0
CLOSE_SHORT,3416.66,165417,3408.71,-7.949999999999818
OPEN_LONG,3416.66,165417,3416.66,0.0
CLOSE_LONG,3420.4,165422,3416.66,3.7400000000002365
OPEN_SHORT,3420.4,165422,3420.4,0.0
CLOSE_SHORT,3419.37,165447,3420.4,1.0300000000002
OPEN_LONG,3419.37,165447,3419.37,0.0
CLOSE_LONG,3422.07,165453,3419.37,2.700000000000273
OPEN_SHORT,3422.07,165453,3422.07,0.0
CLOSE_SHORT,3409.85,165462,3422.07,12.220000000000255
OPEN_LONG,3409.85,165462,3409.85,0.0
CLOSE_LONG,3418.77,165470,3409.85,8.920000000000073
OPEN_SHORT,3418.77,165470,3418.77,0.0
CLOSE_SHORT,3422.78,165485,3418.77,-4.010000000000218
OPEN_LONG,3422.78,165485,3422.78,0.0
CLOSE_LONG,3424.31,165492,3422.78,1.5299999999997453
OPEN_SHORT,3424.31,165492,3424.31,0.0
CLOSE_SHORT,3439.65,165555,3424.31,-15.340000000000146
OPEN_LONG,3439.65,165555,3439.65,0.0
CLOSE_LONG,3437.2,165565,3439.65,-2.450000000000273
OPEN_SHORT,3437.2,165565,3437.2,0.0
CLOSE_SHORT,3435.39,165615,3437.2,1.8099999999999454
OPEN_LONG,3435.39,165615,3435.39,0.0
CLOSE_LONG,3427.09,165633,3435.39,-8.299999999999727
OPEN_SHORT,3427.09,165633,3427.09,0.0
CLOSE_SHORT,3416.95,165645,3427.09,10.140000000000327
OPEN_LONG,3416.95,165645,3416.95,0.0
CLOSE_LONG,3426.69,165649,3416.95,9.740000000000236
OPEN_SHORT,3426.69,165649,3426.69,0.0
CLOSE_SHORT,3431.82,165758,3426.69,-5.130000000000109
OPEN_LONG,3431.82,165758,3431.82,0.0
CLOSE_LONG,3447.19,165775,3431.82,15.36999999999989
OPEN_SHORT,3447.19,165775,3447.19,0.0
CLOSE_SHORT,3442.56,165941,3447.19,4.630000000000109
OPEN_LONG,3442.56,165941,3442.56,0.0
CLOSE_LONG,3445.49,165972,3442.56,2.9299999999998363
OPEN_SHORT,3445.49,165972,3445.49,0.0
CLOSE_SHORT,3467.01,166008,3445.49,-21.520000000000437
OPEN_LONG,3467.01,166008,3467.01,0.0
CLOSE_LONG,3473.36,166017,3467.01,6.349999999999909
OPEN_SHORT,3473.36,166017,3473.36,0.0
CLOSE_SHORT,3481.19,166042,3473.36,-7.829999999999927
OPEN_LONG,3481.19,166042,3481.19,0.0
CLOSE_LONG,3485.9,166051,3481.19,4.710000000000036
OPEN_SHORT,3485.9,166051,3485.9,0.0
CLOSE_SHORT,3524.0,166112,3485.9,-38.09999999999991
OPEN_LONG,3524.0,166112,3524.0,0.0
CLOSE_LONG,3528.75,166118,3524.0,4.75
OPEN_SHORT,3528.75,166118,3528.75,0.0
CLOSE_SHORT,3556.39,166150,3528.75,-27.639999999999873
OPEN_LONG,3556.39,166150,3556.39,0.0
CLOSE_LONG,3550.47,166205,3556.39,-5.920000000000073
OPEN_SHORT,3550.47,166205,3550.47,0.0
CLOSE_SHORT,3551.74,166219,3550.47,-1.2699999999999818
OPEN_LONG,3551.74,166219,3551.74,0.0
CLOSE_LONG,3551.59,166229,3551.74,-0.1499999999996362
OPEN_SHORT,3551.59,166229,3551.59,0.0
CLOSE_SHORT,3541.2,166235,3551.59,10.390000000000327
OPEN_LONG,3541.2,166235,3541.2,0.0
CLOSE_LONG,3546.81,166241,3541.2,5.610000000000127
OPEN_SHORT,3546.81,166241,3546.81,0.0
CLOSE_SHORT,3578.07,166308,3546.81,-31.26000000000022
OPEN_LONG,3578.07,166308,3578.07,0.0
CLOSE_LONG,3575.88,166324,3578.07,-2.1900000000000546
OPEN_SHORT,3575.88,166324,3575.88,0.0
CLOSE_SHORT,3571.19,166334,3575.88,4.690000000000055
OPEN_LONG,3571.19,166334,3571.19,0.0
CLOSE_LONG,3506.87,166368,3571.19,-64.32000000000016
OPEN_SHORT,3506.87,166368,3506.87,0.0
CLOSE_SHORT,3495.19,166369,3506.87,11.679999999999836
OPEN_LONG,3495.19,166369,3495.19,0.0
CLOSE_LONG,3497.71,166370,3495.19,2.519999999999982
OPEN_SHORT,3497.71,166370,3497.71,0.0
CLOSE_SHORT,3494.78,166387,3497.71,2.9299999999998363
OPEN_LONG,3494.78,166387,3494.78,0.0
CLOSE_LONG,3480.94,166398,3494.78,-13.840000000000146
OPEN_SHORT,3480.94,166398,3480.94,0.0
CLOSE_SHORT,3477.29,166409,3480.94,3.650000000000091
OPEN_LONG,3477.29,166409,3477.29,0.0
CLOSE_LONG,3427.6,166437,3477.29,-49.690000000000055
OPEN_SHORT,3427.6,166437,3427.6,0.0
CLOSE_SHORT,3411.49,166442,3427.6,16.110000000000127
OPEN_LONG,3411.49,166442,3411.49,0.0
CLOSE_LONG,3395.86,166449,3411.49,-15.629999999999654
OPEN_SHORT,3395.86,166449,3395.86,0.0
CLOSE_SHORT,3398.92,166481,3395.86,-3.0599999999999454
OPEN_LONG,3398.92,166481,3398.92,0.0
CLOSE_LONG,3399.73,166489,3398.92,0.8099999999999454
OPEN_SHORT,3399.73,166489,3399.73,0.0
CLOSE_SHORT,3394.21,166495,3399.73,5.519999999999982
OPEN_LONG,3394.21,166495,3394.21,0.0
CLOSE_LONG,3402.15,166497,3394.21,7.940000000000055
OPEN_SHORT,3402.15,166497,3402.15,0.0
CLOSE_SHORT,3392.8,166510,3402.15,9.349999999999909
OPEN_LONG,3392.8,166510,3392.8,0.0
CLOSE_LONG,3397.79,166515,3392.8,4.989999999999782
OPEN_SHORT,3397.79,166515,3397.79,0.0
CLOSE_SHORT,3429.52,166538,3397.79,-31.730000000000018
OPEN_LONG,3429.52,166538,3429.52,0.0
CLOSE_LONG,3434.17,166546,3429.52,4.650000000000091
OPEN_SHORT,3434.17,166546,3434.17,0.0
CLOSE_SHORT,3432.57,166565,3434.17,1.599999999999909
OPEN_LONG,3432.57,166565,3432.57,0.0
CLOSE_LONG,3445.52,166575,3432.57,12.949999999999818
OPEN_SHORT,3445.52,166575,3445.52,0.0
CLOSE_SHORT,3430.54,166581,3445.52,14.980000000000018
OPEN_LONG,3430.54,166581,3430.54,0.0
CLOSE_LONG,3438.25,166588,3430.54,7.710000000000036
OPEN_SHORT,3438.25,166588,3438.25,0.0
CLOSE_SHORT,3430.4,166598,3438.25,7.849999999999909
OPEN_LONG,3430.4,166598,3430.4,0.0
CLOSE_LONG,3425.59,166609,3430.4,-4.809999999999945
OPEN_SHORT,3425.59,166609,3425.59,0.0
CLOSE_SHORT,3415.6,166616,3425.59,9.990000000000236
OPEN_LONG,3415.6,166616,3415.6,0.0
CLOSE_LONG,3378.51,166652,3415.6,-37.08999999999969
OPEN_SHORT,3378.51,166652,3378.51,0.0
CLOSE_SHORT,3403.38,166662,3378.51,-24.86999999999989
OPEN_LONG,3403.38,166662,3403.38,0.0
CLOSE_LONG,3409.67,166668,3403.38,6.289999999999964
OPEN_SHORT,3409.67,166668,3409.67,0.0
CLOSE_SHORT,3399.95,166676,3409.67,9.720000000000255
OPEN_LONG,3399.95,166676,3399.95,0.0
CLOSE_LONG,3414.9,166678,3399.95,14.950000000000273
OPEN_SHORT,3414.9,166678,3414.9,0.0
CLOSE_SHORT,3410.67,166688,3414.9,4.230000000000018
OPEN_LONG,3410.67,166688,3410.67,0.0
CLOSE_LONG,3419.27,166692,3410.67,8.599999999999909
OPEN_SHORT,3419.27,166692,3419.27,0.0
CLOSE_SHORT,3418.63,166721,3419.27,0.6399999999998727
OPEN_LONG,3418.63,166721,3418.63,0.0
CLOSE_LONG,3418.47,166736,3418.63,-0.16000000000030923
OPEN_SHORT,3418.47,166736,3418.47,0.0
CLOSE_SHORT,3419.86,166758,3418.47,-1.3900000000003274
OPEN_LONG,3419.86,166758,3419.86,0.0
CLOSE_LONG,3420.6,166790,3419.86,0.7399999999997817
OPEN_SHORT,3420.6,166790,3420.6,0.0
CLOSE_SHORT,3407.2,166801,3420.6,13.400000000000091
OPEN_LONG,3407.2,166801,3407.2,0.0
CLOSE_LONG,3396.57,166815,3407.2,-10.629999999999654
OPEN_SHORT,3396.57,166815,3396.57,0.0
CLOSE_SHORT,3411.56,166857,3396.57,-14.989999999999782
OPEN_LONG,3411.56,166857,3411.56,0.0
CLOSE_LONG,3413.92,166872,3411.56,2.3600000000001273
OPEN_SHORT,3413.92,166872,3413.92,0.0
CLOSE_SHORT,3405.66,166935,3413.92,8.260000000000218
OPEN_LONG,3405.66,166935,3405.66,0.0
CLOSE_LONG,3412.97,166948,3405.66,7.309999999999945
OPEN_SHORT,3412.97,166948,3412.97,0.0
CLOSE_SHORT,3416.86,166954,3412.97,-3.8900000000003274
OPEN_LONG,3416.86,166954,3416.86,0.0
CLOSE_LONG,3416.42,166975,3416.86,-0.44000000000005457
OPEN_SHORT,3416.42,166975,3416.42,0.0
CLOSE_SHORT,3429.2,166994,3416.42,-12.779999999999745
OPEN_LONG,3429.2,166994,3429.2,0.0
CLOSE_LONG,3431.84,167002,3429.2,2.6400000000003274
OPEN_SHORT,3431.84,167002,3431.84,0.0
CLOSE_SHORT,3441.82,167020,3431.84,-9.980000000000018
OPEN_LONG,3441.82,167020,3441.82,0.0
CLOSE_LONG,3427.88,167035,3441.82,-13.940000000000055
OPEN_SHORT,3427.88,167035,3427.88,0.0
CLOSE_SHORT,3428.65,167057,3427.88,-0.7699999999999818
OPEN_LONG,3428.65,167057,3428.65,0.0
CLOSE_LONG,3436.67,167066,3428.65,8.019999999999982
OPEN_SHORT,3436.67,167066,3436.67,0.0
CLOSE_SHORT,3431.0,167079,3436.67,5.670000000000073
OPEN_LONG,3431.0,167079,3431.0,0.0
CLOSE_LONG,3419.37,167112,3431.0,-11.63000000000011
OPEN_SHORT,3419.37,167112,3419.37,0.0
CLOSE_SHORT,3451.11,167128,3419.37,-31.740000000000236
OPEN_LONG,3451.11,167128,3451.11,0.0
CLOSE_LONG,3458.84,167132,3451.11,7.730000000000018
OPEN_SHORT,3458.84,167132,3458.84,0.0
CLOSE_SHORT,3457.34,167148,3458.84,1.5
OPEN_LONG,3457.34,167148,3457.34,0.0
CLOSE_LONG,3454.4,167166,3457.34,-2.9400000000000546
OPEN_SHORT,3454.4,167166,3454.4,0.0
CLOSE_SHORT,3467.28,167182,3454.4,-12.88000000000011
OPEN_LONG,3467.28,167182,3467.28,0.0
CLOSE_LONG,3470.49,167205,3467.28,3.2099999999995816
OPEN_SHORT,3470.49,167205,3470.49,0.0
CLOSE_SHORT,3464.45,167226,3470.49,6.039999999999964
OPEN_LONG,3464.45,167226,3464.45,0.0
CLOSE_LONG,3472.68,167231,3464.45,8.230000000000018
OPEN_SHORT,3472.68,167231,3472.68,0.0
CLOSE_SHORT,3526.18,167274,3472.68,-53.5
OPEN_LONG,3526.18,167274,3526.18,0.0
CLOSE_LONG,3532.88,167281,3526.18,6.700000000000273
OPEN_SHORT,3532.88,167281,3532.88,0.0
CLOSE_SHORT,3541.33,167368,3532.88,-8.449999999999818
OPEN_LONG,3541.33,167368,3541.33,0.0
CLOSE_LONG,3537.32,167395,3541.33,-4.0099999999997635
OPEN_SHORT,3537.32,167395,3537.32,0.0
CLOSE_SHORT,3535.08,167442,3537.32,2.2400000000002365
OPEN_LONG,3535.08,167442,3535.08,0.0
CLOSE_LONG,3501.32,167469,3535.08,-33.75999999999976
OPEN_SHORT,3501.32,167469,3501.32,0.0
CLOSE_SHORT,3502.43,167482,3501.32,-1.1099999999996726
OPEN_LONG,3502.43,167482,3502.43,0.0
CLOSE_LONG,3490.07,167513,3502.43,-12.359999999999673
OPEN_SHORT,3490.07,167513,3490.07,0.0
CLOSE_SHORT,3506.38,167539,3490.07,-16.309999999999945
OPEN_LONG,3506.38,167539,3506.38,0.0
CLOSE_LONG,3504.27,167573,3506.38,-2.1100000000001273
OPEN_SHORT,3504.27,167573,3504.27,0.0
CLOSE_SHORT,3499.94,167594,3504.27,4.329999999999927
OPEN_LONG,3499.94,167594,3499.94,0.0
CLOSE_LONG,3500.4,167611,3499.94,0.4600000000000364
OPEN_SHORT,3500.4,167611,3500.4,0.0
CLOSE_SHORT,3488.5,167639,3500.4,11.900000000000091
OPEN_LONG,3488.5,167639,3488.5,0.0
CLOSE_LONG,3491.49,167652,3488.5,2.9899999999997817
OPEN_SHORT,3491.49,167652,3491.49,0.0
CLOSE_SHORT,3465.52,167719,3491.49,25.9699999999998
OPEN_LONG,3465.52,167719,3465.52,0.0
CLOSE_LONG,3440.93,167733,3465.52,-24.590000000000146
OPEN_SHORT,3440.93,167733,3440.93,0.0
CLOSE_SHORT,3436.0,167748,3440.93,4.929999999999836
OPEN_LONG,3436.0,167748,3436.0,0.0
CLOSE_LONG,3434.75,167754,3436.0,-1.25
OPEN_SHORT,3434.75,167754,3434.75,0.0
CLOSE_SHORT,3430.76,167763,3434.75,3.9899999999997817
OPEN_LONG,3430.76,167763,3430.76,0.0
CLOSE_LONG,3431.55,167773,3430.76,0.7899999999999636
OPEN_SHORT,3431.55,167773,3431.55,0.0
CLOSE_SHORT,3410.43,167788,3431.55,21.120000000000346
OPEN_LONG,3410.43,167788,3410.43,0.0
CLOSE_LONG,3430.91,167793,3410.43,20.480000000000018
OPEN_SHORT,3430.91,167793,3430.91,0.0
CLOSE_SHORT,3405.58,167797,3430.91,25.329999999999927
OPEN_LONG,3405.58,167797,3405.58,0.0
CLOSE_LONG,3416.21,167801,3405.58,10.63000000000011
OPEN_SHORT,3416.21,167801,3416.21,0.0
CLOSE_SHORT,3446.17,167811,3416.21,-29.960000000000036
OPEN_LONG,3446.17,167811,3446.17,0.0
CLOSE_LONG,3429.0,167820,3446.17,-17.170000000000073
OPEN_SHORT,3429.0,167820,3429.0,0.0
CLOSE_SHORT,3421.36,167832,3429.0,7.639999999999873
OPEN_LONG,3421.36,167832,3421.36,0.0
CLOSE_LONG,3404.2,167852,3421.36,-17.16000000000031
OPEN_SHORT,3404.2,167852,3404.2,0.0
CLOSE_SHORT,3389.84,167857,3404.2,14.359999999999673
OPEN_LONG,3389.84,167857,3389.84,0.0
CLOSE_LONG,3370.9,167870,3389.84,-18.940000000000055
OPEN_SHORT,3370.9,167870,3370.9,0.0
CLOSE_SHORT,3374.25,167877,3370.9,-3.349999999999909
OPEN_LONG,3374.25,167877,3374.25,0.0
CLOSE_LONG,3388.1,167880,3374.25,13.849999999999909
OPEN_SHORT,3388.1,167880,3388.1,0.0
CLOSE_SHORT,3372.11,167891,3388.1,15.989999999999782
OPEN_LONG,3372.11,167891,3372.11,0.0
CLOSE_LONG,3362.81,167903,3372.11,-9.300000000000182
OPEN_SHORT,3362.81,167903,3362.81,0.0
CLOSE_SHORT,3348.01,167912,3362.81,14.799999999999727
OPEN_LONG,3348.01,167912,3348.01,0.0
CLOSE_LONG,3348.67,167918,3348.01,0.6599999999998545
OPEN_SHORT,3348.67,167918,3348.67,0.0
CLOSE_SHORT,3331.71,167925,3348.67,16.960000000000036
OPEN_LONG,3331.71,167925,3331.71,0.0
CLOSE_LONG,3315.75,167939,3331.71,-15.960000000000036
OPEN_SHORT,3315.75,167939,3315.75,0.0
CLOSE_SHORT,3307.6,167941,3315.75,8.150000000000091
OPEN_LONG,3307.6,167941,3307.6,0.0
CLOSE_LONG,3304.43,167948,3307.6,-3.1700000000000728
OPEN_SHORT,3304.43,167948,3304.43,0.0
CLOSE_SHORT,3288.9,167953,3304.43,15.529999999999745
OPEN_LONG,3288.9,167953,3288.9,0.0
CLOSE_LONG,3299.66,167956,3288.9,10.759999999999764
OPEN_SHORT,3299.66,167956,3299.66,0.0
CLOSE_SHORT,3296.34,167968,3299.66,3.319999999999709
OPEN_LONG,3296.34,167968,3296.34,0.0
CLOSE_LONG,3283.25,167978,3296.34,-13.090000000000146
OPEN_SHORT,3283.25,167978,3283.25,0.0
CLOSE_SHORT,3265.89,167982,3283.25,17.360000000000127
OPEN_LONG,3265.89,167982,3265.89,0.0
CLOSE_LONG,3261.84,167994,3265.89,-4.049999999999727
OPEN_SHORT,3261.84,167994,3261.84,0.0
CLOSE_SHORT,3240.3,167996,3261.84,21.539999999999964
OPEN_LONG,3240.3,167996,3240.3,0.0
CLOSE_LONG,3245.75,168010,3240.3,5.449999999999818
OPEN_SHORT,3245.75,168010,3245.75,0.0
CLOSE_SHORT,3232.51,168017,3245.75,13.239999999999782
OPEN_LONG,3232.51,168017,3232.51,0.0
CLOSE_LONG,3238.31,168022,3232.51,5.799999999999727
OPEN_SHORT,3238.31,168022,3238.31,0.0
CLOSE_SHORT,3216.57,168025,3238.31,21.73999999999978
OPEN_LONG,3216.57,168025,3216.57,0.0
CLOSE_LONG,3218.24,168032,3216.57,1.669999999999618
OPEN_SHORT,3218.24,168032,3218.24,0.0
CLOSE_SHORT,3205.8,168038,3218.24,12.4399999999996
OPEN_LONG,3205.8,168038,3205.8,0.0
CLOSE_LONG,3200.8,168047,3205.8,-5.0
OPEN_SHORT,3200.8,168047,3200.8,0.0
CLOSE_SHORT,3200.96,168054,3200.8,-0.15999999999985448
OPEN_LONG,3200.96,168054,3200.96,0.0
CLOSE_LONG,3220.65,168056,3200.96,19.690000000000055
OPEN_SHORT,3220.65,168056,3220.65,0.0
CLOSE_SHORT,3206.99,168061,3220.65,13.66000000000031
OPEN_LONG,3206.99,168061,3206.99,0.0
CLOSE_LONG,3210.16,168065,3206.99,3.1700000000000728
OPEN_SHORT,3210.16,168065,3210.16,0.0
CLOSE_SHORT,3202.83,168067,3210.16,7.329999999999927
OPEN_LONG,3202.83,168067,3202.83,0.0
CLOSE_LONG,3206.78,168073,3202.83,3.950000000000273
OPEN_SHORT,3206.78,168073,3206.78,0.0
CLOSE_SHORT,3210.28,168084,3206.78,-3.5
OPEN_LONG,3210.28,168084,3210.28,0.0
CLOSE_LONG,3203.99,168095,3210.28,-6.290000000000418
OPEN_SHORT,3203.99,168095,3203.99,0.0
CLOSE_SHORT,3195.95,168101,3203.99,8.039999999999964
OPEN_LONG,3195.95,168101,3195.95,0.0
CLOSE_LONG,3189.16,168112,3195.95,-6.789999999999964
OPEN_SHORT,3189.16,168112,3189.16,0.0
CLOSE_SHORT,3178.23,168116,3189.16,10.929999999999836
OPEN_LONG,3178.23,168116,3178.23,0.0
CLOSE_LONG,3172.75,168122,3178.23,-5.480000000000018
OPEN_SHORT,3172.75,168122,3172.75,0.0
CLOSE_SHORT,3167.05,168128,3172.75,5.699999999999818
OPEN_LONG,3167.05,168128,3167.05,0.0
CLOSE_LONG,3173.87,168134,3167.05,6.819999999999709
OPEN_SHORT,3173.87,168134,3173.87,0.0
CLOSE_SHORT,3183.86,168155,3173.87,-9.990000000000236
OPEN_LONG,3183.86,168155,3183.86,0.0
CLOSE_LONG,3169.06,168171,3183.86,-14.800000000000182
OPEN_SHORT,3169.06,168171,3169.06,0.0
CLOSE_SHORT,3174.74,168188,3169.06,-5.679999999999836
OPEN_LONG,3174.74,168188,3174.74,0.0
CLOSE_LONG,3172.0,168203,3174.74,-2.7399999999997817
OPEN_SHORT,3172.0,168203,3172.0,0.0
CLOSE_SHORT,3173.0,168233,3172.0,-1.0
OPEN_LONG,3173.0,168233,3173.0,0.0
CLOSE_LONG,3184.0,168236,3173.0,11.0
OPEN_SHORT,3184.0,168236,3184.0,0.0
CLOSE_SHORT,3193.76,168248,3184.0,-9.760000000000218
OPEN_LONG,3193.76,168248,3193.76,0.0
CLOSE_LONG,3208.29,168255,3193.76,14.529999999999745
OPEN_SHORT,3208.29,168255,3208.29,0.0
CLOSE_SHORT,3220.16,168279,3208.29,-11.86999999999989
OPEN_LONG,3220.16,168279,3220.16,0.0
CLOSE_LONG,3227.27,168283,3220.16,7.110000000000127
OPEN_SHORT,3227.27,168283,3227.27,0.0
CLOSE_SHORT,3218.24,168292,3227.27,9.0300000000002
OPEN_LONG,3218.24,168292,3218.24,0.0
CLOSE_LONG,3225.8,168297,3218.24,7.5600000000004
OPEN_SHORT,3225.8,168297,3225.8,0.0
CLOSE_SHORT,3245.91,168316,3225.8,-20.109999999999673
OPEN_LONG,3245.91,168316,3245.91,0.0
CLOSE_LONG,3253.48,168319,3245.91,7.570000000000164
OPEN_SHORT,3253.48,168319,3253.48,0.0
CLOSE_SHORT,3254.77,168339,3253.48,-1.2899999999999636
OPEN_LONG,3254.77,168339,3254.77,0.0
CLOSE_LONG,3223.18,168363,3254.77,-31.590000000000146
OPEN_SHORT,3223.18,168363,3223.18,0.0
CLOSE_SHORT,3204.46,168367,3223.18,18.7199999999998
OPEN_LONG,3204.46,168367,3204.46,0.0
CLOSE_LONG,3205.98,168373,3204.46,1.5199999999999818
OPEN_SHORT,3205.98,168373,3205.98,0.0
CLOSE_SHORT,3227.0,168389,3205.98,-21.019999999999982
OPEN_LONG,3227.0,168389,3227.0,0.0
CLOSE_LONG,3218.61,168396,3227.0,-8.389999999999873
OPEN_SHORT,3218.61,168396,3218.61,0.0
CLOSE_SHORT,3206.71,168401,3218.61,11.900000000000091
OPEN_LONG,3206.71,168401,3206.71,0.0
CLOSE_LONG,3198.4,168426,3206.71,-8.309999999999945
OPEN_SHORT,3198.4,168426,3198.4,0.0
CLOSE_SHORT,3192.93,168440,3198.4,5.470000000000255
OPEN_LONG,3192.93,168440,3192.93,0.0
CLOSE_LONG,3201.79,168445,3192.93,8.860000000000127
OPEN_SHORT,3201.79,168445,3201.79,0.0
CLOSE_SHORT,3195.06,168451,3201.79,6.730000000000018
OPEN_LONG,3195.06,168451,3195.06,0.0
CLOSE_LONG,3205.59,168463,3195.06,10.5300000000002
OPEN_SHORT,3205.59,168463,3205.59,0.0
CLOSE_SHORT,3225.14,168482,3205.59,-19.549999999999727
OPEN_LONG,3225.14,168482,3225.14,0.0
CLOSE_LONG,3233.61,168484,3225.14,8.470000000000255
OPEN_SHORT,3233.61,168484,3233.61,0.0
CLOSE_SHORT,3233.46,168494,3233.61,0.15000000000009095
OPEN_LONG,3233.46,168494,3233.46,0.0
CLOSE_LONG,3245.7,168511,3233.46,12.239999999999782
OPEN_SHORT,3245.7,168511,3245.7,0.0
CLOSE_SHORT,3242.9,168518,3245.7,2.799999999999727
OPEN_LONG,3242.9,168518,3242.9,0.0
CLOSE_LONG,3228.28,168543,3242.9,-14.61999999999989
OPEN_SHORT,3228.28,168543,3228.28,0.0
CLOSE_SHORT,3218.36,168547,3228.28,9.920000000000073
OPEN_LONG,3218.36,168547,3218.36,0.0
CLOSE_LONG,3230.68,168556,3218.36,12.319999999999709
OPEN_SHORT,3230.68,168556,3230.68,0.0
CLOSE_SHORT,3224.21,168566,3230.68,6.4699999999998
OPEN_LONG,3224.21,168566,3224.21,0.0
CLOSE_LONG,3221.83,168587,3224.21,-2.380000000000109
OPEN_SHORT,3221.83,168587,3221.83,0.0
CLOSE_SHORT,3217.65,168596,3221.83,4.179999999999836
OPEN_LONG,3217.65,168596,3217.65,0.0
CLOSE_LONG,3216.44,168604,3217.65,-1.2100000000000364
OPEN_SHORT,3216.44,168604,3216.44,0.0
CLOSE_SHORT,3206.62,168615,3216.44,9.820000000000164
OPEN_LONG,3206.62,168615,3206.62,0.0
CLOSE_LONG,3213.2,168621,3206.62,6.579999999999927
OPEN_SHORT,3213.2,168621,3213.2,0.0
CLOSE_SHORT,3202.5,168623,3213.2,10.699999999999818
OPEN_LONG,3202.5,168623,3202.5,0.0
CLOSE_LONG,3157.22,168635,3202.5,-45.2800000000002
OPEN_SHORT,3157.22,168635,3157.22,0.0
CLOSE_SHORT,3140.57,168641,3157.22,16.649999999999636
OPEN_LONG,3140.57,168641,3140.57,0.0
CLOSE_LONG,3159.94,168645,3140.57,19.36999999999989
OPEN_SHORT,3159.94,168645,3159.94,0.0
CLOSE_SHORT,3171.2,168658,3159.94,-11.259999999999764
OPEN_LONG,3171.2,168658,3171.2,0.0
CLOSE_LONG,3175.85,168671,3171.2,4.650000000000091
OPEN_SHORT,3175.85,168671,3175.85,0.0
CLOSE_SHORT,3170.56,168681,3175.85,5.289999999999964
OPEN_LONG,3170.56,168681,3170.56,0.0
CLOSE_LONG,3181.87,168690,3170.56,11.309999999999945
OPEN_SHORT,3181.87,168690,3181.87,0.0
CLOSE_SHORT,3176.9,168698,3181.87,4.9699999999998
OPEN_LONG,3176.9,168698,3176.9,0.0
CLOSE_LONG,3196.81,168701,3176.9,19.909999999999854
OPEN_SHORT,3196.81,168701,3196.81,0.0
CLOSE_SHORT,3180.4,168715,3196.81,16.409999999999854
OPEN_LONG,3180.4,168715,3180.4,0.0
CLOSE_LONG,3169.64,168730,3180.4,-10.760000000000218
OPEN_SHORT,3169.64,168730,3169.64,0.0
CLOSE_SHORT,3162.18,168736,3169.64,7.460000000000036
OPEN_LONG,3162.18,168736,3162.18,0.0
CLOSE_LONG,3167.11,168741,3162.18,4.930000000000291
OPEN_SHORT,3167.11,168741,3167.11,0.0
CLOSE_SHORT,3158.4,168746,3167.11,8.710000000000036
OPEN_LONG,3158.4,168746,3158.4,0.0
CLOSE_LONG,3175.08,168761,3158.4,16.679999999999836
OPEN_SHORT,3175.08,168761,3175.08,0.0
CLOSE_SHORT,3204.42,168776,3175.08,-29.340000000000146
OPEN_LONG,3204.42,168776,3204.42,0.0
CLOSE_LONG,3214.87,168785,3204.42,10.449999999999818
OPEN_SHORT,3214.87,168785,3214.87,0.0
CLOSE_SHORT,3202.0,168790,3214.87,12.86999999999989
OPEN_LONG,3202.0,168790,3202.0,0.0
CLOSE_LONG,3210.15,168795,3202.0,8.150000000000091
OPEN_SHORT,3210.15,168795,3210.15,0.0
CLOSE_SHORT,3207.72,168806,3210.15,2.430000000000291
OPEN_LONG,3207.72,168806,3207.72,0.0
CLOSE_LONG,3203.93,168814,3207.72,-3.7899999999999636
OPEN_SHORT,3203.93,168814,3203.93,0.0
CLOSE_SHORT,3217.84,168827,3203.93,-13.91000000000031
OPEN_LONG,3217.84,168827,3217.84,0.0
CLOSE_LONG,3207.61,168849,3217.84,-10.230000000000018
OPEN_SHORT,3207.61,168849,3207.61,0.0
CLOSE_SHORT,3203.16,168856,3207.61,4.450000000000273
OPEN_LONG,3203.16,168856,3203.16,0.0
CLOSE_LONG,3197.58,168867,3203.16,-5.579999999999927
OPEN_SHORT,3197.58,168867,3197.58,0.0
CLOSE_SHORT,3192.38,168879,3197.58,5.199999999999818
OPEN_LONG,3192.38,168879,3192.38,0.0
CLOSE_LONG,3201.45,168885,3192.38,9.069999999999709
OPEN_SHORT,3201.45,168885,3201.45,0.0
CLOSE_SHORT,3200.71,168899,3201.45,0.7399999999997817
OPEN_LONG,3200.71,168899,3200.71,0.0
CLOSE_LONG,3200.35,168916,3200.71,-0.36000000000012733
OPEN_SHORT,3200.35,168916,3200.35,0.0
CLOSE_SHORT,3186.67,168921,3200.35,13.679999999999836
OPEN_LONG,3186.67,168921,3186.67,0.0
CLOSE_LONG,3168.88,168932,3186.67,-17.789999999999964
OPEN_SHORT,3168.88,168932,3168.88,0.0
CLOSE_SHORT,3153.83,168940,3168.88,15.050000000000182
OPEN_LONG,3153.83,168940,3153.83,0.0
CLOSE_LONG,3170.42,168960,3153.83,16.590000000000146
OPEN_SHORT,3170.42,168960,3170.42,0.0
CLOSE_SHORT,3178.51,169006,3170.42,-8.090000000000146
OPEN_LONG,3178.51,169006,3178.51,0.0
CLOSE_LONG,3180.21,169016,3178.51,1.699999999999818
OPEN_SHORT,3180.21,169016,3180.21,0.0
CLOSE_SHORT,3167.1,169020,3180.21,13.110000000000127
OPEN_LONG,3167.1,169020,3167.1,0.0
CLOSE_LONG,3167.03,169034,3167.1,-0.06999999999970896
OPEN_SHORT,3167.03,169034,3167.03,0.0
CLOSE_SHORT,3148.3,169039,3167.03,18.730000000000018
OPEN_LONG,3148.3,169039,3148.3,0.0
CLOSE_LONG,3130.21,169056,3148.3,-18.090000000000146
OPEN_SHORT,3130.21,169056,3130.21,0.0
CLOSE_SHORT,3124.68,169064,3130.21,5.5300000000002
OPEN_LONG,3124.68,169064,3124.68,0.0
CLOSE_LONG,3134.51,169068,3124.68,9.830000000000382
OPEN_SHORT,3134.51,169068,3134.51,0.0
CLOSE_SHORT,3127.95,169074,3134.51,6.5600000000004
OPEN_LONG,3127.95,169074,3127.95,0.0
CLOSE_LONG,3137.67,169081,3127.95,9.720000000000255
OPEN_SHORT,3137.67,169081,3137.67,0.0
CLOSE_SHORT,3113.1,169083,3137.67,24.570000000000164
OPEN_LONG,3113.1,169083,3113.1,0.0
CLOSE_LONG,3122.81,169088,3113.1,9.710000000000036
OPEN_SHORT,3122.81,169088,3122.81,0.0
CLOSE_SHORT,3110.88,169093,3122.81,11.929999999999836
OPEN_LONG,3110.88,169093,3110.88,0.0
CLOSE_LONG,3122.88,169097,3110.88,12.0
OPEN_SHORT,3122.88,169097,3122.88,0.0
CLOSE_SHORT,3107.03,169102,3122.88,15.849999999999909
OPEN_LONG,3107.03,169102,3107.03,0.0
CLOSE_LONG,3093.62,169117,3107.03,-13.41000000000031
OPEN_SHORT,3093.62,169117,3093.62,0.0
CLOSE_SHORT,3124.08,169138,3093.62,-30.460000000000036
OPEN_LONG,3124.08,169138,3124.08,0.0
CLOSE_LONG,3102.46,169158,3124.08,-21.61999999999989
OPEN_SHORT,3102.46,169158,3102.46,0.0
CLOSE_SHORT,3083.34,169165,3102.46,19.11999999999989
OPEN_LONG,3083.34,169165,3083.34,0.0
CLOSE_LONG,3082.25,169171,3083.34,-1.0900000000001455
OPEN_SHORT,3082.25,169171,3082.25,0.0
CLOSE_SHORT,3129.64,169202,3082.25,-47.38999999999987
OPEN_LONG,3129.64,169202,3129.64,0.0
CLOSE_LONG,3140.97,169206,3129.64,11.329999999999927
OPEN_SHORT,3140.97,169206,3140.97,0.0
CLOSE_SHORT,3132.92,169220,3140.97,8.049999999999727
OPEN_LONG,3132.92,169220,3132.92,0.0
CLOSE_LONG,3148.06,169225,3132.92,15.139999999999873
OPEN_SHORT,3148.06,169225,3148.06,0.0
CLOSE_SHORT,3191.58,169241,3148.06,-43.51999999999998
OPEN_LONG,3191.58,169241,3191.58,0.0
CLOSE_LONG,3213.35,169243,3191.58,21.769999999999982
OPEN_SHORT,3213.35,169243,3213.35,0.0
CLOSE_SHORT,3196.16,169248,3213.35,17.190000000000055
OPEN_LONG,3196.16,169248,3196.16,0.0
CLOSE_LONG,3193.79,169257,3196.16,-2.369999999999891
OPEN_SHORT,3193.79,169257,3193.79,0.0
CLOSE_SHORT,3178.7,169262,3193.79,15.090000000000146
OPEN_LONG,3178.7,169262,3178.7,0.0
CLOSE_LONG,3182.84,169268,3178.7,4.140000000000327
OPEN_SHORT,3182.84,169268,3182.84,0.0
CLOSE_SHORT,3170.79,169276,3182.84,12.050000000000182
OPEN_LONG,3170.79,169276,3170.79,0.0
CLOSE_LONG,3203.6,169278,3170.79,32.809999999999945
OPEN_SHORT,3203.6,169278,3203.6,0.0
CLOSE_SHORT,3194.37,169284,3203.6,9.230000000000018
OPEN_LONG,3194.37,169284,3194.37,0.0
CLOSE_LONG,3201.43,169289,3194.37,7.059999999999945
OPEN_SHORT,3201.43,169289,3201.43,0.0
CLOSE_SHORT,3209.16,169305,3201.43,-7.730000000000018
OPEN_LONG,3209.16,169305,3209.16,0.0
CLOSE_LONG,3199.87,169320,3209.16,-9.289999999999964
OPEN_SHORT,3199.87,169320,3199.87,0.0
CLOSE_SHORT,3193.87,169329,3199.87,6.0
OPEN_LONG,3193.87,169329,3193.87,0.0
CLOSE_LONG,3210.99,169334,3193.87,17.11999999999989
OPEN_SHORT,3210.99,169334,3210.99,0.0
CLOSE_SHORT,3238.0,169353,3210.99,-27.01000000000022
OPEN_LONG,3238.0,169353,3238.0,0.0
CLOSE_LONG,3240.33,169361,3238.0,2.3299999999999272
OPEN_SHORT,3240.33,169361,3240.33,0.0
CLOSE_SHORT,3232.36,169366,3240.33,7.9699999999998
OPEN_LONG,3232.36,169366,3232.36,0.0
CLOSE_LONG,3240.1,169381,3232.36,7.739999999999782
OPEN_SHORT,3240.1,169381,3240.1,0.0
CLOSE_SHORT,3229.24,169386,3240.1,10.860000000000127
OPEN_LONG,3229.24,169386,3229.24,0.0
CLOSE_LONG,3185.21,169426,3229.24,-44.029999999999745
OPEN_SHORT,3185.21,169426,3185.21,0.0
CLOSE_SHORT,3169.36,169431,3185.21,15.849999999999909
OPEN_LONG,3169.36,169431,3169.36,0.0
CLOSE_LONG,3180.63,169437,3169.36,11.269999999999982
OPEN_SHORT,3180.63,169437,3180.63,0.0
CLOSE_SHORT,3190.83,169448,3180.63,-10.199999999999818
OPEN_LONG,3190.83,169448,3190.83,0.0
CLOSE_LONG,3193.15,169459,3190.83,2.3200000000001637
OPEN_SHORT,3193.15,169459,3193.15,0.0
CLOSE_SHORT,3184.92,169466,3193.15,8.230000000000018
OPEN_LONG,3184.92,169466,3184.92,0.0
CLOSE_LONG,3167.83,169482,3184.92,-17.090000000000146
OPEN_SHORT,3167.83,169482,3167.83,0.0
CLOSE_SHORT,3164.79,169489,3167.83,3.0399999999999636
OPEN_LONG,3164.79,169489,3164.79,0.0
CLOSE_LONG,3179.36,169500,3164.79,14.570000000000164
OPEN_SHORT,3179.36,169500,3179.36,0.0
CLOSE_SHORT,3206.93,169517,3179.36,-27.56999999999971
OPEN_LONG,3206.93,169517,3206.93,0.0
CLOSE_LONG,3195.34,169537,3206.93,-11.58999999999969
OPEN_SHORT,3195.34,169537,3195.34,0.0
CLOSE_SHORT,3204.95,169548,3195.34,-9.609999999999673
OPEN_LONG,3204.95,169548,3204.95,0.0
CLOSE_LONG,3208.0,169552,3204.95,3.050000000000182
OPEN_SHORT,3208.0,169552,3208.0,0.0
CLOSE_SHORT,3204.08,169558,3208.0,3.9200000000000728
OPEN_LONG,3204.08,169558,3204.08,0.0
CLOSE_LONG,3178.53,169584,3204.08,-25.549999999999727
OPEN_SHORT,3178.53,169584,3178.53,0.0
CLOSE_SHORT,3161.69,169588,3178.53,16.840000000000146
OPEN_LONG,3161.69,169588,3161.69,0.0
CLOSE_LONG,3134.1,169602,3161.69,-27.590000000000146
OPEN_SHORT,3134.1,169602,3134.1,0.0
CLOSE_SHORT,3151.64,169624,3134.1,-17.539999999999964
OPEN_LONG,3151.64,169624,3151.64,0.0
CLOSE_LONG,3161.82,169631,3151.64,10.180000000000291
OPEN_SHORT,3161.82,169631,3161.82,0.0
CLOSE_SHORT,3156.85,169638,3161.82,4.970000000000255
OPEN_LONG,3156.85,169638,3156.85,0.0
CLOSE_LONG,3163.57,169644,3156.85,6.720000000000255
OPEN_SHORT,3163.57,169644,3163.57,0.0
CLOSE_SHORT,3162.68,169682,3163.57,0.8900000000003274
OPEN_LONG,3162.68,169682,3162.68,0.0
CLOSE_LONG,3151.39,169690,3162.68,-11.289999999999964
OPEN_SHORT,3151.39,169690,3151.39,0.0
CLOSE_SHORT,3141.27,169695,3151.39,10.11999999999989
OPEN_LONG,3141.27,169695,3141.27,0.0
CLOSE_LONG,3155.04,169697,3141.27,13.769999999999982
OPEN_SHORT,3155.04,169697,3155.04,0.0
CLOSE_SHORT,3172.19,169708,3155.04,-17.15000000000009
OPEN_LONG,3172.19,169708,3172.19,0.0
CLOSE_LONG,3177.7,169716,3172.19,5.5099999999997635
OPEN_SHORT,3177.7,169716,3177.7,0.0
CLOSE_SHORT,3164.58,169720,3177.7,13.11999999999989
OPEN_LONG,3164.58,169720,3164.58,0.0
CLOSE_LONG,3116.48,169742,3164.58,-48.09999999999991
OPEN_SHORT,3116.48,169742,3116.48,0.0
CLOSE_SHORT,3097.77,169753,3116.48,18.710000000000036
OPEN_LONG,3097.77,169753,3097.77,0.0
CLOSE_LONG,3104.97,169758,3097.77,7.199999999999818
OPEN_SHORT,3104.97,169758,3104.97,0.0
CLOSE_SHORT,3118.56,169783,3104.97,-13.590000000000146
OPEN_LONG,3118.56,169783,3118.56,0.0
CLOSE_LONG,3120.8,169791,3118.56,2.2400000000002365
OPEN_SHORT,3120.8,169791,3120.8,0.0
CLOSE_SHORT,3135.4,169807,3120.8,-14.599999999999909
OPEN_LONG,3135.4,169807,3135.4,0.0
CLOSE_LONG,3140.32,169812,3135.4,4.920000000000073
OPEN_SHORT,3140.32,169812,3140.32,0.0
CLOSE_SHORT,3132.76,169823,3140.32,7.559999999999945
OPEN_LONG,3132.76,169823,3132.76,0.0
CLOSE_LONG,3131.09,169834,3132.76,-1.6700000000000728
OPEN_SHORT,3131.09,169834,3131.09,0.0
CLOSE_SHORT,3123.89,169840,3131.09,7.200000000000273
OPEN_LONG,3123.89,169840,3123.89,0.0
CLOSE_LONG,3135.84,169846,3123.89,11.950000000000273
OPEN_SHORT,3135.84,169846,3135.84,0.0
CLOSE_SHORT,3130.23,169853,3135.84,5.610000000000127
OPEN_LONG,3130.23,169853,3130.23,0.0
CLOSE_LONG,3134.4,169860,3130.23,4.170000000000073
OPEN_SHORT,3134.4,169860,3134.4,0.0
CLOSE_SHORT,3142.18,169877,3134.4,-7.779999999999745
OPEN_LONG,3142.18,169877,3142.18,0.0
CLOSE_LONG,3151.78,169882,3142.18,9.600000000000364
OPEN_SHORT,3151.78,169882,3151.78,0.0
CLOSE_SHORT,3167.47,169911,3151.78,-15.6899999999996
OPEN_LONG,3167.47,169911,3167.47,0.0
CLOSE_LONG,3173.57,169928,3167.47,6.100000000000364
OPEN_SHORT,3173.57,169928,3173.57,0.0
CLOSE_SHORT,3184.49,169975,3173.57,-10.919999999999618
OPEN_LONG,3184.49,169975,3184.49,0.0
CLOSE_LONG,3175.72,170014,3184.49,-8.769999999999982
OPEN_SHORT,3175.72,170014,3175.72,0.0
CLOSE_SHORT,3179.75,170052,3175.72,-4.0300000000002
OPEN_LONG,3179.75,170052,3179.75,0.0
CLOSE_LONG,3169.99,170083,3179.75,-9.760000000000218
OPEN_SHORT,3169.99,170083,3169.99,0.0
CLOSE_SHORT,3164.57,170101,3169.99,5.419999999999618
OPEN_LONG,3164.57,170101,3164.57,0.0
CLOSE_LONG,3173.91,170107,3164.57,9.33999999999969
OPEN_SHORT,3173.91,170107,3173.91,0.0
CLOSE_SHORT,3170.8,170113,3173.91,3.1099999999996726
OPEN_LONG,3170.8,170113,3170.8,0.0
CLOSE_LONG,3179.23,170204,3170.8,8.429999999999836
OPEN_SHORT,3179.23,170204,3179.23,0.0
CLOSE_SHORT,3164.69,170273,3179.23,14.539999999999964
OPEN_LONG,3164.69,170273,3164.69,0.0
CLOSE_LONG,3167.04,170281,3164.69,2.349999999999909
OPEN_SHORT,3167.04,170281,3167.04,0.0
CLOSE_SHORT,3153.1,170293,3167.04,13.940000000000055
OPEN_LONG,3153.1,170293,3153.1,0.0
CLOSE_LONG,3164.29,170306,3153.1,11.190000000000055
OPEN_SHORT,3164.29,170306,3164.29,0.0
CLOSE_SHORT,3147.51,170314,3164.29,16.779999999999745
OPEN_LONG,3147.51,170314,3147.51,0.0
CLOSE_LONG,3143.28,170328,3147.51,-4.230000000000018
OPEN_SHORT,3143.28,170328,3143.28,0.0
CLOSE_SHORT,3150.41,170379,3143.28,-7.129999999999654
OPEN_LONG,3150.41,170379,3150.41,0.0
CLOSE_LONG,3151.58,170385,3150.41,1.1700000000000728
OPEN_SHORT,3151.58,170385,3151.58,0.0
CLOSE_SHORT,3161.3,170457,3151.58,-9.720000000000255
OPEN_LONG,3161.3,170457,3161.3,0.0
CLOSE_LONG,3169.04,170461,3161.3,7.739999999999782
OPEN_SHORT,3169.04,170461,3169.04,0.0
CLOSE_SHORT,3157.84,170466,3169.04,11.199999999999818
OPEN_LONG,3157.84,170466,3157.84,0.0
CLOSE_LONG,3160.75,170491,3157.84,2.9099999999998545
OPEN_SHORT,3160.75,170491,3160.75,0.0
CLOSE_SHORT,3150.93,170496,3160.75,9.820000000000164
OPEN_LONG,3150.93,170496,3150.93,0.0
CLOSE_LONG,3157.63,170524,3150.93,6.700000000000273
OPEN_SHORT,3157.63,170524,3157.63,0.0
CLOSE_SHORT,3183.39,170648,3157.63,-25.759999999999764
OPEN_LONG,3183.39,170648,3183.39,0.0
CLOSE_LONG,3180.9,170665,3183.39,-2.4899999999997817
OPEN_SHORT,3180.9,170665,3180.9,0.0
CLOSE_SHORT,3175.94,170721,3180.9,4.960000000000036
OPEN_LONG,3175.94,170721,3175.94,0.0
CLOSE_LONG,3184.98,170736,3175.94,9.039999999999964
OPEN_SHORT,3184.98,170736,3184.98,0.0
CLOSE_SHORT,3175.25,170756,3184.98,9.730000000000018
OPEN_LONG,3175.25,170756,3175.25,0.0
CLOSE_LONG,3174.12,170762,3175.25,-1.1300000000001091
OPEN_SHORT,3174.12,170762,3174.12,0.0
CLOSE_SHORT,3164.95,170767,3174.12,9.170000000000073
OPEN_LONG,3164.95,170767,3164.95,0.0
CLOSE_LONG,3176.09,170772,3164.95,11.140000000000327
OPEN_SHORT,3176.09,170772,3176.09,0.0
CLOSE_SHORT,3165.5,170781,3176.09,10.590000000000146
OPEN_LONG,3165.5,170781,3165.5,0.0
CLOSE_LONG,3201.67,170830,3165.5,36.17000000000007
OPEN_SHORT,3201.67,170830,3201.67,0.0
CLOSE_SHORT,3199.12,170838,3201.67,2.550000000000182
OPEN_LONG,3199.12,170838,3199.12,0.0
CLOSE_LONG,3205.59,170856,3199.12,6.470000000000255
OPEN_SHORT,3205.59,170856,3205.59,0.0
CLOSE_SHORT,3220.03,170888,3205.59,-14.440000000000055
OPEN_LONG,3220.03,170888,3220.03,0.0
CLOSE_LONG,3214.85,170907,3220.03,-5.180000000000291
OPEN_SHORT,3214.85,170907,3214.85,0.0
CLOSE_SHORT,3198.8,170954,3214.85,16.049999999999727
OPEN_LONG,3198.8,170954,3198.8,0.0
CLOSE_LONG,3199.11,170968,3198.8,0.30999999999994543
OPEN_SHORT,3199.11,170968,3199.11,0.0
CLOSE_SHORT,3188.4,171005,3199.11,10.710000000000036
OPEN_LONG,3188.4,171005,3188.4,0.0
CLOSE_LONG,3184.28,171055,3188.4,-4.119999999999891
OPEN_SHORT,3184.28,171055,3184.28,0.0
CLOSE_SHORT,3165.6,171089,3184.28,18.68000000000029
OPEN_LONG,3165.6,171089,3165.6,0.0
CLOSE_LONG,3162.52,171110,3165.6,-3.0799999999999272
OPEN_SHORT,3162.52,171110,3162.52,0.0
CLOSE_SHORT,3157.9,171144,3162.52,4.619999999999891
OPEN_LONG,3157.9,171144,3157.9,0.0
CLOSE_LONG,3161.98,171150,3157.9,4.079999999999927
OPEN_SHORT,3161.98,171150,3161.98,0.0
CLOSE_SHORT,3159.52,171236,3161.98,2.4600000000000364
OPEN_LONG,3159.52,171236,3159.52,0.0
CLOSE_LONG,3153.07,171265,3159.52,-6.449999999999818
OPEN_SHORT,3153.07,171265,3153.07,0.0
CLOSE_SHORT,3150.95,171287,3153.07,2.1200000000003456
OPEN_LONG,3150.95,171287,3150.95,0.0
CLOSE_LONG,3147.83,171298,3150.95,-3.119999999999891
OPEN_SHORT,3147.83,171298,3147.83,0.0
CLOSE_SHORT,3138.35,171322,3147.83,9.480000000000018
OPEN_LONG,3138.35,171322,3138.35,0.0
CLOSE_LONG,3142.1,171333,3138.35,3.75
OPEN_SHORT,3142.1,171333,3142.1,0.0
CLOSE_SHORT,3132.96,171336,3142.1,9.139999999999873
OPEN_LONG,3132.96,171336,3132.96,0.0
CLOSE_LONG,3143.8,171340,3132.96,10.840000000000146
OPEN_SHORT,3143.8,171340,3143.8,0.0
CLOSE_SHORT,3197.48,171435,3143.8,-53.679999999999836
OPEN_LONG,3197.48,171435,3197.48,0.0
CLOSE_LONG,3200.69,171449,3197.48,3.2100000000000364
OPEN_SHORT,3200.69,171449,3200.69,0.0
CLOSE_SHORT,3193.8,171491,3200.69,6.889999999999873
OPEN_LONG,3193.8,171491,3193.8,0.0
CLOSE_LONG,3197.41,171531,3193.8,3.6099999999996726
OPEN_SHORT,3197.41,171531,3197.41,0.0
CLOSE_SHORT,3206.94,171551,3197.41,-9.5300000000002
OPEN_LONG,3206.94,171551,3206.94,0.0
CLOSE_LONG,3211.78,171564,3206.94,4.8400000000001455
OPEN_SHORT,3211.78,171564,3211.78,0.0
CLOSE_SHORT,3203.93,171570,3211.78,7.850000000000364
OPEN_LONG,3203.93,171570,3203.93,0.0
CLOSE_LONG,3208.69,171594,3203.93,4.760000000000218
OPEN_SHORT,3208.69,171594,3208.69,0.0
CLOSE_SHORT,3203.6,171645,3208.69,5.0900000000001455
OPEN_LONG,3203.6,171645,3203.6,0.0
CLOSE_LONG,3206.93,171658,3203.6,3.3299999999999272
OPEN_SHORT,3206.93,171658,3206.93,0.0
CLOSE_SHORT,3212.63,171714,3206.93,-5.700000000000273
OPEN_LONG,3212.63,171714,3212.63,0.0
CLOSE_LONG,3213.0,171731,3212.63,0.36999999999989086
OPEN_SHORT,3213.0,171731,3213.0,0.0
CLOSE_SHORT,3212.81,171770,3213.0,0.19000000000005457
OPEN_LONG,3212.81,171770,3212.81,0.0
CLOSE_LONG,3217.48,171800,3212.81,4.670000000000073
OPEN_SHORT,3217.48,171800,3217.48,0.0
CLOSE_SHORT,3236.37,171833,3217.48,-18.889999999999873
OPEN_LONG,3236.37,171833,3236.37,0.0
CLOSE_LONG,3236.04,171855,3236.37,-0.32999999999992724
OPEN_SHORT,3236.04,171855,3236.04,0.0
CLOSE_SHORT,3228.21,171895,3236.04,7.829999999999927
OPEN_LONG,3228.21,171895,3228.21,0.0
CLOSE_LONG,3176.01,171967,3228.21,-52.19999999999982
OPEN_SHORT,3176.01,171967,3176.01,0.0
CLOSE_SHORT,3166.41,171971,3176.01,9.600000000000364
OPEN_LONG,3166.41,171971,3166.41,0.0
CLOSE_LONG,3171.75,171976,3166.41,5.3400000000001455
OPEN_SHORT,3171.75,171976,3171.75,0.0
CLOSE_SHORT,3160.02,171981,3171.75,11.730000000000018
OPEN_LONG,3160.02,171981,3160.02,0.0
CLOSE_LONG,3163.13,171988,3160.02,3.1100000000001273
OPEN_SHORT,3163.13,171988,3163.13,0.0
CLOSE_SHORT,3165.12,172005,3163.13,-1.9899999999997817
OPEN_LONG,3165.12,172005,3165.12,0.0
CLOSE_LONG,3170.2,172010,3165.12,5.079999999999927
OPEN_SHORT,3170.2,172010,3170.2,0.0
CLOSE_SHORT,3156.14,172013,3170.2,14.059999999999945
OPEN_LONG,3156.14,172013,3156.14,0.0
CLOSE_LONG,3169.99,172017,3156.14,13.849999999999909
OPEN_SHORT,3169.99,172017,3169.99,0.0
CLOSE_SHORT,3153.42,172046,3169.99,16.56999999999971
OPEN_LONG,3153.42,172046,3153.42,0.0
CLOSE_LONG,3145.73,172060,3153.42,-7.690000000000055
OPEN_SHORT,3145.73,172060,3145.73,0.0
CLOSE_SHORT,3158.57,172177,3145.73,-12.840000000000146
OPEN_LONG,3158.57,172177,3158.57,0.0
CLOSE_LONG,3112.68,172192,3158.57,-45.89000000000033
OPEN_SHORT,3112.68,172192,3112.68,0.0
CLOSE_SHORT,3098.0,172197,3112.68,14.679999999999836
OPEN_LONG,3098.0,172197,3098.0,0.0
CLOSE_LONG,3069.95,172263,3098.0,-28.050000000000182
OPEN_SHORT,3069.95,172263,3069.95,0.0
CLOSE_SHORT,3047.72,172265,3069.95,22.230000000000018
OPEN_LONG,3047.72,172265,3047.72,0.0
CLOSE_LONG,3065.6,172270,3047.72,17.88000000000011
OPEN_SHORT,3065.6,172270,3065.6,0.0
CLOSE_SHORT,3058.44,172283,3065.6,7.1599999999998545
OPEN_LONG,3058.44,172283,3058.44,0.0
CLOSE_LONG,3062.35,172293,3058.44,3.9099999999998545
OPEN_SHORT,3062.35,172293,3062.35,0.0
CLOSE_SHORT,3053.03,172298,3062.35,9.319999999999709
OPEN_LONG,3053.03,172298,3053.03,0.0
CLOSE_LONG,3058.4,172306,3053.03,5.369999999999891
OPEN_SHORT,3058.4,172306,3058.4,0.0
CLOSE_SHORT,3091.99,172315,3058.4,-33.58999999999969
OPEN_LONG,3091.99,172315,3091.99,0.0
CLOSE_LONG,3097.78,172317,3091.99,5.790000000000418
OPEN_SHORT,3097.78,172317,3097.78,0.0
CLOSE_SHORT,3103.45,172328,3097.78,-5.669999999999618
OPEN_LONG,3103.45,172328,3103.45,0.0
CLOSE_LONG,3060.42,172358,3103.45,-43.029999999999745
OPEN_SHORT,3060.42,172358,3060.42,0.0
CLOSE_SHORT,3097.88,172387,3060.42,-37.460000000000036
OPEN_LONG,3097.88,172387,3097.88,0.0
CLOSE_LONG,3104.41,172397,3097.88,6.529999999999745
OPEN_SHORT,3104.41,172397,3104.41,0.0
CLOSE_SHORT,3092.62,172406,3104.41,11.789999999999964
OPEN_LONG,3092.62,172406,3092.62,0.0
CLOSE_LONG,3098.76,172411,3092.62,6.140000000000327
OPEN_SHORT,3098.76,172411,3098.76,0.0
CLOSE_SHORT,3089.04,172421,3098.76,9.720000000000255
OPEN_LONG,3089.04,172421,3089.04,0.0
CLOSE_LONG,3094.24,172431,3089.04,5.199999999999818
OPEN_SHORT,3094.24,172431,3094.24,0.0
CLOSE_SHORT,3095.29,172445,3094.24,-1.050000000000182
OPEN_LONG,3095.29,172445,3095.29,0.0
CLOSE_LONG,3101.7,172452,3095.29,6.4099999999998545
OPEN_SHORT,3101.7,172452,3101.7,0.0
CLOSE_SHORT,3092.0,172480,3101.7,9.699999999999818
OPEN_LONG,3092.0,172480,3092.0,0.0
CLOSE_LONG,3071.0,172520,3092.0,-21.0
OPEN_SHORT,3071.0,172520,3071.0,0.0
CLOSE_SHORT,3065.07,172526,3071.0,5.929999999999836
OPEN_LONG,3065.07,172526,3065.07,0.0
CLOSE_LONG,3071.92,172536,3065.07,6.849999999999909
OPEN_SHORT,3071.92,172536,3071.92,0.0
CLOSE_SHORT,3057.0,172549,3071.92,14.920000000000073
OPEN_LONG,3057.0,172549,3057.0,0.0
CLOSE_LONG,3063.9,172561,3057.0,6.900000000000091
OPEN_SHORT,3063.9,172561,3063.9,0.0
CLOSE_SHORT,3073.77,172588,3063.9,-9.86999999999989
OPEN_LONG,3073.77,172588,3073.77,0.0
CLOSE_LONG,3081.35,172596,3073.77,7.579999999999927
OPEN_SHORT,3081.35,172596,3081.35,0.0
CLOSE_SHORT,3089.06,172606,3081.35,-7.710000000000036
OPEN_LONG,3089.06,172606,3089.06,0.0
CLOSE_LONG,3046.07,172615,3089.06,-42.98999999999978
OPEN_SHORT,3046.07,172615,3046.07,0.0
CLOSE_SHORT,3089.6,172637,3046.07,-43.529999999999745
OPEN_LONG,3089.6,172637,3089.6,0.0
CLOSE_LONG,3098.6,172644,3089.6,9.0
OPEN_SHORT,3098.6,172644,3098.6,0.0
CLOSE_SHORT,3094.3,172663,3098.6,4.299999999999727
OPEN_LONG,3094.3,172663,3094.3,0.0
CLOSE_LONG,3096.4,172677,3094.3,2.099999999999909
OPEN_SHORT,3096.4,172677,3096.4,0.0
CLOSE_SHORT,3081.2,172684,3096.4,15.200000000000273
OPEN_LONG,3081.2,172684,3081.2,0.0
CLOSE_LONG,3083.51,172692,3081.2,2.3100000000004
OPEN_SHORT,3083.51,172692,3083.51,0.0
CLOSE_SHORT,3124.77,172712,3083.51,-41.25999999999976
OPEN_LONG,3124.77,172712,3124.77,0.0
CLOSE_LONG,3132.36,172718,3124.77,7.5900000000001455
OPEN_SHORT,3132.36,172718,3132.36,0.0
CLOSE_SHORT,3127.35,172733,3132.36,5.010000000000218
OPEN_LONG,3127.35,172733,3127.35,0.0
CLOSE_LONG,3129.49,172750,3127.35,2.1399999999998727
OPEN_SHORT,3129.49,172750,3129.49,0.0
CLOSE_SHORT,3135.81,172760,3129.49,-6.320000000000164
OPEN_LONG,3135.81,172760,3135.81,0.0
CLOSE_LONG,3136.31,172766,3135.81,0.5
OPEN_SHORT,3136.31,172766,3136.31,0.0
CLOSE_SHORT,3131.93,172770,3136.31,4.380000000000109
OPEN_LONG,3131.93,172770,3131.93,0.0
CLOSE_LONG,3125.53,172791,3131.93,-6.399999999999636
OPEN_SHORT,3125.53,172791,3125.53,0.0
CLOSE_SHORT,3143.17,172807,3125.53,-17.639999999999873
OPEN_LONG,3143.17,172807,3143.17,0.0
CLOSE_LONG,3154.84,172811,3143.17,11.670000000000073
OPEN_SHORT,3154.84,172811,3154.84,0.0
CLOSE_SHORT,3149.65,172816,3154.84,5.190000000000055
OPEN_LONG,3149.65,172816,3149.65,0.0
CLOSE_LONG,3146.46,172844,3149.65,-3.1900000000000546
OPEN_SHORT,3146.46,172844,3146.46,0.0
CLOSE_SHORT,3167.28,172868,3146.46,-20.820000000000164
OPEN_LONG,3167.28,172868,3167.28,0.0
CLOSE_LONG,3176.8,172871,3167.28,9.519999999999982
OPEN_SHORT,3176.8,172871,3176.8,0.0
CLOSE_SHORT,3168.58,172876,3176.8,8.220000000000255
OPEN_LONG,3168.58,172876,3168.58,0.0
CLOSE_LONG,3174.14,172932,3168.58,5.559999999999945
OPEN_SHORT,3174.14,172932,3174.14,0.0
CLOSE_SHORT,3183.32,172941,3174.14,-9.180000000000291
OPEN_LONG,3183.32,172941,3183.32,0.0
CLOSE_LONG,3187.81,172948,3183.32,4.489999999999782
OPEN_SHORT,3187.81,172948,3187.81,0.0
CLOSE_SHORT,3177.99,172976,3187.81,9.820000000000164
OPEN_LONG,3177.99,172976,3177.99,0.0
CLOSE_LONG,3188.34,172994,3177.99,10.350000000000364
OPEN_SHORT,3188.34,172994,3188.34,0.0
CLOSE_SHORT,3182.99,173003,3188.34,5.350000000000364
OPEN_LONG,3182.99,173003,3182.99,0.0
CLOSE_LONG,3185.67,173016,3182.99,2.680000000000291
OPEN_SHORT,3185.67,173016,3185.67,0.0
CLOSE_SHORT,3175.42,173037,3185.67,10.25
OPEN_LONG,3175.42,173037,3175.42,0.0
CLOSE_LONG,3181.98,173044,3175.42,6.559999999999945
OPEN_SHORT,3181.98,173044,3181.98,0.0
CLOSE_SHORT,3183.0,173060,3181.98,-1.0199999999999818
OPEN_LONG,3183.0,173060,3183.0,0.0
CLOSE_LONG,3195.48,173080,3183.0,12.480000000000018
OPEN_SHORT,3195.48,173080,3195.48,0.0
CLOSE_SHORT,3195.22,173112,3195.48,0.2600000000002183
OPEN_LONG,3195.22,173112,3195.22,0.0
CLOSE_LONG,3202.75,173169,3195.22,7.5300000000002
OPEN_SHORT,3202.75,173169,3202.75,0.0
CLOSE_SHORT,3196.07,173175,3202.75,6.679999999999836
OPEN_LONG,3196.07,173175,3196.07,0.0
CLOSE_LONG,3197.08,173218,3196.07,1.0099999999997635
OPEN_SHORT,3197.08,173218,3197.08,0.0
CLOSE_SHORT,3205.0,173230,3197.08,-7.920000000000073
OPEN_LONG,3205.0,173230,3205.0,0.0
CLOSE_LONG,3199.0,173250,3205.0,-6.0
OPEN_SHORT,3199.0,173250,3199.0,0.0
CLOSE_SHORT,3198.68,173287,3199.0,0.3200000000001637
OPEN_LONG,3198.68,173287,3198.68,0.0
CLOSE_LONG,3201.0,173302,3198.68,2.3200000000001637
OPEN_SHORT,3201.0,173302,3201.0,0.0
CLOSE_SHORT,3195.19,173309,3201.0,5.809999999999945
OPEN_LONG,3195.19,173309,3195.19,0.0
CLOSE_LONG,3200.83,173336,3195.19,5.639999999999873
OPEN_SHORT,3200.83,173336,3200.83,0.0
CLOSE_SHORT,3211.2,173366,3200.83,-10.36999999999989
OPEN_LONG,3211.2,173366,3211.2,0.0
CLOSE_LONG,3206.7,173378,3211.2,-4.5
OPEN_SHORT,3206.7,173378,3206.7,0.0
CLOSE_SHORT,3193.05,173398,3206.7,13.649999999999636
OPEN_LONG,3193.05,173398,3193.05,0.0
CLOSE_LONG,3118.19,173504,3193.05,-74.86000000000013
OPEN_SHORT,3118.19,173504,3118.19,0.0
CLOSE_SHORT,3109.01,173509,3118.19,9.179999999999836
OPEN_LONG,3109.01,173509,3109.01,0.0
CLOSE_LONG,3113.29,173512,3109.01,4.279999999999745
OPEN_SHORT,3113.29,173512,3113.29,0.0
CLOSE_SHORT,3113.95,173516,3113.29,-0.6599999999998545
OPEN_LONG,3113.95,173516,3113.95,0.0
CLOSE_LONG,3119.29,173520,3113.95,5.3400000000001455
OPEN_SHORT,3119.29,173520,3119.29,0.0
CLOSE_SHORT,3123.59,173529,3119.29,-4.300000000000182
OPEN_LONG,3123.59,173529,3123.59,0.0
CLOSE_LONG,3141.83,173539,3123.59,18.23999999999978
OPEN_SHORT,3141.83,173539,3141.83,0.0
CLOSE_SHORT,3179.36,173549,3141.83,-37.5300000000002
OPEN_LONG,3179.36,173549,3179.36,0.0
CLOSE_LONG,3189.39,173553,3179.36,10.029999999999745
OPEN_SHORT,3189.39,173553,3189.39,0.0
CLOSE_SHORT,3187.07,173559,3189.39,2.319999999999709
OPEN_LONG,3187.07,173559,3187.07,0.0
CLOSE_LONG,3155.45,173568,3187.07,-31.620000000000346
OPEN_SHORT,3155.45,173568,3155.45,0.0
CLOSE_SHORT,3129.74,173575,3155.45,25.710000000000036
OPEN_LONG,3129.74,173575,3129.74,0.0
CLOSE_LONG,3132.69,173580,3129.74,2.950000000000273
OPEN_SHORT,3132.69,173580,3132.69,0.0
CLOSE_SHORT,3114.22,173584,3132.69,18.470000000000255
OPEN_LONG,3114.22,173584,3114.22,0.0
CLOSE_LONG,3123.83,173589,3114.22,9.610000000000127
OPEN_SHORT,3123.83,173589,3123.83,0.0
CLOSE_SHORT,3128.26,173600,3123.83,-4.430000000000291
OPEN_LONG,3128.26,173600,3128.26,0.0
CLOSE_LONG,3126.24,173611,3128.26,-2.0200000000004366
OPEN_SHORT,3126.24,173611,3126.24,0.0
CLOSE_SHORT,3117.0,173616,3126.24,9.239999999999782
OPEN_LONG,3117.0,173616,3117.0,0.0
CLOSE_LONG,3079.59,173647,3117.0,-37.409999999999854
OPEN_SHORT,3079.59,173647,3079.59,0.0
CLOSE_SHORT,3071.74,173652,3079.59,7.850000000000364
OPEN_LONG,3071.74,173652,3071.74,0.0
CLOSE_LONG,3084.61,173653,3071.74,12.870000000000346
OPEN_SHORT,3084.61,173653,3084.61,0.0
CLOSE_SHORT,3099.84,173672,3084.61,-15.230000000000018
OPEN_LONG,3099.84,173672,3099.84,0.0
CLOSE_LONG,3116.52,173677,3099.84,16.679999999999836
OPEN_SHORT,3116.52,173677,3116.52,0.0
CLOSE_SHORT,3112.34,173700,3116.52,4.179999999999836
OPEN_LONG,3112.34,173700,3112.34,0.0
CLOSE_LONG,3110.42,173707,3112.34,-1.9200000000000728
OPEN_SHORT,3110.42,173707,3110.42,0.0
CLOSE_SHORT,3102.29,173714,3110.42,8.13000000000011
OPEN_LONG,3102.29,173714,3102.29,0.0
CLOSE_LONG,3103.45,173722,3102.29,1.1599999999998545
OPEN_SHORT,3103.45,173722,3103.45,0.0
CLOSE_SHORT,3083.0,173727,3103.45,20.449999999999818
OPEN_LONG,3083.0,173727,3083.0,0.0
CLOSE_LONG,3068.33,173737,3083.0,-14.670000000000073
OPEN_SHORT,3068.33,173737,3068.33,0.0
CLOSE_SHORT,3054.54,173741,3068.33,13.789999999999964
OPEN_LONG,3054.54,173741,3054.54,0.0
CLOSE_LONG,3063.57,173752,3054.54,9.0300000000002
OPEN_SHORT,3063.57,173752,3063.57,0.0
CLOSE_SHORT,3055.57,173759,3063.57,8.0
OPEN_LONG,3055.57,173759,3055.57,0.0
CLOSE_LONG,3033.0,173789,3055.57,-22.570000000000164
OPEN_SHORT,3033.0,173789,3033.0,0.0
CLOSE_SHORT,3033.78,173799,3033.0,-0.7800000000002001
OPEN_LONG,3033.78,173799,3033.78,0.0
CLOSE_LONG,3032.16,173807,3033.78,-1.6200000000003456
OPEN_SHORT,3032.16,173807,3032.16,0.0
CLOSE_SHORT,3018.51,173820,3032.16,13.649999999999636
OPEN_LONG,3018.51,173820,3018.51,0.0
CLOSE_LONG,3018.01,173830,3018.51,-0.5
OPEN_SHORT,3018.01,173830,3018.01,0.0
CLOSE_SHORT,3009.76,173835,3018.01,8.25
OPEN_LONG,3009.76,173835,3009.76,0.0
CLOSE_LONG,3023.37,173842,3009.76,13.609999999999673
OPEN_SHORT,3023.37,173842,3023.37,0.0
CLOSE_SHORT,2992.0,173846,3023.37,31.36999999999989
OPEN_LONG,2992.0,173846,2992.0,0.0
CLOSE_LONG,2986.0,173857,2992.0,-6.0
OPEN_SHORT,2986.0,173857,2986.0,0.0
CLOSE_SHORT,2977.61,173863,2986.0,8.389999999999873
OPEN_LONG,2977.61,173863,2977.61,0.0
CLOSE_LONG,2976.47,173872,2977.61,-1.1400000000003274
OPEN_SHORT,2976.47,173872,2976.47,0.0
CLOSE_SHORT,2961.01,173876,2976.47,15.459999999999582
OPEN_LONG,2961.01,173876,2961.01,0.0
CLOSE_LONG,2969.4,173880,2961.01,8.389999999999873
OPEN_SHORT,2969.4,173880,2969.4,0.0
CLOSE_SHORT,2980.74,173898,2969.4,-11.33999999999969
OPEN_LONG,2980.74,173898,2980.74,0.0
CLOSE_LONG,2994.25,173903,2980.74,13.510000000000218
OPEN_SHORT,2994.25,173903,2994.25,0.0
CLOSE_SHORT,2982.8,173908,2994.25,11.449999999999818
OPEN_LONG,2982.8,173908,2982.8,0.0
CLOSE_LONG,2982.3,173911,2982.8,-0.5
OPEN_SHORT,2982.3,173911,2982.3,0.0
CLOSE_SHORT,3009.72,173943,2982.3,-27.419999999999618
OPEN_LONG,3009.72,173943,3009.72,0.0
CLOSE_LONG,2996.71,173952,3009.72,-13.009999999999764
OPEN_SHORT,2996.71,173952,2996.71,0.0
CLOSE_SHORT,2989.19,173956,2996.71,7.519999999999982
OPEN_LONG,2989.19,173956,2989.19,0.0
CLOSE_LONG,2995.61,173961,2989.19,6.420000000000073
OPEN_SHORT,2995.61,173961,2995.61,0.0
CLOSE_SHORT,2992.19,173971,2995.61,3.4200000000000728
OPEN_LONG,2992.19,173971,2992.19,0.0
CLOSE_LONG,3000.41,173977,2992.19,8.2199999999998
OPEN_SHORT,3000.41,173977,3000.41,0.0
CLOSE_SHORT,3017.96,174012,3000.41,-17.550000000000182
OPEN_LONG,3017.96,174012,3017.96,0.0
CLOSE_LONG,3024.7,174027,3017.96,6.739999999999782
OPEN_SHORT,3024.7,174027,3024.7,0.0
CLOSE_SHORT,3019.18,174034,3024.7,5.519999999999982
OPEN_LONG,3019.18,174034,3019.18,0.0
CLOSE_LONG,3023.05,174039,3019.18,3.8700000000003456
OPEN_SHORT,3023.05,174039,3023.05,0.0
CLOSE_SHORT,3016.1,174087,3023.05,6.950000000000273
OPEN_LONG,3016.1,174087,3016.1,0.0
CLOSE_LONG,3036.62,174115,3016.1,20.519999999999982
OPEN_SHORT,3036.62,174115,3036.62,0.0
CLOSE_SHORT,3024.68,174124,3036.62,11.940000000000055
OPEN_LONG,3024.68,174124,3024.68,0.0
CLOSE_LONG,3030.12,174129,3024.68,5.440000000000055
OPEN_SHORT,3030.12,174129,3030.12,0.0
CLOSE_SHORT,3016.68,174133,3030.12,13.440000000000055
OPEN_LONG,3016.68,174133,3016.68,0.0
CLOSE_LONG,3008.2,174152,3016.68,-8.480000000000018
OPEN_SHORT,3008.2,174152,3008.2,0.0
CLOSE_SHORT,3026.26,174161,3008.2,-18.0600000000004
OPEN_LONG,3026.26,174161,3026.26,0.0
CLOSE_LONG,3042.44,174174,3026.26,16.179999999999836
OPEN_SHORT,3042.44,174174,3042.44,0.0
CLOSE_SHORT,3036.41,174179,3042.44,6.0300000000002
OPEN_LONG,3036.41,174179,3036.41,0.0
CLOSE_LONG,3044.71,174183,3036.41,8.300000000000182
OPEN_SHORT,3044.71,174183,3044.71,0.0
CLOSE_SHORT,3038.64,174188,3044.71,6.070000000000164
OPEN_LONG,3038.64,174188,3038.64,0.0
CLOSE_LONG,3033.9,174199,3038.64,-4.739999999999782
OPEN_SHORT,3033.9,174199,3033.9,0.0
CLOSE_SHORT,3025.52,174204,3033.9,8.38000000000011
OPEN_LONG,3025.52,174204,3025.52,0.0
CLOSE_LONG,3030.31,174212,3025.52,4.789999999999964
OPEN_SHORT,3030.31,174212,3030.31,0.0
CLOSE_SHORT,3020.39,174215,3030.31,9.920000000000073
OPEN_LONG,3020.39,174215,3020.39,0.0
CLOSE_LONG,3004.79,174233,3020.39,-15.599999999999909
OPEN_SHORT,3004.79,174233,3004.79,0.0
CLOSE_SHORT,3006.85,174240,3004.79,-2.0599999999999454
OPEN_LONG,3006.85,174240,3006.85,0.0
CLOSE_LONG,3013.2,174246,3006.85,6.349999999999909
OPEN_SHORT,3013.2,174246,3013.2,0.0
CLOSE_SHORT,3026.14,174261,3013.2,-12.940000000000055
OPEN_LONG,3026.14,174261,3026.14,0.0
CLOSE_LONG,3034.96,174271,3026.14,8.820000000000164
OPEN_SHORT,3034.96,174271,3034.96,0.0
CLOSE_SHORT,3023.61,174276,3034.96,11.349999999999909
OPEN_LONG,3023.61,174276,3023.61,0.0
CLOSE_LONG,2962.72,174293,3023.61,-60.89000000000033
OPEN_SHORT,2962.72,174293,2962.72,0.0
CLOSE_SHORT,2971.0,174314,2962.72,-8.2800000000002
OPEN_LONG,2971.0,174314,2971.0,0.0
CLOSE_LONG,2966.39,174321,2971.0,-4.610000000000127
OPEN_SHORT,2966.39,174321,2966.39,0.0
CLOSE_SHORT,3014.91,174332,2966.39,-48.51999999999998
OPEN_LONG,3014.91,174332,3014.91,0.0
CLOSE_LONG,3023.36,174346,3014.91,8.450000000000273
OPEN_SHORT,3023.36,174346,3023.36,0.0
CLOSE_SHORT,3013.16,174350,3023.36,10.200000000000273
OPEN_LONG,3013.16,174350,3013.16,0.0
CLOSE_LONG,2992.0,174368,3013.16,-21.159999999999854
OPEN_SHORT,2992.0,174368,2992.0,0.0
CLOSE_SHORT,2980.74,174372,2992.0,11.260000000000218
OPEN_LONG,2980.74,174372,2980.74,0.0
CLOSE_LONG,2988.81,174380,2980.74,8.070000000000164
OPEN_SHORT,2988.81,174380,2988.81,0.0
CLOSE_SHORT,2973.92,174390,2988.81,14.889999999999873
OPEN_LONG,2973.92,174390,2973.92,0.0
CLOSE_LONG,2983.5,174395,2973.92,9.579999999999927
OPEN_SHORT,2983.5,174395,2983.5,0.0
CLOSE_SHORT,2967.84,174399,2983.5,15.659999999999854
OPEN_LONG,2967.84,174399,2967.84,0.0
CLOSE_LONG,2986.68,174401,2967.84,18.83999999999969
OPEN_SHORT,2986.68,174401,2986.68,0.0
CLOSE_SHORT,2986.2,174408,2986.68,0.4800000000000182
OPEN_LONG,2986.2,174408,2986.2,0.0
CLOSE_LONG,3005.03,174412,2986.2,18.830000000000382
OPEN_SHORT,3005.03,174412,3005.03,0.0
CLOSE_SHORT,3011.86,174432,3005.03,-6.829999999999927
OPEN_LONG,3011.86,174432,3011.86,0.0
CLOSE_LONG,3009.88,174452,3011.86,-1.9800000000000182
OPEN_SHORT,3009.88,174452,3009.88,0.0
CLOSE_SHORT,3007.24,174459,3009.88,2.6400000000003274
OPEN_LONG,3007.24,174459,3007.24,0.0
CLOSE_LONG,3011.63,174464,3007.24,4.390000000000327
OPEN_SHORT,3011.63,174464,3011.63,0.0
CLOSE_SHORT,3001.32,174469,3011.63,10.309999999999945
OPEN_LONG,3001.32,174469,3001.32,0.0
CLOSE_LONG,3006.45,174475,3001.32,5.129999999999654
OPEN_SHORT,3006.45,174475,3006.45,0.0
CLOSE_SHORT,3001.83,174492,3006.45,4.619999999999891
OPEN_LONG,3001.83,174492,3001.83,0.0
CLOSE_LONG,2995.4,174521,3001.83,-6.429999999999836
OPEN_SHORT,2995.4,174521,2995.4,0.0
CLOSE_SHORT,2982.57,174526,2995.4,12.829999999999927
OPEN_LONG,2982.57,174526,2982.57,0.0
CLOSE_LONG,2992.02,174532,2982.57,9.449999999999818
OPEN_SHORT,2992.02,174532,2992.02,0.0
CLOSE_SHORT,2993.04,174541,2992.02,-1.0199999999999818
OPEN_LONG,2993.04,174541,2993.04,0.0
CLOSE_LONG,2999.1,174550,2993.04,6.059999999999945
OPEN_SHORT,2999.1,174550,2999.1,0.0
CLOSE_SHORT,3028.08,174608,2999.1,-28.980000000000018
OPEN_LONG,3028.08,174608,3028.08,0.0
CLOSE_LONG,3036.49,174616,3028.08,8.409999999999854
OPEN_SHORT,3036.49,174616,3036.49,0.0
CLOSE_SHORT,3057.72,174630,3036.49,-21.230000000000018
OPEN_LONG,3057.72,174630,3057.72,0.0
CLOSE_LONG,3053.37,174663,3057.72,-4.349999999999909
OPEN_SHORT,3053.37,174663,3053.37,0.0
CLOSE_SHORT,3043.91,174667,3053.37,9.460000000000036
OPEN_LONG,3043.91,174667,3043.91,0.0
CLOSE_LONG,3034.0,174677,3043.91,-9.909999999999854
OPEN_SHORT,3034.0,174677,3034.0,0.0
CLOSE_SHORT,3055.98,174715,3034.0,-21.980000000000018
OPEN_LONG,3055.98,174715,3055.98,0.0
CLOSE_LONG,3065.69,174724,3055.98,9.710000000000036
OPEN_SHORT,3065.69,174724,3065.69,0.0
CLOSE_SHORT,3052.4,174727,3065.69,13.289999999999964
OPEN_LONG,3052.4,174727,3052.4,0.0
CLOSE_LONG,3060.5,174734,3052.4,8.099999999999909
OPEN_SHORT,3060.5,174734,3060.5,0.0
CLOSE_SHORT,3056.55,174757,3060.5,3.949999999999818
OPEN_LONG,3056.55,174757,3056.55,0.0
CLOSE_LONG,3064.54,174762,3056.55,7.989999999999782
OPEN_SHORT,3064.54,174762,3064.54,0.0
CLOSE_SHORT,3058.01,174781,3064.54,6.529999999999745
OPEN_LONG,3058.01,174781,3058.01,0.0
CLOSE_LONG,3064.82,174788,3058.01,6.809999999999945
OPEN_SHORT,3064.82,174788,3064.82,0.0
CLOSE_SHORT,3061.23,174794,3064.82,3.5900000000001455
OPEN_LONG,3061.23,174794,3061.23,0.0
CLOSE_LONG,3066.49,174802,3061.23,5.2599999999997635
OPEN_SHORT,3066.49,174802,3066.49,0.0
CLOSE_SHORT,3065.1,174816,3066.49,1.3899999999998727
OPEN_LONG,3065.1,174816,3065.1,0.0
CLOSE_LONG,3054.9,174843,3065.1,-10.199999999999818
OPEN_SHORT,3054.9,174843,3054.9,0.0
CLOSE_SHORT,3047.41,174851,3054.9,7.4900000000002365
OPEN_LONG,3047.41,174851,3047.41,0.0
CLOSE_LONG,3054.77,174862,3047.41,7.360000000000127
OPEN_SHORT,3054.77,174862,3054.77,0.0
CLOSE_SHORT,3058.62,174872,3054.77,-3.849999999999909
OPEN_LONG,3058.62,174872,3058.62,0.0
CLOSE_LONG,3045.67,174926,3058.62,-12.949999999999818
OPEN_SHORT,3045.67,174926,3045.67,0.0
CLOSE_SHORT,3038.6,174950,3045.67,7.070000000000164
OPEN_LONG,3038.6,174950,3038.6,0.0
CLOSE_LONG,3041.4,174962,3038.6,2.800000000000182
OPEN_SHORT,3041.4,174962,3041.4,0.0
CLOSE_SHORT,3048.56,174976,3041.4,-7.1599999999998545
OPEN_LONG,3048.56,174976,3048.56,0.0
CLOSE_LONG,3083.29,174977,3048.56,34.73000000000002
OPEN_SHORT,3083.29,174977,3083.29,0.0
CLOSE_SHORT,3073.28,174987,3083.29,10.009999999999764
OPEN_LONG,3073.28,174987,3073.28,0.0
CLOSE_LONG,3071.68,174994,3073.28,-1.6000000000003638
OPEN_SHORT,3071.68,174994,3071.68,0.0
CLOSE_SHORT,3056.85,175004,3071.68,14.829999999999927
OPEN_LONG,3056.85,175004,3056.85,0.0
CLOSE_LONG,3068.56,175012,3056.85,11.710000000000036
OPEN_SHORT,3068.56,175012,3068.56,0.0
CLOSE_SHORT,3100.17,175039,3068.56,-31.610000000000127
OPEN_LONG,3100.17,175039,3100.17,0.0
CLOSE_LONG,3113.88,175044,3100.17,13.710000000000036
OPEN_SHORT,3113.88,175044,3113.88,0.0
CLOSE_SHORT,3109.49,175051,3113.88,4.390000000000327
OPEN_LONG,3109.49,175051,3109.49,0.0
CLOSE_LONG,3116.03,175057,3109.49,6.540000000000418
OPEN_SHORT,3116.03,175057,3116.03,0.0
CLOSE_SHORT,3105.98,175064,3116.03,10.050000000000182
OPEN_LONG,3105.98,175064,3105.98,0.0
CLOSE_LONG,3118.43,175072,3105.98,12.449999999999818
OPEN_SHORT,3118.43,175072,3118.43,0.0
CLOSE_SHORT,3156.99,175102,3118.43,-38.559999999999945
OPEN_LONG,3156.99,175102,3156.99,0.0
CLOSE_LONG,3157.61,175113,3156.99,0.6200000000003456
OPEN_SHORT,3157.61,175113,3157.61,0.0
CLOSE_SHORT,3147.89,175118,3157.61,9.720000000000255
OPEN_LONG,3147.89,175118,3147.89,0.0
CLOSE_LONG,3154.04,175122,3147.89,6.150000000000091
OPEN_SHORT,3154.04,175122,3154.04,0.0
CLOSE_SHORT,3139.44,175139,3154.04,14.599999999999909
OPEN_LONG,3139.44,175139,3139.44,0.0
CLOSE_LONG,3149.3,175145,3139.44,9.860000000000127
OPEN_SHORT,3149.3,175145,3149.3,0.0
CLOSE_SHORT,3137.9,175150,3149.3,11.400000000000091
OPEN_LONG,3137.9,175150,3137.9,0.0
CLOSE_LONG,3133.08,175163,3137.9,-4.820000000000164
OPEN_SHORT,3133.08,175163,3133.08,0.0
CLOSE_SHORT,3143.32,175205,3133.08,-10.240000000000236
OPEN_LONG,3143.32,175205,3143.32,0.0
CLOSE_LONG,3148.91,175216,3143.32,5.589999999999691
OPEN_SHORT,3148.91,175216,3148.91,0.0
CLOSE_SHORT,3161.42,175241,3148.91,-12.510000000000218
OPEN_LONG,3161.42,175241,3161.42,0.0
CLOSE_LONG,3166.99,175258,3161.42,5.569999999999709
OPEN_SHORT,3166.99,175258,3166.99,0.0
CLOSE_SHORT,3159.21,175269,3166.99,7.779999999999745
OPEN_LONG,3159.21,175269,3159.21,0.0
CLOSE_LONG,3160.99,175284,3159.21,1.7799999999997453
OPEN_SHORT,3160.99,175284,3160.99,0.0
CLOSE_SHORT,3149.7,175287,3160.99,11.289999999999964
OPEN_LONG,3149.7,175287,3149.7,0.0
CLOSE_LONG,3144.57,175304,3149.7,-5.129999999999654
OPEN_SHORT,3144.57,175304,3144.57,0.0
CLOSE_SHORT,3141.45,175310,3144.57,3.1200000000003456
OPEN_LONG,3141.45,175310,3141.45,0.0
CLOSE_LONG,3145.44,175322,3141.45,3.9900000000002365
OPEN_SHORT,3145.44,175322,3145.44,0.0
CLOSE_SHORT,3135.05,175338,3145.44,10.389999999999873
OPEN_LONG,3135.05,175338,3135.05,0.0
CLOSE_LONG,3132.67,175356,3135.05,-2.380000000000109
OPEN_SHORT,3132.67,175356,3132.67,0.0
CLOSE_SHORT,3124.91,175363,3132.67,7.760000000000218
OPEN_LONG,3124.91,175363,3124.91,0.0
CLOSE_LONG,3123.71,175377,3124.91,-1.199999999999818
OPEN_SHORT,3123.71,175377,3123.71,0.0
CLOSE_SHORT,3105.56,175397,3123.71,18.15000000000009
OPEN_LONG,3105.56,175397,3105.56,0.0
CLOSE_LONG,3101.31,175429,3105.56,-4.25
OPEN_SHORT,3101.31,175429,3101.31,0.0
CLOSE_SHORT,3111.29,175495,3101.31,-9.980000000000018
OPEN_LONG,3111.29,175495,3111.29,0.0
CLOSE_LONG,3112.19,175503,3111.29,0.900000000000091
OPEN_SHORT,3112.19,175503,3112.19,0.0
CLOSE_SHORT,3107.3,175547,3112.19,4.889999999999873
OPEN_LONG,3107.3,175547,3107.3,0.0
CLOSE_LONG,3092.46,175567,3107.3,-14.840000000000146
OPEN_SHORT,3092.46,175567,3092.46,0.0
CLOSE_SHORT,3096.75,175606,3092.46,-4.289999999999964
OPEN_LONG,3096.75,175606,3096.75,0.0
CLOSE_LONG,3091.48,175621,3096.75,-5.269999999999982
OPEN_SHORT,3091.48,175621,3091.48,0.0
CLOSE_SHORT,3100.12,175639,3091.48,-8.639999999999873
OPEN_LONG,3100.12,175639,3100.12,0.0
CLOSE_LONG,3104.92,175657,3100.12,4.800000000000182
OPEN_SHORT,3104.92,175657,3104.92,0.0
CLOSE_SHORT,3094.39,175662,3104.92,10.5300000000002
OPEN_LONG,3094.39,175662,3094.39,0.0
CLOSE_LONG,3103.2,175666,3094.39,8.809999999999945
OPEN_SHORT,3103.2,175666,3103.2,0.0
CLOSE_SHORT,3112.55,175685,3103.2,-9.350000000000364
OPEN_LONG,3112.55,175685,3112.55,0.0
CLOSE_LONG,3119.62,175698,3112.55,7.069999999999709
OPEN_SHORT,3119.62,175698,3119.62,0.0
CLOSE_SHORT,3111.39,175707,3119.62,8.230000000000018
OPEN_LONG,3111.39,175707,3111.39,0.0
CLOSE_LONG,3081.44,175768,3111.39,-29.949999999999818
OPEN_SHORT,3081.44,175768,3081.44,0.0
CLOSE_SHORT,3071.34,175773,3081.44,10.099999999999909
OPEN_LONG,3071.34,175773,3071.34,0.0
CLOSE_LONG,3062.1,175834,3071.34,-9.240000000000236
OPEN_SHORT,3062.1,175834,3062.1,0.0
CLOSE_SHORT,3046.92,175844,3062.1,15.179999999999836
OPEN_LONG,3046.92,175844,3046.92,0.0
CLOSE_LONG,3039.52,175858,3046.92,-7.400000000000091
OPEN_SHORT,3039.52,175858,3039.52,0.0
CLOSE_SHORT,3028.8,175870,3039.52,10.7199999999998
OPEN_LONG,3028.8,175870,3028.8,0.0
CLOSE_LONG,3001.8,175896,3028.8,-27.0
OPEN_SHORT,3001.8,175896,3001.8,0.0
CLOSE_SHORT,3086.26,176064,3001.8,-84.46000000000004
OPEN_LONG,3086.26,176064,3086.26,0.0
CLOSE_LONG,3062.14,176094,3086.26,-24.120000000000346
OPEN_SHORT,3062.14,176094,3062.14,0.0
CLOSE_SHORT,3060.9,176109,3062.14,1.2399999999997817
OPEN_LONG,3060.9,176109,3060.9,0.0
CLOSE_LONG,3073.21,176114,3060.9,12.309999999999945
OPEN_SHORT,3073.21,176114,3073.21,0.0
CLOSE_SHORT,3068.14,176132,3073.21,5.070000000000164
OPEN_LONG,3068.14,176132,3068.14,0.0
CLOSE_LONG,3077.17,176137,3068.14,9.0300000000002
OPEN_SHORT,3077.17,176137,3077.17,0.0
CLOSE_SHORT,3099.66,176156,3077.17,-22.48999999999978
OPEN_LONG,3099.66,176156,3099.66,0.0
CLOSE_LONG,3096.52,176214,3099.66,-3.1399999999998727
OPEN_SHORT,3096.52,176214,3096.52,0.0
CLOSE_SHORT,3089.84,176228,3096.52,6.679999999999836
OPEN_LONG,3089.84,176228,3089.84,0.0
CLOSE_LONG,3090.15,176268,3089.84,0.30999999999994543
OPEN_SHORT,3090.15,176268,3090.15,0.0
CLOSE_SHORT,3082.24,176275,3090.15,7.910000000000309
OPEN_LONG,3082.24,176275,3082.24,0.0
CLOSE_LONG,3089.86,176280,3082.24,7.620000000000346
OPEN_SHORT,3089.86,176280,3089.86,0.0
CLOSE_SHORT,3087.52,176302,3089.86,2.3400000000001455
OPEN_LONG,3087.52,176302,3087.52,0.0
CLOSE_LONG,3092.58,176306,3087.52,5.059999999999945
OPEN_SHORT,3092.58,176306,3092.58,0.0
CLOSE_SHORT,3095.36,176319,3092.58,-2.7800000000002
OPEN_LONG,3095.36,176319,3095.36,0.0
CLOSE_LONG,3092.23,176351,3095.36,-3.130000000000109
OPEN_SHORT,3092.23,176351,3092.23,0.0
CLOSE_SHORT,3084.6,176357,3092.23,7.630000000000109
OPEN_LONG,3084.6,176357,3084.6,0.0
CLOSE_LONG,3062.14,176397,3084.6,-22.460000000000036
OPEN_SHORT,3062.14,176397,3062.14,0.0
CLOSE_SHORT,3047.09,176402,3062.14,15.049999999999727
OPEN_LONG,3047.09,176402,3047.09,0.0
CLOSE_LONG,3034.98,176416,3047.09,-12.110000000000127
OPEN_SHORT,3034.98,176416,3034.98,0.0
CLOSE_SHORT,3039.23,176422,3034.98,-4.25
OPEN_LONG,3039.23,176422,3039.23,0.0
CLOSE_LONG,3052.75,176427,3039.23,13.519999999999982
OPEN_SHORT,3052.75,176427,3052.75,0.0
CLOSE_SHORT,3052.15,176434,3052.75,0.599999999999909
OPEN_LONG,3052.15,176434,3052.15,0.0
CLOSE_LONG,3072.81,176444,3052.15,20.659999999999854
OPEN_SHORT,3072.81,176444,3072.81,0.0
CLOSE_SHORT,3088.35,176457,3072.81,-15.539999999999964
OPEN_LONG,3088.35,176457,3088.35,0.0
CLOSE_LONG,3006.33,176485,3088.35,-82.01999999999998
OPEN_SHORT,3006.33,176485,3006.33,0.0
CLOSE_SHORT,2986.58,176490,3006.33,19.75
OPEN_LONG,2986.58,176490,2986.58,0.0
CLOSE_LONG,2975.27,176504,2986.58,-11.309999999999945
OPEN_SHORT,2975.27,176504,2975.27,0.0
CLOSE_SHORT,2969.22,176516,2975.27,6.050000000000182
OPEN_LONG,2969.22,176516,2969.22,0.0
CLOSE_LONG,2978.29,176518,2969.22,9.070000000000164
OPEN_SHORT,2978.29,176518,2978.29,0.0
CLOSE_SHORT,2965.21,176522,2978.29,13.079999999999927
OPEN_LONG,2965.21,176522,2965.21,0.0
CLOSE_LONG,2959.87,176545,2965.21,-5.3400000000001455
OPEN_SHORT,2959.87,176545,2959.87,0.0
CLOSE_SHORT,2950.23,176551,2959.87,9.639999999999873
OPEN_LONG,2950.23,176551,2950.23,0.0
CLOSE_LONG,2948.36,176563,2950.23,-1.8699999999998909
OPEN_SHORT,2948.36,176563,2948.36,0.0
CLOSE_SHORT,2929.32,176568,2948.36,19.039999999999964
OPEN_LONG,2929.32,176568,2929.32,0.0
CLOSE_LONG,2923.5,176586,2929.32,-5.820000000000164
OPEN_SHORT,2923.5,176586,2923.5,0.0
CLOSE_SHORT,2914.58,176597,2923.5,8.920000000000073
OPEN_LONG,2914.58,176597,2914.58,0.0
CLOSE_LONG,2917.91,176605,2914.58,3.3299999999999272
OPEN_SHORT,2917.91,176605,2917.91,0.0
CLOSE_SHORT,2916.55,176611,2917.91,1.3599999999996726
OPEN_LONG,2916.55,176611,2916.55,0.0
CLOSE_LONG,2916.69,176614,2916.55,0.13999999999987267
OPEN_SHORT,2916.69,176614,2916.69,0.0
CLOSE_SHORT,2914.15,176621,2916.69,2.5399999999999636
OPEN_LONG,2914.15,176621,2914.15,0.0
CLOSE_LONG,2921.56,176623,2914.15,7.4099999999998545
OPEN_SHORT,2921.56,176623,2921.56,0.0
CLOSE_SHORT,2910.57,176628,2921.56,10.989999999999782
OPEN_LONG,2910.57,176628,2910.57,0.0
CLOSE_LONG,2915.47,176635,2910.57,4.899999999999636
OPEN_SHORT,2915.47,176635,2915.47,0.0
CLOSE_SHORT,2905.06,176640,2915.47,10.409999999999854
OPEN_LONG,2905.06,176640,2905.06,0.0
CLOSE_LONG,2887.81,176656,2905.06,-17.25
OPEN_SHORT,2887.81,176656,2887.81,0.0
CLOSE_SHORT,2884.0,176664,2887.81,3.8099999999999454
OPEN_LONG,2884.0,176664,2884.0,0.0
CLOSE_LONG,2887.75,176673,2884.0,3.75
OPEN_SHORT,2887.75,176673,2887.75,0.0
CLOSE_SHORT,2886.61,176679,2887.75,1.1399999999998727
OPEN_LONG,2886.61,176679,2886.61,0.0
CLOSE_LONG,2897.86,176682,2886.61,11.25
OPEN_SHORT,2897.86,176682,2897.86,0.0
CLOSE_SHORT,2890.69,176687,2897.86,7.170000000000073
OPEN_LONG,2890.69,176687,2890.69,0.0
CLOSE_LONG,2896.53,176692,2890.69,5.8400000000001455
OPEN_SHORT,2896.53,176692,2896.53,0.0
CLOSE_SHORT,2887.93,176695,2896.53,8.600000000000364
OPEN_LONG,2887.93,176695,2887.93,0.0
CLOSE_LONG,2879.61,176734,2887.93,-8.319999999999709
OPEN_SHORT,2879.61,176734,2879.61,0.0
CLOSE_SHORT,2877.21,176742,2879.61,2.400000000000091
OPEN_LONG,2877.21,176742,2877.21,0.0
CLOSE_LONG,2881.92,176755,2877.21,4.710000000000036
OPEN_SHORT,2881.92,176755,2881.92,0.0
CLOSE_SHORT,2911.15,176785,2881.92,-29.230000000000018
OPEN_LONG,2911.15,176785,2911.15,0.0
CLOSE_LONG,2917.2,176791,2911.15,6.049999999999727
OPEN_SHORT,2917.2,176791,2917.2,0.0
CLOSE_SHORT,2945.46,176814,2917.2,-28.26000000000022
OPEN_LONG,2945.46,176814,2945.46,0.0
CLOSE_LONG,2958.31,176820,2945.46,12.849999999999909
OPEN_SHORT,2958.31,176820,2958.31,0.0
CLOSE_SHORT,2972.94,176831,2958.31,-14.63000000000011
OPEN_LONG,2972.94,176831,2972.94,0.0
CLOSE_LONG,2989.91,176836,2972.94,16.9699999999998
OPEN_SHORT,2989.91,176836,2989.91,0.0
CLOSE_SHORT,2979.28,176845,2989.91,10.629999999999654
OPEN_LONG,2979.28,176845,2979.28,0.0
CLOSE_LONG,2991.15,176848,2979.28,11.86999999999989
OPEN_SHORT,2991.15,176848,2991.15,0.0
CLOSE_SHORT,2982.2,176853,2991.15,8.950000000000273
OPEN_LONG,2982.2,176853,2982.2,0.0
CLOSE_LONG,2989.88,176858,2982.2,7.680000000000291
OPEN_SHORT,2989.88,176858,2989.88,0.0
CLOSE_SHORT,2983.45,176864,2989.88,6.430000000000291
OPEN_LONG,2983.45,176864,2983.45,0.0
CLOSE_LONG,2969.81,176890,2983.45,-13.639999999999873
OPEN_SHORT,2969.81,176890,2969.81,0.0
CLOSE_SHORT,2972.78,176899,2969.81,-2.9700000000002547
OPEN_LONG,2972.78,176899,2972.78,0.0
CLOSE_LONG,2980.63,176907,2972.78,7.849999999999909
OPEN_SHORT,2980.63,176907,2980.63,0.0
CLOSE_SHORT,3008.1,176953,2980.63,-27.4699999999998
OPEN_LONG,3008.1,176953,3008.1,0.0
CLOSE_LONG,3016.84,176958,3008.1,8.740000000000236
OPEN_SHORT,3016.84,176958,3016.84,0.0
CLOSE_SHORT,3011.15,176967,3016.84,5.690000000000055
OPEN_LONG,3011.15,176967,3011.15,0.0
CLOSE_LONG,3019.63,176977,3011.15,8.480000000000018
OPEN_SHORT,3019.63,176977,3019.63,0.0
CLOSE_SHORT,3015.78,176984,3019.63,3.849999999999909
OPEN_LONG,3015.78,176984,3015.78,0.0
CLOSE_LONG,3020.52,176999,3015.78,4.739999999999782
OPEN_SHORT,3020.52,176999,3020.52,0.0
CLOSE_SHORT,3035.72,177023,3020.52,-15.199999999999818
OPEN_LONG,3035.72,177023,3035.72,0.0
CLOSE_LONG,3025.84,177047,3035.72,-9.879999999999654
OPEN_SHORT,3025.84,177047,3025.84,0.0
CLOSE_SHORT,3031.57,177067,3025.84,-5.730000000000018
OPEN_LONG,3031.57,177067,3031.57,0.0
CLOSE_LONG,3035.81,177075,3031.57,4.239999999999782
OPEN_SHORT,3035.81,177075,3035.81,0.0
CLOSE_SHORT,3040.0,177111,3035.81,-4.190000000000055
OPEN_LONG,3040.0,177111,3040.0,0.0
CLOSE_LONG,3040.84,177119,3040.0,0.8400000000001455
OPEN_SHORT,3040.84,177119,3040.84,0.0
CLOSE_SHORT,3035.18,177123,3040.84,5.660000000000309
OPEN_LONG,3035.18,177123,3035.18,0.0
CLOSE_LONG,3040.09,177137,3035.18,4.910000000000309
OPEN_SHORT,3040.09,177137,3040.09,0.0
CLOSE_SHORT,3031.51,177149,3040.09,8.579999999999927
OPEN_LONG,3031.51,177149,3031.51,0.0
CLOSE_LONG,3043.21,177153,3031.51,11.699999999999818
OPEN_SHORT,3043.21,177153,3043.21,0.0
CLOSE_SHORT,3040.41,177173,3043.21,2.800000000000182
OPEN_LONG,3040.41,177173,3040.41,0.0
CLOSE_LONG,3049.89,177197,3040.41,9.480000000000018
OPEN_SHORT,3049.89,177197,3049.89,0.0
CLOSE_SHORT,3041.78,177202,3049.89,8.109999999999673
OPEN_LONG,3041.78,177202,3041.78,0.0
CLOSE_LONG,3030.52,177269,3041.78,-11.260000000000218
OPEN_SHORT,3030.52,177269,3030.52,0.0
CLOSE_SHORT,3048.81,177295,3030.52,-18.289999999999964
OPEN_LONG,3048.81,177295,3048.81,0.0
CLOSE_LONG,3038.12,177324,3048.81,-10.690000000000055
OPEN_SHORT,3038.12,177324,3038.12,0.0
CLOSE_SHORT,3033.43,177341,3038.12,4.690000000000055
OPEN_LONG,3033.43,177341,3033.43,0.0
CLOSE_LONG,3017.17,177391,3033.43,-16.259999999999764
OPEN_SHORT,3017.17,177391,3017.17,0.0
CLOSE_SHORT,3021.0,177427,3017.17,-3.8299999999999272
OPEN_LONG,3021.0,177427,3021.0,0.0
CLOSE_LONG,3029.31,177430,3021.0,8.309999999999945
OPEN_SHORT,3029.31,177430,3029.31,0.0
CLOSE_SHORT,3032.32,177474,3029.31,-3.0100000000002183
OPEN_LONG,3032.32,177474,3032.32,0.0
CLOSE_LONG,3034.46,177481,3032.32,2.1399999999998727
OPEN_SHORT,3034.46,177481,3034.46,0.0
CLOSE_SHORT,3023.76,177541,3034.46,10.699999999999818
OPEN_LONG,3023.76,177541,3023.76,0.0
CLOSE_LONG,3009.54,177576,3023.76,-14.220000000000255
OPEN_SHORT,3009.54,177576,3009.54,0.0
CLOSE_SHORT,3002.88,177586,3009.54,6.6599999999998545
OPEN_LONG,3002.88,177586,3002.88,0.0
CLOSE_LONG,3000.54,177599,3002.88,-2.3400000000001455
OPEN_SHORT,3000.54,177599,3000.54,0.0
CLOSE_SHORT,3005.61,177669,3000.54,-5.070000000000164
OPEN_LONG,3005.61,177669,3005.61,0.0
CLOSE_LONG,3005.66,177675,3005.61,0.04999999999972715
OPEN_SHORT,3005.66,177675,3005.66,0.0
CLOSE_SHORT,3013.82,177716,3005.66,-8.16000000000031
OPEN_LONG,3013.82,177716,3013.82,0.0
CLOSE_LONG,3017.1,177722,3013.82,3.2799999999997453
OPEN_SHORT,3017.1,177722,3017.1,0.0
CLOSE_SHORT,3022.58,177782,3017.1,-5.480000000000018
OPEN_LONG,3022.58,177782,3022.58,0.0
CLOSE_LONG,3022.0,177792,3022.58,-0.5799999999999272
OPEN_SHORT,3022.0,177792,3022.0,0.0
CLOSE_SHORT,3011.19,177798,3022.0,10.809999999999945
OPEN_LONG,3011.19,177798,3011.19,0.0
CLOSE_LONG,3008.54,177812,3011.19,-2.650000000000091
OPEN_SHORT,3008.54,177812,3008.54,0.0
CLOSE_SHORT,3006.0,177819,3008.54,2.5399999999999636
OPEN_LONG,3006.0,177819,3006.0,0.0
CLOSE_LONG,2972.76,177835,3006.0,-33.23999999999978
OPEN_SHORT,2972.76,177835,2972.76,0.0
CLOSE_SHORT,2998.3,177856,2972.76,-25.539999999999964
OPEN_LONG,2998.3,177856,2998.3,0.0
CLOSE_LONG,2992.24,177868,2998.3,-6.0600000000004
OPEN_SHORT,2992.24,177868,2992.24,0.0
CLOSE_SHORT,2995.86,177883,2992.24,-3.6200000000003456
OPEN_LONG,2995.86,177883,2995.86,0.0
CLOSE_LONG,2979.86,177894,2995.86,-16.0
OPEN_SHORT,2979.86,177894,2979.86,0.0
CLOSE_SHORT,2976.22,177895,2979.86,3.6400000000003274
OPEN_LONG,2976.22,177895,2976.22,0.0
CLOSE_LONG,2978.36,177903,2976.22,2.1400000000003274
OPEN_SHORT,2978.36,177903,2978.36,0.0
CLOSE_SHORT,2986.62,177912,2978.36,-8.259999999999764
OPEN_LONG,2986.62,177912,2986.62,0.0
CLOSE_LONG,2989.7,177921,2986.62,3.0799999999999272
OPEN_SHORT,2989.7,177921,2989.7,0.0
CLOSE_SHORT,2981.18,177925,2989.7,8.519999999999982
OPEN_LONG,2981.18,177925,2981.18,0.0
CLOSE_LONG,2984.76,177928,2981.18,3.580000000000382
OPEN_SHORT,2984.76,177928,2984.76,0.0
CLOSE_SHORT,2975.7,177931,2984.76,9.0600000000004
OPEN_LONG,2975.7,177931,2975.7,0.0
CLOSE_LONG,2899.68,177967,2975.7,-76.01999999999998
OPEN_SHORT,2899.68,177967,2899.68,0.0
CLOSE_SHORT,2889.08,177971,2899.68,10.599999999999909
OPEN_LONG,2889.08,177971,2889.08,0.0
CLOSE_LONG,2872.91,177993,2889.08,-16.170000000000073
OPEN_SHORT,2872.91,177993,2872.91,0.0
CLOSE_SHORT,2851.27,177997,2872.91,21.639999999999873
OPEN_LONG,2851.27,177997,2851.27,0.0
CLOSE_LONG,2861.4,178001,2851.27,10.13000000000011
OPEN_SHORT,2861.4,178001,2861.4,0.0
CLOSE_SHORT,2844.38,178004,2861.4,17.019999999999982
OPEN_LONG,2844.38,178004,2844.38,0.0
CLOSE_LONG,2829.89,178023,2844.38,-14.490000000000236
OPEN_SHORT,2829.89,178023,2829.89,0.0
CLOSE_SHORT,2820.04,178028,2829.89,9.849999999999909
OPEN_LONG,2820.04,178028,2820.04,0.0
CLOSE_LONG,2825.07,178031,2820.04,5.0300000000002
OPEN_SHORT,2825.07,178031,2825.07,0.0
CLOSE_SHORT,2821.84,178044,2825.07,3.230000000000018
OPEN_LONG,2821.84,178044,2821.84,0.0
CLOSE_LONG,2822.11,178052,2821.84,0.2699999999999818
OPEN_SHORT,2822.11,178052,2822.11,0.0
CLOSE_SHORT,2818.47,178062,2822.11,3.6400000000003274
OPEN_LONG,2818.47,178062,2818.47,0.0
CLOSE_LONG,2827.79,178067,2818.47,9.320000000000164
OPEN_SHORT,2827.79,178067,2827.79,0.0
CLOSE_SHORT,2837.51,178080,2827.79,-9.720000000000255
OPEN_LONG,2837.51,178080,2837.51,0.0
CLOSE_LONG,2827.39,178096,2837.51,-10.120000000000346
OPEN_SHORT,2827.39,178096,2827.39,0.0
CLOSE_SHORT,2811.03,178112,2827.39,16.359999999999673
OPEN_LONG,2811.03,178112,2811.03,0.0
CLOSE_LONG,2815.39,178120,2811.03,4.359999999999673
OPEN_SHORT,2815.39,178120,2815.39,0.0
CLOSE_SHORT,2790.47,178124,2815.39,24.920000000000073
OPEN_LONG,2790.47,178124,2790.47,0.0
CLOSE_LONG,2803.65,178129,2790.47,13.180000000000291
OPEN_SHORT,2803.65,178129,2803.65,0.0
CLOSE_SHORT,2807.44,178138,2803.65,-3.7899999999999636
OPEN_LONG,2807.44,178138,2807.44,0.0
CLOSE_LONG,2818.94,178140,2807.44,11.5
OPEN_SHORT,2818.94,178140,2818.94,0.0
CLOSE_SHORT,2832.13,178153,2818.94,-13.190000000000055
OPEN_LONG,2832.13,178153,2832.13,0.0
CLOSE_LONG,2827.86,178165,2832.13,-4.269999999999982
OPEN_SHORT,2827.86,178165,2827.86,0.0
CLOSE_SHORT,2839.08,178184,2827.86,-11.2199999999998
OPEN_LONG,2839.08,178184,2839.08,0.0
CLOSE_LONG,2829.2,178198,2839.08,-9.88000000000011
OPEN_SHORT,2829.2,178198,2829.2,0.0
CLOSE_SHORT,2835.5,178208,2829.2,-6.300000000000182
OPEN_LONG,2835.5,178208,2835.5,0.0
CLOSE_LONG,2850.25,178211,2835.5,14.75
OPEN_SHORT,2850.25,178211,2850.25,0.0
CLOSE_SHORT,2838.22,178216,2850.25,12.0300000000002
OPEN_LONG,2838.22,178216,2838.22,0.0
CLOSE_LONG,2844.06,178232,2838.22,5.8400000000001455
OPEN_SHORT,2844.06,178232,2844.06,0.0
CLOSE_SHORT,2835.82,178237,2844.06,8.239999999999782
OPEN_LONG,2835.82,178237,2835.82,0.0
CLOSE_LONG,2844.41,178242,2835.82,8.58999999999969
OPEN_SHORT,2844.41,178242,2844.41,0.0
CLOSE_SHORT,2866.16,178269,2844.41,-21.75
OPEN_LONG,2866.16,178269,2866.16,0.0
CLOSE_LONG,2875.31,178274,2866.16,9.150000000000091
OPEN_SHORT,2875.31,178274,2875.31,0.0
CLOSE_SHORT,2887.66,178294,2875.31,-12.349999999999909
OPEN_LONG,2887.66,178294,2887.66,0.0
CLOSE_LONG,2885.37,178304,2887.66,-2.2899999999999636
OPEN_SHORT,2885.37,178304,2885.37,0.0
CLOSE_SHORT,2894.01,178335,2885.37,-8.640000000000327
OPEN_LONG,2894.01,178335,2894.01,0.0
CLOSE_LONG,2888.64,178347,2894.01,-5.370000000000346
OPEN_SHORT,2888.64,178347,2888.64,0.0
CLOSE_SHORT,2884.28,178353,2888.64,4.359999999999673
OPEN_LONG,2884.28,178353,2884.28,0.0
CLOSE_LONG,2871.05,178378,2884.28,-13.230000000000018
OPEN_SHORT,2871.05,178378,2871.05,0.0
CLOSE_SHORT,2862.52,178380,2871.05,8.5300000000002
OPEN_LONG,2862.52,178380,2862.52,0.0
CLOSE_LONG,2870.0,178386,2862.52,7.480000000000018
OPEN_SHORT,2870.0,178386,2870.0,0.0
CLOSE_SHORT,2863.68,178391,2870.0,6.320000000000164
OPEN_LONG,2863.68,178391,2863.68,0.0
CLOSE_LONG,2844.6,178404,2863.68,-19.079999999999927
OPEN_SHORT,2844.6,178404,2844.6,0.0
CLOSE_SHORT,2840.81,178411,2844.6,3.7899999999999636
OPEN_LONG,2840.81,178411,2840.81,0.0
CLOSE_LONG,2836.39,178419,2840.81,-4.420000000000073
OPEN_SHORT,2836.39,178419,2836.39,0.0
CLOSE_SHORT,2845.08,178429,2836.39,-8.690000000000055
OPEN_LONG,2845.08,178429,2845.08,0.0
CLOSE_LONG,2846.6,178431,2845.08,1.5199999999999818
OPEN_SHORT,2846.6,178431,2846.6,0.0
CLOSE_SHORT,2850.08,178441,2846.6,-3.480000000000018
OPEN_LONG,2850.08,178441,2850.08,0.0
CLOSE_LONG,2856.0,178448,2850.08,5.920000000000073
OPEN_SHORT,2856.0,178448,2856.0,0.0
CLOSE_SHORT,2849.36,178454,2856.0,6.639999999999873
OPEN_LONG,2849.36,178454,2849.36,0.0
CLOSE_LONG,2859.94,178459,2849.36,10.579999999999927
OPEN_SHORT,2859.94,178459,2859.94,0.0
CLOSE_SHORT,2859.6,178478,2859.94,0.3400000000001455
OPEN_LONG,2859.6,178478,2859.6,0.0
CLOSE_LONG,2867.7,178489,2859.6,8.099999999999909
OPEN_SHORT,2867.7,178489,2867.7,0.0
CLOSE_SHORT,2858.34,178499,2867.7,9.359999999999673
OPEN_LONG,2858.34,178499,2858.34,0.0
CLOSE_LONG,2866.77,178504,2858.34,8.429999999999836
OPEN_SHORT,2866.77,178504,2866.77,0.0
CLOSE_SHORT,2874.89,178513,2866.77,-8.11999999999989
OPEN_LONG,2874.89,178513,2874.89,0.0
CLOSE_LONG,2868.52,178522,2874.89,-6.369999999999891
OPEN_SHORT,2868.52,178522,2868.52,0.0
CLOSE_SHORT,2862.01,178534,2868.52,6.5099999999997635
OPEN_LONG,2862.01,178534,2862.01,0.0
CLOSE_LONG,2849.7,178563,2862.01,-12.3100000000004
OPEN_SHORT,2849.7,178563,2849.7,0.0
CLOSE_SHORT,2841.29,178568,2849.7,8.409999999999854
OPEN_LONG,2841.29,178568,2841.29,0.0
CLOSE_LONG,2839.74,178577,2841.29,-1.550000000000182
OPEN_SHORT,2839.74,178577,2839.74,0.0
CLOSE_SHORT,2825.18,178581,2839.74,14.559999999999945
OPEN_LONG,2825.18,178581,2825.18,0.0
CLOSE_LONG,2826.6,178591,2825.18,1.4200000000000728
OPEN_SHORT,2826.6,178591,2826.6,0.0
CLOSE_SHORT,2805.84,178594,2826.6,20.759999999999764
OPEN_LONG,2805.84,178594,2805.84,0.0
CLOSE_LONG,2793.08,178605,2805.84,-12.760000000000218
OPEN_SHORT,2793.08,178605,2793.08,0.0
CLOSE_SHORT,2811.19,178615,2793.08,-18.110000000000127
OPEN_LONG,2811.19,178615,2811.19,0.0
CLOSE_LONG,2806.26,178624,2811.19,-4.929999999999836
OPEN_SHORT,2806.26,178624,2806.26,0.0
CLOSE_SHORT,2798.54,178629,2806.26,7.720000000000255
OPEN_LONG,2798.54,178629,2798.54,0.0
CLOSE_LONG,2806.6,178631,2798.54,8.059999999999945
OPEN_SHORT,2806.6,178631,2806.6,0.0
CLOSE_SHORT,2798.96,178637,2806.6,7.639999999999873
OPEN_LONG,2798.96,178637,2798.96,0.0
CLOSE_LONG,2812.8,178638,2798.96,13.840000000000146
OPEN_SHORT,2812.8,178638,2812.8,0.0
CLOSE_SHORT,2812.96,178651,2812.8,-0.15999999999985448
OPEN_LONG,2812.96,178651,2812.96,0.0
CLOSE_LONG,2817.02,178659,2812.96,4.059999999999945
OPEN_SHORT,2817.02,178659,2817.02,0.0
CLOSE_SHORT,2806.1,178664,2817.02,10.920000000000073
OPEN_LONG,2806.1,178664,2806.1,0.0
CLOSE_LONG,2805.72,178674,2806.1,-0.38000000000010914
OPEN_SHORT,2805.72,178674,2805.72,0.0
CLOSE_SHORT,2799.8,178680,2805.72,5.919999999999618
OPEN_LONG,2799.8,178680,2799.8,0.0
CLOSE_LONG,2806.11,178682,2799.8,6.309999999999945
OPEN_SHORT,2806.11,178682,2806.11,0.0
CLOSE_SHORT,2799.34,178693,2806.11,6.769999999999982
OPEN_LONG,2799.34,178693,2799.34,0.0
CLOSE_LONG,2794.2,178704,2799.34,-5.140000000000327
OPEN_SHORT,2794.2,178704,2794.2,0.0
CLOSE_SHORT,2803.47,178712,2794.2,-9.269999999999982
OPEN_LONG,2803.47,178712,2803.47,0.0
CLOSE_LONG,2809.67,178715,2803.47,6.200000000000273
OPEN_SHORT,2809.67,178715,2809.67,0.0
CLOSE_SHORT,2814.9,178758,2809.67,-5.230000000000018
OPEN_LONG,2814.9,178758,2814.9,0.0
CLOSE_LONG,2804.61,178772,2814.9,-10.289999999999964
OPEN_SHORT,2804.61,178772,2804.61,0.0
CLOSE_SHORT,2798.57,178786,2804.61,6.039999999999964
OPEN_LONG,2798.57,178786,2798.57,0.0
CLOSE_LONG,2805.9,178794,2798.57,7.329999999999927
OPEN_SHORT,2805.9,178794,2805.9,0.0
CLOSE_SHORT,2799.16,178801,2805.9,6.7400000000002365
OPEN_LONG,2799.16,178801,2799.16,0.0
CLOSE_LONG,2795.4,178817,2799.16,-3.7599999999997635
OPEN_SHORT,2795.4,178817,2795.4,0.0
CLOSE_SHORT,2784.07,178820,2795.4,11.329999999999927
OPEN_LONG,2784.07,178820,2784.07,0.0
CLOSE_LONG,2796.79,178825,2784.07,12.7199999999998
OPEN_SHORT,2796.79,178825,2796.79,0.0
CLOSE_SHORT,2790.96,178838,2796.79,5.829999999999927
OPEN_LONG,2790.96,178838,2790.96,0.0
CLOSE_LONG,2796.19,178846,2790.96,5.230000000000018
OPEN_SHORT,2796.19,178846,2796.19,0.0
CLOSE_SHORT,2789.31,178851,2796.19,6.880000000000109
OPEN_LONG,2789.31,178851,2789.31,0.0
CLOSE_LONG,2763.3,178868,2789.31,-26.009999999999764
OPEN_SHORT,2763.3,178868,2763.3,0.0
CLOSE_SHORT,2753.1,178872,2763.3,10.200000000000273
OPEN_LONG,2753.1,178872,2753.1,0.0
CLOSE_LONG,2713.83,178880,2753.1,-39.26999999999998
OPEN_SHORT,2713.83,178880,2713.83,0.0
CLOSE_SHORT,2721.93,178888,2713.83,-8.099999999999909
OPEN_LONG,2721.93,178888,2721.93,0.0
CLOSE_LONG,2724.0,178894,2721.93,2.0700000000001637
OPEN_SHORT,2724.0,178894,2724.0,0.0
CLOSE_SHORT,2714.51,178897,2724.0,9.489999999999782
OPEN_LONG,2714.51,178897,2714.51,0.0
CLOSE_LONG,2719.23,178901,2714.51,4.7199999999998
OPEN_SHORT,2719.23,178901,2719.23,0.0
CLOSE_SHORT,2710.0,178905,2719.23,9.230000000000018
OPEN_LONG,2710.0,178905,2710.0,0.0
CLOSE_LONG,2724.68,178907,2710.0,14.679999999999836
OPEN_SHORT,2724.68,178907,2724.68,0.0
CLOSE_SHORT,2737.2,178930,2724.68,-12.519999999999982
OPEN_LONG,2737.2,178930,2737.2,0.0
CLOSE_LONG,2744.85,178933,2737.2,7.650000000000091
OPEN_SHORT,2744.85,178933,2744.85,0.0
CLOSE_SHORT,2729.91,178937,2744.85,14.940000000000055
OPEN_LONG,2729.91,178937,2729.91,0.0
CLOSE_LONG,2727.87,178947,2729.91,-2.0399999999999636
OPEN_SHORT,2727.87,178947,2727.87,0.0
CLOSE_SHORT,2735.94,178968,2727.87,-8.070000000000164
OPEN_LONG,2735.94,178968,2735.94,0.0
CLOSE_LONG,2701.97,178998,2735.94,-33.970000000000255
OPEN_SHORT,2701.97,178998,2701.97,0.0
CLOSE_SHORT,2690.27,178999,2701.97,11.699999999999818
OPEN_LONG,2690.27,178999,2690.27,0.0
CLOSE_LONG,2687.8,179018,2690.27,-2.4699999999998
OPEN_SHORT,2687.8,179018,2687.8,0.0
CLOSE_SHORT,2679.8,179022,2687.8,8.0
OPEN_LONG,2679.8,179022,2679.8,0.0
CLOSE_LONG,2678.55,179028,2679.8,-1.25
OPEN_SHORT,2678.55,179028,2678.55,0.0
CLOSE_SHORT,2686.0,179036,2678.55,-7.449999999999818
OPEN_LONG,2686.0,179036,2686.0,0.0
CLOSE_LONG,2690.69,179041,2686.0,4.690000000000055
OPEN_SHORT,2690.69,179041,2690.69,0.0
CLOSE_SHORT,2686.19,179043,2690.69,4.5
OPEN_LONG,2686.19,179043,2686.19,0.0
CLOSE_LONG,2697.16,179046,2686.19,10.9699999999998
OPEN_SHORT,2697.16,179046,2697.16,0.0
CLOSE_SHORT,2685.08,179050,2697.16,12.079999999999927
OPEN_LONG,2685.08,179050,2685.08,0.0
CLOSE_LONG,2699.47,179053,2685.08,14.389999999999873
OPEN_SHORT,2699.47,179053,2699.47,0.0
CLOSE_SHORT,2704.6,179066,2699.47,-5.130000000000109
OPEN_LONG,2704.6,179066,2704.6,0.0
CLOSE_LONG,2706.23,179082,2704.6,1.6300000000001091
OPEN_SHORT,2706.23,179082,2706.23,0.0
CLOSE_SHORT,2709.63,179100,2706.23,-3.400000000000091
OPEN_LONG,2709.63,179100,2709.63,0.0
CLOSE_LONG,2713.45,179105,2709.63,3.819999999999709
OPEN_SHORT,2713.45,179105,2713.45,0.0
CLOSE_SHORT,2700.32,179118,2713.45,13.129999999999654
OPEN_LONG,2700.32,179118,2700.32,0.0
CLOSE_LONG,2680.45,179137,2700.32,-19.870000000000346
OPEN_SHORT,2680.45,179137,2680.45,0.0
CLOSE_SHORT,2682.45,179149,2680.45,-2.0
OPEN_LONG,2682.45,179149,2682.45,0.0
CLOSE_LONG,2676.43,179156,2682.45,-6.019999999999982
OPEN_SHORT,2676.43,179156,2676.43,0.0
CLOSE_SHORT,2661.59,179159,2676.43,14.83999999999969
OPEN_LONG,2661.59,179159,2661.59,0.0
CLOSE_LONG,2637.6,179170,2661.59,-23.990000000000236
OPEN_SHORT,2637.6,179170,2637.6,0.0
CLOSE_SHORT,2725.73,179196,2637.6,-88.13000000000011
OPEN_LONG,2725.73,179196,2725.73,0.0
CLOSE_LONG,2734.11,179209,2725.73,8.38000000000011
OPEN_SHORT,2734.11,179209,2734.11,0.0
CLOSE_SHORT,2738.07,179215,2734.11,-3.9600000000000364
OPEN_LONG,2738.07,179215,2738.07,0.0
CLOSE_LONG,2740.12,179216,2738.07,2.049999999999727
OPEN_SHORT,2740.12,179216,2740.12,0.0
CLOSE_SHORT,2740.47,179223,2740.12,-0.34999999999990905
OPEN_LONG,2740.47,179223,2740.47,0.0
CLOSE_LONG,2743.4,179236,2740.47,2.930000000000291
OPEN_SHORT,2743.4,179236,2743.4,0.0
CLOSE_SHORT,2751.29,179256,2743.4,-7.889999999999873
OPEN_LONG,2751.29,179256,2751.29,0.0
CLOSE_LONG,2745.12,179270,2751.29,-6.170000000000073
OPEN_SHORT,2745.12,179270,2745.12,0.0
CLOSE_SHORT,2731.15,179274,2745.12,13.9699999999998
OPEN_LONG,2731.15,179274,2731.15,0.0
CLOSE_LONG,2729.25,179284,2731.15,-1.900000000000091
OPEN_SHORT,2729.25,179284,2729.25,0.0
CLOSE_SHORT,2755.8,179300,2729.25,-26.550000000000182
OPEN_LONG,2755.8,179300,2755.8,0.0
CLOSE_LONG,2762.87,179312,2755.8,7.069999999999709
OPEN_SHORT,2762.87,179312,2762.87,0.0
CLOSE_SHORT,2769.13,179320,2762.87,-6.260000000000218
OPEN_LONG,2769.13,179320,2769.13,0.0
CLOSE_LONG,2759.22,179327,2769.13,-9.91000000000031
OPEN_SHORT,2759.22,179327,2759.22,0.0
CLOSE_SHORT,2745.32,179331,2759.22,13.899999999999636
OPEN_LONG,2745.32,179331,2745.32,0.0
CLOSE_LONG,2750.55,179346,2745.32,5.230000000000018
OPEN_SHORT,2750.55,179346,2750.55,0.0
CLOSE_SHORT,2730.28,179349,2750.55,20.269999999999982
OPEN_LONG,2730.28,179349,2730.28,0.0
CLOSE_LONG,2711.1,179365,2730.28,-19.18000000000029
OPEN_SHORT,2711.1,179365,2711.1,0.0
CLOSE_SHORT,2713.4,179371,2711.1,-2.300000000000182
OPEN_LONG,2713.4,179371,2713.4,0.0
CLOSE_LONG,2704.37,179379,2713.4,-9.0300000000002
OPEN_SHORT,2704.37,179379,2704.37,0.0
CLOSE_SHORT,2696.4,179384,2704.37,7.9699999999998
OPEN_LONG,2696.4,179384,2696.4,0.0
CLOSE_LONG,2700.3,179390,2696.4,3.900000000000091
OPEN_SHORT,2700.3,179390,2700.3,0.0
CLOSE_SHORT,2693.14,179396,2700.3,7.160000000000309
OPEN_LONG,2693.14,179396,2693.14,0.0
CLOSE_LONG,2706.48,179402,2693.14,13.340000000000146
OPEN_SHORT,2706.48,179402,2706.48,0.0
CLOSE_SHORT,2709.83,179414,2706.48,-3.349999999999909
OPEN_LONG,2709.83,179414,2709.83,0.0
CLOSE_LONG,2718.86,179417,2709.83,9.0300000000002
OPEN_SHORT,2718.86,179417,2718.86,0.0
CLOSE_SHORT,2721.4,179423,2718.86,-2.5399999999999636
OPEN_LONG,2721.4,179423,2721.4,0.0
CLOSE_LONG,2726.9,179430,2721.4,5.5
OPEN_SHORT,2726.9,179430,2726.9,0.0
CLOSE_SHORT,2781.8,179453,2726.9,-54.90000000000009
OPEN_LONG,2781.8,179453,2781.8,0.0
CLOSE_LONG,2787.8,179458,2781.8,6.0
OPEN_SHORT,2787.8,179458,2787.8,0.0
CLOSE_SHORT,2792.71,179478,2787.8,-4.9099999999998545
OPEN_LONG,2792.71,179478,2792.71,0.0
CLOSE_LONG,2800.87,179486,2792.71,8.159999999999854
OPEN_SHORT,2800.87,179486,2800.87,0.0
CLOSE_SHORT,2789.48,179493,2800.87,11.389999999999873
OPEN_LONG,2789.48,179493,2789.48,0.0
CLOSE_LONG,2727.77,179523,2789.48,-61.710000000000036
OPEN_SHORT,2727.77,179523,2727.77,0.0
CLOSE_SHORT,2780.43,179557,2727.77,-52.659999999999854
OPEN_LONG,2780.43,179557,2780.43,0.0
CLOSE_LONG,2784.7,179565,2780.43,4.269999999999982
OPEN_SHORT,2784.7,179565,2784.7,0.0
CLOSE_SHORT,2768.61,179573,2784.7,16.08999999999969
OPEN_LONG,2768.61,179573,2768.61,0.0
CLOSE_LONG,2771.44,179580,2768.61,2.8299999999999272
OPEN_SHORT,2771.44,179580,2771.44,0.0
CLOSE_SHORT,2765.24,179592,2771.44,6.200000000000273
OPEN_LONG,2765.24,179592,2765.24,0.0
CLOSE_LONG,2769.9,179597,2765.24,4.660000000000309
OPEN_SHORT,2769.9,179597,2769.9,0.0
CLOSE_SHORT,2763.78,179603,2769.9,6.119999999999891
OPEN_LONG,2763.78,179603,2763.78,0.0
CLOSE_LONG,2749.17,179619,2763.78,-14.610000000000127
OPEN_SHORT,2749.17,179619,2749.17,0.0
CLOSE_SHORT,2743.62,179625,2749.17,5.550000000000182
OPEN_LONG,2743.62,179625,2743.62,0.0
CLOSE_LONG,2745.48,179633,2743.62,1.8600000000001273
OPEN_SHORT,2745.48,179633,2745.48,0.0
CLOSE_SHORT,2732.08,179638,2745.48,13.400000000000091
OPEN_LONG,2732.08,179638,2732.08,0.0
CLOSE_LONG,2720.76,179656,2732.08,-11.319999999999709
OPEN_SHORT,2720.76,179656,2720.76,0.0
CLOSE_SHORT,2737.47,179674,2720.76,-16.70999999999958
OPEN_LONG,2737.47,179674,2737.47,0.0
CLOSE_LONG,2739.85,179681,2737.47,2.380000000000109
OPEN_SHORT,2739.85,179681,2739.85,0.0
CLOSE_SHORT,2767.35,179728,2739.85,-27.5
OPEN_LONG,2767.35,179728,2767.35,0.0
CLOSE_LONG,2773.2,179732,2767.35,5.849999999999909
OPEN_SHORT,2773.2,179732,2773.2,0.0
CLOSE_SHORT,2765.0,179737,2773.2,8.199999999999818
OPEN_LONG,2765.0,179737,2765.0,0.0
CLOSE_LONG,2771.08,179743,2765.0,6.079999999999927
OPEN_SHORT,2771.08,179743,2771.08,0.0
CLOSE_SHORT,2748.35,179764,2771.08,22.730000000000018
OPEN_LONG,2748.35,179764,2748.35,0.0
CLOSE_LONG,2755.5,179769,2748.35,7.150000000000091
OPEN_SHORT,2755.5,179769,2755.5,0.0
CLOSE_SHORT,2739.0,179771,2755.5,16.5
OPEN_LONG,2739.0,179771,2739.0,0.0
CLOSE_LONG,2738.01,179781,2739.0,-0.9899999999997817
OPEN_SHORT,2738.01,179781,2738.01,0.0
CLOSE_SHORT,2732.05,179789,2738.01,5.960000000000036
OPEN_LONG,2732.05,179789,2732.05,0.0
CLOSE_LONG,2725.45,179812,2732.05,-6.600000000000364
OPEN_SHORT,2725.45,179812,2725.45,0.0
CLOSE_SHORT,2756.32,179837,2725.45,-30.870000000000346
OPEN_LONG,2756.32,179837,2756.32,0.0
CLOSE_LONG,2764.82,179843,2756.32,8.5
OPEN_SHORT,2764.82,179843,2764.82,0.0
CLOSE_SHORT,2756.99,179890,2764.82,7.830000000000382
OPEN_LONG,2756.99,179890,2756.99,0.0
CLOSE_LONG,2770.52,179894,2756.99,13.5300000000002
OPEN_SHORT,2770.52,179894,2770.52,0.0
CLOSE_SHORT,2766.12,179902,2770.52,4.400000000000091
OPEN_LONG,2766.12,179902,2766.12,0.0
CLOSE_LONG,2771.61,179924,2766.12,5.4900000000002365
OPEN_SHORT,2771.61,179924,2771.61,0.0
CLOSE_SHORT,2763.67,179930,2771.61,7.940000000000055
OPEN_LONG,2763.67,179930,2763.67,0.0
CLOSE_LONG,2771.21,179939,2763.67,7.539999999999964
OPEN_SHORT,2771.21,179939,2771.21,0.0
CLOSE_SHORT,2771.47,179961,2771.21,-0.25999999999976353
OPEN_LONG,2771.47,179961,2771.47,0.0
CLOSE_LONG,2772.21,179968,2771.47,0.7400000000002365
OPEN_SHORT,2772.21,179968,2772.21,0.0
CLOSE_SHORT,2762.65,179986,2772.21,9.559999999999945
OPEN_LONG,2762.65,179986,2762.65,0.0
CLOSE_LONG,2756.64,180006,2762.65,-6.010000000000218
OPEN_SHORT,2756.64,180006,2756.64,0.0
CLOSE_SHORT,2746.98,180014,2756.64,9.659999999999854
OPEN_LONG,2746.98,180014,2746.98,0.0
CLOSE_LONG,2747.68,180033,2746.98,0.6999999999998181
OPEN_SHORT,2747.68,180033,2747.68,0.0
CLOSE_SHORT,2745.9,180062,2747.68,1.7799999999997453
OPEN_LONG,2745.9,180062,2745.9,0.0
CLOSE_LONG,2749.07,180070,2745.9,3.1700000000000728
OPEN_SHORT,2749.07,180070,2749.07,0.0
CLOSE_SHORT,2742.75,180076,2749.07,6.320000000000164
OPEN_LONG,2742.75,180076,2742.75,0.0
CLOSE_LONG,2748.88,180081,2742.75,6.130000000000109
OPEN_SHORT,2748.88,180081,2748.88,0.0
CLOSE_SHORT,2745.72,180103,2748.88,3.1600000000003092
OPEN_LONG,2745.72,180103,2745.72,0.0
CLOSE_LONG,2739.76,180125,2745.72,-5.959999999999582
OPEN_SHORT,2739.76,180125,2739.76,0.0
CLOSE_SHORT,2729.43,180135,2739.76,10.330000000000382
OPEN_LONG,2729.43,180135,2729.43,0.0
CLOSE_LONG,2735.68,180145,2729.43,6.25
OPEN_SHORT,2735.68,180145,2735.68,0.0
CLOSE_SHORT,2737.9,180175,2735.68,-2.2200000000002547
OPEN_LONG,2737.9,180175,2737.9,0.0
CLOSE_LONG,2735.32,180188,2737.9,-2.5799999999999272
OPEN_SHORT,2735.32,180188,2735.32,0.0
CLOSE_SHORT,2734.8,180228,2735.32,0.5199999999999818
OPEN_LONG,2734.8,180228,2734.8,0.0
CLOSE_LONG,2740.48,180233,2734.8,5.679999999999836
OPEN_SHORT,2740.48,180233,2740.48,0.0
CLOSE_SHORT,2757.28,180305,2740.48,-16.800000000000182
OPEN_LONG,2757.28,180305,2757.28,0.0
CLOSE_LONG,2763.54,180310,2757.28,6.2599999999997635
OPEN_SHORT,2763.54,180310,2763.54,0.0
CLOSE_SHORT,2755.32,180315,2763.54,8.2199999999998
OPEN_LONG,2755.32,180315,2755.32,0.0
CLOSE_LONG,2727.22,180378,2755.32,-28.100000000000364
OPEN_SHORT,2727.22,180378,2727.22,0.0
CLOSE_SHORT,2722.78,180380,2727.22,4.4399999999996
OPEN_LONG,2722.78,180380,2722.78,0.0
CLOSE_LONG,2728.07,180384,2722.78,5.289999999999964
OPEN_SHORT,2728.07,180384,2728.07,0.0
CLOSE_SHORT,2730.45,180397,2728.07,-2.3799999999996544
OPEN_LONG,2730.45,180397,2730.45,0.0
CLOSE_LONG,2734.55,180435,2730.45,4.100000000000364
OPEN_SHORT,2734.55,180435,2734.55,0.0
CLOSE_SHORT,2728.22,180444,2734.55,6.330000000000382
OPEN_LONG,2728.22,180444,2728.22,0.0
CLOSE_LONG,2728.62,180463,2728.22,0.40000000000009095
OPEN_SHORT,2728.62,180463,2728.62,0.0
CLOSE_SHORT,2721.91,180476,2728.62,6.710000000000036
OPEN_LONG,2721.91,180476,2721.91,0.0
CLOSE_LONG,2713.27,180494,2721.91,-8.639999999999873
OPEN_SHORT,2713.27,180494,2713.27,0.0
CLOSE_SHORT,2706.64,180510,2713.27,6.630000000000109
OPEN_LONG,2706.64,180510,2706.64,0.0
CLOSE_LONG,2711.66,180517,2706.64,5.019999999999982
OPEN_SHORT,2711.66,180517,2711.66,0.0
CLOSE_SHORT,2721.08,180540,2711.66,-9.420000000000073
OPEN_LONG,2721.08,180540,2721.08,0.0
CLOSE_LONG,2725.88,180545,2721.08,4.800000000000182
OPEN_SHORT,2725.88,180545,2725.88,0.0
CLOSE_SHORT,2719.57,180588,2725.88,6.309999999999945
OPEN_LONG,2719.57,180588,2719.57,0.0
CLOSE_LONG,2718.08,180597,2719.57,-1.4900000000002365
OPEN_SHORT,2718.08,180597,2718.08,0.0
CLOSE_SHORT,2713.05,180621,2718.08,5.029999999999745
OPEN_LONG,2713.05,180621,2713.05,0.0
CLOSE_LONG,2718.31,180634,2713.05,5.2599999999997635
OPEN_SHORT,2718.31,180634,2718.31,0.0
CLOSE_SHORT,2712.95,180642,2718.31,5.360000000000127
OPEN_LONG,2712.95,180642,2712.95,0.0
CLOSE_LONG,2722.47,180648,2712.95,9.519999999999982
OPEN_SHORT,2722.47,180648,2722.47,0.0
CLOSE_SHORT,2715.58,180664,2722.47,6.889999999999873
OPEN_LONG,2715.58,180664,2715.58,0.0
CLOSE_LONG,2718.0,180682,2715.58,2.4200000000000728
OPEN_SHORT,2718.0,180682,2718.0,0.0
CLOSE_SHORT,2714.18,180693,2718.0,3.8200000000001637
OPEN_LONG,2714.18,180693,2714.18,0.0
CLOSE_LONG,2721.37,180700,2714.18,7.190000000000055
OPEN_SHORT,2721.37,180700,2721.37,0.0
CLOSE_SHORT,2741.84,180731,2721.37,-20.470000000000255
OPEN_LONG,2741.84,180731,2741.84,0.0
CLOSE_LONG,2743.93,180750,2741.84,2.0899999999996908
OPEN_SHORT,2743.93,180750,2743.93,0.0
CLOSE_SHORT,2736.68,180799,2743.93,7.25
OPEN_LONG,2736.68,180799,2736.68,0.0
CLOSE_LONG,2737.82,180819,2736.68,1.1400000000003274
OPEN_SHORT,2737.82,180819,2737.82,0.0
CLOSE_SHORT,2747.22,180883,2737.82,-9.399999999999636
OPEN_LONG,2747.22,180883,2747.22,0.0
CLOSE_LONG,2751.3,180889,2747.22,4.080000000000382
OPEN_SHORT,2751.3,180889,2751.3,0.0
CLOSE_SHORT,2747.21,180916,2751.3,4.0900000000001455
OPEN_LONG,2747.21,180916,2747.21,0.0
CLOSE_LONG,2751.79,180952,2747.21,4.579999999999927
OPEN_SHORT,2751.79,180952,2751.79,0.0
CLOSE_SHORT,2743.64,180970,2751.79,8.150000000000091
OPEN_LONG,2743.64,180970,2743.64,0.0
CLOSE_LONG,2749.13,180980,2743.64,5.4900000000002365
OPEN_SHORT,2749.13,180980,2749.13,0.0
CLOSE_SHORT,2744.42,181040,2749.13,4.710000000000036
OPEN_LONG,2744.42,181040,2744.42,0.0
CLOSE_LONG,2739.66,181117,2744.42,-4.760000000000218
OPEN_SHORT,2739.66,181117,2739.66,0.0
CLOSE_SHORT,2736.0,181130,2739.66,3.6599999999998545
OPEN_LONG,2736.0,181130,2736.0,0.0
CLOSE_LONG,2742.18,181135,2736.0,6.179999999999836
OPEN_SHORT,2742.18,181135,2742.18,0.0
CLOSE_SHORT,2755.52,181207,2742.18,-13.340000000000146
OPEN_LONG,2755.52,181207,2755.52,0.0
CLOSE_LONG,2763.3,181215,2755.52,7.7800000000002
OPEN_SHORT,2763.3,181215,2763.3,0.0
CLOSE_SHORT,2778.24,181247,2763.3,-14.9399999999996
OPEN_LONG,2778.24,181247,2778.24,0.0
CLOSE_LONG,2774.76,181263,2778.24,-3.4799999999995634
OPEN_SHORT,2774.76,181263,2774.76,0.0
CLOSE_SHORT,2769.01,181281,2774.76,5.75
OPEN_LONG,2769.01,181281,2769.01,0.0
CLOSE_LONG,2772.55,181301,2769.01,3.5399999999999636
OPEN_SHORT,2772.55,181301,2772.55,0.0
CLOSE_SHORT,2779.36,181328,2772.55,-6.809999999999945
OPEN_LONG,2779.36,181328,2779.36,0.0
CLOSE_LONG,2774.89,181350,2779.36,-4.470000000000255
OPEN_SHORT,2774.89,181350,2774.89,0.0
CLOSE_SHORT,2779.48,181382,2774.89,-4.5900000000001455
OPEN_LONG,2779.48,181382,2779.48,0.0
CLOSE_LONG,2786.31,181387,2779.48,6.829999999999927
OPEN_SHORT,2786.31,181387,2786.31,0.0
CLOSE_SHORT,2803.92,181417,2786.31,-17.610000000000127
OPEN_LONG,2803.92,181417,2803.92,0.0
CLOSE_LONG,2811.91,181422,2803.92,7.989999999999782
OPEN_SHORT,2811.91,181422,2811.91,0.0
CLOSE_SHORT,2805.84,181427,2811.91,6.069999999999709
OPEN_LONG,2805.84,181427,2805.84,0.0
CLOSE_LONG,2813.4,181436,2805.84,7.559999999999945
OPEN_SHORT,2813.4,181436,2813.4,0.0
CLOSE_SHORT,2822.54,181472,2813.4,-9.139999999999873
OPEN_LONG,2822.54,181472,2822.54,0.0
CLOSE_LONG,2818.5,181488,2822.54,-4.039999999999964
OPEN_SHORT,2818.5,181488,2818.5,0.0
CLOSE_SHORT,2810.0,181494,2818.5,8.5
OPEN_LONG,2810.0,181494,2810.0,0.0
CLOSE_LONG,2817.73,181512,2810.0,7.730000000000018
OPEN_SHORT,2817.73,181512,2817.73,0.0
CLOSE_SHORT,2838.99,181564,2817.73,-21.259999999999764
OPEN_LONG,2838.99,181564,2838.99,0.0
CLOSE_LONG,2828.64,181585,2838.99,-10.349999999999909
OPEN_SHORT,2828.64,181585,2828.64,0.0
CLOSE_SHORT,2822.99,181624,2828.64,5.650000000000091
OPEN_LONG,2822.99,181624,2822.99,0.0
CLOSE_LONG,2823.49,181647,2822.99,0.5
OPEN_SHORT,2823.49,181647,2823.49,0.0
CLOSE_SHORT,2824.0,181670,2823.49,-0.5100000000002183
OPEN_LONG,2824.0,181670,2824.0,0.0
CLOSE_LONG,2782.88,181751,2824.0,-41.11999999999989
OPEN_SHORT,2782.88,181751,2782.88,0.0
CLOSE_SHORT,2806.08,181865,2782.88,-23.199999999999818
OPEN_LONG,2806.08,181865,2806.08,0.0
CLOSE_LONG,2813.7,181879,2806.08,7.619999999999891
OPEN_SHORT,2813.7,181879,2813.7,0.0
CLOSE_SHORT,2813.0,182008,2813.7,0.6999999999998181
OPEN_LONG,2813.0,182008,2813.0,0.0
CLOSE_LONG,2827.16,182032,2813.0,14.159999999999854
OPEN_SHORT,2827.16,182032,2827.16,0.0
CLOSE_SHORT,2834.45,182044,2827.16,-7.289999999999964
OPEN_LONG,2834.45,182044,2834.45,0.0
CLOSE_LONG,2839.87,182054,2834.45,5.420000000000073
OPEN_SHORT,2839.87,182054,2839.87,0.0
CLOSE_SHORT,2832.35,182059,2839.87,7.519999999999982
OPEN_LONG,2832.35,182059,2832.35,0.0
CLOSE_LONG,2828.28,182096,2832.35,-4.069999999999709
OPEN_SHORT,2828.28,182096,2828.28,0.0
CLOSE_SHORT,2835.77,182146,2828.28,-7.489999999999782
OPEN_LONG,2835.77,182146,2835.77,0.0
CLOSE_LONG,2828.6,182163,2835.77,-7.170000000000073
OPEN_SHORT,2828.6,182163,2828.6,0.0
CLOSE_SHORT,2816.4,182188,2828.6,12.199999999999818
OPEN_LONG,2816.4,182188,2816.4,0.0
CLOSE_LONG,2817.35,182208,2816.4,0.9499999999998181
OPEN_SHORT,2817.35,182208,2817.35,0.0
CLOSE_SHORT,2813.97,182221,2817.35,3.380000000000109
OPEN_LONG,2813.97,182221,2813.97,0.0
CLOSE_LONG,2828.48,182234,2813.97,14.510000000000218
OPEN_SHORT,2828.48,182234,2828.48,0.0
CLOSE_SHORT,2830.11,182243,2828.48,-1.6300000000001091
OPEN_LONG,2830.11,182243,2830.11,0.0
CLOSE_LONG,2836.98,182255,2830.11,6.869999999999891
OPEN_SHORT,2836.98,182255,2836.98,0.0
CLOSE_SHORT,2829.48,182270,2836.98,7.5
OPEN_LONG,2829.48,182270,2829.48,0.0
CLOSE_LONG,2827.11,182291,2829.48,-2.369999999999891
OPEN_SHORT,2827.11,182291,2827.11,0.0
CLOSE_SHORT,2824.4,182306,2827.11,2.7100000000000364
OPEN_LONG,2824.4,182306,2824.4,0.0
CLOSE_LONG,2798.15,182325,2824.4,-26.25
OPEN_SHORT,2798.15,182325,2798.15,0.0
CLOSE_SHORT,2789.29,182335,2798.15,8.860000000000127
OPEN_LONG,2789.29,182335,2789.29,0.0
CLOSE_LONG,2803.34,182346,2789.29,14.050000000000182
OPEN_SHORT,2803.34,182346,2803.34,0.0
CLOSE_SHORT,2793.08,182364,2803.34,10.260000000000218
OPEN_LONG,2793.08,182364,2793.08,0.0
CLOSE_LONG,2793.25,182373,2793.08,0.17000000000007276
OPEN_SHORT,2793.25,182373,2793.25,0.0
CLOSE_SHORT,2800.28,182403,2793.25,-7.0300000000002
OPEN_LONG,2800.28,182403,2800.28,0.0
CLOSE_LONG,2805.42,182412,2800.28,5.139999999999873
OPEN_SHORT,2805.42,182412,2805.42,0.0
CLOSE_SHORT,2819.92,182467,2805.42,-14.5
OPEN_LONG,2819.92,182467,2819.92,0.0
CLOSE_LONG,2833.31,182472,2819.92,13.389999999999873
OPEN_SHORT,2833.31,182472,2833.31,0.0
CLOSE_SHORT,2830.56,182479,2833.31,2.75
OPEN_LONG,2830.56,182479,2830.56,0.0
CLOSE_LONG,2830.67,182502,2830.56,0.11000000000012733
OPEN_SHORT,2830.67,182502,2830.67,0.0
CLOSE_SHORT,2825.19,182530,2830.67,5.480000000000018
OPEN_LONG,2825.19,182530,2825.19,0.0
CLOSE_LONG,2829.82,182536,2825.19,4.630000000000109
OPEN_SHORT,2829.82,182536,2829.82,0.0
CLOSE_SHORT,2818.0,182568,2829.82,11.820000000000164
OPEN_LONG,2818.0,182568,2818.0,0.0
CLOSE_LONG,2823.94,182573,2818.0,5.940000000000055
OPEN_SHORT,2823.94,182573,2823.94,0.0
CLOSE_SHORT,2829.9,182597,2823.94,-5.960000000000036
OPEN_LONG,2829.9,182597,2829.9,0.0
CLOSE_LONG,2834.89,182607,2829.9,4.989999999999782
OPEN_SHORT,2834.89,182607,2834.89,0.0
CLOSE_SHORT,2832.15,182620,2834.89,2.7399999999997817
OPEN_LONG,2832.15,182620,2832.15,0.0
CLOSE_LONG,2834.61,182632,2832.15,2.4600000000000364
OPEN_SHORT,2834.61,182632,2834.61,0.0
CLOSE_SHORT,2824.98,182636,2834.61,9.63000000000011
OPEN_LONG,2824.98,182636,2824.98,0.0
CLOSE_LONG,2834.13,182640,2824.98,9.150000000000091
OPEN_SHORT,2834.13,182640,2834.13,0.0
CLOSE_SHORT,2832.63,182652,2834.13,1.5
OPEN_LONG,2832.63,182652,2832.63,0.0
CLOSE_LONG,2807.6,182704,2832.63,-25.0300000000002
OPEN_SHORT,2807.6,182704,2807.6,0.0
CLOSE_SHORT,2799.72,182709,2807.6,7.880000000000109
OPEN_LONG,2799.72,182709,2799.72,0.0
CLOSE_LONG,2803.2,182720,2799.72,3.480000000000018
OPEN_SHORT,2803.2,182720,2803.2,0.0
CLOSE_SHORT,2798.73,182733,2803.2,4.4699999999998
OPEN_LONG,2798.73,182733,2798.73,0.0
CLOSE_LONG,2776.63,182761,2798.73,-22.09999999999991
OPEN_SHORT,2776.63,182761,2776.63,0.0
CLOSE_SHORT,2784.52,182783,2776.63,-7.889999999999873
OPEN_LONG,2784.52,182783,2784.52,0.0
CLOSE_LONG,2787.49,182785,2784.52,2.9699999999998
OPEN_SHORT,2787.49,182785,2787.49,0.0
CLOSE_SHORT,2789.09,182793,2787.49,-1.6000000000003638
OPEN_LONG,2789.09,182793,2789.09,0.0
CLOSE_LONG,2787.36,182805,2789.09,-1.7300000000000182
OPEN_SHORT,2787.36,182805,2787.36,0.0
CLOSE_SHORT,2783.31,182814,2787.36,4.050000000000182
OPEN_LONG,2783.31,182814,2783.31,0.0
CLOSE_LONG,2789.74,182823,2783.31,6.429999999999836
OPEN_SHORT,2789.74,182823,2789.74,0.0
CLOSE_SHORT,2783.07,182829,2789.74,6.669999999999618
OPEN_LONG,2783.07,182829,2783.07,0.0
CLOSE_LONG,2787.54,182838,2783.07,4.4699999999998
OPEN_SHORT,2787.54,182838,2787.54,0.0
CLOSE_SHORT,2853.12,182886,2787.54,-65.57999999999993
OPEN_LONG,2853.12,182886,2853.12,0.0
CLOSE_LONG,2833.0,182914,2853.12,-20.11999999999989
OPEN_SHORT,2833.0,182914,2833.0,0.0
CLOSE_SHORT,2835.67,182926,2833.0,-2.6700000000000728
OPEN_LONG,2835.67,182926,2835.67,0.0
CLOSE_LONG,2839.57,182933,2835.67,3.900000000000091
OPEN_SHORT,2839.57,182933,2839.57,0.0
CLOSE_SHORT,2851.25,182942,2839.57,-11.679999999999836
OPEN_LONG,2851.25,182942,2851.25,0.0
CLOSE_LONG,2859.91,182950,2851.25,8.659999999999854
OPEN_SHORT,2859.91,182950,2859.91,0.0
CLOSE_SHORT,2851.62,182967,2859.91,8.289999999999964
OPEN_LONG,2851.62,182967,2851.62,0.0
CLOSE_LONG,2858.17,182983,2851.62,6.550000000000182
OPEN_SHORT,2858.17,182983,2858.17,0.0
CLOSE_SHORT,2848.8,182992,2858.17,9.36999999999989
OPEN_LONG,2848.8,182992,2848.8,0.0
CLOSE_LONG,2813.2,183006,2848.8,-35.600000000000364
OPEN_SHORT,2813.2,183006,2813.2,0.0
CLOSE_SHORT,2819.37,183026,2813.2,-6.170000000000073
OPEN_LONG,2819.37,183026,2819.37,0.0
CLOSE_LONG,2841.47,183043,2819.37,22.09999999999991
OPEN_SHORT,2841.47,183043,2841.47,0.0
CLOSE_SHORT,2875.16,183055,2841.47,-33.690000000000055
OPEN_LONG,2875.16,183055,2875.16,0.0
CLOSE_LONG,2883.58,183057,2875.16,8.420000000000073
OPEN_SHORT,2883.58,183057,2883.58,0.0
CLOSE_SHORT,2866.99,183067,2883.58,16.590000000000146
OPEN_LONG,2866.99,183067,2866.99,0.0
CLOSE_LONG,2869.75,183075,2866.99,2.7600000000002183
OPEN_SHORT,2869.75,183075,2869.75,0.0
CLOSE_SHORT,2846.7,183102,2869.75,23.050000000000182
OPEN_LONG,2846.7,183102,2846.7,0.0
CLOSE_LONG,2844.82,183115,2846.7,-1.8799999999996544
OPEN_SHORT,2844.82,183115,2844.82,0.0
CLOSE_SHORT,2835.72,183124,2844.82,9.100000000000364
OPEN_LONG,2835.72,183124,2835.72,0.0
CLOSE_LONG,2838.19,183154,2835.72,2.4700000000002547
OPEN_SHORT,2838.19,183154,2838.19,0.0
CLOSE_SHORT,2828.58,183159,2838.19,9.610000000000127
OPEN_LONG,2828.58,183159,2828.58,0.0
CLOSE_LONG,2829.2,183188,2828.58,0.6199999999998909
OPEN_SHORT,2829.2,183188,2829.2,0.0
CLOSE_SHORT,2828.17,183212,2829.2,1.0299999999997453
OPEN_LONG,2828.17,183212,2828.17,0.0
CLOSE_LONG,2831.54,183232,2828.17,3.369999999999891
OPEN_SHORT,2831.54,183232,2831.54,0.0
CLOSE_SHORT,2823.63,183242,2831.54,7.9099999999998545
OPEN_LONG,2823.63,183242,2823.63,0.0
CLOSE_LONG,2825.57,183256,2823.63,1.9400000000000546
OPEN_SHORT,2825.57,183256,2825.57,0.0
CLOSE_SHORT,2823.45,183285,2825.57,2.1200000000003456
OPEN_LONG,2823.45,183285,2823.45,0.0
CLOSE_LONG,2796.09,183307,2823.45,-27.359999999999673
OPEN_SHORT,2796.09,183307,2796.09,0.0
CLOSE_SHORT,2799.5,183318,2796.09,-3.4099999999998545
OPEN_LONG,2799.5,183318,2799.5,0.0
CLOSE_LONG,2802.39,183340,2799.5,2.8899999999998727
OPEN_SHORT,2802.39,183340,2802.39,0.0
CLOSE_SHORT,2791.95,183405,2802.39,10.440000000000055
OPEN_LONG,2791.95,183405,2791.95,0.0
CLOSE_LONG,2798.57,183410,2791.95,6.620000000000346
OPEN_SHORT,2798.57,183410,2798.57,0.0
CLOSE_SHORT,2796.49,183467,2798.57,2.080000000000382
OPEN_LONG,2796.49,183467,2796.49,0.0
CLOSE_LONG,2798.99,183473,2796.49,2.5
OPEN_SHORT,2798.99,183473,2798.99,0.0
CLOSE_SHORT,2799.79,183493,2798.99,-0.8000000000001819
OPEN_LONG,2799.79,183493,2799.79,0.0
CLOSE_LONG,2804.78,183502,2799.79,4.9900000000002365
OPEN_SHORT,2804.78,183502,2804.78,0.0
CLOSE_SHORT,2809.27,183577,2804.78,-4.489999999999782
OPEN_LONG,2809.27,183577,2809.27,0.0
CLOSE_LONG,2830.99,183608,2809.27,21.7199999999998
OPEN_SHORT,2830.99,183608,2830.99,0.0
CLOSE_SHORT,2828.1,183615,2830.99,2.8899999999998727
OPEN_LONG,2828.1,183615,2828.1,0.0
CLOSE_LONG,2814.78,183630,2828.1,-13.319999999999709
OPEN_SHORT,2814.78,183630,2814.78,0.0
CLOSE_SHORT,2829.13,183645,2814.78,-14.349999999999909
OPEN_LONG,2829.13,183645,2829.13,0.0
CLOSE_LONG,2835.6,183647,2829.13,6.4699999999998
OPEN_SHORT,2835.6,183647,2835.6,0.0
CLOSE_SHORT,2827.14,183648,2835.6,8.460000000000036
OPEN_LONG,2827.14,183648,2827.14,0.0
CLOSE_LONG,2829.0,183660,2827.14,1.8600000000001273
OPEN_SHORT,2829.0,183660,2829.0,0.0
CLOSE_SHORT,2812.92,183663,2829.0,16.079999999999927
OPEN_LONG,2812.92,183663,2812.92,0.0
CLOSE_LONG,2829.12,183668,2812.92,16.199999999999818
OPEN_SHORT,2829.12,183668,2829.12,0.0
CLOSE_SHORT,2844.12,183689,2829.12,-15.0
OPEN_LONG,2844.12,183689,2844.12,0.0
CLOSE_LONG,2845.21,183696,2844.12,1.0900000000001455
OPEN_SHORT,2845.21,183696,2845.21,0.0
CLOSE_SHORT,2843.03,183704,2845.21,2.1799999999998363
OPEN_LONG,2843.03,183704,2843.03,0.0
CLOSE_LONG,2851.04,183716,2843.03,8.009999999999764
OPEN_SHORT,2851.04,183716,2851.04,0.0
CLOSE_SHORT,2846.97,183728,2851.04,4.070000000000164
OPEN_LONG,2846.97,183728,2846.97,0.0
CLOSE_LONG,2853.0,183733,2846.97,6.0300000000002
OPEN_SHORT,2853.0,183733,2853.0,0.0
CLOSE_SHORT,2859.09,183749,2853.0,-6.0900000000001455
OPEN_LONG,2859.09,183749,2859.09,0.0
CLOSE_LONG,2864.61,183773,2859.09,5.519999999999982
OPEN_SHORT,2864.61,183773,2864.61,0.0
CLOSE_SHORT,2939.47,183839,2864.61,-74.85999999999967
OPEN_LONG,2939.47,183839,2939.47,0.0
CLOSE_LONG,2939.36,183852,2939.47,-0.10999999999967258
OPEN_SHORT,2939.36,183852,2939.36,0.0
CLOSE_SHORT,2967.04,183888,2939.36,-27.679999999999836
OPEN_LONG,2967.04,183888,2967.04,0.0
CLOSE_LONG,2972.9,183893,2967.04,5.860000000000127
OPEN_SHORT,2972.9,183893,2972.9,0.0
CLOSE_SHORT,2965.99,183899,2972.9,6.910000000000309
OPEN_LONG,2965.99,183899,2965.99,0.0
CLOSE_LONG,2961.26,183929,2965.99,-4.729999999999563
OPEN_SHORT,2961.26,183929,2961.26,0.0
CLOSE_SHORT,2956.05,183943,2961.26,5.210000000000036
OPEN_LONG,2956.05,183943,2956.05,0.0
CLOSE_LONG,2967.1,183946,2956.05,11.049999999999727
OPEN_SHORT,2967.1,183946,2967.1,0.0
CLOSE_SHORT,2971.25,183962,2967.1,-4.150000000000091
OPEN_LONG,2971.25,183962,2971.25,0.0
CLOSE_LONG,2976.9,183973,2971.25,5.650000000000091
OPEN_SHORT,2976.9,183973,2976.9,0.0
CLOSE_SHORT,2972.7,183988,2976.9,4.200000000000273
OPEN_LONG,2972.7,183988,2972.7,0.0
CLOSE_LONG,2972.46,184026,2972.7,-0.23999999999978172
OPEN_SHORT,2972.46,184026,2972.46,0.0
CLOSE_SHORT,2965.42,184031,2972.46,7.039999999999964
OPEN_LONG,2965.42,184031,2965.42,0.0
CLOSE_LONG,2959.5,184046,2965.42,-5.920000000000073
OPEN_SHORT,2959.5,184046,2959.5,0.0
CLOSE_SHORT,2967.72,184067,2959.5,-8.2199999999998
OPEN_LONG,2967.72,184067,2967.72,0.0
CLOSE_LONG,2959.74,184112,2967.72,-7.980000000000018
OPEN_SHORT,2959.74,184112,2959.74,0.0
CLOSE_SHORT,2958.95,184153,2959.74,0.7899999999999636
OPEN_LONG,2958.95,184153,2958.95,0.0
CLOSE_LONG,2961.79,184160,2958.95,2.8400000000001455
OPEN_SHORT,2961.79,184160,2961.79,0.0
CLOSE_SHORT,2952.3,184170,2961.79,9.489999999999782
OPEN_LONG,2952.3,184170,2952.3,0.0
CLOSE_LONG,2946.67,184183,2952.3,-5.630000000000109
OPEN_SHORT,2946.67,184183,2946.67,0.0
CLOSE_SHORT,2935.6,184191,2946.67,11.070000000000164
OPEN_LONG,2935.6,184191,2935.6,0.0
CLOSE_LONG,2942.0,184210,2935.6,6.400000000000091
OPEN_SHORT,2942.0,184210,2942.0,0.0
CLOSE_SHORT,2935.4,184236,2942.0,6.599999999999909
OPEN_LONG,2935.4,184236,2935.4,0.0
CLOSE_LONG,2945.03,184247,2935.4,9.63000000000011
OPEN_SHORT,2945.03,184247,2945.03,0.0
CLOSE_SHORT,2937.59,184254,2945.03,7.440000000000055
OPEN_LONG,2937.59,184254,2937.59,0.0
CLOSE_LONG,2944.03,184259,2937.59,6.440000000000055
OPEN_SHORT,2944.03,184259,2944.03,0.0
CLOSE_SHORT,2924.93,184284,2944.03,19.100000000000364
OPEN_LONG,2924.93,184284,2924.93,0.0
CLOSE_LONG,2923.92,184298,2924.93,-1.0099999999997635
OPEN_SHORT,2923.92,184298,2923.92,0.0
CLOSE_SHORT,2915.41,184303,2923.92,8.510000000000218
OPEN_LONG,2915.41,184303,2915.41,0.0
CLOSE_LONG,2919.39,184308,2915.41,3.980000000000018
OPEN_SHORT,2919.39,184308,2919.39,0.0
CLOSE_SHORT,2913.45,184321,2919.39,5.940000000000055
OPEN_LONG,2913.45,184321,2913.45,0.0
CLOSE_LONG,2914.51,184332,2913.45,1.0600000000004002
OPEN_SHORT,2914.51,184332,2914.51,0.0
CLOSE_SHORT,2914.59,184389,2914.51,-0.07999999999992724
OPEN_LONG,2914.59,184389,2914.59,0.0
CLOSE_LONG,2910.97,184411,2914.59,-3.6200000000003456
OPEN_SHORT,2910.97,184411,2910.97,0.0
CLOSE_SHORT,2917.89,184503,2910.97,-6.920000000000073
OPEN_LONG,2917.89,184503,2917.89,0.0
CLOSE_LONG,2927.68,184508,2917.89,9.789999999999964
OPEN_SHORT,2927.68,184508,2927.68,0.0
CLOSE_SHORT,2928.5,184533,2927.68,-0.8200000000001637
OPEN_LONG,2928.5,184533,2928.5,0.0
CLOSE_LONG,2918.83,184570,2928.5,-9.670000000000073
OPEN_SHORT,2918.83,184570,2918.83,0.0
CLOSE_SHORT,2916.51,184598,2918.83,2.319999999999709
OPEN_LONG,2916.51,184598,2916.51,0.0
CLOSE_LONG,2904.49,184650,2916.51,-12.020000000000437
OPEN_SHORT,2904.49,184650,2904.49,0.0
CLOSE_SHORT,2893.92,184687,2904.49,10.569999999999709
OPEN_LONG,2893.92,184687,2893.92,0.0
CLOSE_LONG,2868.8,184737,2893.92,-25.11999999999989
OPEN_SHORT,2868.8,184737,2868.8,0.0
CLOSE_SHORT,2888.58,184840,2868.8,-19.779999999999745
OPEN_LONG,2888.58,184840,2888.58,0.0
CLOSE_LONG,2895.68,184847,2888.58,7.099999999999909
OPEN_SHORT,2895.68,184847,2895.68,0.0
CLOSE_SHORT,2918.88,184924,2895.68,-23.200000000000273
OPEN_LONG,2918.88,184924,2918.88,0.0
CLOSE_LONG,2917.83,184935,2918.88,-1.050000000000182
OPEN_SHORT,2917.83,184935,2917.83,0.0
CLOSE_SHORT,2918.95,184962,2917.83,-1.1199999999998909
OPEN_LONG,2918.95,184962,2918.95,0.0
CLOSE_LONG,2924.37,184967,2918.95,5.420000000000073
OPEN_SHORT,2924.37,184967,2924.37,0.0
CLOSE_SHORT,2919.03,184990,2924.37,5.339999999999691
OPEN_LONG,2919.03,184990,2919.03,0.0
CLOSE_LONG,2909.58,185005,2919.03,-9.450000000000273
OPEN_SHORT,2909.58,185005,2909.58,0.0
CLOSE_SHORT,2901.89,185009,2909.58,7.690000000000055
OPEN_LONG,2901.89,185009,2901.89,0.0
CLOSE_LONG,2913.61,185020,2901.89,11.720000000000255
OPEN_SHORT,2913.61,185020,2913.61,0.0
CLOSE_SHORT,2906.6,185025,2913.61,7.010000000000218
OPEN_LONG,2906.6,185025,2906.6,0.0
CLOSE_LONG,2913.13,185031,2906.6,6.5300000000002
OPEN_SHORT,2913.13,185031,2913.13,0.0
CLOSE_SHORT,2900.11,185045,2913.13,13.019999999999982
OPEN_LONG,2900.11,185045,2900.11,0.0
CLOSE_LONG,2907.9,185050,2900.11,7.789999999999964
OPEN_SHORT,2907.9,185050,2907.9,0.0
CLOSE_SHORT,2896.59,185057,2907.9,11.309999999999945
OPEN_LONG,2896.59,185057,2896.59,0.0
CLOSE_LONG,2870.12,185068,2896.59,-26.470000000000255
OPEN_SHORT,2870.12,185068,2870.12,0.0
CLOSE_SHORT,2860.16,185078,2870.12,9.960000000000036
OPEN_LONG,2860.16,185078,2860.16,0.0
CLOSE_LONG,2873.88,185083,2860.16,13.720000000000255
OPEN_SHORT,2873.88,185083,2873.88,0.0
CLOSE_SHORT,2875.82,185089,2873.88,-1.9400000000000546
OPEN_LONG,2875.82,185089,2875.82,0.0
CLOSE_LONG,2875.82,185100,2875.82,0.0
OPEN_SHORT,2875.82,185100,2875.82,0.0
CLOSE_SHORT,2897.27,185112,2875.82,-21.449999999999818
OPEN_LONG,2897.27,185112,2897.27,0.0
CLOSE_LONG,2906.9,185119,2897.27,9.63000000000011
OPEN_SHORT,2906.9,185119,2906.9,0.0
CLOSE_SHORT,2898.13,185124,2906.9,8.769999999999982
OPEN_LONG,2898.13,185124,2898.13,0.0
CLOSE_LONG,2896.38,185136,2898.13,-1.75
OPEN_SHORT,2896.38,185136,2896.38,0.0
CLOSE_SHORT,2888.79,185144,2896.38,7.5900000000001455
OPEN_LONG,2888.79,185144,2888.79,0.0
CLOSE_LONG,2899.01,185152,2888.79,10.220000000000255
OPEN_SHORT,2899.01,185152,2899.01,0.0
CLOSE_SHORT,2917.34,185171,2899.01,-18.329999999999927
OPEN_LONG,2917.34,185171,2917.34,0.0
CLOSE_LONG,2927.3,185176,2917.34,9.960000000000036
OPEN_SHORT,2927.3,185176,2927.3,0.0
CLOSE_SHORT,2924.0,185182,2927.3,3.300000000000182
OPEN_LONG,2924.0,185182,2924.0,0.0
CLOSE_LONG,2927.18,185185,2924.0,3.1799999999998363
OPEN_SHORT,2927.18,185185,2927.18,0.0
CLOSE_SHORT,2919.79,185199,2927.18,7.389999999999873
OPEN_LONG,2919.79,185199,2919.79,0.0
CLOSE_LONG,2926.44,185204,2919.79,6.650000000000091
OPEN_SHORT,2926.44,185204,2926.44,0.0
CLOSE_SHORT,2934.79,185214,2926.44,-8.349999999999909
OPEN_LONG,2934.79,185214,2934.79,0.0
CLOSE_LONG,2942.39,185217,2934.79,7.599999999999909
OPEN_SHORT,2942.39,185217,2942.39,0.0
CLOSE_SHORT,2932.0,185222,2942.39,10.389999999999873
OPEN_LONG,2932.0,185222,2932.0,0.0
CLOSE_LONG,2936.75,185227,2932.0,4.75
OPEN_SHORT,2936.75,185227,2936.75,0.0
CLOSE_SHORT,2939.06,185240,2936.75,-2.3099999999999454
OPEN_LONG,2939.06,185240,2939.06,0.0
CLOSE_LONG,2944.05,185245,2939.06,4.9900000000002365
OPEN_SHORT,2944.05,185245,2944.05,0.0
CLOSE_SHORT,2947.02,185280,2944.05,-2.9699999999998
OPEN_LONG,2947.02,185280,2947.02,0.0
CLOSE_LONG,2953.98,185288,2947.02,6.960000000000036
OPEN_SHORT,2953.98,185288,2953.98,0.0
CLOSE_SHORT,2943.29,185293,2953.98,10.690000000000055
OPEN_LONG,2943.29,185293,2943.29,0.0
CLOSE_LONG,2903.4,185328,2943.29,-39.88999999999987
OPEN_SHORT,2903.4,185328,2903.4,0.0
CLOSE_SHORT,2889.44,185331,2903.4,13.960000000000036
OPEN_LONG,2889.44,185331,2889.44,0.0
CLOSE_LONG,2880.9,185343,2889.44,-8.539999999999964
OPEN_SHORT,2880.9,185343,2880.9,0.0
CLOSE_SHORT,2917.85,185381,2880.9,-36.94999999999982
OPEN_LONG,2917.85,185381,2917.85,0.0
CLOSE_LONG,2932.36,185390,2917.85,14.510000000000218
OPEN_SHORT,2932.36,185390,2932.36,0.0
CLOSE_SHORT,2926.12,185399,2932.36,6.2400000000002365
OPEN_LONG,2926.12,185399,2926.12,0.0
CLOSE_LONG,2940.31,185406,2926.12,14.190000000000055
OPEN_SHORT,2940.31,185406,2940.31,0.0
CLOSE_SHORT,2930.88,185411,2940.31,9.429999999999836
OPEN_LONG,2930.88,185411,2930.88,0.0
CLOSE_LONG,2934.67,185451,2930.88,3.7899999999999636
OPEN_SHORT,2934.67,185451,2934.67,0.0
CLOSE_SHORT,2932.31,185491,2934.67,2.3600000000001273
OPEN_LONG,2932.31,185491,2932.31,0.0
CLOSE_LONG,2918.12,185504,2932.31,-14.190000000000055
OPEN_SHORT,2918.12,185504,2918.12,0.0
CLOSE_SHORT,2962.12,185558,2918.12,-44.0
OPEN_LONG,2962.12,185558,2962.12,0.0
CLOSE_LONG,2974.49,185564,2962.12,12.36999999999989
OPEN_SHORT,2974.49,185564,2974.49,0.0
CLOSE_SHORT,2967.3,185573,2974.49,7.1899999999996
OPEN_LONG,2967.3,185573,2967.3,0.0
CLOSE_LONG,2974.0,185575,2967.3,6.699999999999818
OPEN_SHORT,2974.0,185575,2974.0,0.0
CLOSE_SHORT,2959.2,185585,2974.0,14.800000000000182
OPEN_LONG,2959.2,185585,2959.2,0.0
CLOSE_LONG,2967.26,185589,2959.2,8.0600000000004
OPEN_SHORT,2967.26,185589,2967.26,0.0
CLOSE_SHORT,2958.03,185604,2967.26,9.230000000000018
OPEN_LONG,2958.03,185604,2958.03,0.0
CLOSE_LONG,2958.54,185612,2958.03,0.5099999999997635
OPEN_SHORT,2958.54,185612,2958.54,0.0
CLOSE_SHORT,2958.68,185641,2958.54,-0.13999999999987267
OPEN_LONG,2958.68,185641,2958.68,0.0
CLOSE_LONG,2955.99,185659,2958.68,-2.6900000000000546
OPEN_SHORT,2955.99,185659,2955.99,0.0
CLOSE_SHORT,2950.2,185670,2955.99,5.789999999999964
OPEN_LONG,2950.2,185670,2950.2,0.0
CLOSE_LONG,2954.52,185701,2950.2,4.320000000000164
OPEN_SHORT,2954.52,185701,2954.52,0.0
CLOSE_SHORT,2971.0,185722,2954.52,-16.480000000000018
OPEN_LONG,2971.0,185722,2971.0,0.0
CLOSE_LONG,2968.0,185776,2971.0,-3.0
OPEN_SHORT,2968.0,185776,2968.0,0.0
CLOSE_SHORT,2960.61,185781,2968.0,7.389999999999873
OPEN_LONG,2960.61,185781,2960.61,0.0
CLOSE_LONG,2930.77,185858,2960.61,-29.840000000000146
OPEN_SHORT,2930.77,185858,2930.77,0.0
CLOSE_SHORT,2921.54,185862,2930.77,9.230000000000018
OPEN_LONG,2921.54,185862,2921.54,0.0
CLOSE_LONG,2929.58,185876,2921.54,8.039999999999964
OPEN_SHORT,2929.58,185876,2929.58,0.0
CLOSE_SHORT,2936.3,185940,2929.58,-6.720000000000255
OPEN_LONG,2936.3,185940,2936.3,0.0
CLOSE_LONG,2939.98,185944,2936.3,3.6799999999998363
OPEN_SHORT,2939.98,185944,2939.98,0.0
CLOSE_SHORT,2936.72,185992,2939.98,3.2600000000002183
OPEN_LONG,2936.72,185992,2936.72,0.0
CLOSE_LONG,2938.77,186013,2936.72,2.050000000000182
OPEN_SHORT,2938.77,186013,2938.77,0.0
CLOSE_SHORT,2937.9,186040,2938.77,0.8699999999998909
OPEN_LONG,2937.9,186040,2937.9,0.0
CLOSE_LONG,2945.3,186052,2937.9,7.400000000000091
OPEN_SHORT,2945.3,186052,2945.3,0.0
CLOSE_SHORT,2936.19,186099,2945.3,9.110000000000127
OPEN_LONG,2936.19,186099,2936.19,0.0
CLOSE_LONG,2915.4,186166,2936.19,-20.789999999999964
OPEN_SHORT,2915.4,186166,2915.4,0.0
CLOSE_SHORT,2904.3,186187,2915.4,11.099999999999909
OPEN_LONG,2904.3,186187,2904.3,0.0
CLOSE_LONG,2907.94,186194,2904.3,3.6399999999998727
OPEN_SHORT,2907.94,186194,2907.94,0.0
CLOSE_SHORT,2903.38,186337,2907.94,4.559999999999945
OPEN_LONG,2903.38,186337,2903.38,0.0
CLOSE_LONG,2897.23,186358,2903.38,-6.150000000000091
OPEN_SHORT,2897.23,186358,2897.23,0.0
CLOSE_SHORT,2921.54,186439,2897.23,-24.309999999999945
OPEN_LONG,2921.54,186439,2921.54,0.0
CLOSE_LONG,2928.56,186444,2921.54,7.019999999999982
OPEN_SHORT,2928.56,186444,2928.56,0.0
CLOSE_SHORT,2928.04,186485,2928.56,0.5199999999999818
OPEN_LONG,2928.04,186485,2928.04,0.0
CLOSE_LONG,2933.33,186493,2928.04,5.289999999999964
OPEN_SHORT,2933.33,186493,2933.33,0.0
CLOSE_SHORT,2931.52,186499,2933.33,1.8099999999999454
OPEN_LONG,2931.52,186499,2931.52,0.0
CLOSE_LONG,2940.03,186502,2931.52,8.510000000000218
OPEN_SHORT,2940.03,186502,2940.03,0.0
CLOSE_SHORT,2930.1,186507,2940.03,9.930000000000291
OPEN_LONG,2930.1,186507,2930.1,0.0
CLOSE_LONG,2919.09,186517,2930.1,-11.009999999999764
OPEN_SHORT,2919.09,186517,2919.09,0.0
CLOSE_SHORT,2922.83,186536,2919.09,-3.7399999999997817
OPEN_LONG,2922.83,186536,2922.83,0.0
CLOSE_LONG,2935.33,186540,2922.83,12.5
OPEN_SHORT,2935.33,186540,2935.33,0.0
CLOSE_SHORT,2927.39,186555,2935.33,7.940000000000055
OPEN_LONG,2927.39,186555,2927.39,0.0
CLOSE_LONG,2916.69,186565,2927.39,-10.699999999999818
OPEN_SHORT,2916.69,186565,2916.69,0.0
CLOSE_SHORT,2942.55,186603,2916.69,-25.860000000000127
OPEN_LONG,2942.55,186603,2942.55,0.0
CLOSE_LONG,2953.39,186608,2942.55,10.83999999999969
OPEN_SHORT,2953.39,186608,2953.39,0.0
CLOSE_SHORT,2948.39,186614,2953.39,5.0
OPEN_LONG,2948.39,186614,2948.39,0.0
CLOSE_LONG,2947.83,186630,2948.39,-0.5599999999999454
OPEN_SHORT,2947.83,186630,2947.83,0.0
CLOSE_SHORT,2939.45,186649,2947.83,8.38000000000011
OPEN_LONG,2939.45,186649,2939.45,0.0
CLOSE_LONG,2950.61,186658,2939.45,11.16000000000031
OPEN_SHORT,2950.61,186658,2950.61,0.0
CLOSE_SHORT,3016.44,186686,2950.61,-65.82999999999993
OPEN_LONG,3016.44,186686,3016.44,0.0
CLOSE_LONG,3027.9,186690,3016.44,11.460000000000036
OPEN_SHORT,3027.9,186690,3027.9,0.0
CLOSE_SHORT,3031.38,186714,3027.9,-3.480000000000018
OPEN_LONG,3031.38,186714,3031.38,0.0
CLOSE_LONG,3024.9,186742,3031.38,-6.480000000000018
OPEN_SHORT,3024.9,186742,3024.9,0.0
CLOSE_SHORT,3021.91,186758,3024.9,2.9900000000002365
OPEN_LONG,3021.91,186758,3021.91,0.0
CLOSE_LONG,3024.99,186772,3021.91,3.0799999999999272
OPEN_SHORT,3024.99,186772,3024.99,0.0
CLOSE_SHORT,3025.78,186814,3024.99,-0.7900000000004184
OPEN_LONG,3025.78,186814,3025.78,0.0
CLOSE_LONG,3019.19,186825,3025.78,-6.5900000000001455
OPEN_SHORT,3019.19,186825,3019.19,0.0
CLOSE_SHORT,3014.17,186834,3019.19,5.019999999999982
OPEN_LONG,3014.17,186834,3014.17,0.0
CLOSE_LONG,3021.93,186839,3014.17,7.7599999999997635
OPEN_SHORT,3021.93,186839,3021.93,0.0
CLOSE_SHORT,3009.51,186858,3021.93,12.419999999999618
OPEN_LONG,3009.51,186858,3009.51,0.0
CLOSE_LONG,3018.19,186866,3009.51,8.679999999999836
OPEN_SHORT,3018.19,186866,3018.19,0.0
CLOSE_SHORT,3016.18,186888,3018.19,2.0100000000002183
OPEN_LONG,3016.18,186888,3016.18,0.0
CLOSE_LONG,3028.5,186899,3016.18,12.320000000000164
OPEN_SHORT,3028.5,186899,3028.5,0.0
CLOSE_SHORT,3022.8,186929,3028.5,5.699999999999818
OPEN_LONG,3022.8,186929,3022.8,0.0
CLOSE_LONG,3023.76,186942,3022.8,0.9600000000000364
OPEN_SHORT,3023.76,186942,3023.76,0.0
CLOSE_SHORT,3019.95,186956,3023.76,3.8100000000004
OPEN_LONG,3019.95,186956,3019.95,0.0
CLOSE_LONG,3028.57,186991,3019.95,8.620000000000346
OPEN_SHORT,3028.57,186991,3028.57,0.0
CLOSE_SHORT,3015.6,187058,3028.57,12.970000000000255
OPEN_LONG,3015.6,187058,3015.6,0.0
CLOSE_LONG,3016.05,187072,3015.6,0.45000000000027285
OPEN_SHORT,3016.05,187072,3016.05,0.0
CLOSE_SHORT,3035.1,187108,3016.05,-19.049999999999727
OPEN_LONG,3035.1,187108,3035.1,0.0
CLOSE_LONG,3045.96,187116,3035.1,10.860000000000127
OPEN_SHORT,3045.96,187116,3045.96,0.0
CLOSE_SHORT,3035.17,187127,3045.96,10.789999999999964
OPEN_LONG,3035.17,187127,3035.17,0.0
CLOSE_LONG,3032.4,187140,3035.17,-2.769999999999982
OPEN_SHORT,3032.4,187140,3032.4,0.0
CLOSE_SHORT,3042.38,187175,3032.4,-9.980000000000018
OPEN_LONG,3042.38,187175,3042.38,0.0
CLOSE_LONG,3046.92,187179,3042.38,4.539999999999964
OPEN_SHORT,3046.92,187179,3046.92,0.0
CLOSE_SHORT,3058.02,187209,3046.92,-11.099999999999909
OPEN_LONG,3058.02,187209,3058.02,0.0
CLOSE_LONG,3063.68,187214,3058.02,5.6599999999998545
OPEN_SHORT,3063.68,187214,3063.68,0.0
CLOSE_SHORT,3055.7,187220,3063.68,7.980000000000018
OPEN_LONG,3055.7,187220,3055.7,0.0
CLOSE_LONG,3043.9,187241,3055.7,-11.799999999999727
OPEN_SHORT,3043.9,187241,3043.9,0.0
CLOSE_SHORT,3038.21,187264,3043.9,5.690000000000055
OPEN_LONG,3038.21,187264,3038.21,0.0
CLOSE_LONG,3045.99,187303,3038.21,7.779999999999745
OPEN_SHORT,3045.99,187303,3045.99,0.0
CLOSE_SHORT,3042.06,187312,3045.99,3.9299999999998363
OPEN_LONG,3042.06,187312,3042.06,0.0
CLOSE_LONG,3043.01,187331,3042.06,0.9500000000002728
OPEN_SHORT,3043.01,187331,3043.01,0.0
CLOSE_SHORT,3034.19,187364,3043.01,8.820000000000164
OPEN_LONG,3034.19,187364,3034.19,0.0
CLOSE_LONG,3024.15,187414,3034.19,-10.039999999999964
OPEN_SHORT,3024.15,187414,3024.15,0.0
CLOSE_SHORT,3024.75,187685,3024.15,-0.599999999999909
OPEN_LONG,3024.75,187685,3024.75,0.0
CLOSE_LONG,3030.41,187696,3024.75,5.6599999999998545
OPEN_SHORT,3030.41,187696,3030.41,0.0
CLOSE_SHORT,3019.29,187790,3030.41,11.11999999999989
OPEN_LONG,3019.29,187790,3019.29,0.0
CLOSE_LONG,2996.11,187835,3019.29,-23.179999999999836
OPEN_SHORT,2996.11,187835,2996.11,0.0
CLOSE_SHORT,2991.67,187866,2996.11,4.440000000000055
OPEN_LONG,2991.67,187866,2991.67,0.0
CLOSE_LONG,2998.46,187871,2991.67,6.789999999999964
OPEN_SHORT,2998.46,187871,2998.46,0.0
CLOSE_SHORT,2990.78,187960,2998.46,7.679999999999836
OPEN_LONG,2990.78,187960,2990.78,0.0
CLOSE_LONG,2998.73,187969,2990.78,7.949999999999818
OPEN_SHORT,2998.73,187969,2998.73,0.0
CLOSE_SHORT,2999.87,187993,2998.73,-1.1399999999998727
OPEN_LONG,2999.87,187993,2999.87,0.0
CLOSE_LONG,3006.49,187997,2999.87,6.619999999999891
OPEN_SHORT,3006.49,187997,3006.49,0.0
CLOSE_SHORT,3014.5,188040,3006.49,-8.010000000000218
OPEN_LONG,3014.5,188040,3014.5,0.0
CLOSE_LONG,3023.92,188051,3014.5,9.420000000000073
OPEN_SHORT,3023.92,188051,3023.92,0.0
CLOSE_SHORT,3014.4,188102,3023.92,9.519999999999982
OPEN_LONG,3014.4,188102,3014.4,0.0
CLOSE_LONG,3020.75,188107,3014.4,6.349999999999909
OPEN_SHORT,3020.75,188107,3020.75,0.0
CLOSE_SHORT,3014.1,188112,3020.75,6.650000000000091
OPEN_LONG,3014.1,188112,3014.1,0.0
CLOSE_LONG,3021.45,188142,3014.1,7.349999999999909
OPEN_SHORT,3021.45,188142,3021.45,0.0
CLOSE_SHORT,3033.1,188363,3021.45,-11.650000000000091
OPEN_LONG,3033.1,188363,3033.1,0.0
CLOSE_LONG,3020.9,188447,3033.1,-12.199999999999818
OPEN_SHORT,3020.9,188447,3020.9,0.0
CLOSE_SHORT,3012.88,188455,3020.9,8.019999999999982
OPEN_LONG,3012.88,188455,3012.88,0.0
CLOSE_LONG,3013.42,188471,3012.88,0.5399999999999636
OPEN_SHORT,3013.42,188471,3013.42,0.0
CLOSE_SHORT,3012.05,188532,3013.42,1.3699999999998909
OPEN_LONG,3012.05,188532,3012.05,0.0
CLOSE_LONG,2999.35,188575,3012.05,-12.700000000000273
OPEN_SHORT,2999.35,188575,2999.35,0.0
CLOSE_SHORT,2998.56,188598,2999.35,0.7899999999999636
OPEN_LONG,2998.56,188598,2998.56,0.0
CLOSE_LONG,3005.32,188627,2998.56,6.760000000000218
OPEN_SHORT,3005.32,188627,3005.32,0.0
CLOSE_SHORT,3004.17,188687,3005.32,1.150000000000091
OPEN_LONG,3004.17,188687,3004.17,0.0
CLOSE_LONG,3008.89,188693,3004.17,4.7199999999998
OPEN_SHORT,3008.89,188693,3008.89,0.0
CLOSE_SHORT,3004.1,188888,3008.89,4.789999999999964
OPEN_LONG,3004.1,188888,3004.1,0.0
CLOSE_LONG,3010.85,188894,3004.1,6.75
OPEN_SHORT,3010.85,188894,3010.85,0.0
CLOSE_SHORT,3015.2,188946,3010.85,-4.349999999999909
OPEN_LONG,3015.2,188946,3015.2,0.0
CLOSE_LONG,3017.95,188982,3015.2,2.75
OPEN_SHORT,3017.95,188982,3017.95,0.0
CLOSE_SHORT,3052.0,189027,3017.95,-34.05000000000018
OPEN_LONG,3052.0,189027,3052.0,0.0
CLOSE_LONG,3062.09,189036,3052.0,10.090000000000146
OPEN_SHORT,3062.09,189036,3062.09,0.0
CLOSE_SHORT,3051.96,189157,3062.09,10.13000000000011
OPEN_LONG,3051.96,189157,3051.96,0.0
CLOSE_LONG,3026.64,189171,3051.96,-25.320000000000164
OPEN_SHORT,3026.64,189171,3026.64,0.0
CLOSE_SHORT,3037.67,189224,3026.64,-11.0300000000002
OPEN_LONG,3037.67,189224,3037.67,0.0
CLOSE_LONG,3034.13,189293,3037.67,-3.5399999999999636
OPEN_SHORT,3034.13,189293,3034.13,0.0
CLOSE_SHORT,3069.69,189323,3034.13,-35.559999999999945
OPEN_LONG,3069.69,189323,3069.69,0.0
CLOSE_LONG,3076.68,189331,3069.69,6.989999999999782
OPEN_SHORT,3076.68,189331,3076.68,0.0
CLOSE_SHORT,3072.1,189363,3076.68,4.579999999999927
OPEN_LONG,3072.1,189363,3072.1,0.0
CLOSE_LONG,3059.82,189378,3072.1,-12.279999999999745
OPEN_SHORT,3059.82,189378,3059.82,0.0
CLOSE_SHORT,3059.59,189396,3059.82,0.2300000000000182
OPEN_LONG,3059.59,189396,3059.59,0.0
CLOSE_LONG,3065.41,189405,3059.59,5.819999999999709
OPEN_SHORT,3065.41,189405,3065.41,0.0
CLOSE_SHORT,3077.73,189429,3065.41,-12.320000000000164
OPEN_LONG,3077.73,189429,3077.73,0.0
CLOSE_LONG,3071.7,189445,3077.73,-6.0300000000002
OPEN_SHORT,3071.7,189445,3071.7,0.0
CLOSE_SHORT,3063.0,189452,3071.7,8.699999999999818
OPEN_LONG,3063.0,189452,3063.0,0.0
CLOSE_LONG,3057.12,189466,3063.0,-5.880000000000109
OPEN_SHORT,3057.12,189466,3057.12,0.0
CLOSE_SHORT,3040.77,189472,3057.12,16.34999999999991
OPEN_LONG,3040.77,189472,3040.77,0.0
CLOSE_LONG,3033.68,189486,3040.77,-7.0900000000001455
OPEN_SHORT,3033.68,189486,3033.68,0.0
CLOSE_SHORT,3026.94,189493,3033.68,6.739999999999782
OPEN_LONG,3026.94,189493,3026.94,0.0
CLOSE_LONG,3028.2,189517,3026.94,1.2599999999997635
OPEN_SHORT,3028.2,189517,3028.2,0.0
CLOSE_SHORT,3021.1,189523,3028.2,7.099999999999909
OPEN_LONG,3021.1,189523,3021.1,0.0
CLOSE_LONG,3025.32,189556,3021.1,4.220000000000255
OPEN_SHORT,3025.32,189556,3025.32,0.0
CLOSE_SHORT,3029.74,189573,3025.32,-4.419999999999618
OPEN_LONG,3029.74,189573,3029.74,0.0
CLOSE_LONG,3031.54,189579,3029.74,1.800000000000182
OPEN_SHORT,3031.54,189579,3031.54,0.0
CLOSE_SHORT,3032.75,189595,3031.54,-1.2100000000000364
OPEN_LONG,3032.75,189595,3032.75,0.0
CLOSE_LONG,3037.2,189610,3032.75,4.449999999999818
OPEN_SHORT,3037.2,189610,3037.2,0.0
CLOSE_SHORT,3032.62,189625,3037.2,4.579999999999927
OPEN_LONG,3032.62,189625,3032.62,0.0
CLOSE_LONG,3041.28,189630,3032.62,8.66000000000031
OPEN_SHORT,3041.28,189630,3041.28,0.0
CLOSE_SHORT,3040.88,189694,3041.28,0.40000000000009095
OPEN_LONG,3040.88,189694,3040.88,0.0
CLOSE_LONG,3039.6,189701,3040.88,-1.2800000000002
OPEN_SHORT,3039.6,189701,3039.6,0.0
CLOSE_SHORT,3043.34,189769,3039.6,-3.7400000000002365
OPEN_LONG,3043.34,189769,3043.34,0.0
CLOSE_LONG,3046.95,189777,3043.34,3.6099999999996726
OPEN_SHORT,3046.95,189777,3046.95,0.0
CLOSE_SHORT,3039.58,189803,3046.95,7.369999999999891
OPEN_LONG,3039.58,189803,3039.58,0.0
CLOSE_LONG,3034.11,189936,3039.58,-5.4699999999998
OPEN_SHORT,3034.11,189936,3034.11,0.0
CLOSE_SHORT,3031.86,190079,3034.11,2.25
OPEN_LONG,3031.86,190079,3031.86,0.0
CLOSE_LONG,3028.17,190198,3031.86,-3.6900000000000546
OPEN_SHORT,3028.17,190198,3028.17,0.0
CLOSE_SHORT,3014.2,190311,3028.17,13.970000000000255
OPEN_LONG,3014.2,190311,3014.2,0.0
CLOSE_LONG,3001.12,190329,3014.2,-13.079999999999927
OPEN_SHORT,3001.12,190329,3001.12,0.0
CLOSE_SHORT,2997.01,190387,3001.12,4.109999999999673
OPEN_LONG,2997.01,190387,2997.01,0.0
CLOSE_LONG,3005.52,190416,2997.01,8.509999999999764
OPEN_SHORT,3005.52,190416,3005.52,0.0
CLOSE_SHORT,2989.83,190550,3005.52,15.690000000000055
OPEN_LONG,2989.83,190550,2989.83,0.0
CLOSE_LONG,2998.84,190554,2989.83,9.010000000000218
OPEN_SHORT,2998.84,190554,2998.84,0.0
CLOSE_SHORT,2986.71,190824,2998.84,12.13000000000011
OPEN_LONG,2986.71,190824,2986.71,0.0
CLOSE_LONG,2991.31,190831,2986.71,4.599999999999909
OPEN_SHORT,2991.31,190831,2991.31,0.0
CLOSE_SHORT,2998.01,190856,2991.31,-6.700000000000273
OPEN_LONG,2998.01,190856,2998.01,0.0
CLOSE_LONG,3003.57,190876,2998.01,5.559999999999945
OPEN_SHORT,3003.57,190876,3003.57,0.0
CLOSE_SHORT,2998.8,190915,3003.57,4.769999999999982
OPEN_LONG,2998.8,190915,2998.8,0.0
CLOSE_LONG,2980.51,191042,2998.8,-18.289999999999964
OPEN_SHORT,2980.51,191042,2980.51,0.0
CLOSE_SHORT,2982.21,191262,2980.51,-1.699999999999818
OPEN_LONG,2982.21,191262,2982.21,0.0
CLOSE_LONG,2992.42,191379,2982.21,10.210000000000036
OPEN_SHORT,2992.42,191379,2992.42,0.0
CLOSE_SHORT,2996.69,191527,2992.42,-4.269999999999982
OPEN_LONG,2996.69,191527,2996.69,0.0
CLOSE_LONG,2985.73,191573,2996.69,-10.960000000000036
OPEN_SHORT,2985.73,191573,2985.73,0.0
CLOSE_SHORT,2984.68,191686,2985.73,1.050000000000182
OPEN_LONG,2984.68,191686,2984.68,0.0
CLOSE_LONG,2992.83,191752,2984.68,8.150000000000091
OPEN_SHORT,2992.83,191752,2992.83,0.0
CLOSE_SHORT,3008.99,191877,2992.83,-16.159999999999854
OPEN_LONG,3008.99,191877,3008.99,0.0
CLOSE_LONG,3010.89,191891,3008.99,1.900000000000091
OPEN_SHORT,3010.89,191891,3010.89,0.0
CLOSE_SHORT,3005.87,192044,3010.89,5.019999999999982
OPEN_LONG,3005.87,192044,3005.87,0.0
CLOSE_LONG,3016.38,192130,3005.87,10.510000000000218
OPEN_SHORT,3016.38,192130,3016.38,0.0
CLOSE_SHORT,3043.05,192193,3016.38,-26.670000000000073
OPEN_LONG,3043.05,192193,3043.05,0.0
CLOSE_LONG,3046.66,192202,3043.05,3.6099999999996726
OPEN_SHORT,3046.66,192202,3046.66,0.0
CLOSE_SHORT,3036.68,192227,3046.66,9.980000000000018
OPEN_LONG,3036.68,192227,3036.68,0.0
CLOSE_LONG,3039.61,192235,3036.68,2.930000000000291
OPEN_SHORT,3039.61,192235,3039.61,0.0
CLOSE_SHORT,3027.92,192246,3039.61,11.690000000000055
OPEN_LONG,3027.92,192246,3027.92,0.0
CLOSE_LONG,3031.26,192258,3027.92,3.3400000000001455
OPEN_SHORT,3031.26,192258,3031.26,0.0
CLOSE_SHORT,3025.24,192273,3031.26,6.020000000000437
OPEN_LONG,3025.24,192273,3025.24,0.0
CLOSE_LONG,3032.4,192290,3025.24,7.160000000000309
OPEN_SHORT,3032.4,192290,3032.4,0.0
CLOSE_SHORT,3026.92,192300,3032.4,5.480000000000018
OPEN_LONG,3026.92,192300,3026.92,0.0
CLOSE_LONG,3043.82,192348,3026.92,16.90000000000009
OPEN_SHORT,3043.82,192348,3043.82,0.0
CLOSE_SHORT,3038.84,192388,3043.82,4.980000000000018
OPEN_LONG,3038.84,192388,3038.84,0.0
CLOSE_LONG,3037.82,192404,3038.84,-1.0199999999999818
OPEN_SHORT,3037.82,192404,3037.82,0.0
CLOSE_SHORT,3018.14,192639,3037.82,19.68000000000029
OPEN_LONG,3018.14,192639,3018.14,0.0
CLOSE_LONG,3021.39,192658,3018.14,3.25
OPEN_SHORT,3021.39,192658,3021.39,0.0
CLOSE_SHORT,3022.18,192752,3021.39,-0.7899999999999636
OPEN_LONG,3022.18,192752,3022.18,0.0
CLOSE_LONG,2999.88,192794,3022.18,-22.299999999999727
OPEN_SHORT,2999.88,192794,2999.88,0.0
CLOSE_SHORT,2991.26,192801,2999.88,8.61999999999989
OPEN_LONG,2991.26,192801,2991.26,0.0
CLOSE_LONG,2896.91,192834,2991.26,-94.35000000000036
OPEN_SHORT,2896.91,192834,2896.91,0.0
CLOSE_SHORT,2886.5,192838,2896.91,10.409999999999854
OPEN_LONG,2886.5,192838,2886.5,0.0
CLOSE_LONG,2840.29,192869,2886.5,-46.210000000000036
OPEN_SHORT,2840.29,192869,2840.29,0.0
CLOSE_SHORT,2861.09,192938,2840.29,-20.800000000000182
OPEN_LONG,2861.09,192938,2861.09,0.0
CLOSE_LONG,2869.77,192940,2861.09,8.679999999999836
OPEN_SHORT,2869.77,192940,2869.77,0.0
CLOSE_SHORT,2860.81,192946,2869.77,8.960000000000036
OPEN_LONG,2860.81,192946,2860.81,0.0
CLOSE_LONG,2858.0,192961,2860.81,-2.8099999999999454
OPEN_SHORT,2858.0,192961,2858.0,0.0
CLOSE_SHORT,2847.62,192964,2858.0,10.38000000000011
OPEN_LONG,2847.62,192964,2847.62,0.0
CLOSE_LONG,2855.07,192969,2847.62,7.450000000000273
OPEN_SHORT,2855.07,192969,2855.07,0.0
CLOSE_SHORT,2843.62,192973,2855.07,11.450000000000273
OPEN_LONG,2843.62,192973,2843.62,0.0
CLOSE_LONG,2841.07,192981,2843.62,-2.549999999999727
OPEN_SHORT,2841.07,192981,2841.07,0.0
CLOSE_SHORT,2826.71,192995,2841.07,14.360000000000127
OPEN_LONG,2826.71,192995,2826.71,0.0
CLOSE_LONG,2827.88,193008,2826.71,1.1700000000000728
OPEN_SHORT,2827.88,193008,2827.88,0.0
CLOSE_SHORT,2819.45,193025,2827.88,8.430000000000291
OPEN_LONG,2819.45,193025,2819.45,0.0
CLOSE_LONG,2828.8,193029,2819.45,9.350000000000364
OPEN_SHORT,2828.8,193029,2828.8,0.0
CLOSE_SHORT,2821.95,193036,2828.8,6.850000000000364
OPEN_LONG,2821.95,193036,2821.95,0.0
CLOSE_LONG,2814.01,193081,2821.95,-7.9399999999996
OPEN_SHORT,2814.01,193081,2814.01,0.0
CLOSE_SHORT,2816.08,193113,2814.01,-2.069999999999709
OPEN_LONG,2816.08,193113,2816.08,0.0
CLOSE_LONG,2817.92,193131,2816.08,1.8400000000001455
OPEN_SHORT,2817.92,193131,2817.92,0.0
CLOSE_SHORT,2812.76,193145,2817.92,5.1599999999998545
OPEN_LONG,2812.76,193145,2812.76,0.0
CLOSE_LONG,2823.04,193152,2812.76,10.279999999999745
OPEN_SHORT,2823.04,193152,2823.04,0.0
CLOSE_SHORT,2825.84,193173,2823.04,-2.800000000000182
OPEN_LONG,2825.84,193173,2825.84,0.0
CLOSE_LONG,2830.25,193182,2825.84,4.4099999999998545
OPEN_SHORT,2830.25,193182,2830.25,0.0
CLOSE_SHORT,2834.32,193299,2830.25,-4.070000000000164
OPEN_LONG,2834.32,193299,2834.32,0.0
CLOSE_LONG,2836.0,193316,2834.32,1.6799999999998363
OPEN_SHORT,2836.0,193316,2836.0,0.0
CLOSE_SHORT,2839.22,193353,2836.0,-3.2199999999998
OPEN_LONG,2839.22,193353,2839.22,0.0
CLOSE_LONG,2835.67,193378,2839.22,-3.549999999999727
OPEN_SHORT,2835.67,193378,2835.67,0.0
CLOSE_SHORT,2837.1,193471,2835.67,-1.4299999999998363
OPEN_LONG,2837.1,193471,2837.1,0.0
CLOSE_LONG,2842.71,193483,2837.1,5.610000000000127
OPEN_SHORT,2842.71,193483,2842.71,0.0
CLOSE_SHORT,2838.04,193510,2842.71,4.670000000000073
OPEN_LONG,2838.04,193510,2838.04,0.0
CLOSE_LONG,2822.82,193578,2838.04,-15.2199999999998
OPEN_SHORT,2822.82,193578,2822.82,0.0
CLOSE_SHORT,2824.75,193600,2822.82,-1.9299999999998363
OPEN_LONG,2824.75,193600,2824.75,0.0
CLOSE_LONG,2827.91,193610,2824.75,3.1599999999998545
OPEN_SHORT,2827.91,193610,2827.91,0.0
CLOSE_SHORT,2816.42,193618,2827.91,11.489999999999782
OPEN_LONG,2816.42,193618,2816.42,0.0
CLOSE_LONG,2813.76,193640,2816.42,-2.6599999999998545
OPEN_SHORT,2813.76,193640,2813.76,0.0
CLOSE_SHORT,2813.1,193664,2813.76,0.6600000000003092
OPEN_LONG,2813.1,193664,2813.1,0.0
CLOSE_LONG,2818.6,193675,2813.1,5.5
OPEN_SHORT,2818.6,193675,2818.6,0.0
CLOSE_SHORT,2805.6,193678,2818.6,13.0
OPEN_LONG,2805.6,193678,2805.6,0.0
CLOSE_LONG,2827.44,193683,2805.6,21.840000000000146
OPEN_SHORT,2827.44,193683,2827.44,0.0
CLOSE_SHORT,2817.98,193688,2827.44,9.460000000000036
OPEN_LONG,2817.98,193688,2817.98,0.0
CLOSE_LONG,2815.9,193702,2817.98,-2.0799999999999272
OPEN_SHORT,2815.9,193702,2815.9,0.0
CLOSE_SHORT,2809.38,193712,2815.9,6.519999999999982
OPEN_LONG,2809.38,193712,2809.38,0.0
CLOSE_LONG,2812.92,193717,2809.38,3.5399999999999636
OPEN_SHORT,2812.92,193717,2812.92,0.0
CLOSE_SHORT,2799.31,193721,2812.92,13.610000000000127
OPEN_LONG,2799.31,193721,2799.31,0.0
CLOSE_LONG,2793.29,193727,2799.31,-6.019999999999982
OPEN_SHORT,2793.29,193727,2793.29,0.0
CLOSE_SHORT,2788.57,193728,2793.29,4.7199999999998
OPEN_LONG,2788.57,193728,2788.57,0.0
CLOSE_LONG,2728.57,193754,2788.57,-60.0
OPEN_SHORT,2728.57,193754,2728.57,0.0
CLOSE_SHORT,2743.25,193764,2728.57,-14.679999999999836
OPEN_LONG,2743.25,193764,2743.25,0.0
CLOSE_LONG,2733.61,193788,2743.25,-9.639999999999873
OPEN_SHORT,2733.61,193788,2733.61,0.0
CLOSE_SHORT,2743.34,193814,2733.61,-9.730000000000018
OPEN_LONG,2743.34,193814,2743.34,0.0
CLOSE_LONG,2730.56,193826,2743.34,-12.7800000000002
OPEN_SHORT,2730.56,193826,2730.56,0.0
CLOSE_SHORT,2736.5,193860,2730.56,-5.940000000000055
OPEN_LONG,2736.5,193860,2736.5,0.0
CLOSE_LONG,2741.55,193864,2736.5,5.050000000000182
OPEN_SHORT,2741.55,193864,2741.55,0.0
CLOSE_SHORT,2738.4,193885,2741.55,3.150000000000091
OPEN_LONG,2738.4,193885,2738.4,0.0
CLOSE_LONG,2742.1,193897,2738.4,3.699999999999818
OPEN_SHORT,2742.1,193897,2742.1,0.0
CLOSE_SHORT,2740.85,193921,2742.1,1.25
OPEN_LONG,2740.85,193921,2740.85,0.0
CLOSE_LONG,2733.37,193934,2740.85,-7.480000000000018
OPEN_SHORT,2733.37,193934,2733.37,0.0
CLOSE_SHORT,2737.87,193966,2733.37,-4.5
OPEN_LONG,2737.87,193966,2737.87,0.0
CLOSE_LONG,2745.89,193982,2737.87,8.019999999999982
OPEN_SHORT,2745.89,193982,2745.89,0.0
CLOSE_SHORT,2735.67,193988,2745.89,10.2199999999998
OPEN_LONG,2735.67,193988,2735.67,0.0
CLOSE_LONG,2737.56,193996,2735.67,1.8899999999998727
OPEN_SHORT,2737.56,193996,2737.56,0.0
CLOSE_SHORT,2759.18,194019,2737.56,-21.61999999999989
OPEN_LONG,2759.18,194019,2759.18,0.0
CLOSE_LONG,2757.23,194027,2759.18,-1.949999999999818
OPEN_SHORT,2757.23,194027,2757.23,0.0
CLOSE_SHORT,2751.05,194032,2757.23,6.179999999999836
OPEN_LONG,2751.05,194032,2751.05,0.0
CLOSE_LONG,2749.42,194044,2751.05,-1.6300000000001091
OPEN_SHORT,2749.42,194044,2749.42,0.0
CLOSE_SHORT,2750.86,194055,2749.42,-1.4400000000000546
OPEN_LONG,2750.86,194055,2750.86,0.0
CLOSE_LONG,2758.2,194063,2750.86,7.339999999999691
OPEN_SHORT,2758.2,194063,2758.2,0.0
CLOSE_SHORT,2761.98,194079,2758.2,-3.7800000000002
OPEN_LONG,2761.98,194079,2761.98,0.0
CLOSE_LONG,2772.65,194083,2761.98,10.670000000000073
OPEN_SHORT,2772.65,194083,2772.65,0.0
CLOSE_SHORT,2787.01,194112,2772.65,-14.360000000000127
OPEN_LONG,2787.01,194112,2787.01,0.0
CLOSE_LONG,2799.2,194127,2787.01,12.1899999999996
OPEN_SHORT,2799.2,194127,2799.2,0.0
CLOSE_SHORT,2799.48,194138,2799.2,-0.2800000000002001
OPEN_LONG,2799.48,194138,2799.48,0.0
CLOSE_LONG,2800.54,194157,2799.48,1.0599999999999454
OPEN_SHORT,2800.54,194157,2800.54,0.0
CLOSE_SHORT,2795.43,194185,2800.54,5.110000000000127
OPEN_LONG,2795.43,194185,2795.43,0.0
CLOSE_LONG,2804.48,194190,2795.43,9.050000000000182
OPEN_SHORT,2804.48,194190,2804.48,0.0
CLOSE_SHORT,2798.24,194193,2804.48,6.2400000000002365
OPEN_LONG,2798.24,194193,2798.24,0.0
CLOSE_LONG,2803.13,194204,2798.24,4.890000000000327
OPEN_SHORT,2803.13,194204,2803.13,0.0
CLOSE_SHORT,2790.72,194262,2803.13,12.41000000000031
OPEN_LONG,2790.72,194262,2790.72,0.0
CLOSE_LONG,2798.45,194279,2790.72,7.730000000000018
OPEN_SHORT,2798.45,194279,2798.45,0.0
CLOSE_SHORT,2793.19,194284,2798.45,5.2599999999997635
OPEN_LONG,2793.19,194284,2793.19,0.0
CLOSE_LONG,2793.47,194296,2793.19,0.27999999999974534
OPEN_SHORT,2793.47,194296,2793.47,0.0
CLOSE_SHORT,2791.93,194303,2793.47,1.5399999999999636
OPEN_LONG,2791.93,194303,2791.93,0.0
CLOSE_LONG,2802.89,194311,2791.93,10.960000000000036
OPEN_SHORT,2802.89,194311,2802.89,0.0
CLOSE_SHORT,2809.13,194317,2802.89,-6.2400000000002365
OPEN_LONG,2809.13,194317,2809.13,0.0
CLOSE_LONG,2796.03,194377,2809.13,-13.099999999999909
OPEN_SHORT,2796.03,194377,2796.03,0.0
CLOSE_SHORT,2787.12,194448,2796.03,8.91000000000031
OPEN_LONG,2787.12,194448,2787.12,0.0
CLOSE_LONG,2791.91,194463,2787.12,4.789999999999964
OPEN_SHORT,2791.91,194463,2791.91,0.0
CLOSE_SHORT,2803.09,194475,2791.91,-11.180000000000291
OPEN_LONG,2803.09,194475,2803.09,0.0
CLOSE_LONG,2812.64,194504,2803.09,9.549999999999727
OPEN_SHORT,2812.64,194504,2812.64,0.0
CLOSE_SHORT,2799.0,194733,2812.64,13.639999999999873
OPEN_LONG,2799.0,194733,2799.0,0.0
CLOSE_LONG,2790.0,194761,2799.0,-9.0
OPEN_SHORT,2790.0,194761,2790.0,0.0
CLOSE_SHORT,2795.53,194828,2790.0,-5.5300000000002
OPEN_LONG,2795.53,194828,2795.53,0.0
CLOSE_LONG,2807.0,194857,2795.53,11.4699999999998
OPEN_SHORT,2807.0,194857,2807.0,0.0
CLOSE_SHORT,2817.68,195000,2807.0,-10.679999999999836
OPEN_LONG,2817.68,195000,2817.68,0.0
CLOSE_LONG,2823.76,195017,2817.68,6.080000000000382
OPEN_SHORT,2823.76,195017,2823.76,0.0
CLOSE_SHORT,2850.38,195105,2823.76,-26.61999999999989
OPEN_LONG,2850.38,195105,2850.38,0.0
CLOSE_LONG,2857.63,195110,2850.38,7.25
OPEN_SHORT,2857.63,195110,2857.63,0.0
CLOSE_SHORT,2855.58,195117,2857.63,2.050000000000182
OPEN_LONG,2855.58,195117,2855.58,0.0
CLOSE_LONG,2866.04,195120,2855.58,10.460000000000036
OPEN_SHORT,2866.04,195120,2866.04,0.0
CLOSE_SHORT,2858.23,195125,2866.04,7.809999999999945
OPEN_LONG,2858.23,195125,2858.23,0.0
CLOSE_LONG,2872.75,195128,2858.23,14.519999999999982
OPEN_SHORT,2872.75,195128,2872.75,0.0
CLOSE_SHORT,2890.06,195137,2872.75,-17.309999999999945
OPEN_LONG,2890.06,195137,2890.06,0.0
CLOSE_LONG,2894.45,195143,2890.06,4.389999999999873
OPEN_SHORT,2894.45,195143,2894.45,0.0
CLOSE_SHORT,2962.99,195173,2894.45,-68.53999999999996
OPEN_LONG,2962.99,195173,2962.99,0.0
CLOSE_LONG,2971.69,195177,2962.99,8.700000000000273
OPEN_SHORT,2971.69,195177,2971.69,0.0
CLOSE_SHORT,3002.89,195202,2971.69,-31.199999999999818
OPEN_LONG,3002.89,195202,3002.89,0.0
CLOSE_LONG,3014.67,195206,3002.89,11.7800000000002
OPEN_SHORT,3014.67,195206,3014.67,0.0
CLOSE_SHORT,3008.2,195220,3014.67,6.470000000000255
OPEN_LONG,3008.2,195220,3008.2,0.0
CLOSE_LONG,2997.0,195233,3008.2,-11.199999999999818
OPEN_SHORT,2997.0,195233,2997.0,0.0
CLOSE_SHORT,2987.87,195248,2997.0,9.13000000000011
OPEN_LONG,2987.87,195248,2987.87,0.0
CLOSE_LONG,2993.24,195254,2987.87,5.369999999999891
OPEN_SHORT,2993.24,195254,2993.24,0.0
CLOSE_SHORT,2994.8,195271,2993.24,-1.5600000000004002
OPEN_LONG,2994.8,195271,2994.8,0.0
CLOSE_LONG,3004.51,195282,2994.8,9.710000000000036
OPEN_SHORT,3004.51,195282,3004.51,0.0
CLOSE_SHORT,3019.83,195305,3004.51,-15.319999999999709
OPEN_LONG,3019.83,195305,3019.83,0.0
CLOSE_LONG,3020.11,195327,3019.83,0.2800000000002001
OPEN_SHORT,3020.11,195327,3020.11,0.0
CLOSE_SHORT,3013.48,195336,3020.11,6.630000000000109
OPEN_LONG,3013.48,195336,3013.48,0.0
CLOSE_LONG,3022.73,195341,3013.48,9.25
OPEN_SHORT,3022.73,195341,3022.73,0.0
CLOSE_SHORT,3016.5,195350,3022.73,6.230000000000018
OPEN_LONG,3016.5,195350,3016.5,0.0
CLOSE_LONG,3026.7,195356,3016.5,10.199999999999818
OPEN_SHORT,3026.7,195356,3026.7,0.0
CLOSE_SHORT,3020.25,195364,3026.7,6.449999999999818
OPEN_LONG,3020.25,195364,3020.25,0.0
CLOSE_LONG,3017.32,195387,3020.25,-2.9299999999998363
OPEN_SHORT,3017.32,195387,3017.32,0.0
CLOSE_SHORT,3016.17,195401,3017.32,1.150000000000091
OPEN_LONG,3016.17,195401,3016.17,0.0
CLOSE_LONG,3027.88,195424,3016.17,11.710000000000036
OPEN_SHORT,3027.88,195424,3027.88,0.0
CLOSE_SHORT,3013.84,195438,3027.88,14.039999999999964
OPEN_LONG,3013.84,195438,3013.84,0.0
CLOSE_LONG,2980.2,195489,3013.84,-33.64000000000033
OPEN_SHORT,2980.2,195489,2980.2,0.0
CLOSE_SHORT,2980.2,195499,2980.2,0.0
OPEN_LONG,2980.2,195499,2980.2,0.0
CLOSE_LONG,2985.81,195510,2980.2,5.610000000000127
OPEN_SHORT,2985.81,195510,2985.81,0.0
CLOSE_SHORT,2996.32,195573,2985.81,-10.510000000000218
OPEN_LONG,2996.32,195573,2996.32,0.0
CLOSE_LONG,3010.67,195577,2996.32,14.349999999999909
OPEN_SHORT,3010.67,195577,3010.67,0.0
CLOSE_SHORT,2997.57,195663,3010.67,13.099999999999909
OPEN_LONG,2997.57,195663,2997.57,0.0
CLOSE_LONG,3000.96,195694,2997.57,3.3899999999998727
OPEN_SHORT,3000.96,195694,3000.96,0.0
CLOSE_SHORT,2987.35,195711,3000.96,13.610000000000127
OPEN_LONG,2987.35,195711,2987.35,0.0
CLOSE_LONG,2991.45,195725,2987.35,4.099999999999909
OPEN_SHORT,2991.45,195725,2991.45,0.0
CLOSE_SHORT,2998.37,195741,2991.45,-6.920000000000073
OPEN_LONG,2998.37,195741,2998.37,0.0
CLOSE_LONG,3010.8,195756,2998.37,12.430000000000291
OPEN_SHORT,3010.8,195756,3010.8,0.0
CLOSE_SHORT,3004.67,195772,3010.8,6.130000000000109
OPEN_LONG,3004.67,195772,3004.67,0.0
CLOSE_LONG,3019.09,195792,3004.67,14.420000000000073
OPEN_SHORT,3019.09,195792,3019.09,0.0
CLOSE_SHORT,3016.29,195800,3019.09,2.800000000000182
OPEN_LONG,3016.29,195800,3016.29,0.0
CLOSE_LONG,3021.0,195808,3016.29,4.710000000000036
OPEN_SHORT,3021.0,195808,3021.0,0.0
CLOSE_SHORT,3018.43,195814,3021.0,2.5700000000001637
OPEN_LONG,3018.43,195814,3018.43,0.0
CLOSE_LONG,3032.0,195816,3018.43,13.570000000000164
OPEN_SHORT,3032.0,195816,3032.0,0.0
CLOSE_SHORT,3035.53,195823,3032.0,-3.5300000000002
OPEN_LONG,3035.53,195823,3035.53,0.0
CLOSE_LONG,3042.83,195830,3035.53,7.299999999999727
OPEN_SHORT,3042.83,195830,3042.83,0.0
CLOSE_SHORT,3033.41,195835,3042.83,9.420000000000073
OPEN_LONG,3033.41,195835,3033.41,0.0
CLOSE_LONG,3029.36,195856,3033.41,-4.049999999999727
OPEN_SHORT,3029.36,195856,3029.36,0.0
CLOSE_SHORT,3020.32,195872,3029.36,9.039999999999964
OPEN_LONG,3020.32,195872,3020.32,0.0
CLOSE_LONG,3024.47,195877,3020.32,4.149999999999636
OPEN_SHORT,3024.47,195877,3024.47,0.0
CLOSE_SHORT,3044.12,195953,3024.47,-19.65000000000009
OPEN_LONG,3044.12,195953,3044.12,0.0
CLOSE_LONG,3049.62,195959,3044.12,5.5
OPEN_SHORT,3049.62,195959,3049.62,0.0
CLOSE_SHORT,3058.41,195995,3049.62,-8.789999999999964
OPEN_LONG,3058.41,195995,3058.41,0.0
CLOSE_LONG,3062.1,196023,3058.41,3.6900000000000546
OPEN_SHORT,3062.1,196023,3062.1,0.0
CLOSE_SHORT,3057.36,196038,3062.1,4.739999999999782
OPEN_LONG,3057.36,196038,3057.36,0.0
CLOSE_LONG,3064.95,196047,3057.36,7.589999999999691
OPEN_SHORT,3064.95,196047,3064.95,0.0
CLOSE_SHORT,3069.71,196086,3064.95,-4.760000000000218
OPEN_LONG,3069.71,196086,3069.71,0.0
CLOSE_LONG,3063.83,196094,3069.71,-5.880000000000109
OPEN_SHORT,3063.83,196094,3063.83,0.0
CLOSE_SHORT,3046.54,196218,3063.83,17.289999999999964
OPEN_LONG,3046.54,196218,3046.54,0.0
CLOSE_LONG,3058.99,196276,3046.54,12.449999999999818
OPEN_SHORT,3058.99,196276,3058.99,0.0
CLOSE_SHORT,3061.33,196315,3058.99,-2.3400000000001455
OPEN_LONG,3061.33,196315,3061.33,0.0
CLOSE_LONG,3056.99,196332,3061.33,-4.3400000000001455
OPEN_SHORT,3056.99,196332,3056.99,0.0
CLOSE_SHORT,3070.21,196413,3056.99,-13.220000000000255
OPEN_LONG,3070.21,196413,3070.21,0.0
CLOSE_LONG,3080.39,196424,3070.21,10.179999999999836
OPEN_SHORT,3080.39,196424,3080.39,0.0
CLOSE_SHORT,3069.18,196434,3080.39,11.210000000000036
OPEN_LONG,3069.18,196434,3069.18,0.0
CLOSE_LONG,3076.65,196439,3069.18,7.470000000000255
OPEN_SHORT,3076.65,196439,3076.65,0.0
CLOSE_SHORT,3083.7,196494,3076.65,-7.049999999999727
OPEN_LONG,3083.7,196494,3083.7,0.0
CLOSE_LONG,3091.92,196498,3083.7,8.220000000000255
OPEN_SHORT,3091.92,196498,3091.92,0.0
CLOSE_SHORT,3068.55,196525,3091.92,23.36999999999989
OPEN_LONG,3068.55,196525,3068.55,0.0
CLOSE_LONG,3046.05,196533,3068.55,-22.5
OPEN_SHORT,3046.05,196533,3046.05,0.0
CLOSE_SHORT,3058.98,196547,3046.05,-12.929999999999836
OPEN_LONG,3058.98,196547,3058.98,0.0
CLOSE_LONG,3069.96,196549,3058.98,10.980000000000018
OPEN_SHORT,3069.96,196549,3069.96,0.0
CLOSE_SHORT,3063.72,196554,3069.96,6.2400000000002365
OPEN_LONG,3063.72,196554,3063.72,0.0
CLOSE_LONG,3086.73,196562,3063.72,23.01000000000022
OPEN_SHORT,3086.73,196562,3086.73,0.0
CLOSE_SHORT,3111.14,196571,3086.73,-24.409999999999854
OPEN_LONG,3111.14,196571,3111.14,0.0
CLOSE_LONG,3085.44,196581,3111.14,-25.699999999999818
OPEN_SHORT,3085.44,196581,3085.44,0.0
CLOSE_SHORT,3074.64,196583,3085.44,10.800000000000182
OPEN_LONG,3074.64,196583,3074.64,0.0
CLOSE_LONG,3101.99,196587,3074.64,27.34999999999991
OPEN_SHORT,3101.99,196587,3101.99,0.0
CLOSE_SHORT,3087.19,196592,3101.99,14.799999999999727
OPEN_LONG,3087.19,196592,3087.19,0.0
CLOSE_LONG,3074.47,196608,3087.19,-12.720000000000255
OPEN_SHORT,3074.47,196608,3074.47,0.0
CLOSE_SHORT,3075.0,196622,3074.47,-0.5300000000002001
OPEN_LONG,3075.0,196622,3075.0,0.0
CLOSE_LONG,3087.61,196632,3075.0,12.610000000000127
OPEN_SHORT,3087.61,196632,3087.61,0.0
CLOSE_SHORT,3080.77,196638,3087.61,6.8400000000001455
OPEN_LONG,3080.77,196638,3080.77,0.0
CLOSE_LONG,3088.79,196645,3080.77,8.019999999999982
OPEN_SHORT,3088.79,196645,3088.79,0.0
CLOSE_SHORT,3078.65,196650,3088.79,10.139999999999873
OPEN_LONG,3078.65,196650,3078.65,0.0
CLOSE_LONG,3074.34,196660,3078.65,-4.309999999999945
OPEN_SHORT,3074.34,196660,3074.34,0.0
CLOSE_SHORT,3094.76,196693,3074.34,-20.420000000000073
OPEN_LONG,3094.76,196693,3094.76,0.0
CLOSE_LONG,3096.74,196706,3094.76,1.9799999999995634
OPEN_SHORT,3096.74,196706,3096.74,0.0
CLOSE_SHORT,3094.36,196722,3096.74,2.3799999999996544
OPEN_LONG,3094.36,196722,3094.36,0.0
CLOSE_LONG,3104.06,196734,3094.36,9.699999999999818
OPEN_SHORT,3104.06,196734,3104.06,0.0
CLOSE_SHORT,3120.26,196780,3104.06,-16.200000000000273
OPEN_LONG,3120.26,196780,3120.26,0.0
CLOSE_LONG,3124.12,196789,3120.26,3.8599999999996726
OPEN_SHORT,3124.12,196789,3124.12,0.0
CLOSE_SHORT,3131.1,196812,3124.12,-6.980000000000018
OPEN_LONG,3131.1,196812,3131.1,0.0
CLOSE_LONG,3116.39,196825,3131.1,-14.710000000000036
OPEN_SHORT,3116.39,196825,3116.39,0.0
CLOSE_SHORT,3112.96,196862,3116.39,3.4299999999998363
OPEN_LONG,3112.96,196862,3112.96,0.0
CLOSE_LONG,3122.3,196870,3112.96,9.340000000000146
OPEN_SHORT,3122.3,196870,3122.3,0.0
CLOSE_SHORT,3116.36,196889,3122.3,5.940000000000055
OPEN_LONG,3116.36,196889,3116.36,0.0
CLOSE_LONG,3130.2,196894,3116.36,13.83999999999969
OPEN_SHORT,3130.2,196894,3130.2,0.0
CLOSE_SHORT,3124.81,196925,3130.2,5.389999999999873
OPEN_LONG,3124.81,196925,3124.81,0.0
CLOSE_LONG,3152.4,196936,3124.81,27.590000000000146
OPEN_SHORT,3152.4,196936,3152.4,0.0
CLOSE_SHORT,3139.96,196941,3152.4,12.440000000000055
OPEN_LONG,3139.96,196941,3139.96,0.0
CLOSE_LONG,3146.64,196950,3139.96,6.679999999999836
OPEN_SHORT,3146.64,196950,3146.64,0.0
CLOSE_SHORT,3142.49,196955,3146.64,4.150000000000091
OPEN_LONG,3142.49,196955,3142.49,0.0
CLOSE_LONG,3151.98,196960,3142.49,9.490000000000236
OPEN_SHORT,3151.98,196960,3151.98,0.0
CLOSE_SHORT,3150.84,197006,3151.98,1.1399999999998727
OPEN_LONG,3150.84,197006,3150.84,0.0
CLOSE_LONG,3157.32,197011,3150.84,6.480000000000018
OPEN_SHORT,3157.32,197011,3157.32,0.0
CLOSE_SHORT,3179.41,197056,3157.32,-22.08999999999969
OPEN_LONG,3179.41,197056,3179.41,0.0
CLOSE_LONG,3186.33,197060,3179.41,6.920000000000073
OPEN_SHORT,3186.33,197060,3186.33,0.0
CLOSE_SHORT,3199.08,197069,3186.33,-12.75
OPEN_LONG,3199.08,197069,3199.08,0.0
CLOSE_LONG,3183.78,197103,3199.08,-15.299999999999727
OPEN_SHORT,3183.78,197103,3183.78,0.0
CLOSE_SHORT,3185.71,197121,3183.78,-1.9299999999998363
OPEN_LONG,3185.71,197121,3185.71,0.0
CLOSE_LONG,3192.81,197128,3185.71,7.099999999999909
OPEN_SHORT,3192.81,197128,3192.81,0.0
CLOSE_SHORT,3178.08,197135,3192.81,14.730000000000018
OPEN_LONG,3178.08,197135,3178.08,0.0
CLOSE_LONG,3184.01,197141,3178.08,5.930000000000291
OPEN_SHORT,3184.01,197141,3184.01,0.0
CLOSE_SHORT,3182.09,197152,3184.01,1.9200000000000728
OPEN_LONG,3182.09,197152,3182.09,0.0
CLOSE_LONG,3185.46,197162,3182.09,3.369999999999891
OPEN_SHORT,3185.46,197162,3185.46,0.0
CLOSE_SHORT,3195.75,197180,3185.46,-10.289999999999964
OPEN_LONG,3195.75,197180,3195.75,0.0
CLOSE_LONG,3200.42,197188,3195.75,4.670000000000073
OPEN_SHORT,3200.42,197188,3200.42,0.0
CLOSE_SHORT,3205.78,197201,3200.42,-5.360000000000127
OPEN_LONG,3205.78,197201,3205.78,0.0
CLOSE_LONG,3212.09,197218,3205.78,6.309999999999945
OPEN_SHORT,3212.09,197218,3212.09,0.0
CLOSE_SHORT,3210.3,197229,3212.09,1.7899999999999636
OPEN_LONG,3210.3,197229,3210.3,0.0
CLOSE_LONG,3207.33,197245,3210.3,-2.9700000000002547
OPEN_SHORT,3207.33,197245,3207.33,0.0
CLOSE_SHORT,3200.57,197250,3207.33,6.7599999999997635
OPEN_LONG,3200.57,197250,3200.57,0.0
CLOSE_LONG,3211.39,197255,3200.57,10.819999999999709
OPEN_SHORT,3211.39,197255,3211.39,0.0
CLOSE_SHORT,3212.06,197267,3211.39,-0.6700000000000728
OPEN_LONG,3212.06,197267,3212.06,0.0
CLOSE_LONG,3214.33,197270,3212.06,2.269999999999982
OPEN_SHORT,3214.33,197270,3214.33,0.0
CLOSE_SHORT,3206.64,197274,3214.33,7.690000000000055
OPEN_LONG,3206.64,197274,3206.64,0.0
CLOSE_LONG,3216.83,197279,3206.64,10.190000000000055
OPEN_SHORT,3216.83,197279,3216.83,0.0
CLOSE_SHORT,3216.4,197293,3216.83,0.4299999999998363
OPEN_LONG,3216.4,197293,3216.4,0.0
CLOSE_LONG,3223.99,197298,3216.4,7.589999999999691
OPEN_SHORT,3223.99,197298,3223.99,0.0
CLOSE_SHORT,3216.1,197315,3223.99,7.889999999999873
OPEN_LONG,3216.1,197315,3216.1,0.0
CLOSE_LONG,3187.95,197449,3216.1,-28.15000000000009
OPEN_SHORT,3187.95,197449,3187.95,0.0
CLOSE_SHORT,3182.36,197458,3187.95,5.589999999999691
OPEN_LONG,3182.36,197458,3182.36,0.0
CLOSE_LONG,3182.99,197478,3182.36,0.6299999999996544
OPEN_SHORT,3182.99,197478,3182.99,0.0
CLOSE_SHORT,3203.51,197530,3182.99,-20.520000000000437
OPEN_LONG,3203.51,197530,3203.51,0.0
CLOSE_LONG,3195.3,197561,3203.51,-8.210000000000036
OPEN_SHORT,3195.3,197561,3195.3,0.0
CLOSE_SHORT,3184.65,197611,3195.3,10.650000000000091
OPEN_LONG,3184.65,197611,3184.65,0.0
CLOSE_LONG,3181.94,197619,3184.65,-2.7100000000000364
OPEN_SHORT,3181.94,197619,3181.94,0.0
CLOSE_SHORT,3185.12,197680,3181.94,-3.1799999999998363
OPEN_LONG,3185.12,197680,3185.12,0.0
CLOSE_LONG,3192.26,197685,3185.12,7.140000000000327
OPEN_SHORT,3192.26,197685,3192.26,0.0
CLOSE_SHORT,3185.47,197773,3192.26,6.790000000000418
OPEN_LONG,3185.47,197773,3185.47,0.0
CLOSE_LONG,3190.34,197795,3185.47,4.870000000000346
OPEN_SHORT,3190.34,197795,3190.34,0.0
CLOSE_SHORT,3179.3,197817,3190.34,11.039999999999964
OPEN_LONG,3179.3,197817,3179.3,0.0
CLOSE_LONG,3184.46,197832,3179.3,5.1599999999998545
OPEN_SHORT,3184.46,197832,3184.46,0.0
CLOSE_SHORT,3180.12,197863,3184.46,4.3400000000001455
OPEN_LONG,3180.12,197863,3180.12,0.0
CLOSE_LONG,3165.31,197916,3180.12,-14.809999999999945
OPEN_SHORT,3165.31,197916,3165.31,0.0
CLOSE_SHORT,3173.82,197938,3165.31,-8.510000000000218
OPEN_LONG,3173.82,197938,3173.82,0.0
CLOSE_LONG,3180.14,197944,3173.82,6.319999999999709
OPEN_SHORT,3180.14,197944,3180.14,0.0
CLOSE_SHORT,3171.15,197948,3180.14,8.989999999999782
OPEN_LONG,3171.15,197948,3171.15,0.0
CLOSE_LONG,3171.38,197955,3171.15,0.2300000000000182
OPEN_SHORT,3171.38,197955,3171.38,0.0
CLOSE_SHORT,3169.99,197993,3171.38,1.3900000000003274
OPEN_LONG,3169.99,197993,3169.99,0.0
CLOSE_LONG,3181.84,197998,3169.99,11.850000000000364
OPEN_SHORT,3181.84,197998,3181.84,0.0
CLOSE_SHORT,3155.34,198013,3181.84,26.5
OPEN_LONG,3155.34,198013,3155.34,0.0
CLOSE_LONG,3152.0,198024,3155.34,-3.3400000000001455
OPEN_SHORT,3152.0,198024,3152.0,0.0
CLOSE_SHORT,3164.06,198047,3152.0,-12.059999999999945
OPEN_LONG,3164.06,198047,3164.06,0.0
CLOSE_LONG,3175.86,198053,3164.06,11.800000000000182
OPEN_SHORT,3175.86,198053,3175.86,0.0
CLOSE_SHORT,3197.73,198069,3175.86,-21.86999999999989
OPEN_LONG,3197.73,198069,3197.73,0.0
CLOSE_LONG,3206.07,198074,3197.73,8.340000000000146
OPEN_SHORT,3206.07,198074,3206.07,0.0
CLOSE_SHORT,3191.85,198085,3206.07,14.220000000000255
OPEN_LONG,3191.85,198085,3191.85,0.0
CLOSE_LONG,3201.03,198091,3191.85,9.180000000000291
OPEN_SHORT,3201.03,198091,3201.03,0.0
CLOSE_SHORT,3208.39,198111,3201.03,-7.359999999999673
OPEN_LONG,3208.39,198111,3208.39,0.0
CLOSE_LONG,3184.15,198129,3208.39,-24.23999999999978
OPEN_SHORT,3184.15,198129,3184.15,0.0
CLOSE_SHORT,3168.63,198131,3184.15,15.519999999999982
OPEN_LONG,3168.63,198131,3168.63,0.0
CLOSE_LONG,3171.74,198142,3168.63,3.1099999999996726
OPEN_SHORT,3171.74,198142,3171.74,0.0
CLOSE_SHORT,3163.04,198147,3171.74,8.699999999999818
OPEN_LONG,3163.04,198147,3163.04,0.0
CLOSE_LONG,3165.06,198165,3163.04,2.019999999999982
OPEN_SHORT,3165.06,198165,3165.06,0.0
CLOSE_SHORT,3156.27,198172,3165.06,8.789999999999964
OPEN_LONG,3156.27,198172,3156.27,0.0
CLOSE_LONG,3149.38,198186,3156.27,-6.889999999999873
OPEN_SHORT,3149.38,198186,3149.38,0.0
CLOSE_SHORT,3147.16,198220,3149.38,2.2200000000002547
OPEN_LONG,3147.16,198220,3147.16,0.0
CLOSE_LONG,3155.03,198224,3147.16,7.870000000000346
OPEN_SHORT,3155.03,198224,3155.03,0.0
CLOSE_SHORT,3145.82,198242,3155.03,9.210000000000036
OPEN_LONG,3145.82,198242,3145.82,0.0
CLOSE_LONG,3144.16,198252,3145.82,-1.6600000000003092
OPEN_SHORT,3144.16,198252,3144.16,0.0
CLOSE_SHORT,3132.49,198257,3144.16,11.670000000000073
OPEN_LONG,3132.49,198257,3132.49,0.0
CLOSE_LONG,3138.83,198262,3132.49,6.3400000000001455
OPEN_SHORT,3138.83,198262,3138.83,0.0
CLOSE_SHORT,3127.05,198265,3138.83,11.779999999999745
OPEN_LONG,3127.05,198265,3127.05,0.0
CLOSE_LONG,3078.8,198287,3127.05,-48.25
OPEN_SHORT,3078.8,198287,3078.8,0.0
CLOSE_SHORT,3112.59,198328,3078.8,-33.789999999999964
OPEN_LONG,3112.59,198328,3112.59,0.0
CLOSE_LONG,3112.98,198334,3112.59,0.38999999999987267
OPEN_SHORT,3112.98,198334,3112.98,0.0
CLOSE_SHORT,3133.4,198403,3112.98,-20.420000000000073
OPEN_LONG,3133.4,198403,3133.4,0.0
CLOSE_LONG,3134.02,198418,3133.4,0.6199999999998909
OPEN_SHORT,3134.02,198418,3134.02,0.0
CLOSE_SHORT,3128.8,198428,3134.02,5.2199999999998
OPEN_LONG,3128.8,198428,3128.8,0.0
CLOSE_LONG,3133.37,198444,3128.8,4.569999999999709
OPEN_SHORT,3133.37,198444,3133.37,0.0
CLOSE_SHORT,3135.81,198503,3133.37,-2.4400000000000546
OPEN_LONG,3135.81,198503,3135.81,0.0
CLOSE_LONG,3141.87,198507,3135.81,6.059999999999945
OPEN_SHORT,3141.87,198507,3141.87,0.0
CLOSE_SHORT,3132.35,198512,3141.87,9.519999999999982
OPEN_LONG,3132.35,198512,3132.35,0.0
CLOSE_LONG,3138.28,198517,3132.35,5.930000000000291
OPEN_SHORT,3138.28,198517,3138.28,0.0
CLOSE_SHORT,3130.31,198543,3138.28,7.970000000000255
OPEN_LONG,3130.31,198543,3130.31,0.0
CLOSE_LONG,3142.86,198584,3130.31,12.550000000000182
OPEN_SHORT,3142.86,198584,3142.86,0.0
CLOSE_SHORT,3144.97,198591,3142.86,-2.1099999999996726
OPEN_LONG,3144.97,198591,3144.97,0.0
CLOSE_LONG,3150.25,198627,3144.97,5.2800000000002
OPEN_SHORT,3150.25,198627,3150.25,0.0
CLOSE_SHORT,3159.61,198655,3150.25,-9.360000000000127
OPEN_LONG,3159.61,198655,3159.61,0.0
CLOSE_LONG,3166.63,198672,3159.61,7.019999999999982
OPEN_SHORT,3166.63,198672,3166.63,0.0
CLOSE_SHORT,3172.0,198763,3166.63,-5.369999999999891
OPEN_LONG,3172.0,198763,3172.0,0.0
CLOSE_LONG,3173.44,198803,3172.0,1.4400000000000546
OPEN_SHORT,3173.44,198803,3173.44,0.0
CLOSE_SHORT,3167.56,198826,3173.44,5.880000000000109
OPEN_LONG,3167.56,198826,3167.56,0.0
CLOSE_LONG,3163.2,198854,3167.56,-4.360000000000127
OPEN_SHORT,3163.2,198854,3163.2,0.0
CLOSE_SHORT,3162.73,198871,3163.2,0.4699999999997999
OPEN_LONG,3162.73,198871,3162.73,0.0
CLOSE_LONG,3160.05,198923,3162.73,-2.6799999999998363
OPEN_SHORT,3160.05,198923,3160.05,0.0
CLOSE_SHORT,3162.91,199045,3160.05,-2.8599999999996726
OPEN_LONG,3162.91,199045,3162.91,0.0
CLOSE_LONG,3122.46,199126,3162.91,-40.44999999999982
OPEN_SHORT,3122.46,199126,3122.46,0.0
CLOSE_SHORT,3111.17,199144,3122.46,11.289999999999964
OPEN_LONG,3111.17,199144,3111.17,0.0
CLOSE_LONG,3115.97,199156,3111.17,4.799999999999727
OPEN_SHORT,3115.97,199156,3115.97,0.0
CLOSE_SHORT,3129.55,199221,3115.97,-13.580000000000382
OPEN_LONG,3129.55,199221,3129.55,0.0
CLOSE_LONG,3138.57,199226,3129.55,9.019999999999982
OPEN_SHORT,3138.57,199226,3138.57,0.0
CLOSE_SHORT,3125.1,199245,3138.57,13.470000000000255
OPEN_LONG,3125.1,199245,3125.1,0.0
CLOSE_LONG,3127.21,199269,3125.1,2.1100000000001273
OPEN_SHORT,3127.21,199269,3127.21,0.0
CLOSE_SHORT,3123.9,199293,3127.21,3.3099999999999454
OPEN_LONG,3123.9,199293,3123.9,0.0
CLOSE_LONG,3122.29,199309,3123.9,-1.6100000000001273
OPEN_SHORT,3122.29,199309,3122.29,0.0
CLOSE_SHORT,3114.35,199345,3122.29,7.940000000000055
OPEN_LONG,3114.35,199345,3114.35,0.0
CLOSE_LONG,3128.58,199350,3114.35,14.230000000000018
OPEN_SHORT,3128.58,199350,3128.58,0.0
CLOSE_SHORT,3121.49,199356,3128.58,7.0900000000001455
OPEN_LONG,3121.49,199356,3121.49,0.0
CLOSE_LONG,3128.37,199361,3121.49,6.880000000000109
OPEN_SHORT,3128.37,199361,3128.37,0.0
CLOSE_SHORT,3121.69,199368,3128.37,6.679999999999836
OPEN_LONG,3121.69,199368,3121.69,0.0
CLOSE_LONG,3113.72,199378,3121.69,-7.970000000000255
OPEN_SHORT,3113.72,199378,3113.72,0.0
CLOSE_SHORT,3105.19,199380,3113.72,8.529999999999745
OPEN_LONG,3105.19,199380,3105.19,0.0
CLOSE_LONG,3093.17,199389,3105.19,-12.019999999999982
OPEN_SHORT,3093.17,199389,3093.17,0.0
CLOSE_SHORT,3099.14,199414,3093.17,-5.9699999999998
OPEN_LONG,3099.14,199414,3099.14,0.0
CLOSE_LONG,3107.3,199433,3099.14,8.16000000000031
OPEN_SHORT,3107.3,199433,3107.3,0.0
CLOSE_SHORT,3099.63,199439,3107.3,7.670000000000073
OPEN_LONG,3099.63,199439,3099.63,0.0
CLOSE_LONG,3103.15,199446,3099.63,3.519999999999982
OPEN_SHORT,3103.15,199446,3103.15,0.0
CLOSE_SHORT,3088.31,199449,3103.15,14.840000000000146
OPEN_LONG,3088.31,199449,3088.31,0.0
CLOSE_LONG,3098.08,199453,3088.31,9.769999999999982
OPEN_SHORT,3098.08,199453,3098.08,0.0
CLOSE_SHORT,3130.73,199470,3098.08,-32.65000000000009
OPEN_LONG,3130.73,199470,3130.73,0.0
CLOSE_LONG,3139.35,199474,3130.73,8.61999999999989
OPEN_SHORT,3139.35,199474,3139.35,0.0
CLOSE_SHORT,3129.87,199479,3139.35,9.480000000000018
OPEN_LONG,3129.87,199479,3129.87,0.0
CLOSE_LONG,3135.42,199484,3129.87,5.550000000000182
OPEN_SHORT,3135.42,199484,3135.42,0.0
CLOSE_SHORT,3132.73,199499,3135.42,2.6900000000000546
OPEN_LONG,3132.73,199499,3132.73,0.0
CLOSE_LONG,3067.29,199539,3132.73,-65.44000000000005
OPEN_SHORT,3067.29,199539,3067.29,0.0
CLOSE_SHORT,3059.49,199551,3067.29,7.800000000000182
OPEN_LONG,3059.49,199551,3059.49,0.0
CLOSE_LONG,3019.05,199574,3059.49,-40.4399999999996
OPEN_SHORT,3019.05,199574,3019.05,0.0
CLOSE_SHORT,3022.9,199587,3019.05,-3.849999999999909
OPEN_LONG,3022.9,199587,3022.9,0.0
CLOSE_LONG,3021.74,199601,3022.9,-1.1600000000003092
OPEN_SHORT,3021.74,199601,3021.74,0.0
CLOSE_SHORT,3012.47,199606,3021.74,9.269999999999982
OPEN_LONG,3012.47,199606,3012.47,0.0
CLOSE_LONG,3016.22,199608,3012.47,3.75
OPEN_SHORT,3016.22,199608,3016.22,0.0
CLOSE_SHORT,3009.9,199617,3016.22,6.319999999999709
OPEN_LONG,3009.9,199617,3009.9,0.0
CLOSE_LONG,3015.3,199622,3009.9,5.400000000000091
OPEN_SHORT,3015.3,199622,3015.3,0.0
CLOSE_SHORT,3049.99,199654,3015.3,-34.6899999999996
OPEN_LONG,3049.99,199654,3049.99,0.0
CLOSE_LONG,3030.01,199671,3049.99,-19.979999999999563
OPEN_SHORT,3030.01,199671,3030.01,0.0
CLOSE_SHORT,3020.53,199676,3030.01,9.480000000000018
OPEN_LONG,3020.53,199676,3020.53,0.0
CLOSE_LONG,3016.06,199690,3020.53,-4.470000000000255
OPEN_SHORT,3016.06,199690,3016.06,0.0
CLOSE_SHORT,3006.68,199695,3016.06,9.38000000000011
OPEN_LONG,3006.68,199695,3006.68,0.0
CLOSE_LONG,2997.94,199708,3006.68,-8.739999999999782
OPEN_SHORT,2997.94,199708,2997.94,0.0
CLOSE_SHORT,3025.69,199748,2997.94,-27.75
OPEN_LONG,3025.69,199748,3025.69,0.0
CLOSE_LONG,3032.56,199752,3025.69,6.869999999999891
OPEN_SHORT,3032.56,199752,3032.56,0.0
CLOSE_SHORT,3032.51,199792,3032.56,0.04999999999972715
OPEN_LONG,3032.51,199792,3032.51,0.0
CLOSE_LONG,3023.8,199817,3032.51,-8.710000000000036
OPEN_SHORT,3023.8,199817,3023.8,0.0
CLOSE_SHORT,3027.19,199829,3023.8,-3.3899999999998727
OPEN_LONG,3027.19,199829,3027.19,0.0
CLOSE_LONG,3032.64,199837,3027.19,5.449999999999818
OPEN_SHORT,3032.64,199837,3032.64,0.0
CLOSE_SHORT,3026.1,199845,3032.64,6.539999999999964
OPEN_LONG,3026.1,199845,3026.1,0.0
CLOSE_LONG,3020.21,199887,3026.1,-5.889999999999873
OPEN_SHORT,3020.21,199887,3020.21,0.0
CLOSE_SHORT,3010.02,199894,3020.21,10.190000000000055
OPEN_LONG,3010.02,199894,3010.02,0.0
CLOSE_LONG,3021.98,199899,3010.02,11.960000000000036
OPEN_SHORT,3021.98,199899,3021.98,0.0
CLOSE_SHORT,3021.3,199941,3021.98,0.6799999999998363
OPEN_LONG,3021.3,199941,3021.3,0.0
CLOSE_LONG,3015.1,199966,3021.3,-6.200000000000273
OPEN_SHORT,3015.1,199966,3015.1,0.0
CLOSE_SHORT,3015.7,200001,3015.1,-0.599999999999909
OPEN_LONG,3015.7,200001,3015.7,0.0
CLOSE_LONG,3020.2,200031,3015.7,4.5
OPEN_SHORT,3020.2,200031,3020.2,0.0
CLOSE_SHORT,3034.1,200252,3020.2,-13.900000000000091
OPEN_LONG,3034.1,200252,3034.1,0.0
CLOSE_LONG,3028.51,200455,3034.1,-5.589999999999691
OPEN_SHORT,3028.51,200455,3028.51,0.0
CLOSE_SHORT,3021.98,200501,3028.51,6.5300000000002
OPEN_LONG,3021.98,200501,3021.98,0.0
CLOSE_LONG,3017.58,200517,3021.98,-4.400000000000091
OPEN_SHORT,3017.58,200517,3017.58,0.0
CLOSE_SHORT,3048.72,200862,3017.58,-31.139999999999873
OPEN_LONG,3048.72,200862,3048.72,0.0
CLOSE_LONG,3052.21,200871,3048.72,3.4900000000002365
OPEN_SHORT,3052.21,200871,3052.21,0.0
CLOSE_SHORT,3050.09,200890,3052.21,2.119999999999891
OPEN_LONG,3050.09,200890,3050.09,0.0
CLOSE_LONG,3055.88,200895,3050.09,5.789999999999964
OPEN_SHORT,3055.88,200895,3055.88,0.0
CLOSE_SHORT,3047.72,200902,3055.88,8.16000000000031
OPEN_LONG,3047.72,200902,3047.72,0.0
CLOSE_LONG,3035.5,200930,3047.72,-12.2199999999998
OPEN_SHORT,3035.5,200930,3035.5,0.0
CLOSE_SHORT,3052.47,201009,3035.5,-16.9699999999998
OPEN_LONG,3052.47,201009,3052.47,0.0
CLOSE_LONG,3058.66,201048,3052.47,6.190000000000055
OPEN_SHORT,3058.66,201048,3058.66,0.0
CLOSE_SHORT,3053.79,201053,3058.66,4.869999999999891
OPEN_LONG,3053.79,201053,3053.79,0.0
CLOSE_LONG,3054.0,201093,3053.79,0.21000000000003638
OPEN_SHORT,3054.0,201093,3054.0,0.0
CLOSE_SHORT,3028.6,201146,3054.0,25.40000000000009
OPEN_LONG,3028.6,201146,3028.6,0.0
CLOSE_LONG,3041.59,201264,3028.6,12.990000000000236
OPEN_SHORT,3041.59,201264,3041.59,0.0
CLOSE_SHORT,3036.36,201870,3041.59,5.230000000000018
OPEN_LONG,3036.36,201870,3036.36,0.0
CLOSE_LONG,3036.2,201909,3036.36,-0.16000000000030923
OPEN_SHORT,3036.2,201909,3036.2,0.0
CLOSE_SHORT,3039.23,202229,3036.2,-3.0300000000002
OPEN_LONG,3039.23,202229,3039.23,0.0
CLOSE_LONG,2947.74,202313,3039.23,-91.49000000000024
OPEN_SHORT,2947.74,202313,2947.74,0.0
CLOSE_SHORT,2940.61,202318,2947.74,7.129999999999654
OPEN_LONG,2940.61,202318,2940.61,0.0
CLOSE_LONG,2952.97,202323,2940.61,12.359999999999673
OPEN_SHORT,2952.97,202323,2952.97,0.0
CLOSE_SHORT,2940.54,202332,2952.97,12.429999999999836
OPEN_LONG,2940.54,202332,2940.54,0.0
CLOSE_LONG,2953.12,202345,2940.54,12.579999999999927
OPEN_SHORT,2953.12,202345,2953.12,0.0
CLOSE_SHORT,2953.09,202355,2953.12,0.02999999999974534
OPEN_LONG,2953.09,202355,2953.09,0.0
CLOSE_LONG,2958.7,202364,2953.09,5.609999999999673
OPEN_SHORT,2958.7,202364,2958.7,0.0
CLOSE_SHORT,2969.4,202381,2958.7,-10.700000000000273
OPEN_LONG,2969.4,202381,2969.4,0.0
CLOSE_LONG,2975.77,202387,2969.4,6.369999999999891
OPEN_SHORT,2975.77,202387,2975.77,0.0
CLOSE_SHORT,3011.4,202400,2975.77,-35.63000000000011
OPEN_LONG,3011.4,202400,3011.4,0.0
CLOSE_LONG,3007.96,202410,3011.4,-3.4400000000000546
OPEN_SHORT,3007.96,202410,3007.96,0.0
CLOSE_SHORT,3110.3,202496,3007.96,-102.34000000000015
OPEN_LONG,3110.3,202496,3110.3,0.0
CLOSE_LONG,3118.64,202506,3110.3,8.33999999999969
OPEN_SHORT,3118.64,202506,3118.64,0.0
CLOSE_SHORT,3120.03,202533,3118.64,-1.3900000000003274
OPEN_LONG,3120.03,202533,3120.03,0.0
CLOSE_LONG,3127.0,202535,3120.03,6.9699999999998
OPEN_SHORT,3127.0,202535,3127.0,0.0
CLOSE_SHORT,3132.72,202556,3127.0,-5.7199999999998
OPEN_LONG,3132.72,202556,3132.72,0.0
CLOSE_LONG,3129.42,202591,3132.72,-3.299999999999727
OPEN_SHORT,3129.42,202591,3129.42,0.0
CLOSE_SHORT,3135.0,202669,3129.42,-5.579999999999927
OPEN_LONG,3135.0,202669,3135.0,0.0
CLOSE_LONG,3124.16,202730,3135.0,-10.840000000000146
OPEN_SHORT,3124.16,202730,3124.16,0.0
CLOSE_SHORT,3118.23,202736,3124.16,5.929999999999836
OPEN_LONG,3118.23,202736,3118.23,0.0
CLOSE_LONG,3083.75,202757,3118.23,-34.48000000000002
OPEN_SHORT,3083.75,202757,3083.75,0.0
CLOSE_SHORT,3066.44,202761,3083.75,17.309999999999945
OPEN_LONG,3066.44,202761,3066.44,0.0
CLOSE_LONG,3054.6,202768,3066.44,-11.840000000000146
OPEN_SHORT,3054.6,202768,3054.6,0.0
CLOSE_SHORT,3034.74,202773,3054.6,19.860000000000127
OPEN_LONG,3034.74,202773,3034.74,0.0
CLOSE_LONG,3044.42,202787,3034.74,9.680000000000291
OPEN_SHORT,3044.42,202787,3044.42,0.0
CLOSE_SHORT,3045.88,202810,3044.42,-1.4600000000000364
OPEN_LONG,3045.88,202810,3045.88,0.0
CLOSE_LONG,3036.52,202818,3045.88,-9.360000000000127
OPEN_SHORT,3036.52,202818,3036.52,0.0
CLOSE_SHORT,3023.73,202824,3036.52,12.789999999999964
OPEN_LONG,3023.73,202824,3023.73,0.0
CLOSE_LONG,3033.84,202828,3023.73,10.110000000000127
OPEN_SHORT,3033.84,202828,3033.84,0.0
CLOSE_SHORT,3036.53,202859,3033.84,-2.6900000000000546
OPEN_LONG,3036.53,202859,3036.53,0.0
CLOSE_LONG,3041.55,202864,3036.53,5.019999999999982
OPEN_SHORT,3041.55,202864,3041.55,0.0
CLOSE_SHORT,3059.22,202923,3041.55,-17.669999999999618
OPEN_LONG,3059.22,202923,3059.22,0.0
CLOSE_LONG,3066.04,202928,3059.22,6.820000000000164
OPEN_SHORT,3066.04,202928,3066.04,0.0
CLOSE_SHORT,3116.94,202980,3066.04,-50.90000000000009
OPEN_LONG,3116.94,202980,3116.94,0.0
CLOSE_LONG,3102.99,203000,3116.94,-13.950000000000273
OPEN_SHORT,3102.99,203000,3102.99,0.0
CLOSE_SHORT,3103.54,203060,3102.99,-0.5500000000001819
OPEN_LONG,3103.54,203060,3103.54,0.0
CLOSE_LONG,3110.97,203077,3103.54,7.429999999999836
OPEN_SHORT,3110.97,203077,3110.97,0.0
CLOSE_SHORT,3105.89,203097,3110.97,5.079999999999927
OPEN_LONG,3105.89,203097,3105.89,0.0
CLOSE_LONG,3109.26,203106,3105.89,3.3700000000003456
OPEN_SHORT,3109.26,203106,3109.26,0.0
CLOSE_SHORT,3125.88,203154,3109.26,-16.61999999999989
OPEN_LONG,3125.88,203154,3125.88,0.0
CLOSE_LONG,3128.83,203174,3125.88,2.949999999999818
OPEN_SHORT,3128.83,203174,3128.83,0.0
CLOSE_SHORT,3129.95,203232,3128.83,-1.1199999999998909
OPEN_LONG,3129.95,203232,3129.95,0.0
CLOSE_LONG,3134.35,203238,3129.95,4.400000000000091
OPEN_SHORT,3134.35,203238,3134.35,0.0
CLOSE_SHORT,3128.42,203295,3134.35,5.929999999999836
OPEN_LONG,3128.42,203295,3128.42,0.0
CLOSE_LONG,3132.22,203322,3128.42,3.799999999999727
OPEN_SHORT,3132.22,203322,3132.22,0.0
CLOSE_SHORT,3127.44,203342,3132.22,4.779999999999745
OPEN_LONG,3127.44,203342,3127.44,0.0
CLOSE_LONG,3138.42,203411,3127.44,10.980000000000018
OPEN_SHORT,3138.42,203411,3138.42,0.0
CLOSE_SHORT,3166.59,203427,3138.42,-28.170000000000073
OPEN_LONG,3166.59,203427,3166.59,0.0
CLOSE_LONG,3163.89,203451,3166.59,-2.700000000000273
OPEN_SHORT,3163.89,203451,3163.89,0.0
CLOSE_SHORT,3147.04,203568,3163.89,16.84999999999991
OPEN_LONG,3147.04,203568,3147.04,0.0
CLOSE_LONG,3135.45,203662,3147.04,-11.590000000000146
OPEN_SHORT,3135.45,203662,3135.45,0.0
CLOSE_SHORT,3147.79,203673,3135.45,-12.340000000000146
OPEN_LONG,3147.79,203673,3147.79,0.0
CLOSE_LONG,3149.95,203701,3147.79,2.1599999999998545
OPEN_SHORT,3149.95,203701,3149.95,0.0
CLOSE_SHORT,3146.49,203708,3149.95,3.4600000000000364
OPEN_LONG,3146.49,203708,3146.49,0.0
CLOSE_LONG,3148.84,203722,3146.49,2.350000000000364
OPEN_SHORT,3148.84,203722,3148.84,0.0
CLOSE_SHORT,3139.35,203742,3148.84,9.490000000000236
OPEN_LONG,3139.35,203742,3139.35,0.0
CLOSE_LONG,3144.98,203747,3139.35,5.630000000000109
OPEN_SHORT,3144.98,203747,3144.98,0.0
CLOSE_SHORT,3139.64,203753,3144.98,5.3400000000001455
OPEN_LONG,3139.64,203753,3139.64,0.0
CLOSE_LONG,3155.06,203760,3139.64,15.420000000000073
OPEN_SHORT,3155.06,203760,3155.06,0.0
CLOSE_SHORT,3156.37,203766,3155.06,-1.3099999999999454
OPEN_LONG,3156.37,203766,3156.37,0.0
CLOSE_LONG,3162.0,203770,3156.37,5.630000000000109
OPEN_SHORT,3162.0,203770,3162.0,0.0
CLOSE_SHORT,3140.97,203773,3162.0,21.0300000000002
OPEN_LONG,3140.97,203773,3140.97,0.0
CLOSE_LONG,3135.89,203780,3140.97,-5.079999999999927
OPEN_SHORT,3135.89,203780,3135.89,0.0
CLOSE_SHORT,3122.69,203785,3135.89,13.199999999999818
OPEN_LONG,3122.69,203785,3122.69,0.0
CLOSE_LONG,3114.46,203793,3122.69,-8.230000000000018
OPEN_SHORT,3114.46,203793,3114.46,0.0
CLOSE_SHORT,3098.39,203800,3114.46,16.070000000000164
OPEN_LONG,3098.39,203800,3098.39,0.0
CLOSE_LONG,3105.23,203805,3098.39,6.8400000000001455
OPEN_SHORT,3105.23,203805,3105.23,0.0
CLOSE_SHORT,3101.0,203814,3105.23,4.230000000000018
OPEN_LONG,3101.0,203814,3101.0,0.0
CLOSE_LONG,3100.4,203825,3101.0,-0.599999999999909
OPEN_SHORT,3100.4,203825,3100.4,0.0
CLOSE_SHORT,3099.49,203836,3100.4,0.9100000000003092
OPEN_LONG,3099.49,203836,3099.49,0.0
CLOSE_LONG,3100.29,203843,3099.49,0.8000000000001819
OPEN_SHORT,3100.29,203843,3100.29,0.0
CLOSE_SHORT,3092.69,203853,3100.29,7.599999999999909
OPEN_LONG,3092.69,203853,3092.69,0.0
CLOSE_LONG,3102.93,203856,3092.69,10.239999999999782
OPEN_SHORT,3102.93,203856,3102.93,0.0
CLOSE_SHORT,3119.06,203882,3102.93,-16.13000000000011
OPEN_LONG,3119.06,203882,3119.06,0.0
CLOSE_LONG,3106.18,203896,3119.06,-12.88000000000011
OPEN_SHORT,3106.18,203896,3106.18,0.0
CLOSE_SHORT,3106.68,203917,3106.18,-0.5
OPEN_LONG,3106.68,203917,3106.68,0.0
CLOSE_LONG,3111.44,203927,3106.68,4.760000000000218
OPEN_SHORT,3111.44,203927,3111.44,0.0
CLOSE_SHORT,3101.15,203937,3111.44,10.289999999999964
OPEN_LONG,3101.15,203937,3101.15,0.0
CLOSE_LONG,3107.65,203950,3101.15,6.5
OPEN_SHORT,3107.65,203950,3107.65,0.0
CLOSE_SHORT,3113.77,203959,3107.65,-6.119999999999891
OPEN_LONG,3113.77,203959,3113.77,0.0
CLOSE_LONG,3121.53,203964,3113.77,7.760000000000218
OPEN_SHORT,3121.53,203964,3121.53,0.0
CLOSE_SHORT,3122.13,203981,3121.53,-0.599999999999909
OPEN_LONG,3122.13,203981,3122.13,0.0
CLOSE_LONG,3112.37,203992,3122.13,-9.760000000000218
OPEN_SHORT,3112.37,203992,3112.37,0.0
CLOSE_SHORT,3104.82,204011,3112.37,7.549999999999727
OPEN_LONG,3104.82,204011,3104.82,0.0
CLOSE_LONG,3093.23,204018,3104.82,-11.590000000000146
OPEN_SHORT,3093.23,204018,3093.23,0.0
CLOSE_SHORT,3110.72,204058,3093.23,-17.48999999999978
OPEN_LONG,3110.72,204058,3110.72,0.0
CLOSE_LONG,3122.17,204065,3110.72,11.450000000000273
OPEN_SHORT,3122.17,204065,3122.17,0.0
CLOSE_SHORT,3114.6,204074,3122.17,7.570000000000164
OPEN_LONG,3114.6,204074,3114.6,0.0
CLOSE_LONG,3124.37,204078,3114.6,9.769999999999982
OPEN_SHORT,3124.37,204078,3124.37,0.0
CLOSE_SHORT,3120.15,204106,3124.37,4.2199999999998
OPEN_LONG,3120.15,204106,3120.15,0.0
CLOSE_LONG,3141.56,204129,3120.15,21.409999999999854
OPEN_SHORT,3141.56,204129,3141.56,0.0
CLOSE_SHORT,3131.12,204134,3141.56,10.440000000000055
OPEN_LONG,3131.12,204134,3131.12,0.0
CLOSE_LONG,3139.5,204142,3131.12,8.38000000000011
OPEN_SHORT,3139.5,204142,3139.5,0.0
CLOSE_SHORT,3133.95,204147,3139.5,5.550000000000182
OPEN_LONG,3133.95,204147,3133.95,0.0
CLOSE_LONG,3144.53,204166,3133.95,10.580000000000382
OPEN_SHORT,3144.53,204166,3144.53,0.0
CLOSE_SHORT,3136.66,204174,3144.53,7.870000000000346
OPEN_LONG,3136.66,204174,3136.66,0.0
CLOSE_LONG,3141.18,204180,3136.66,4.519999999999982
OPEN_SHORT,3141.18,204180,3141.18,0.0
CLOSE_SHORT,3126.75,204268,3141.18,14.429999999999836
OPEN_LONG,3126.75,204268,3126.75,0.0
CLOSE_LONG,3125.78,204286,3126.75,-0.9699999999997999
OPEN_SHORT,3125.78,204286,3125.78,0.0
CLOSE_SHORT,3136.1,204341,3125.78,-10.319999999999709
OPEN_LONG,3136.1,204341,3136.1,0.0
CLOSE_LONG,3105.0,204434,3136.1,-31.09999999999991
OPEN_SHORT,3105.0,204434,3105.0,0.0
CLOSE_SHORT,3091.01,204516,3105.0,13.989999999999782
OPEN_LONG,3091.01,204516,3091.01,0.0
CLOSE_LONG,3101.89,204520,3091.01,10.879999999999654
OPEN_SHORT,3101.89,204520,3101.89,0.0
CLOSE_SHORT,3114.97,204587,3101.89,-13.079999999999927
OPEN_LONG,3114.97,204587,3114.97,0.0
CLOSE_LONG,3108.97,204597,3114.97,-6.0
OPEN_SHORT,3108.97,204597,3108.97,0.0
CLOSE_SHORT,3095.11,204633,3108.97,13.859999999999673
OPEN_LONG,3095.11,204633,3095.11,0.0
CLOSE_LONG,3103.99,204638,3095.11,8.879999999999654
OPEN_SHORT,3103.99,204638,3103.99,0.0
CLOSE_SHORT,3106.8,204666,3103.99,-2.8100000000004
OPEN_LONG,3106.8,204666,3106.8,0.0
CLOSE_LONG,3114.04,204681,3106.8,7.239999999999782
OPEN_SHORT,3114.04,204681,3114.04,0.0
CLOSE_SHORT,3105.6,204691,3114.04,8.440000000000055
OPEN_LONG,3105.6,204691,3105.6,0.0
CLOSE_LONG,3106.77,204724,3105.6,1.1700000000000728
OPEN_SHORT,3106.77,204724,3106.77,0.0
CLOSE_SHORT,3115.62,204827,3106.77,-8.849999999999909
OPEN_LONG,3115.62,204827,3115.62,0.0
CLOSE_LONG,3123.76,204842,3115.62,8.140000000000327
OPEN_SHORT,3123.76,204842,3123.76,0.0
CLOSE_SHORT,3106.01,204895,3123.76,17.75
OPEN_LONG,3106.01,204895,3106.01,0.0
CLOSE_LONG,3107.5,204930,3106.01,1.4899999999997817
OPEN_SHORT,3107.5,204930,3107.5,0.0
CLOSE_SHORT,3095.01,204954,3107.5,12.489999999999782
OPEN_LONG,3095.01,204954,3095.01,0.0
CLOSE_LONG,3105.59,204997,3095.01,10.579999999999927
OPEN_SHORT,3105.59,204997,3105.59,0.0
CLOSE_SHORT,3123.85,205130,3105.59,-18.259999999999764
OPEN_LONG,3123.85,205130,3123.85,0.0
CLOSE_LONG,3118.88,205155,3123.85,-4.9699999999998
OPEN_SHORT,3118.88,205155,3118.88,0.0
CLOSE_SHORT,3110.65,205171,3118.88,8.230000000000018
OPEN_LONG,3110.65,205171,3110.65,0.0
CLOSE_LONG,3114.08,205190,3110.65,3.4299999999998363
OPEN_SHORT,3114.08,205190,3114.08,0.0
CLOSE_SHORT,3104.61,205195,3114.08,9.4699999999998
OPEN_LONG,3104.61,205195,3104.61,0.0
CLOSE_LONG,3112.81,205205,3104.61,8.199999999999818
OPEN_SHORT,3112.81,205205,3112.81,0.0
CLOSE_SHORT,3146.7,205222,3112.81,-33.88999999999987
OPEN_LONG,3146.7,205222,3146.7,0.0
CLOSE_LONG,3136.32,205234,3146.7,-10.379999999999654
OPEN_SHORT,3136.32,205234,3136.32,0.0
CLOSE_SHORT,3146.1,205249,3136.32,-9.779999999999745
OPEN_LONG,3146.1,205249,3146.1,0.0
CLOSE_LONG,3157.94,205252,3146.1,11.840000000000146
OPEN_SHORT,3157.94,205252,3157.94,0.0
CLOSE_SHORT,3282.56,205293,3157.94,-124.61999999999989
OPEN_LONG,3282.56,205293,3282.56,0.0
CLOSE_LONG,3289.81,205299,3282.56,7.25
OPEN_SHORT,3289.81,205299,3289.81,0.0
CLOSE_SHORT,3374.7,205353,3289.81,-84.88999999999987
OPEN_LONG,3374.7,205353,3374.7,0.0
CLOSE_LONG,3367.62,205374,3374.7,-7.079999999999927
OPEN_SHORT,3367.62,205374,3367.62,0.0
CLOSE_SHORT,3376.51,205432,3367.62,-8.890000000000327
OPEN_LONG,3376.51,205432,3376.51,0.0
CLOSE_LONG,3370.89,205448,3376.51,-5.620000000000346
OPEN_SHORT,3370.89,205448,3370.89,0.0
CLOSE_SHORT,3367.55,205457,3370.89,3.3399999999996908
OPEN_LONG,3367.55,205457,3367.55,0.0
CLOSE_LONG,3370.4,205467,3367.55,2.849999999999909
OPEN_SHORT,3370.4,205467,3370.4,0.0
CLOSE_SHORT,3367.36,205491,3370.4,3.0399999999999636
OPEN_LONG,3367.36,205491,3367.36,0.0
CLOSE_LONG,3356.25,205503,3367.36,-11.110000000000127
OPEN_SHORT,3356.25,205503,3356.25,0.0
CLOSE_SHORT,3358.26,205513,3356.25,-2.0100000000002183
OPEN_LONG,3358.26,205513,3358.26,0.0
CLOSE_LONG,3324.59,205546,3358.26,-33.67000000000007
OPEN_SHORT,3324.59,205546,3324.59,0.0
CLOSE_SHORT,3311.8,205548,3324.59,12.789999999999964
OPEN_LONG,3311.8,205548,3311.8,0.0
CLOSE_LONG,3326.49,205552,3311.8,14.6899999999996
OPEN_SHORT,3326.49,205552,3326.49,0.0
CLOSE_SHORT,3325.11,205558,3326.49,1.3799999999996544
OPEN_LONG,3325.11,205558,3325.11,0.0
CLOSE_LONG,3335.12,205565,3325.11,10.009999999999764
OPEN_SHORT,3335.12,205565,3335.12,0.0
CLOSE_SHORT,3326.68,205569,3335.12,8.440000000000055
OPEN_LONG,3326.68,205569,3326.68,0.0
CLOSE_LONG,3324.46,205587,3326.68,-2.2199999999998
OPEN_SHORT,3324.46,205587,3324.46,0.0
CLOSE_SHORT,3323.0,205607,3324.46,1.4600000000000364
OPEN_LONG,3323.0,205607,3323.0,0.0
CLOSE_LONG,3328.42,205615,3323.0,5.420000000000073
OPEN_SHORT,3328.42,205615,3328.42,0.0
CLOSE_SHORT,3317.86,205620,3328.42,10.559999999999945
OPEN_LONG,3317.86,205620,3317.86,0.0
CLOSE_LONG,3302.18,205632,3317.86,-15.680000000000291
OPEN_SHORT,3302.18,205632,3302.18,0.0
CLOSE_SHORT,3316.4,205650,3302.18,-14.220000000000255
OPEN_LONG,3316.4,205650,3316.4,0.0
CLOSE_LONG,3318.28,205658,3316.4,1.8800000000001091
OPEN_SHORT,3318.28,205658,3318.28,0.0
CLOSE_SHORT,3311.28,205772,3318.28,7.0
OPEN_LONG,3311.28,205772,3311.28,0.0
CLOSE_LONG,3317.04,205777,3311.28,5.7599999999997635
OPEN_SHORT,3317.04,205777,3317.04,0.0
CLOSE_SHORT,3300.49,205831,3317.04,16.550000000000182
OPEN_LONG,3300.49,205831,3300.49,0.0
CLOSE_LONG,3310.23,205834,3300.49,9.740000000000236
OPEN_SHORT,3310.23,205834,3310.23,0.0
CLOSE_SHORT,3299.4,205840,3310.23,10.829999999999927
OPEN_LONG,3299.4,205840,3299.4,0.0
CLOSE_LONG,3301.15,205865,3299.4,1.75
OPEN_SHORT,3301.15,205865,3301.15,0.0
CLOSE_SHORT,3293.99,205876,3301.15,7.160000000000309
OPEN_LONG,3293.99,205876,3293.99,0.0
CLOSE_LONG,3297.48,205888,3293.99,3.4900000000002365
OPEN_SHORT,3297.48,205888,3297.48,0.0
CLOSE_SHORT,3319.21,206078,3297.48,-21.730000000000018
OPEN_LONG,3319.21,206078,3319.21,0.0
CLOSE_LONG,3319.09,206089,3319.21,-0.11999999999989086
OPEN_SHORT,3319.09,206089,3319.09,0.0
CLOSE_SHORT,3314.73,206117,3319.09,4.360000000000127
OPEN_LONG,3314.73,206117,3314.73,0.0
CLOSE_LONG,3328.7,206273,3314.73,13.9699999999998
OPEN_SHORT,3328.7,206273,3328.7,0.0
CLOSE_SHORT,3353.58,206362,3328.7,-24.88000000000011
OPEN_LONG,3353.58,206362,3353.58,0.0
CLOSE_LONG,3328.55,206389,3353.58,-25.029999999999745
OPEN_SHORT,3328.55,206389,3328.55,0.0
CLOSE_SHORT,3317.31,206395,3328.55,11.240000000000236
OPEN_LONG,3317.31,206395,3317.31,0.0
CLOSE_LONG,3310.81,206464,3317.31,-6.5
OPEN_SHORT,3310.81,206464,3310.81,0.0
CLOSE_SHORT,3312.82,206632,3310.81,-2.0100000000002183
OPEN_LONG,3312.82,206632,3312.82,0.0
CLOSE_LONG,3325.38,206637,3312.82,12.559999999999945
OPEN_SHORT,3325.38,206637,3325.38,0.0
CLOSE_SHORT,3316.53,206642,3325.38,8.849999999999909
OPEN_LONG,3316.53,206642,3316.53,0.0
CLOSE_LONG,3312.87,206651,3316.53,-3.6600000000003092
OPEN_SHORT,3312.87,206651,3312.87,0.0
CLOSE_SHORT,3320.55,206681,3312.87,-7.680000000000291
OPEN_LONG,3320.55,206681,3320.55,0.0
CLOSE_LONG,3317.01,206693,3320.55,-3.5399999999999636
OPEN_SHORT,3317.01,206693,3317.01,0.0
CLOSE_SHORT,3349.19,206746,3317.01,-32.179999999999836
OPEN_LONG,3349.19,206746,3349.19,0.0
CLOSE_LONG,3363.45,206764,3349.19,14.259999999999764
OPEN_SHORT,3363.45,206764,3363.45,0.0
CLOSE_SHORT,3355.0,206769,3363.45,8.449999999999818
OPEN_LONG,3355.0,206769,3355.0,0.0
CLOSE_LONG,3354.99,206779,3355.0,-0.010000000000218279
OPEN_SHORT,3354.99,206779,3354.99,0.0
CLOSE_SHORT,3367.32,206803,3354.99,-12.330000000000382
OPEN_LONG,3367.32,206803,3367.32,0.0
CLOSE_LONG,3371.1,206820,3367.32,3.7799999999997453
OPEN_SHORT,3371.1,206820,3371.1,0.0
CLOSE_SHORT,3359.65,206856,3371.1,11.449999999999818
OPEN_LONG,3359.65,206856,3359.65,0.0
CLOSE_LONG,3368.64,206860,3359.65,8.989999999999782
OPEN_SHORT,3368.64,206860,3368.64,0.0
CLOSE_SHORT,3391.04,206875,3368.64,-22.40000000000009
OPEN_LONG,3391.04,206875,3391.04,0.0
CLOSE_LONG,3400.06,206880,3391.04,9.019999999999982
OPEN_SHORT,3400.06,206880,3400.06,0.0
CLOSE_SHORT,3397.65,206886,3400.06,2.4099999999998545
OPEN_LONG,3397.65,206886,3397.65,0.0
CLOSE_LONG,3402.29,206894,3397.65,4.639999999999873
OPEN_SHORT,3402.29,206894,3402.29,0.0
CLOSE_SHORT,3361.47,206897,3402.29,40.820000000000164
OPEN_LONG,3361.47,206897,3361.47,0.0
CLOSE_LONG,3380.67,206902,3361.47,19.200000000000273
OPEN_SHORT,3380.67,206902,3380.67,0.0
CLOSE_SHORT,3389.74,206913,3380.67,-9.069999999999709
OPEN_LONG,3389.74,206913,3389.74,0.0
CLOSE_LONG,3396.14,206916,3389.74,6.400000000000091
OPEN_SHORT,3396.14,206916,3396.14,0.0
CLOSE_SHORT,3378.93,206920,3396.14,17.210000000000036
OPEN_LONG,3378.93,206920,3378.93,0.0
CLOSE_LONG,3388.79,206926,3378.93,9.860000000000127
OPEN_SHORT,3388.79,206926,3388.79,0.0
CLOSE_SHORT,3395.96,206933,3388.79,-7.170000000000073
OPEN_LONG,3395.96,206933,3395.96,0.0
CLOSE_LONG,3371.35,206942,3395.96,-24.610000000000127
OPEN_SHORT,3371.35,206942,3371.35,0.0
CLOSE_SHORT,3378.31,206953,3371.35,-6.960000000000036
OPEN_LONG,3378.31,206953,3378.31,0.0
CLOSE_LONG,3380.95,206959,3378.31,2.6399999999998727
OPEN_SHORT,3380.95,206959,3380.95,0.0
CLOSE_SHORT,3407.44,206972,3380.95,-26.490000000000236
OPEN_LONG,3407.44,206972,3407.44,0.0
CLOSE_LONG,3403.2,206980,3407.44,-4.2400000000002365
OPEN_SHORT,3403.2,206980,3403.2,0.0
CLOSE_SHORT,3387.4,206984,3403.2,15.799999999999727
OPEN_LONG,3387.4,206984,3387.4,0.0
CLOSE_LONG,3394.98,206989,3387.4,7.579999999999927
OPEN_SHORT,3394.98,206989,3394.98,0.0
CLOSE_SHORT,3394.6,206992,3394.98,0.38000000000010914
OPEN_LONG,3394.6,206992,3394.6,0.0
CLOSE_LONG,3359.9,207014,3394.6,-34.69999999999982
OPEN_SHORT,3359.9,207014,3359.9,0.0
CLOSE_SHORT,3345.19,207017,3359.9,14.710000000000036
OPEN_LONG,3345.19,207017,3345.19,0.0
CLOSE_LONG,3342.2,207024,3345.19,-2.9900000000002365
OPEN_SHORT,3342.2,207024,3342.2,0.0
CLOSE_SHORT,3355.25,207042,3342.2,-13.050000000000182
OPEN_LONG,3355.25,207042,3355.25,0.0
CLOSE_LONG,3353.94,207050,3355.25,-1.3099999999999454
OPEN_SHORT,3353.94,207050,3353.94,0.0
CLOSE_SHORT,3351.33,207056,3353.94,2.6100000000001273
OPEN_LONG,3351.33,207056,3351.33,0.0
CLOSE_LONG,3350.1,207082,3351.33,-1.2300000000000182
OPEN_SHORT,3350.1,207082,3350.1,0.0
CLOSE_SHORT,3331.13,207086,3350.1,18.9699999999998
OPEN_LONG,3331.13,207086,3331.13,0.0
CLOSE_LONG,3329.1,207096,3331.13,-2.0300000000002
OPEN_SHORT,3329.1,207096,3329.1,0.0
CLOSE_SHORT,3330.89,207104,3329.1,-1.7899999999999636
OPEN_LONG,3330.89,207104,3330.89,0.0
CLOSE_LONG,3339.6,207113,3330.89,8.710000000000036
OPEN_SHORT,3339.6,207113,3339.6,0.0
CLOSE_SHORT,3339.77,207124,3339.6,-0.17000000000007276
OPEN_LONG,3339.77,207124,3339.77,0.0
CLOSE_LONG,3346.42,207126,3339.77,6.650000000000091
OPEN_SHORT,3346.42,207126,3346.42,0.0
CLOSE_SHORT,3335.39,207142,3346.42,11.0300000000002
OPEN_LONG,3335.39,207142,3335.39,0.0
CLOSE_LONG,3326.1,207176,3335.39,-9.289999999999964
OPEN_SHORT,3326.1,207176,3326.1,0.0
CLOSE_SHORT,3306.48,207223,3326.1,19.61999999999989
OPEN_LONG,3306.48,207223,3306.48,0.0
CLOSE_LONG,3270.0,207246,3306.48,-36.48000000000002
OPEN_SHORT,3270.0,207246,3270.0,0.0
CLOSE_SHORT,3261.24,207256,3270.0,8.760000000000218
OPEN_LONG,3261.24,207256,3261.24,0.0
CLOSE_LONG,3269.43,207261,3261.24,8.190000000000055
OPEN_SHORT,3269.43,207261,3269.43,0.0
CLOSE_SHORT,3261.45,207264,3269.43,7.980000000000018
OPEN_LONG,3261.45,207264,3261.45,0.0
CLOSE_LONG,3253.0,207277,3261.45,-8.449999999999818
OPEN_SHORT,3253.0,207277,3253.0,0.0
CLOSE_SHORT,3241.67,207319,3253.0,11.329999999999927
OPEN_LONG,3241.67,207319,3241.67,0.0
CLOSE_LONG,3229.46,207335,3241.67,-12.210000000000036
OPEN_SHORT,3229.46,207335,3229.46,0.0
CLOSE_SHORT,3220.27,207340,3229.46,9.190000000000055
OPEN_LONG,3220.27,207340,3220.27,0.0
CLOSE_LONG,3222.78,207353,3220.27,2.5100000000002183
OPEN_SHORT,3222.78,207353,3222.78,0.0
CLOSE_SHORT,3212.84,207358,3222.78,9.940000000000055
OPEN_LONG,3212.84,207358,3212.84,0.0
CLOSE_LONG,3217.57,207365,3212.84,4.730000000000018
OPEN_SHORT,3217.57,207365,3217.57,0.0
CLOSE_SHORT,3207.83,207370,3217.57,9.740000000000236
OPEN_LONG,3207.83,207370,3207.83,0.0
CLOSE_LONG,3187.8,207393,3207.83,-20.029999999999745
OPEN_SHORT,3187.8,207393,3187.8,0.0
CLOSE_SHORT,3171.95,207401,3187.8,15.850000000000364
OPEN_LONG,3171.95,207401,3171.95,0.0
CLOSE_LONG,3183.94,207409,3171.95,11.990000000000236
OPEN_SHORT,3183.94,207409,3183.94,0.0
CLOSE_SHORT,3180.78,207436,3183.94,3.1599999999998545
OPEN_LONG,3180.78,207436,3180.78,0.0
CLOSE_LONG,3192.0,207440,3180.78,11.2199999999998
OPEN_SHORT,3192.0,207440,3192.0,0.0
CLOSE_SHORT,3204.07,207495,3192.0,-12.070000000000164
OPEN_LONG,3204.07,207495,3204.07,0.0
CLOSE_LONG,3199.87,207511,3204.07,-4.200000000000273
OPEN_SHORT,3199.87,207511,3199.87,0.0
CLOSE_SHORT,3196.01,207575,3199.87,3.8599999999996726
OPEN_LONG,3196.01,207575,3196.01,0.0
CLOSE_LONG,3201.26,207583,3196.01,5.25
OPEN_SHORT,3201.26,207583,3201.26,0.0
CLOSE_SHORT,3201.1,207595,3201.26,0.16000000000030923
OPEN_LONG,3201.1,207595,3201.1,0.0
CLOSE_LONG,3202.69,207645,3201.1,1.5900000000001455
OPEN_SHORT,3202.69,207645,3202.69,0.0
CLOSE_SHORT,3190.59,207682,3202.69,12.099999999999909
OPEN_LONG,3190.59,207682,3190.59,0.0
CLOSE_LONG,3193.97,207724,3190.59,3.3799999999996544
OPEN_SHORT,3193.97,207724,3193.97,0.0
CLOSE_SHORT,3186.01,207923,3193.97,7.959999999999582
OPEN_LONG,3186.01,207923,3186.01,0.0
CLOSE_LONG,3197.38,207934,3186.01,11.36999999999989
OPEN_SHORT,3197.38,207934,3197.38,0.0
CLOSE_SHORT,3190.44,208005,3197.38,6.940000000000055
OPEN_LONG,3190.44,208005,3190.44,0.0
CLOSE_LONG,3198.57,208010,3190.44,8.13000000000011
OPEN_SHORT,3198.57,208010,3198.57,0.0
CLOSE_SHORT,3184.18,208061,3198.57,14.390000000000327
OPEN_LONG,3184.18,208061,3184.18,0.0
CLOSE_LONG,3180.9,208067,3184.18,-3.2799999999997453
OPEN_SHORT,3180.9,208067,3180.9,0.0
CLOSE_SHORT,3179.58,208075,3180.9,1.3200000000001637
OPEN_LONG,3179.58,208075,3179.58,0.0
CLOSE_LONG,3164.36,208090,3179.58,-15.2199999999998
OPEN_SHORT,3164.36,208090,3164.36,0.0
CLOSE_SHORT,3188.8,208121,3164.36,-24.440000000000055
OPEN_LONG,3188.8,208121,3188.8,0.0
CLOSE_LONG,3168.6,208136,3188.8,-20.200000000000273
OPEN_SHORT,3168.6,208136,3168.6,0.0
CLOSE_SHORT,3170.28,208142,3168.6,-1.680000000000291
OPEN_LONG,3170.28,208142,3170.28,0.0
CLOSE_LONG,3176.29,208147,3170.28,6.0099999999997635
OPEN_SHORT,3176.29,208147,3176.29,0.0
CLOSE_SHORT,3161.1,208161,3176.29,15.190000000000055
OPEN_LONG,3161.1,208161,3161.1,0.0
CLOSE_LONG,3166.59,208172,3161.1,5.4900000000002365
OPEN_SHORT,3166.59,208172,3166.59,0.0
CLOSE_SHORT,3159.34,208183,3166.59,7.25
OPEN_LONG,3159.34,208183,3159.34,0.0
CLOSE_LONG,3169.81,208188,3159.34,10.4699999999998
OPEN_SHORT,3169.81,208188,3169.81,0.0
CLOSE_SHORT,3182.65,208203,3169.81,-12.840000000000146
OPEN_LONG,3182.65,208203,3182.65,0.0
CLOSE_LONG,3176.92,208225,3182.65,-5.730000000000018
OPEN_SHORT,3176.92,208225,3176.92,0.0
CLOSE_SHORT,3185.05,208254,3176.92,-8.13000000000011
OPEN_LONG,3185.05,208254,3185.05,0.0
CLOSE_LONG,3184.56,208265,3185.05,-0.49000000000023647
OPEN_SHORT,3184.56,208265,3184.56,0.0
CLOSE_SHORT,3215.65,208320,3184.56,-31.090000000000146
OPEN_LONG,3215.65,208320,3215.65,0.0
CLOSE_LONG,3208.76,208332,3215.65,-6.889999999999873
OPEN_SHORT,3208.76,208332,3208.76,0.0
CLOSE_SHORT,3194.98,208338,3208.76,13.7800000000002
OPEN_LONG,3194.98,208338,3194.98,0.0
CLOSE_LONG,3194.28,208345,3194.98,-0.6999999999998181
OPEN_SHORT,3194.28,208345,3194.28,0.0
CLOSE_SHORT,3214.72,208373,3194.28,-20.4399999999996
OPEN_LONG,3214.72,208373,3214.72,0.0
CLOSE_LONG,3200.54,208394,3214.72,-14.179999999999836
OPEN_SHORT,3200.54,208394,3200.54,0.0
CLOSE_SHORT,3207.43,208410,3200.54,-6.889999999999873
OPEN_LONG,3207.43,208410,3207.43,0.0
CLOSE_LONG,3205.21,208423,3207.43,-2.2199999999998
OPEN_SHORT,3205.21,208423,3205.21,0.0
CLOSE_SHORT,3213.39,208438,3205.21,-8.179999999999836
OPEN_LONG,3213.39,208438,3213.39,0.0
CLOSE_LONG,3224.29,208448,3213.39,10.900000000000091
OPEN_SHORT,3224.29,208448,3224.29,0.0
CLOSE_SHORT,3217.09,208454,3224.29,7.199999999999818
OPEN_LONG,3217.09,208454,3217.09,0.0
CLOSE_LONG,3224.12,208459,3217.09,7.029999999999745
OPEN_SHORT,3224.12,208459,3224.12,0.0
CLOSE_SHORT,3243.18,208473,3224.12,-19.059999999999945
OPEN_LONG,3243.18,208473,3243.18,0.0
CLOSE_LONG,3257.39,208481,3243.18,14.210000000000036
OPEN_SHORT,3257.39,208481,3257.39,0.0
CLOSE_SHORT,3258.65,208487,3257.39,-1.2600000000002183
OPEN_LONG,3258.65,208487,3258.65,0.0
CLOSE_LONG,3256.44,208494,3258.65,-2.2100000000000364
OPEN_SHORT,3256.44,208494,3256.44,0.0
CLOSE_SHORT,3255.81,208501,3256.44,0.6300000000001091
OPEN_LONG,3255.81,208501,3255.81,0.0
CLOSE_LONG,3261.32,208526,3255.81,5.510000000000218
OPEN_SHORT,3261.32,208526,3261.32,0.0
CLOSE_SHORT,3246.54,208529,3261.32,14.7800000000002
OPEN_LONG,3246.54,208529,3246.54,0.0
CLOSE_LONG,3241.36,208544,3246.54,-5.179999999999836
OPEN_SHORT,3241.36,208544,3241.36,0.0
CLOSE_SHORT,3234.72,208554,3241.36,6.640000000000327
OPEN_LONG,3234.72,208554,3234.72,0.0
CLOSE_LONG,3239.32,208570,3234.72,4.600000000000364
OPEN_SHORT,3239.32,208570,3239.32,0.0
CLOSE_SHORT,3225.96,208582,3239.32,13.360000000000127
OPEN_LONG,3225.96,208582,3225.96,0.0
CLOSE_LONG,3234.27,208592,3225.96,8.309999999999945
OPEN_SHORT,3234.27,208592,3234.27,0.0
CLOSE_SHORT,3232.59,208657,3234.27,1.6799999999998363
OPEN_LONG,3232.59,208657,3232.59,0.0
CLOSE_LONG,3197.78,208696,3232.59,-34.809999999999945
OPEN_SHORT,3197.78,208696,3197.78,0.0
CLOSE_SHORT,3235.95,208731,3197.78,-38.16999999999962
OPEN_LONG,3235.95,208731,3235.95,0.0
CLOSE_LONG,3241.32,208734,3235.95,5.370000000000346
OPEN_SHORT,3241.32,208734,3241.32,0.0
CLOSE_SHORT,3230.82,208738,3241.32,10.5
OPEN_LONG,3230.82,208738,3230.82,0.0
CLOSE_LONG,3231.13,208759,3230.82,0.30999999999994543
OPEN_SHORT,3231.13,208759,3231.13,0.0
CLOSE_SHORT,3247.99,208827,3231.13,-16.859999999999673
OPEN_LONG,3247.99,208827,3247.99,0.0
CLOSE_LONG,3246.01,208850,3247.99,-1.9799999999995634
OPEN_SHORT,3246.01,208850,3246.01,0.0
CLOSE_SHORT,3240.11,208942,3246.01,5.900000000000091
OPEN_LONG,3240.11,208942,3240.11,0.0
CLOSE_LONG,3255.74,208995,3240.11,15.629999999999654
OPEN_SHORT,3255.74,208995,3255.74,0.0
CLOSE_SHORT,3247.0,209087,3255.74,8.739999999999782
OPEN_LONG,3247.0,209087,3247.0,0.0
CLOSE_LONG,3250.44,209093,3247.0,3.4400000000000546
OPEN_SHORT,3250.44,209093,3250.44,0.0
CLOSE_SHORT,3242.13,209178,3250.44,8.309999999999945
OPEN_LONG,3242.13,209178,3242.13,0.0
CLOSE_LONG,3239.15,209205,3242.13,-2.980000000000018
OPEN_SHORT,3239.15,209205,3239.15,0.0
CLOSE_SHORT,3225.55,209310,3239.15,13.599999999999909
OPEN_LONG,3225.55,209310,3225.55,0.0
CLOSE_LONG,3230.36,209315,3225.55,4.809999999999945
OPEN_SHORT,3230.36,209315,3230.36,0.0
CLOSE_SHORT,3240.67,209439,3230.36,-10.309999999999945
OPEN_LONG,3240.67,209439,3240.67,0.0
CLOSE_LONG,3236.22,209491,3240.67,-4.450000000000273
OPEN_SHORT,3236.22,209491,3236.22,0.0
CLOSE_SHORT,3226.5,209497,3236.22,9.7199999999998
OPEN_LONG,3226.5,209497,3226.5,0.0
CLOSE_LONG,3236.08,209503,3226.5,9.579999999999927
OPEN_SHORT,3236.08,209503,3236.08,0.0
CLOSE_SHORT,3228.94,209513,3236.08,7.139999999999873
OPEN_LONG,3228.94,209513,3228.94,0.0
CLOSE_LONG,3233.41,209525,3228.94,4.4699999999998
OPEN_SHORT,3233.41,209525,3233.41,0.0
CLOSE_SHORT,3221.85,209531,3233.41,11.559999999999945
OPEN_LONG,3221.85,209531,3221.85,0.0
CLOSE_LONG,3207.57,209543,3221.85,-14.279999999999745
OPEN_SHORT,3207.57,209543,3207.57,0.0
CLOSE_SHORT,3198.31,209546,3207.57,9.260000000000218
OPEN_LONG,3198.31,209546,3198.31,0.0
CLOSE_LONG,3203.74,209551,3198.31,5.429999999999836
OPEN_SHORT,3203.74,209551,3203.74,0.0
CLOSE_SHORT,3189.41,209555,3203.74,14.329999999999927
OPEN_LONG,3189.41,209555,3189.41,0.0
CLOSE_LONG,3106.57,209578,3189.41,-82.83999999999969
OPEN_SHORT,3106.57,209578,3106.57,0.0
CLOSE_SHORT,3085.02,209583,3106.57,21.550000000000182
OPEN_LONG,3085.02,209583,3085.02,0.0
CLOSE_LONG,3076.78,209598,3085.02,-8.239999999999782
OPEN_SHORT,3076.78,209598,3076.78,0.0
CLOSE_SHORT,3067.03,209602,3076.78,9.75
OPEN_LONG,3067.03,209602,3067.03,0.0
CLOSE_LONG,3071.43,209606,3067.03,4.399999999999636
OPEN_SHORT,3071.43,209606,3071.43,0.0
CLOSE_SHORT,3065.1,209609,3071.43,6.329999999999927
OPEN_LONG,3065.1,209609,3065.1,0.0
CLOSE_LONG,3077.5,209616,3065.1,12.400000000000091
OPEN_SHORT,3077.5,209616,3077.5,0.0
CLOSE_SHORT,3070.25,209622,3077.5,7.25
OPEN_LONG,3070.25,209622,3070.25,0.0
CLOSE_LONG,3058.65,209638,3070.25,-11.599999999999909
OPEN_SHORT,3058.65,209638,3058.65,0.0
CLOSE_SHORT,3081.3,209672,3058.65,-22.65000000000009
OPEN_LONG,3081.3,209672,3081.3,0.0
CLOSE_LONG,3071.56,209684,3081.3,-9.740000000000236
OPEN_SHORT,3071.56,209684,3071.56,0.0
CLOSE_SHORT,3067.67,209702,3071.56,3.8899999999998727
OPEN_LONG,3067.67,209702,3067.67,0.0
CLOSE_LONG,3069.88,209713,3067.67,2.2100000000000364
OPEN_SHORT,3069.88,209713,3069.88,0.0
CLOSE_SHORT,3076.84,209732,3069.88,-6.960000000000036
OPEN_LONG,3076.84,209732,3076.84,0.0
CLOSE_LONG,3081.68,209738,3076.84,4.839999999999691
OPEN_SHORT,3081.68,209738,3081.68,0.0
CLOSE_SHORT,3085.82,209755,3081.68,-4.140000000000327
OPEN_LONG,3085.82,209755,3085.82,0.0
CLOSE_LONG,3094.07,209760,3085.82,8.25
OPEN_SHORT,3094.07,209760,3094.07,0.0
CLOSE_SHORT,3085.02,209767,3094.07,9.050000000000182
OPEN_LONG,3085.02,209767,3085.02,0.0
CLOSE_LONG,3071.49,209783,3085.02,-13.5300000000002
OPEN_SHORT,3071.49,209783,3071.49,0.0
CLOSE_SHORT,3063.46,209817,3071.49,8.029999999999745
OPEN_LONG,3063.46,209817,3063.46,0.0
CLOSE_LONG,3070.51,209823,3063.46,7.050000000000182
OPEN_SHORT,3070.51,209823,3070.51,0.0
CLOSE_SHORT,3082.49,209943,3070.51,-11.979999999999563
OPEN_LONG,3082.49,209943,3082.49,0.0
CLOSE_LONG,3086.28,209961,3082.49,3.7900000000004184
OPEN_SHORT,3086.28,209961,3086.28,0.0
CLOSE_SHORT,3085.77,210097,3086.28,0.5100000000002183
OPEN_LONG,3085.77,210097,3085.77,0.0
CLOSE_LONG,3090.55,210348,3085.77,4.7800000000002
OPEN_SHORT,3090.55,210348,3090.55,0.0
CLOSE_SHORT,3122.73,210724,3090.55,-32.179999999999836
OPEN_LONG,3122.73,210724,3122.73,0.0
CLOSE_LONG,3103.98,210884,3122.73,-18.75
OPEN_SHORT,3103.98,210884,3103.98,0.0
CLOSE_SHORT,3100.01,210935,3103.98,3.9699999999998
OPEN_LONG,3100.01,210935,3100.01,0.0
CLOSE_LONG,3102.33,210944,3100.01,2.319999999999709
OPEN_SHORT,3102.33,210944,3102.33,0.0
CLOSE_SHORT,3090.25,211361,3102.33,12.079999999999927
OPEN_LONG,3090.25,211361,3090.25,0.0
CLOSE_LONG,3099.3,211366,3090.25,9.050000000000182
OPEN_SHORT,3099.3,211366,3099.3,0.0
CLOSE_SHORT,3104.81,211402,3099.3,-5.5099999999997635
OPEN_LONG,3104.81,211402,3104.81,0.0
CLOSE_LONG,3113.23,211424,3104.81,8.420000000000073
OPEN_SHORT,3113.23,211424,3113.23,0.0
CLOSE_SHORT,3103.29,211512,3113.23,9.940000000000055
OPEN_LONG,3103.29,211512,3103.29,0.0
CLOSE_LONG,3110.45,211523,3103.29,7.1599999999998545
OPEN_SHORT,3110.45,211523,3110.45,0.0
CLOSE_SHORT,3118.01,211603,3110.45,-7.5600000000004
OPEN_LONG,3118.01,211603,3118.01,0.0
CLOSE_LONG,3113.08,211887,3118.01,-4.930000000000291
OPEN_SHORT,3113.08,211887,3113.08,0.0
CLOSE_SHORT,3093.93,212121,3113.08,19.15000000000009
OPEN_LONG,3093.93,212121,3093.93,0.0
CLOSE_LONG,3111.47,212132,3093.93,17.539999999999964
OPEN_SHORT,3111.47,212132,3111.47,0.0
CLOSE_SHORT,3101.31,212139,3111.47,10.159999999999854
OPEN_LONG,3101.31,212139,3101.31,0.0
CLOSE_LONG,3072.38,212217,3101.31,-28.929999999999836
OPEN_SHORT,3072.38,212217,3072.38,0.0
CLOSE_SHORT,3071.0,212230,3072.38,1.3800000000001091
OPEN_LONG,3071.0,212230,3071.0,0.0
CLOSE_LONG,3078.68,212235,3071.0,7.679999999999836
OPEN_SHORT,3078.68,212235,3078.68,0.0
CLOSE_SHORT,3085.08,212291,3078.68,-6.400000000000091
OPEN_LONG,3085.08,212291,3085.08,0.0
CLOSE_LONG,3086.77,212297,3085.08,1.6900000000000546
OPEN_SHORT,3086.77,212297,3086.77,0.0
CLOSE_SHORT,3096.13,212353,3086.77,-9.360000000000127
OPEN_LONG,3096.13,212353,3096.13,0.0
CLOSE_LONG,3083.46,212394,3096.13,-12.670000000000073
OPEN_SHORT,3083.46,212394,3083.46,0.0
CLOSE_SHORT,3073.84,212418,3083.46,9.61999999999989
OPEN_LONG,3073.84,212418,3073.84,0.0
CLOSE_LONG,3081.36,212431,3073.84,7.519999999999982
OPEN_SHORT,3081.36,212431,3081.36,0.0
CLOSE_SHORT,3073.86,212436,3081.36,7.5
OPEN_LONG,3073.86,212436,3073.86,0.0
CLOSE_LONG,3081.02,212440,3073.86,7.1599999999998545
OPEN_SHORT,3081.02,212440,3081.02,0.0
CLOSE_SHORT,3089.23,212500,3081.02,-8.210000000000036
OPEN_LONG,3089.23,212500,3089.23,0.0
CLOSE_LONG,3093.35,212519,3089.23,4.119999999999891
OPEN_SHORT,3093.35,212519,3093.35,0.0
CLOSE_SHORT,3092.32,212534,3093.35,1.0299999999997453
OPEN_LONG,3092.32,212534,3092.32,0.0
CLOSE_LONG,3086.86,212552,3092.32,-5.460000000000036
OPEN_SHORT,3086.86,212552,3086.86,0.0
CLOSE_SHORT,3083.2,212614,3086.86,3.6600000000003092
OPEN_LONG,3083.2,212614,3083.2,0.0
CLOSE_LONG,3091.2,212618,3083.2,8.0
OPEN_SHORT,3091.2,212618,3091.2,0.0
CLOSE_SHORT,3089.1,212687,3091.2,2.099999999999909
OPEN_LONG,3089.1,212687,3089.1,0.0
CLOSE_LONG,3094.68,212722,3089.1,5.579999999999927
OPEN_SHORT,3094.68,212722,3094.68,0.0
CLOSE_SHORT,3075.91,212810,3094.68,18.769999999999982
OPEN_LONG,3075.91,212810,3075.91,0.0
CLOSE_LONG,3086.81,212831,3075.91,10.900000000000091
OPEN_SHORT,3086.81,212831,3086.81,0.0
CLOSE_SHORT,3075.1,212841,3086.81,11.710000000000036
OPEN_LONG,3075.1,212841,3075.1,0.0
CLOSE_LONG,3065.74,212863,3075.1,-9.360000000000127
OPEN_SHORT,3065.74,212863,3065.74,0.0
CLOSE_SHORT,3054.46,212867,3065.74,11.279999999999745
OPEN_LONG,3054.46,212867,3054.46,0.0
CLOSE_LONG,3062.06,212872,3054.46,7.599999999999909
OPEN_SHORT,3062.06,212872,3062.06,0.0
CLOSE_SHORT,3065.51,212893,3062.06,-3.450000000000273
OPEN_LONG,3065.51,212893,3065.51,0.0
CLOSE_LONG,3072.65,212896,3065.51,7.139999999999873
OPEN_SHORT,3072.65,212896,3072.65,0.0
CLOSE_SHORT,3062.0,212899,3072.65,10.650000000000091
OPEN_LONG,3062.0,212899,3062.0,0.0
CLOSE_LONG,3051.01,212925,3062.0,-10.989999999999782
OPEN_SHORT,3051.01,212925,3051.01,0.0
CLOSE_SHORT,3050.89,212933,3051.01,0.12000000000034561
OPEN_LONG,3050.89,212933,3050.89,0.0
CLOSE_LONG,3061.23,212938,3050.89,10.340000000000146
OPEN_SHORT,3061.23,212938,3061.23,0.0
CLOSE_SHORT,3067.14,212954,3061.23,-5.9099999999998545
OPEN_LONG,3067.14,212954,3067.14,0.0
CLOSE_LONG,3064.88,212964,3067.14,-2.2599999999997635
OPEN_SHORT,3064.88,212964,3064.88,0.0
CLOSE_SHORT,3068.34,212983,3064.88,-3.4600000000000364
OPEN_LONG,3068.34,212983,3068.34,0.0
CLOSE_LONG,3061.95,212994,3068.34,-6.390000000000327
OPEN_SHORT,3061.95,212994,3061.95,0.0
CLOSE_SHORT,3065.8,213015,3061.95,-3.850000000000364
OPEN_LONG,3065.8,213015,3065.8,0.0
CLOSE_LONG,3074.08,213020,3065.8,8.279999999999745
OPEN_SHORT,3074.08,213020,3074.08,0.0
CLOSE_SHORT,3131.8,213093,3074.08,-57.720000000000255
OPEN_LONG,3131.8,213093,3131.8,0.0
CLOSE_LONG,3120.83,213137,3131.8,-10.970000000000255
OPEN_SHORT,3120.83,213137,3120.83,0.0
CLOSE_SHORT,3106.43,213211,3120.83,14.400000000000091
OPEN_LONG,3106.43,213211,3106.43,0.0
CLOSE_LONG,3112.27,213218,3106.43,5.8400000000001455
OPEN_SHORT,3112.27,213218,3112.27,0.0
CLOSE_SHORT,3129.74,213372,3112.27,-17.4699999999998
OPEN_LONG,3129.74,213372,3129.74,0.0
CLOSE_LONG,3129.67,213382,3129.74,-0.06999999999970896
OPEN_SHORT,3129.67,213382,3129.67,0.0
CLOSE_SHORT,3125.64,213440,3129.67,4.0300000000002
OPEN_LONG,3125.64,213440,3125.64,0.0
CLOSE_LONG,3138.08,213453,3125.64,12.440000000000055
OPEN_SHORT,3138.08,213453,3138.08,0.0
CLOSE_SHORT,3164.67,213583,3138.08,-26.590000000000146
OPEN_LONG,3164.67,213583,3164.67,0.0
CLOSE_LONG,3160.26,213617,3164.67,-4.4099999999998545
OPEN_SHORT,3160.26,213617,3160.26,0.0
CLOSE_SHORT,3149.47,213648,3160.26,10.790000000000418
OPEN_LONG,3149.47,213648,3149.47,0.0
CLOSE_LONG,3157.74,213721,3149.47,8.269999999999982
OPEN_SHORT,3157.74,213721,3157.74,0.0
CLOSE_SHORT,3147.89,213730,3157.74,9.849999999999909
OPEN_LONG,3147.89,213730,3147.89,0.0
CLOSE_LONG,3140.49,213803,3147.89,-7.400000000000091
OPEN_SHORT,3140.49,213803,3140.49,0.0
CLOSE_SHORT,3131.14,213809,3140.49,9.349999999999909
OPEN_LONG,3131.14,213809,3131.14,0.0
CLOSE_LONG,3138.86,213823,3131.14,7.720000000000255
OPEN_SHORT,3138.86,213823,3138.86,0.0
CLOSE_SHORT,3127.93,213828,3138.86,10.930000000000291
OPEN_LONG,3127.93,213828,3127.93,0.0
CLOSE_LONG,3045.65,213852,3127.93,-82.27999999999975
OPEN_SHORT,3045.65,213852,3045.65,0.0
CLOSE_SHORT,3036.97,213857,3045.65,8.680000000000291
OPEN_LONG,3036.97,213857,3036.97,0.0
CLOSE_LONG,2999.43,213876,3036.97,-37.539999999999964
OPEN_SHORT,2999.43,213876,2999.43,0.0
CLOSE_SHORT,3000.42,213883,2999.43,-0.9900000000002365
OPEN_LONG,3000.42,213883,3000.42,0.0
CLOSE_LONG,2998.54,213889,3000.42,-1.8800000000001091
OPEN_SHORT,2998.54,213889,2998.54,0.0
CLOSE_SHORT,3013.0,213897,2998.54,-14.460000000000036
OPEN_LONG,3013.0,213897,3013.0,0.0
CLOSE_LONG,3002.43,213904,3013.0,-10.570000000000164
OPEN_SHORT,3002.43,213904,3002.43,0.0
CLOSE_SHORT,2997.96,213919,3002.43,4.4699999999998
OPEN_LONG,2997.96,213919,2997.96,0.0
CLOSE_LONG,3007.5,213924,2997.96,9.539999999999964
OPEN_SHORT,3007.5,213924,3007.5,0.0
CLOSE_SHORT,2999.44,213937,3007.5,8.059999999999945
OPEN_LONG,2999.44,213937,2999.44,0.0
CLOSE_LONG,2975.15,213957,2999.44,-24.289999999999964
OPEN_SHORT,2975.15,213957,2975.15,0.0
CLOSE_SHORT,2975.88,213970,2975.15,-0.7300000000000182
OPEN_LONG,2975.88,213970,2975.88,0.0
CLOSE_LONG,2976.01,213986,2975.88,0.13000000000010914
OPEN_SHORT,2976.01,213986,2976.01,0.0
CLOSE_SHORT,2961.02,213998,2976.01,14.990000000000236
OPEN_LONG,2961.02,213998,2961.02,0.0
CLOSE_LONG,2952.49,214010,2961.02,-8.5300000000002
OPEN_SHORT,2952.49,214010,2952.49,0.0
CLOSE_SHORT,2949.94,214013,2952.49,2.549999999999727
OPEN_LONG,2949.94,214013,2949.94,0.0
CLOSE_LONG,2932.95,214035,2949.94,-16.990000000000236
OPEN_SHORT,2932.95,214035,2932.95,0.0
CLOSE_SHORT,2927.54,214047,2932.95,5.4099999999998545
OPEN_LONG,2927.54,214047,2927.54,0.0
CLOSE_LONG,2913.54,214066,2927.54,-14.0
OPEN_SHORT,2913.54,214066,2913.54,0.0
CLOSE_SHORT,2948.59,214094,2913.54,-35.05000000000018
OPEN_LONG,2948.59,214094,2948.59,0.0
CLOSE_LONG,2939.7,214104,2948.59,-8.890000000000327
OPEN_SHORT,2939.7,214104,2939.7,0.0
CLOSE_SHORT,2944.65,214115,2939.7,-4.950000000000273
OPEN_LONG,2944.65,214115,2944.65,0.0
CLOSE_LONG,2953.02,214117,2944.65,8.36999999999989
OPEN_SHORT,2953.02,214117,2953.02,0.0
CLOSE_SHORT,2937.39,214132,2953.02,15.63000000000011
OPEN_LONG,2937.39,214132,2937.39,0.0
CLOSE_LONG,2943.74,214142,2937.39,6.349999999999909
OPEN_SHORT,2943.74,214142,2943.74,0.0
CLOSE_SHORT,2932.88,214146,2943.74,10.859999999999673
OPEN_LONG,2932.88,214146,2932.88,0.0
CLOSE_LONG,2923.5,214168,2932.88,-9.38000000000011
OPEN_SHORT,2923.5,214168,2923.5,0.0
CLOSE_SHORT,2929.95,214193,2923.5,-6.449999999999818
OPEN_LONG,2929.95,214193,2929.95,0.0
CLOSE_LONG,2923.16,214218,2929.95,-6.789999999999964
OPEN_SHORT,2923.16,214218,2923.16,0.0
CLOSE_SHORT,2937.0,214249,2923.16,-13.840000000000146
OPEN_LONG,2937.0,214249,2937.0,0.0
CLOSE_LONG,2945.8,214262,2937.0,8.800000000000182
OPEN_SHORT,2945.8,214262,2945.8,0.0
CLOSE_SHORT,2960.63,214345,2945.8,-14.829999999999927
OPEN_LONG,2960.63,214345,2960.63,0.0
CLOSE_LONG,2962.06,214365,2960.63,1.4299999999998363
OPEN_SHORT,2962.06,214365,2962.06,0.0
CLOSE_SHORT,2965.63,214417,2962.06,-3.5700000000001637
OPEN_LONG,2965.63,214417,2965.63,0.0
CLOSE_LONG,2948.56,214448,2965.63,-17.070000000000164
OPEN_SHORT,2948.56,214448,2948.56,0.0
CLOSE_SHORT,2948.03,214464,2948.56,0.5299999999997453
OPEN_LONG,2948.03,214464,2948.03,0.0
CLOSE_LONG,2957.92,214469,2948.03,9.889999999999873
OPEN_SHORT,2957.92,214469,2957.92,0.0
CLOSE_SHORT,2949.66,214473,2957.92,8.260000000000218
OPEN_LONG,2949.66,214473,2949.66,0.0
CLOSE_LONG,2956.99,214532,2949.66,7.329999999999927
OPEN_SHORT,2956.99,214532,2956.99,0.0
CLOSE_SHORT,2957.2,214538,2956.99,-0.21000000000003638
OPEN_LONG,2957.2,214538,2957.2,0.0
CLOSE_LONG,2939.27,214595,2957.2,-17.929999999999836
OPEN_SHORT,2939.27,214595,2939.27,0.0
CLOSE_SHORT,2921.03,214599,2939.27,18.23999999999978
OPEN_LONG,2921.03,214599,2921.03,0.0
CLOSE_LONG,2932.3,214604,2921.03,11.269999999999982
OPEN_SHORT,2932.3,214604,2932.3,0.0
CLOSE_SHORT,2925.26,214641,2932.3,7.039999999999964
OPEN_LONG,2925.26,214641,2925.26,0.0
CLOSE_LONG,2910.46,214667,2925.26,-14.800000000000182
OPEN_SHORT,2910.46,214667,2910.46,0.0
CLOSE_SHORT,2898.9,214674,2910.46,11.559999999999945
OPEN_LONG,2898.9,214674,2898.9,0.0
CLOSE_LONG,2908.64,214678,2898.9,9.739999999999782
OPEN_SHORT,2908.64,214678,2908.64,0.0
CLOSE_SHORT,2934.39,214820,2908.64,-25.75
OPEN_LONG,2934.39,214820,2934.39,0.0
CLOSE_LONG,2923.95,214855,2934.39,-10.440000000000055
OPEN_SHORT,2923.95,214855,2923.95,0.0
CLOSE_SHORT,2924.75,214881,2923.95,-0.8000000000001819
OPEN_LONG,2924.75,214881,2924.75,0.0
CLOSE_LONG,2934.36,214910,2924.75,9.610000000000127
OPEN_SHORT,2934.36,214910,2934.36,0.0
CLOSE_SHORT,2926.39,214922,2934.36,7.970000000000255
OPEN_LONG,2926.39,214922,2926.39,0.0
CLOSE_LONG,2930.81,215011,2926.39,4.420000000000073
OPEN_SHORT,2930.81,215011,2930.81,0.0
CLOSE_SHORT,2949.44,215034,2930.81,-18.63000000000011
OPEN_LONG,2949.44,215034,2949.44,0.0
CLOSE_LONG,2948.08,215042,2949.44,-1.3600000000001273
OPEN_SHORT,2948.08,215042,2948.08,0.0
CLOSE_SHORT,2937.79,215048,2948.08,10.289999999999964
OPEN_LONG,2937.79,215048,2937.79,0.0
CLOSE_LONG,2942.99,215053,2937.79,5.199999999999818
OPEN_SHORT,2942.99,215053,2942.99,0.0
CLOSE_SHORT,2951.76,215127,2942.99,-8.770000000000437
OPEN_LONG,2951.76,215127,2951.76,0.0
CLOSE_LONG,2952.69,215150,2951.76,0.9299999999998363
OPEN_SHORT,2952.69,215150,2952.69,0.0
CLOSE_SHORT,2951.7,215196,2952.69,0.9900000000002365
OPEN_LONG,2951.7,215196,2951.7,0.0
CLOSE_LONG,2937.17,215205,2951.7,-14.529999999999745
OPEN_SHORT,2937.17,215205,2937.17,0.0
CLOSE_SHORT,2930.91,215210,2937.17,6.260000000000218
OPEN_LONG,2930.91,215210,2930.91,0.0
CLOSE_LONG,2935.52,215217,2930.91,4.610000000000127
OPEN_SHORT,2935.52,215217,2935.52,0.0
CLOSE_SHORT,2917.08,215224,2935.52,18.440000000000055
OPEN_LONG,2917.08,215224,2917.08,0.0
CLOSE_LONG,2906.79,215226,2917.08,-10.289999999999964
