type,price,timestamp,entry_price,pnl
OPEN_LONG,3820.16,720,3820.16,0.0
CLOSE_LONG,3823.36,759,3820.16,3.200000000000273
OPEN_SHORT,3823.36,759,3823.36,0.0
CLOSE_SHORT,3815.21,764,3823.36,8.150000000000091
OPEN_LONG,3815.21,764,3815.21,0.0
CLOSE_LONG,3757.42,837,3815.21,-57.789999999999964
OPEN_SHORT,3757.42,837,3757.42,0.0
CLOSE_SHORT,3747.31,842,3757.42,10.110000000000127
OPEN_LONG,3747.31,842,3747.31,0.0
CLOSE_LONG,3705.46,885,3747.31,-41.84999999999991
OPEN_SHORT,3705.46,885,3705.46,0.0
CLOSE_SHORT,3695.69,889,3705.46,9.769999999999982
OPEN_LONG,3695.69,889,3695.69,0.0
CLOSE_LONG,3692.85,897,3695.69,-2.8400000000001455
OPEN_SHORT,3692.85,897,3692.85,0.0
CLOSE_SHORT,3671.45,901,3692.85,21.40000000000009
OPEN_LONG,3671.45,901,3671.45,0.0
CLOSE_LONG,3668.83,912,3671.45,-2.619999999999891
OPEN_SHORT,3668.83,912,3668.83,0.0
CLOSE_SHORT,3715.15,928,3668.83,-46.320000000000164
OPEN_LONG,3715.15,928,3715.15,0.0
CLOSE_LONG,3731.43,934,3715.15,16.279999999999745
OPEN_SHORT,3731.43,934,3731.43,0.0
CLOSE_SHORT,3720.01,941,3731.43,11.419999999999618
OPEN_LONG,3720.01,941,3720.01,0.0
CLOSE_LONG,3727.46,943,3720.01,7.449999999999818
OPEN_SHORT,3727.46,943,3727.46,0.0
CLOSE_SHORT,3727.39,963,3727.46,0.07000000000016371
OPEN_LONG,3727.39,963,3727.39,0.0
CLOSE_LONG,3740.76,966,3727.39,13.370000000000346
OPEN_SHORT,3740.76,966,3740.76,0.0
CLOSE_SHORT,3726.02,978,3740.76,14.740000000000236
OPEN_LONG,3726.02,978,3726.02,0.0
CLOSE_LONG,3733.33,983,3726.02,7.309999999999945
OPEN_SHORT,3733.33,983,3733.33,0.0
CLOSE_SHORT,3737.07,1080,3733.33,-3.7400000000002365
OPEN_LONG,3737.07,1080,3737.07,0.0
CLOSE_LONG,3738.71,1110,3737.07,1.6399999999998727
OPEN_SHORT,3738.71,1110,3738.71,0.0
CLOSE_SHORT,3742.86,1116,3738.71,-4.150000000000091
OPEN_LONG,3742.86,1116,3742.86,0.0
CLOSE_LONG,3718.24,1143,3742.86,-24.620000000000346
OPEN_SHORT,3718.24,1143,3718.24,0.0
CLOSE_SHORT,3719.96,1155,3718.24,-1.7200000000002547
OPEN_LONG,3719.96,1155,3719.96,0.0
CLOSE_LONG,3728.92,1173,3719.96,8.960000000000036
OPEN_SHORT,3728.92,1173,3728.92,0.0
CLOSE_SHORT,3713.4,1177,3728.92,15.519999999999982
OPEN_LONG,3713.4,1177,3713.4,0.0
CLOSE_LONG,3731.8,1182,3713.4,18.40000000000009
OPEN_SHORT,3731.8,1182,3731.8,0.0
CLOSE_SHORT,3721.58,1187,3731.8,10.220000000000255
OPEN_LONG,3721.58,1187,3721.58,0.0
CLOSE_LONG,3720.57,1213,3721.58,-1.0099999999997635
OPEN_SHORT,3720.57,1213,3720.57,0.0
CLOSE_SHORT,3729.1,1232,3720.57,-8.529999999999745
OPEN_LONG,3729.1,1232,3729.1,0.0
CLOSE_LONG,3721.52,1242,3729.1,-7.579999999999927
OPEN_SHORT,3721.52,1242,3721.52,0.0
CLOSE_SHORT,3708.68,1248,3721.52,12.840000000000146
OPEN_LONG,3708.68,1248,3708.68,0.0
CLOSE_LONG,3718.75,1252,3708.68,10.070000000000164
OPEN_SHORT,3718.75,1252,3718.75,0.0
CLOSE_SHORT,3791.8,1299,3718.75,-73.05000000000018
OPEN_LONG,3791.8,1299,3791.8,0.0
CLOSE_LONG,3786.0,1320,3791.8,-5.800000000000182
OPEN_SHORT,3786.0,1320,3786.0,0.0
CLOSE_SHORT,3805.6,1353,3786.0,-19.59999999999991
OPEN_LONG,3805.6,1353,3805.6,0.0
CLOSE_LONG,3806.93,1363,3805.6,1.3299999999999272
OPEN_SHORT,3806.93,1363,3806.93,0.0
CLOSE_SHORT,3797.97,1368,3806.93,8.960000000000036
OPEN_LONG,3797.97,1368,3797.97,0.0
CLOSE_LONG,3820.0,1447,3797.97,22.0300000000002
OPEN_SHORT,3820.0,1447,3820.0,0.0
CLOSE_SHORT,3820.21,1452,3820.0,-0.21000000000003638
OPEN_LONG,3820.21,1452,3820.21,0.0
CLOSE_LONG,3827.69,1464,3820.21,7.480000000000018
OPEN_SHORT,3827.69,1464,3827.69,0.0
CLOSE_SHORT,3823.7,1475,3827.69,3.9900000000002365
OPEN_LONG,3823.7,1475,3823.7,0.0
CLOSE_LONG,3832.45,1481,3823.7,8.75
OPEN_SHORT,3832.45,1481,3832.45,0.0
CLOSE_SHORT,3830.62,1508,3832.45,1.8299999999999272
OPEN_LONG,3830.62,1508,3830.62,0.0
CLOSE_LONG,3832.08,1563,3830.62,1.4600000000000364
OPEN_SHORT,3832.08,1563,3832.08,0.0
CLOSE_SHORT,3834.52,1588,3832.08,-2.4400000000000546
OPEN_LONG,3834.52,1588,3834.52,0.0
CLOSE_LONG,3825.46,1657,3834.52,-9.059999999999945
OPEN_SHORT,3825.46,1657,3825.46,0.0
CLOSE_SHORT,3825.97,1667,3825.46,-0.5099999999997635
OPEN_LONG,3825.97,1667,3825.97,0.0
CLOSE_LONG,3841.34,1672,3825.97,15.370000000000346
OPEN_SHORT,3841.34,1672,3841.34,0.0
CLOSE_SHORT,3838.29,1682,3841.34,3.050000000000182
OPEN_LONG,3838.29,1682,3838.29,0.0
CLOSE_LONG,3831.78,1744,3838.29,-6.5099999999997635
OPEN_SHORT,3831.78,1744,3831.78,0.0
CLOSE_SHORT,3816.92,1754,3831.78,14.860000000000127
OPEN_LONG,3816.92,1754,3816.92,0.0
CLOSE_LONG,3820.41,1899,3816.92,3.4899999999997817
OPEN_SHORT,3820.41,1899,3820.41,0.0
CLOSE_SHORT,3806.33,1903,3820.41,14.079999999999927
OPEN_LONG,3806.33,1903,3806.33,0.0
CLOSE_LONG,3862.11,1962,3806.33,55.7800000000002
OPEN_SHORT,3862.11,1962,3862.11,0.0
CLOSE_SHORT,3973.88,1976,3862.11,-111.76999999999998
OPEN_LONG,3973.88,1976,3973.88,0.0
CLOSE_LONG,4004.56,1980,3973.88,30.679999999999836
OPEN_SHORT,4004.56,1980,4004.56,0.0
CLOSE_SHORT,4007.93,1988,4004.56,-3.369999999999891
OPEN_LONG,4007.93,1988,4007.93,0.0
CLOSE_LONG,4033.27,1990,4007.93,25.340000000000146
OPEN_SHORT,4033.27,1990,4033.27,0.0
CLOSE_SHORT,4063.33,2001,4033.27,-30.059999999999945
OPEN_LONG,4063.33,2001,4063.33,0.0
CLOSE_LONG,4004.83,2017,4063.33,-58.5
OPEN_SHORT,4004.83,2017,4004.83,0.0
CLOSE_SHORT,4069.37,2048,4004.83,-64.53999999999996
OPEN_LONG,4069.37,2048,4069.37,0.0
CLOSE_LONG,4087.17,2050,4069.37,17.800000000000182
OPEN_SHORT,4087.17,2050,4087.17,0.0
CLOSE_SHORT,4068.41,2055,4087.17,18.76000000000022
OPEN_LONG,4068.41,2055,4068.41,0.0
CLOSE_LONG,4071.48,2065,4068.41,3.0700000000001637
OPEN_SHORT,4071.48,2065,4071.48,0.0
CLOSE_SHORT,4067.32,2073,4071.48,4.1599999999998545
OPEN_LONG,4067.32,2073,4067.32,0.0
CLOSE_LONG,4078.11,2080,4067.32,10.789999999999964
OPEN_SHORT,4078.11,2080,4078.11,0.0
CLOSE_SHORT,4113.61,2086,4078.11,-35.499999999999545
OPEN_LONG,4113.61,2086,4113.61,0.0
CLOSE_LONG,4114.73,2104,4113.61,1.1199999999998909
OPEN_SHORT,4114.73,2104,4114.73,0.0
CLOSE_SHORT,4139.99,2115,4114.73,-25.26000000000022
OPEN_LONG,4139.99,2115,4139.99,0.0
CLOSE_LONG,4148.98,2142,4139.99,8.989999999999782
OPEN_SHORT,4148.98,2142,4148.98,0.0
CLOSE_SHORT,4127.64,2146,4148.98,21.339999999999236
OPEN_LONG,4127.64,2146,4127.64,0.0
CLOSE_LONG,4132.7,2156,4127.64,5.059999999999491
OPEN_SHORT,4132.7,2156,4132.7,0.0
CLOSE_SHORT,4133.2,2170,4132.7,-0.5
OPEN_LONG,4133.2,2170,4133.2,0.0
CLOSE_LONG,4146.86,2305,4133.2,13.659999999999854
OPEN_SHORT,4146.86,2305,4146.86,0.0
CLOSE_SHORT,4138.86,2314,4146.86,8.0
OPEN_LONG,4138.86,2314,4138.86,0.0
CLOSE_LONG,4148.99,2320,4138.86,10.13000000000011
OPEN_SHORT,4148.99,2320,4148.99,0.0
CLOSE_SHORT,4141.05,2331,4148.99,7.9399999999996
OPEN_LONG,4141.05,2331,4141.05,0.0
CLOSE_LONG,4147.52,2339,4141.05,6.470000000000255
OPEN_SHORT,4147.52,2339,4147.52,0.0
CLOSE_SHORT,4129.7,2343,4147.52,17.82000000000062
OPEN_LONG,4129.7,2343,4129.7,0.0
CLOSE_LONG,4155.13,2349,4129.7,25.43000000000029
OPEN_SHORT,4155.13,2349,4155.13,0.0
CLOSE_SHORT,4138.41,2354,4155.13,16.720000000000255
OPEN_LONG,4138.41,2354,4138.41,0.0
CLOSE_LONG,4111.58,2374,4138.41,-26.829999999999927
OPEN_SHORT,4111.58,2374,4111.58,0.0
CLOSE_SHORT,4108.18,2377,4111.58,3.399999999999636
OPEN_LONG,4108.18,2377,4108.18,0.0
CLOSE_LONG,4149.36,2396,4108.18,41.17999999999938
OPEN_SHORT,4149.36,2396,4149.36,0.0
CLOSE_SHORT,4128.58,2400,4149.36,20.779999999999745
OPEN_LONG,4128.58,2400,4128.58,0.0
CLOSE_LONG,4136.95,2412,4128.58,8.36999999999989
OPEN_SHORT,4136.95,2412,4136.95,0.0
CLOSE_SHORT,4126.81,2415,4136.95,10.139999999999418
OPEN_LONG,4126.81,2415,4126.81,0.0
CLOSE_LONG,4127.73,2478,4126.81,0.9199999999991633
OPEN_SHORT,4127.73,2478,4127.73,0.0
CLOSE_SHORT,4136.0,2493,4127.73,-8.270000000000437
OPEN_LONG,4136.0,2493,4136.0,0.0
CLOSE_LONG,4143.12,2502,4136.0,7.119999999999891
OPEN_SHORT,4143.12,2502,4143.12,0.0
CLOSE_SHORT,4141.58,2516,4143.12,1.5399999999999636
OPEN_LONG,4141.58,2516,4141.58,0.0
CLOSE_LONG,4155.48,2531,4141.58,13.899999999999636
OPEN_SHORT,4155.48,2531,4155.48,0.0
CLOSE_SHORT,4152.3,2539,4155.48,3.1799999999993815
OPEN_LONG,4152.3,2539,4152.3,0.0
CLOSE_LONG,4146.35,2566,4152.3,-5.949999999999818
OPEN_SHORT,4146.35,2566,4146.35,0.0
CLOSE_SHORT,4135.82,2576,4146.35,10.530000000000655
OPEN_LONG,4135.82,2576,4135.82,0.0
CLOSE_LONG,4142.55,2584,4135.82,6.730000000000473
OPEN_SHORT,4142.55,2584,4142.55,0.0
CLOSE_SHORT,4130.82,2588,4142.55,11.730000000000473
OPEN_LONG,4130.82,2588,4130.82,0.0
CLOSE_LONG,4144.95,2595,4130.82,14.13000000000011
OPEN_SHORT,4144.95,2595,4144.95,0.0
CLOSE_SHORT,4155.89,2613,4144.95,-10.94000000000051
OPEN_LONG,4155.89,2613,4155.89,0.0
CLOSE_LONG,4187.21,2631,4155.89,31.31999999999971
OPEN_SHORT,4187.21,2631,4187.21,0.0
CLOSE_SHORT,4173.31,2638,4187.21,13.899999999999636
OPEN_LONG,4173.31,2638,4173.31,0.0
CLOSE_LONG,4175.37,2660,4173.31,2.0599999999994907
OPEN_SHORT,4175.37,2660,4175.37,0.0
CLOSE_SHORT,4165.78,2663,4175.37,9.590000000000146
OPEN_LONG,4165.78,2663,4165.78,0.0
CLOSE_LONG,4164.0,2699,4165.78,-1.7799999999997453
OPEN_SHORT,4164.0,2699,4164.0,0.0
CLOSE_SHORT,4155.49,2715,4164.0,8.510000000000218
OPEN_LONG,4155.49,2715,4155.49,0.0
CLOSE_LONG,4141.05,2882,4155.49,-14.4399999999996
OPEN_SHORT,4141.05,2882,4141.05,0.0
CLOSE_SHORT,4155.91,2918,4141.05,-14.859999999999673
OPEN_LONG,4155.91,2918,4155.91,0.0
CLOSE_LONG,4158.66,2926,4155.91,2.75
OPEN_SHORT,4158.66,2926,4158.66,0.0
CLOSE_SHORT,4163.0,2938,4158.66,-4.3400000000001455
OPEN_LONG,4163.0,2938,4163.0,0.0
CLOSE_LONG,4174.32,2943,4163.0,11.319999999999709
OPEN_SHORT,4174.32,2943,4174.32,0.0
CLOSE_SHORT,4178.57,2969,4174.32,-4.25
OPEN_LONG,4178.57,2969,4178.57,0.0
CLOSE_LONG,4190.9,2974,4178.57,12.329999999999927
OPEN_SHORT,4190.9,2974,4190.9,0.0
CLOSE_SHORT,4176.6,2981,4190.9,14.299999999999272
OPEN_LONG,4176.6,2981,4176.6,0.0
CLOSE_LONG,4172.36,2989,4176.6,-4.240000000000691
OPEN_SHORT,4172.36,2989,4172.36,0.0
CLOSE_SHORT,4169.47,2998,4172.36,2.889999999999418
OPEN_LONG,4169.47,2998,4169.47,0.0
CLOSE_LONG,4188.01,3009,4169.47,18.539999999999964
OPEN_SHORT,4188.01,3009,4188.01,0.0
CLOSE_SHORT,4187.86,3017,4188.01,0.1500000000005457
OPEN_LONG,4187.86,3017,4187.86,0.0
CLOSE_LONG,4077.83,3209,4187.86,-110.02999999999975
OPEN_SHORT,4077.83,3209,4077.83,0.0
CLOSE_SHORT,4071.06,3212,4077.83,6.769999999999982
OPEN_LONG,4071.06,3212,4071.06,0.0
CLOSE_LONG,4084.2,3217,4071.06,13.139999999999873
OPEN_SHORT,4084.2,3217,4084.2,0.0
CLOSE_SHORT,4078.44,3221,4084.2,5.7599999999997635
OPEN_LONG,4078.44,3221,4078.44,0.0
CLOSE_LONG,4093.36,3229,4078.44,14.920000000000073
OPEN_SHORT,4093.36,3229,4093.36,0.0
CLOSE_SHORT,4078.07,3234,4093.36,15.289999999999964
OPEN_LONG,4078.07,3234,4078.07,0.0
CLOSE_LONG,4081.32,3242,4078.07,3.25
OPEN_SHORT,4081.32,3242,4081.32,0.0
CLOSE_SHORT,4101.42,3250,4081.32,-20.09999999999991
OPEN_LONG,4101.42,3250,4101.42,0.0
CLOSE_LONG,4124.8,3267,4101.42,23.38000000000011
OPEN_SHORT,4124.8,3267,4124.8,0.0
CLOSE_SHORT,4115.62,3272,4124.8,9.180000000000291
OPEN_LONG,4115.62,3272,4115.62,0.0
CLOSE_LONG,4108.01,3297,4115.62,-7.609999999999673
OPEN_SHORT,4108.01,3297,4108.01,0.0
CLOSE_SHORT,4093.88,3308,4108.01,14.13000000000011
OPEN_LONG,4093.88,3308,4093.88,0.0
CLOSE_LONG,4107.8,3313,4093.88,13.920000000000073
OPEN_SHORT,4107.8,3313,4107.8,0.0
CLOSE_SHORT,4096.65,3317,4107.8,11.150000000000546
OPEN_LONG,4096.65,3317,4096.65,0.0
CLOSE_LONG,4102.0,3322,4096.65,5.350000000000364
OPEN_SHORT,4102.0,3322,4102.0,0.0
CLOSE_SHORT,4138.94,3331,4102.0,-36.9399999999996
OPEN_LONG,4138.94,3331,4138.94,0.0
CLOSE_LONG,4141.82,3338,4138.94,2.880000000000109
OPEN_SHORT,4141.82,3338,4141.82,0.0
CLOSE_SHORT,4126.11,3343,4141.82,15.710000000000036
OPEN_LONG,4126.11,3343,4126.11,0.0
CLOSE_LONG,4139.03,3345,4126.11,12.920000000000073
OPEN_SHORT,4139.03,3345,4139.03,0.0
CLOSE_SHORT,4151.52,3360,4139.03,-12.490000000000691
OPEN_LONG,4151.52,3360,4151.52,0.0
CLOSE_LONG,4121.27,3390,4151.52,-30.25
OPEN_SHORT,4121.27,3390,4121.27,0.0
CLOSE_SHORT,4111.56,3396,4121.27,9.710000000000036
OPEN_LONG,4111.56,3396,4111.56,0.0
CLOSE_LONG,4097.56,3415,4111.56,-14.0
OPEN_SHORT,4097.56,3415,4097.56,0.0
CLOSE_SHORT,4119.66,3437,4097.56,-22.099999999999454
OPEN_LONG,4119.66,3437,4119.66,0.0
CLOSE_LONG,4156.41,3485,4119.66,36.75
OPEN_SHORT,4156.41,3485,4156.41,0.0
CLOSE_SHORT,4148.3,3488,4156.41,8.109999999999673
OPEN_LONG,4148.3,3488,4148.3,0.0
CLOSE_LONG,4158.0,3500,4148.3,9.699999999999818
OPEN_SHORT,4158.0,3500,4158.0,0.0
CLOSE_SHORT,4143.86,3505,4158.0,14.140000000000327
OPEN_LONG,4143.86,3505,4143.86,0.0
CLOSE_LONG,4149.59,3514,4143.86,5.730000000000473
OPEN_SHORT,4149.59,3514,4149.59,0.0
CLOSE_SHORT,4164.06,3546,4149.59,-14.470000000000255
OPEN_LONG,4164.06,3546,4164.06,0.0
CLOSE_LONG,4165.54,3556,4164.06,1.4799999999995634
OPEN_SHORT,4165.54,3556,4165.54,0.0
CLOSE_SHORT,4173.38,3585,4165.54,-7.8400000000001455
OPEN_LONG,4173.38,3585,4173.38,0.0
CLOSE_LONG,4183.6,3587,4173.38,10.220000000000255
OPEN_SHORT,4183.6,3587,4183.6,0.0
CLOSE_SHORT,4212.39,3599,4183.6,-28.789999999999964
OPEN_LONG,4212.39,3599,4212.39,0.0
CLOSE_LONG,4207.32,3613,4212.39,-5.0700000000006185
OPEN_SHORT,4207.32,3613,4207.32,0.0
CLOSE_SHORT,4220.0,3630,4207.32,-12.680000000000291
OPEN_LONG,4220.0,3630,4220.0,0.0
CLOSE_LONG,4233.81,3636,4220.0,13.8100000000004
OPEN_SHORT,4233.81,3636,4233.81,0.0
CLOSE_SHORT,4223.72,3641,4233.81,10.090000000000146
OPEN_LONG,4223.72,3641,4223.72,0.0
CLOSE_LONG,4225.98,3652,4223.72,2.259999999999309
OPEN_SHORT,4225.98,3652,4225.98,0.0
CLOSE_SHORT,4254.99,3711,4225.98,-29.01000000000022
OPEN_LONG,4254.99,3711,4254.99,0.0
CLOSE_LONG,4262.12,3719,4254.99,7.130000000000109
OPEN_SHORT,4262.12,3719,4262.12,0.0
CLOSE_SHORT,4256.83,3724,4262.12,5.289999999999964
OPEN_LONG,4256.83,3724,4256.83,0.0
CLOSE_LONG,4256.81,3752,4256.83,-0.019999999999527063
OPEN_SHORT,4256.81,3752,4256.81,0.0
CLOSE_SHORT,4272.12,3779,4256.81,-15.30999999999949
OPEN_LONG,4272.12,3779,4272.12,0.0
CLOSE_LONG,4276.08,3794,4272.12,3.9600000000000364
OPEN_SHORT,4276.08,3794,4276.08,0.0
CLOSE_SHORT,4265.32,3800,4276.08,10.760000000000218
OPEN_LONG,4265.32,3800,4265.32,0.0
CLOSE_LONG,4262.57,3870,4265.32,-2.75
OPEN_SHORT,4262.57,3870,4262.57,0.0
CLOSE_SHORT,4261.62,3880,4262.57,0.9499999999998181
OPEN_LONG,4261.62,3880,4261.62,0.0
CLOSE_LONG,4251.83,3973,4261.62,-9.789999999999964
OPEN_SHORT,4251.83,3973,4251.83,0.0
CLOSE_SHORT,4247.65,3978,4251.83,4.180000000000291
OPEN_LONG,4247.65,3978,4247.65,0.0
CLOSE_LONG,4153.2,4218,4247.65,-94.44999999999982
OPEN_SHORT,4153.2,4218,4153.2,0.0
CLOSE_SHORT,4147.47,4224,4153.2,5.729999999999563
OPEN_LONG,4147.47,4224,4147.47,0.0
CLOSE_LONG,4099.01,4251,4147.47,-48.460000000000036
OPEN_SHORT,4099.01,4251,4099.01,0.0
CLOSE_SHORT,4099.36,4277,4099.01,-0.3499999999994543
OPEN_LONG,4099.36,4277,4099.36,0.0
CLOSE_LONG,4088.75,4318,4099.36,-10.609999999999673
OPEN_SHORT,4088.75,4318,4088.75,0.0
CLOSE_SHORT,4075.15,4323,4088.75,13.599999999999909
OPEN_LONG,4075.15,4323,4075.15,0.0
CLOSE_LONG,4071.26,4334,4075.15,-3.8899999999998727
OPEN_SHORT,4071.26,4334,4071.26,0.0
CLOSE_SHORT,4051.81,4337,4071.26,19.450000000000273
OPEN_LONG,4051.81,4337,4051.81,0.0
CLOSE_LONG,3991.0,4366,4051.81,-60.809999999999945
OPEN_SHORT,3991.0,4366,3991.0,0.0
CLOSE_SHORT,3996.68,4372,3991.0,-5.679999999999836
OPEN_LONG,3996.68,4372,3996.68,0.0
CLOSE_LONG,4015.85,4376,3996.68,19.170000000000073
OPEN_SHORT,4015.85,4376,4015.85,0.0
CLOSE_SHORT,3992.48,4378,4015.85,23.36999999999989
OPEN_LONG,3992.48,4378,3992.48,0.0
CLOSE_LONG,4001.79,4385,3992.48,9.309999999999945
OPEN_SHORT,4001.79,4385,4001.79,0.0
CLOSE_SHORT,3999.46,4397,4001.79,2.3299999999999272
OPEN_LONG,3999.46,4397,3999.46,0.0
CLOSE_LONG,4015.21,4400,3999.46,15.75
OPEN_SHORT,4015.21,4400,4015.21,0.0
CLOSE_SHORT,4003.52,4405,4015.21,11.690000000000055
OPEN_LONG,4003.52,4405,4003.52,0.0
CLOSE_LONG,3975.25,4442,4003.52,-28.269999999999982
OPEN_SHORT,3975.25,4442,3975.25,0.0
CLOSE_SHORT,3975.3,4450,3975.25,-0.0500000000001819
OPEN_LONG,3975.3,4450,3975.3,0.0
CLOSE_LONG,3979.92,4459,3975.3,4.619999999999891
OPEN_SHORT,3979.92,4459,3979.92,0.0
CLOSE_SHORT,3989.2,4481,3979.92,-9.279999999999745
OPEN_LONG,3989.2,4481,3989.2,0.0
CLOSE_LONG,3990.25,4485,3989.2,1.050000000000182
OPEN_SHORT,3990.25,4485,3990.25,0.0
CLOSE_SHORT,3999.24,4530,3990.25,-8.989999999999782
OPEN_LONG,3999.24,4530,3999.24,0.0
CLOSE_LONG,3996.49,4539,3999.24,-2.75
OPEN_SHORT,3996.49,4539,3996.49,0.0
CLOSE_SHORT,3984.53,4541,3996.49,11.959999999999582
OPEN_LONG,3984.53,4541,3984.53,0.0
CLOSE_LONG,3986.78,4551,3984.53,2.25
OPEN_SHORT,3986.78,4551,3986.78,0.0
CLOSE_SHORT,3958.35,4567,3986.78,28.43000000000029
OPEN_LONG,3958.35,4567,3958.35,0.0
CLOSE_LONG,3907.98,4591,3958.35,-50.36999999999989
OPEN_SHORT,3907.98,4591,3907.98,0.0
CLOSE_SHORT,3927.68,4598,3907.98,-19.699999999999818
OPEN_LONG,3927.68,4598,3927.68,0.0
CLOSE_LONG,3943.57,4605,3927.68,15.890000000000327
OPEN_SHORT,3943.57,4605,3943.57,0.0
CLOSE_SHORT,3932.4,4609,3943.57,11.170000000000073
OPEN_LONG,3932.4,4609,3932.4,0.0
CLOSE_LONG,3960.8,4614,3932.4,28.40000000000009
OPEN_SHORT,3960.8,4614,3960.8,0.0
CLOSE_SHORT,3960.0,4619,3960.8,0.8000000000001819
OPEN_LONG,3960.0,4619,3960.0,0.0
CLOSE_LONG,3965.81,4621,3960.0,5.809999999999945
OPEN_SHORT,3965.81,4621,3965.81,0.0
CLOSE_SHORT,3965.05,4630,3965.81,0.7599999999997635
OPEN_LONG,3965.05,4630,3965.05,0.0
CLOSE_LONG,3979.61,4635,3965.05,14.559999999999945
OPEN_SHORT,3979.61,4635,3979.61,0.0
CLOSE_SHORT,3971.0,4640,3979.61,8.610000000000127
OPEN_LONG,3971.0,4640,3971.0,0.0
CLOSE_LONG,3977.6,4649,3971.0,6.599999999999909
OPEN_SHORT,3977.6,4649,3977.6,0.0
CLOSE_SHORT,3971.57,4653,3977.6,6.029999999999745
OPEN_LONG,3971.57,4653,3971.57,0.0
CLOSE_LONG,3961.57,4684,3971.57,-10.0
OPEN_SHORT,3961.57,4684,3961.57,0.0
CLOSE_SHORT,3944.05,4695,3961.57,17.519999999999982
OPEN_LONG,3944.05,4695,3944.05,0.0
CLOSE_LONG,3946.26,4702,3944.05,2.2100000000000364
OPEN_SHORT,3946.26,4702,3946.26,0.0
CLOSE_SHORT,3930.84,4706,3946.26,15.420000000000073
OPEN_LONG,3930.84,4706,3930.84,0.0
CLOSE_LONG,3934.0,4710,3930.84,3.1599999999998545
OPEN_SHORT,3934.0,4710,3934.0,0.0
CLOSE_SHORT,3943.16,4731,3934.0,-9.159999999999854
OPEN_LONG,3943.16,4731,3943.16,0.0
CLOSE_LONG,3921.79,4776,3943.16,-21.36999999999989
OPEN_SHORT,3921.79,4776,3921.79,0.0
CLOSE_SHORT,3922.34,4777,3921.79,-0.5500000000001819
OPEN_LONG,3922.34,4777,3922.34,0.0
CLOSE_LONG,3964.5,4780,3922.34,42.159999999999854
OPEN_SHORT,3964.5,4780,3964.5,0.0
CLOSE_SHORT,3951.28,4785,3964.5,13.2199999999998
OPEN_LONG,3951.28,4785,3951.28,0.0
CLOSE_LONG,3950.03,4806,3951.28,-1.25
OPEN_SHORT,3950.03,4806,3950.03,0.0
CLOSE_SHORT,3986.4,4816,3950.03,-36.36999999999989
OPEN_LONG,3986.4,4816,3986.4,0.0
CLOSE_LONG,3980.7,4834,3986.4,-5.700000000000273
OPEN_SHORT,3980.7,4834,3980.7,0.0
CLOSE_SHORT,3983.2,4844,3980.7,-2.5
OPEN_LONG,3983.2,4844,3983.2,0.0
CLOSE_LONG,3986.17,4857,3983.2,2.9700000000002547
OPEN_SHORT,3986.17,4857,3986.17,0.0
CLOSE_SHORT,3972.0,4862,3986.17,14.170000000000073
OPEN_LONG,3972.0,4862,3972.0,0.0
CLOSE_LONG,3965.58,4874,3972.0,-6.420000000000073
OPEN_SHORT,3965.58,4874,3965.58,0.0
CLOSE_SHORT,4061.62,4918,3965.58,-96.03999999999996
OPEN_LONG,4061.62,4918,4061.62,0.0
CLOSE_LONG,4070.7,4924,4061.62,9.079999999999927
OPEN_SHORT,4070.7,4924,4070.7,0.0
CLOSE_SHORT,4128.56,4939,4070.7,-57.86000000000058
OPEN_LONG,4128.56,4939,4128.56,0.0
CLOSE_LONG,4128.39,4951,4128.56,-0.17000000000007276
OPEN_SHORT,4128.39,4951,4128.39,0.0
CLOSE_SHORT,4121.0,4970,4128.39,7.390000000000327
OPEN_LONG,4121.0,4970,4121.0,0.0
CLOSE_LONG,4110.66,4979,4121.0,-10.340000000000146
OPEN_SHORT,4110.66,4979,4110.66,0.0
CLOSE_SHORT,4114.94,5000,4110.66,-4.279999999999745
OPEN_LONG,4114.94,5000,4114.94,0.0
CLOSE_LONG,4129.66,5005,4114.94,14.720000000000255
OPEN_SHORT,4129.66,5005,4129.66,0.0
CLOSE_SHORT,4099.28,5008,4129.66,30.38000000000011
OPEN_LONG,4099.28,5008,4099.28,0.0
CLOSE_LONG,4107.31,5014,4099.28,8.030000000000655
OPEN_SHORT,4107.31,5014,4107.31,0.0
CLOSE_SHORT,4096.14,5015,4107.31,11.170000000000073
OPEN_LONG,4096.14,5015,4096.14,0.0
CLOSE_LONG,4107.04,5017,4096.14,10.899999999999636
OPEN_SHORT,4107.04,5017,4107.04,0.0
CLOSE_SHORT,4101.78,5029,4107.04,5.260000000000218
OPEN_LONG,4101.78,5029,4101.78,0.0
CLOSE_LONG,4120.24,5041,4101.78,18.460000000000036
OPEN_SHORT,4120.24,5041,4120.24,0.0
CLOSE_SHORT,4122.14,5052,4120.24,-1.9000000000005457
OPEN_LONG,4122.14,5052,4122.14,0.0
CLOSE_LONG,4125.9,5082,4122.14,3.759999999999309
OPEN_SHORT,4125.9,5082,4125.9,0.0
CLOSE_SHORT,4114.4,5086,4125.9,11.5
OPEN_LONG,4114.4,5086,4114.4,0.0
CLOSE_LONG,4138.92,5115,4114.4,24.520000000000437
OPEN_SHORT,4138.92,5115,4138.92,0.0
CLOSE_SHORT,4133.01,5121,4138.92,5.9099999999998545
OPEN_LONG,4133.01,5121,4133.01,0.0
CLOSE_LONG,4085.17,5143,4133.01,-47.840000000000146
OPEN_SHORT,4085.17,5143,4085.17,0.0
CLOSE_SHORT,4106.49,5155,4085.17,-21.31999999999971
OPEN_LONG,4106.49,5155,4106.49,0.0
CLOSE_LONG,4103.16,5171,4106.49,-3.3299999999999272
OPEN_SHORT,4103.16,5171,4103.16,0.0
CLOSE_SHORT,4106.1,5181,4103.16,-2.9400000000005093
OPEN_LONG,4106.1,5181,4106.1,0.0
CLOSE_LONG,4118.31,5195,4106.1,12.210000000000036
OPEN_SHORT,4118.31,5195,4118.31,0.0
CLOSE_SHORT,4117.83,5202,4118.31,0.48000000000047294
OPEN_LONG,4117.83,5202,4117.83,0.0
CLOSE_LONG,4108.23,5257,4117.83,-9.600000000000364
OPEN_SHORT,4108.23,5257,4108.23,0.0
CLOSE_SHORT,4126.68,5289,4108.23,-18.450000000000728
OPEN_LONG,4126.68,5289,4126.68,0.0
CLOSE_LONG,4141.21,5361,4126.68,14.529999999999745
OPEN_SHORT,4141.21,5361,4141.21,0.0
CLOSE_SHORT,4133.95,5375,4141.21,7.260000000000218
OPEN_LONG,4133.95,5375,4133.95,0.0
CLOSE_LONG,4110.97,5504,4133.95,-22.979999999999563
OPEN_SHORT,4110.97,5504,4110.97,0.0
CLOSE_SHORT,4105.65,5515,4110.97,5.3200000000006185
OPEN_LONG,4105.65,5515,4105.65,0.0
CLOSE_LONG,4119.82,5526,4105.65,14.170000000000073
OPEN_SHORT,4119.82,5526,4119.82,0.0
CLOSE_SHORT,4127.94,5547,4119.82,-8.11999999999989
OPEN_LONG,4127.94,5547,4127.94,0.0
CLOSE_LONG,4094.18,5600,4127.94,-33.75999999999976
OPEN_SHORT,4094.18,5600,4094.18,0.0
CLOSE_SHORT,4076.0,5614,4094.18,18.179999999999836
OPEN_LONG,4076.0,5614,4076.0,0.0
CLOSE_LONG,4115.67,5683,4076.0,39.67000000000007
OPEN_SHORT,4115.67,5683,4115.67,0.0
CLOSE_SHORT,4113.85,5689,4115.67,1.819999999999709
OPEN_LONG,4113.85,5689,4113.85,0.0
CLOSE_LONG,4106.78,5728,4113.85,-7.0700000000006185
OPEN_SHORT,4106.78,5728,4106.78,0.0
CLOSE_SHORT,4097.86,5743,4106.78,8.920000000000073
OPEN_LONG,4097.86,5743,4097.86,0.0
CLOSE_LONG,4108.36,5752,4097.86,10.5
OPEN_SHORT,4108.36,5752,4108.36,0.0
CLOSE_SHORT,4096.84,5760,4108.36,11.519999999999527
OPEN_LONG,4096.84,5760,4096.84,0.0
CLOSE_LONG,4116.91,5793,4096.84,20.06999999999971
OPEN_SHORT,4116.91,5793,4116.91,0.0
CLOSE_SHORT,4106.59,5798,4116.91,10.319999999999709
OPEN_LONG,4106.59,5798,4106.59,0.0
CLOSE_LONG,4129.25,5877,4106.59,22.659999999999854
OPEN_SHORT,4129.25,5877,4129.25,0.0
CLOSE_SHORT,4189.21,5912,4129.25,-59.960000000000036
OPEN_LONG,4189.21,5912,4189.21,0.0
CLOSE_LONG,4181.84,5939,4189.21,-7.369999999999891
OPEN_SHORT,4181.84,5939,4181.84,0.0
CLOSE_SHORT,4176.66,5942,4181.84,5.180000000000291
OPEN_LONG,4176.66,5942,4176.66,0.0
CLOSE_LONG,4159.75,5969,4176.66,-16.909999999999854
OPEN_SHORT,4159.75,5969,4159.75,0.0
CLOSE_SHORT,4151.0,5984,4159.75,8.75
OPEN_LONG,4151.0,5984,4151.0,0.0
CLOSE_LONG,4104.0,6121,4151.0,-47.0
OPEN_SHORT,4104.0,6121,4104.0,0.0
CLOSE_SHORT,4090.01,6133,4104.0,13.989999999999782
OPEN_LONG,4090.01,6133,4090.01,0.0
CLOSE_LONG,4090.01,6164,4090.01,0.0
OPEN_SHORT,4090.01,6164,4090.01,0.0
CLOSE_SHORT,4079.84,6174,4090.01,10.170000000000073
OPEN_LONG,4079.84,6174,4079.84,0.0
CLOSE_LONG,4078.56,6193,4079.84,-1.2800000000002
OPEN_SHORT,4078.56,6193,4078.56,0.0
CLOSE_SHORT,4068.93,6202,4078.56,9.63000000000011
OPEN_LONG,4068.93,6202,4068.93,0.0
CLOSE_LONG,4093.87,6205,4068.93,24.940000000000055
OPEN_SHORT,4093.87,6205,4093.87,0.0
CLOSE_SHORT,4081.6,6210,4093.87,12.269999999999982
OPEN_LONG,4081.6,6210,4081.6,0.0
CLOSE_LONG,4048.51,6225,4081.6,-33.08999999999969
OPEN_SHORT,4048.51,6225,4048.51,0.0
CLOSE_SHORT,4085.49,6246,4048.51,-36.97999999999956
OPEN_LONG,4085.49,6246,4085.49,0.0
CLOSE_LONG,4017.61,6299,4085.49,-67.87999999999965
OPEN_SHORT,4017.61,6299,4017.61,0.0
CLOSE_SHORT,4006.02,6303,4017.61,11.590000000000146
OPEN_LONG,4006.02,6303,4006.02,0.0
CLOSE_LONG,4009.26,6317,4006.02,3.2400000000002365
OPEN_SHORT,4009.26,6317,4009.26,0.0
CLOSE_SHORT,4003.35,6323,4009.26,5.910000000000309
OPEN_LONG,4003.35,6323,4003.35,0.0
CLOSE_LONG,3976.7,6347,4003.35,-26.65000000000009
OPEN_SHORT,3976.7,6347,3976.7,0.0
CLOSE_SHORT,3977.02,6356,3976.7,-0.3200000000001637
OPEN_LONG,3977.02,6356,3977.02,0.0
CLOSE_LONG,3986.85,6402,3977.02,9.829999999999927
OPEN_SHORT,3986.85,6402,3986.85,0.0
CLOSE_SHORT,3975.19,6409,3986.85,11.659999999999854
OPEN_LONG,3975.19,6409,3975.19,0.0
CLOSE_LONG,3947.23,6430,3975.19,-27.960000000000036
OPEN_SHORT,3947.23,6430,3947.23,0.0
CLOSE_SHORT,3973.24,6476,3947.23,-26.009999999999764
OPEN_LONG,3973.24,6476,3973.24,0.0
CLOSE_LONG,3986.25,6480,3973.24,13.010000000000218
OPEN_SHORT,3986.25,6480,3986.25,0.0
CLOSE_SHORT,3992.41,6501,3986.25,-6.1599999999998545
OPEN_LONG,3992.41,6501,3992.41,0.0
CLOSE_LONG,3994.0,6521,3992.41,1.5900000000001455
OPEN_SHORT,3994.0,6521,3994.0,0.0
CLOSE_SHORT,3992.2,6536,3994.0,1.800000000000182
OPEN_LONG,3992.2,6536,3992.2,0.0
CLOSE_LONG,3988.6,6544,3992.2,-3.599999999999909
OPEN_SHORT,3988.6,6544,3988.6,0.0
CLOSE_SHORT,3984.01,6568,3988.6,4.589999999999691
OPEN_LONG,3984.01,6568,3984.01,0.0
CLOSE_LONG,3992.87,6576,3984.01,8.859999999999673
OPEN_SHORT,3992.87,6576,3992.87,0.0
CLOSE_SHORT,3982.53,6582,3992.87,10.33999999999969
OPEN_LONG,3982.53,6582,3982.53,0.0
CLOSE_LONG,3986.01,6592,3982.53,3.480000000000018
OPEN_SHORT,3986.01,6592,3986.01,0.0
CLOSE_SHORT,3980.94,6597,3986.01,5.070000000000164
OPEN_LONG,3980.94,6597,3980.94,0.0
CLOSE_LONG,3967.92,6631,3980.94,-13.019999999999982
OPEN_SHORT,3967.92,6631,3967.92,0.0
CLOSE_SHORT,3971.09,6637,3967.92,-3.1700000000000728
OPEN_LONG,3971.09,6637,3971.09,0.0
CLOSE_LONG,3971.13,6680,3971.09,0.03999999999996362
OPEN_SHORT,3971.13,6680,3971.13,0.0
CLOSE_SHORT,3970.87,6691,3971.13,0.2600000000002183
OPEN_LONG,3970.87,6691,3970.87,0.0
CLOSE_LONG,3952.16,6712,3970.87,-18.710000000000036
OPEN_SHORT,3952.16,6712,3952.16,0.0
CLOSE_SHORT,3951.72,6720,3952.16,0.44000000000005457
OPEN_LONG,3951.72,6720,3951.72,0.0
CLOSE_LONG,3964.84,6725,3951.72,13.120000000000346
OPEN_SHORT,3964.84,6725,3964.84,0.0
CLOSE_SHORT,3958.8,6761,3964.84,6.039999999999964
OPEN_LONG,3958.8,6761,3958.8,0.0
CLOSE_LONG,3959.03,6771,3958.8,0.2300000000000182
OPEN_SHORT,3959.03,6771,3959.03,0.0
CLOSE_SHORT,3954.27,6778,3959.03,4.760000000000218
OPEN_LONG,3954.27,6778,3954.27,0.0
CLOSE_LONG,3974.22,6781,3954.27,19.949999999999818
OPEN_SHORT,3974.22,6781,3974.22,0.0
CLOSE_SHORT,3968.81,6790,3974.22,5.4099999999998545
OPEN_LONG,3968.81,6790,3968.81,0.0
CLOSE_LONG,3980.52,6795,3968.81,11.710000000000036
OPEN_SHORT,3980.52,6795,3980.52,0.0
CLOSE_SHORT,3977.24,6840,3980.52,3.2800000000002
OPEN_LONG,3977.24,6840,3977.24,0.0
CLOSE_LONG,3988.23,6851,3977.24,10.990000000000236
OPEN_SHORT,3988.23,6851,3988.23,0.0
CLOSE_SHORT,3981.64,6864,3988.23,6.5900000000001455
OPEN_LONG,3981.64,6864,3981.64,0.0
CLOSE_LONG,3987.03,6881,3981.64,5.390000000000327
OPEN_SHORT,3987.03,6881,3987.03,0.0
CLOSE_SHORT,3994.04,6907,3987.03,-7.0099999999997635
OPEN_LONG,3994.04,6907,3994.04,0.0
CLOSE_LONG,4007.54,6943,3994.04,13.5
OPEN_SHORT,4007.54,6943,4007.54,0.0
CLOSE_SHORT,4000.25,6955,4007.54,7.289999999999964
OPEN_LONG,4000.25,6955,4000.25,0.0
CLOSE_LONG,4014.4,6959,4000.25,14.150000000000091
OPEN_SHORT,4014.4,6959,4014.4,0.0
CLOSE_SHORT,4019.68,6965,4014.4,-5.279999999999745
OPEN_LONG,4019.68,6965,4019.68,0.0
CLOSE_LONG,4025.39,7000,4019.68,5.710000000000036
OPEN_SHORT,4025.39,7000,4025.39,0.0
CLOSE_SHORT,4022.24,7019,4025.39,3.150000000000091
OPEN_LONG,4022.24,7019,4022.24,0.0
CLOSE_LONG,4029.6,7033,4022.24,7.360000000000127
OPEN_SHORT,4029.6,7033,4029.6,0.0
CLOSE_SHORT,4013.59,7070,4029.6,16.009999999999764
OPEN_LONG,4013.59,7070,4013.59,0.0
CLOSE_LONG,4024.0,7222,4013.59,10.409999999999854
OPEN_SHORT,4024.0,7222,4024.0,0.0
CLOSE_SHORT,4018.34,7227,4024.0,5.6599999999998545
OPEN_LONG,4018.34,7227,4018.34,0.0
CLOSE_LONG,4025.76,7240,4018.34,7.420000000000073
OPEN_SHORT,4025.76,7240,4025.76,0.0
CLOSE_SHORT,4025.56,7270,4025.76,0.20000000000027285
OPEN_LONG,4025.56,7270,4025.56,0.0
CLOSE_LONG,3954.01,7410,4025.56,-71.54999999999973
OPEN_SHORT,3954.01,7410,3954.01,0.0
CLOSE_SHORT,3952.61,7411,3954.01,1.400000000000091
OPEN_LONG,3952.61,7411,3952.61,0.0
CLOSE_LONG,3958.98,7412,3952.61,6.369999999999891
OPEN_SHORT,3958.98,7412,3958.98,0.0
CLOSE_SHORT,4024.01,7425,3958.98,-65.0300000000002
OPEN_LONG,4024.01,7425,4024.01,0.0
CLOSE_LONG,4038.3,7437,4024.01,14.289999999999964
OPEN_SHORT,4038.3,7437,4038.3,0.0
CLOSE_SHORT,4057.22,7452,4038.3,-18.919999999999618
OPEN_LONG,4057.22,7452,4057.22,0.0
CLOSE_LONG,4055.75,7472,4057.22,-1.4699999999998
OPEN_SHORT,4055.75,7472,4055.75,0.0
CLOSE_SHORT,4046.65,7489,4055.75,9.099999999999909
OPEN_LONG,4046.65,7489,4046.65,0.0
CLOSE_LONG,4050.46,7497,4046.65,3.8099999999999454
OPEN_SHORT,4050.46,7497,4050.46,0.0
CLOSE_SHORT,4038.41,7499,4050.46,12.050000000000182
OPEN_LONG,4038.41,7499,4038.41,0.0
CLOSE_LONG,4044.11,7504,4038.41,5.700000000000273
OPEN_SHORT,4044.11,7504,4044.11,0.0
CLOSE_SHORT,4063.62,7558,4044.11,-19.509999999999764
OPEN_LONG,4063.62,7558,4063.62,0.0
CLOSE_LONG,4051.2,7626,4063.62,-12.420000000000073
OPEN_SHORT,4051.2,7626,4051.2,0.0
CLOSE_SHORT,4041.97,7630,4051.2,9.230000000000018
OPEN_LONG,4041.97,7630,4041.97,0.0
CLOSE_LONG,4018.73,7710,4041.97,-23.23999999999978
OPEN_SHORT,4018.73,7710,4018.73,0.0
CLOSE_SHORT,4034.49,7717,4018.73,-15.759999999999764
OPEN_LONG,4034.49,7717,4034.49,0.0
CLOSE_LONG,4010.91,7742,4034.49,-23.579999999999927
OPEN_SHORT,4010.91,7742,4010.91,0.0
CLOSE_SHORT,3997.76,7746,4010.91,13.149999999999636
OPEN_LONG,3997.76,7746,3997.76,0.0
CLOSE_LONG,3907.8,7797,3997.76,-89.96000000000004
OPEN_SHORT,3907.8,7797,3907.8,0.0
CLOSE_SHORT,3901.94,7802,3907.8,5.860000000000127
OPEN_LONG,3901.94,7802,3901.94,0.0
CLOSE_LONG,3910.2,7803,3901.94,8.259999999999764
OPEN_SHORT,3910.2,7803,3910.2,0.0
CLOSE_SHORT,3899.53,7805,3910.2,10.669999999999618
OPEN_LONG,3899.53,7805,3899.53,0.0
CLOSE_LONG,3875.33,7830,3899.53,-24.200000000000273
OPEN_SHORT,3875.33,7830,3875.33,0.0
CLOSE_SHORT,3886.4,7837,3875.33,-11.070000000000164
OPEN_LONG,3886.4,7837,3886.4,0.0
CLOSE_LONG,3909.11,7839,3886.4,22.710000000000036
OPEN_SHORT,3909.11,7839,3909.11,0.0
CLOSE_SHORT,3937.95,7854,3909.11,-28.83999999999969
OPEN_LONG,3937.95,7854,3937.95,0.0
CLOSE_LONG,3945.36,7868,3937.95,7.410000000000309
OPEN_SHORT,3945.36,7868,3945.36,0.0
CLOSE_SHORT,3933.03,7873,3945.36,12.329999999999927
OPEN_LONG,3933.03,7873,3933.03,0.0
CLOSE_LONG,3947.11,7878,3933.03,14.079999999999927
OPEN_SHORT,3947.11,7878,3947.11,0.0
CLOSE_SHORT,3935.51,7886,3947.11,11.599999999999909
OPEN_LONG,3935.51,7886,3935.51,0.0
CLOSE_LONG,3928.3,7899,3935.51,-7.210000000000036
OPEN_SHORT,3928.3,7899,3928.3,0.0
CLOSE_SHORT,3917.16,7904,3928.3,11.140000000000327
OPEN_LONG,3917.16,7904,3917.16,0.0
CLOSE_LONG,3889.28,7922,3917.16,-27.879999999999654
OPEN_SHORT,3889.28,7922,3889.28,0.0
CLOSE_SHORT,3884.21,7939,3889.28,5.070000000000164
OPEN_LONG,3884.21,7939,3884.21,0.0
CLOSE_LONG,3893.56,7941,3884.21,9.349999999999909
OPEN_SHORT,3893.56,7941,3893.56,0.0
CLOSE_SHORT,3895.96,7951,3893.56,-2.400000000000091
OPEN_LONG,3895.96,7951,3895.96,0.0
CLOSE_LONG,3904.46,7952,3895.96,8.5
OPEN_SHORT,3904.46,7952,3904.46,0.0
CLOSE_SHORT,3898.03,7960,3904.46,6.429999999999836
OPEN_LONG,3898.03,7960,3898.03,0.0
CLOSE_LONG,3872.38,8020,3898.03,-25.65000000000009
OPEN_SHORT,3872.38,8020,3872.38,0.0
CLOSE_SHORT,3863.82,8028,3872.38,8.559999999999945
OPEN_LONG,3863.82,8028,3863.82,0.0
CLOSE_LONG,3874.42,8032,3863.82,10.599999999999909
OPEN_SHORT,3874.42,8032,3874.42,0.0
CLOSE_SHORT,3857.68,8044,3874.42,16.740000000000236
OPEN_LONG,3857.68,8044,3857.68,0.0
CLOSE_LONG,3867.22,8048,3857.68,9.539999999999964
OPEN_SHORT,3867.22,8048,3867.22,0.0
CLOSE_SHORT,3854.06,8059,3867.22,13.159999999999854
OPEN_LONG,3854.06,8059,3854.06,0.0
CLOSE_LONG,3846.78,8069,3854.06,-7.279999999999745
OPEN_SHORT,3846.78,8069,3846.78,0.0
CLOSE_SHORT,3832.94,8072,3846.78,13.840000000000146
OPEN_LONG,3832.94,8072,3832.94,0.0
CLOSE_LONG,3850.17,8076,3832.94,17.230000000000018
OPEN_SHORT,3850.17,8076,3850.17,0.0
CLOSE_SHORT,3855.16,8083,3850.17,-4.989999999999782
OPEN_LONG,3855.16,8083,3855.16,0.0
CLOSE_LONG,3854.01,8092,3855.16,-1.1499999999996362
OPEN_SHORT,3854.01,8092,3854.01,0.0
CLOSE_SHORT,3846.73,8098,3854.01,7.2800000000002
OPEN_LONG,3846.73,8098,3846.73,0.0
CLOSE_LONG,3854.45,8104,3846.73,7.7199999999998
OPEN_SHORT,3854.45,8104,3854.45,0.0
CLOSE_SHORT,3870.41,8159,3854.45,-15.960000000000036
OPEN_LONG,3870.41,8159,3870.41,0.0
CLOSE_LONG,3875.6,8177,3870.41,5.190000000000055
OPEN_SHORT,3875.6,8177,3875.6,0.0
CLOSE_SHORT,3863.66,8208,3875.6,11.940000000000055
OPEN_LONG,3863.66,8208,3863.66,0.0
CLOSE_LONG,3873.7,8212,3863.66,10.039999999999964
OPEN_SHORT,3873.7,8212,3873.7,0.0
CLOSE_SHORT,3883.22,8248,3873.7,-9.519999999999982
OPEN_LONG,3883.22,8248,3883.22,0.0
CLOSE_LONG,3897.84,8278,3883.22,14.620000000000346
OPEN_SHORT,3897.84,8278,3897.84,0.0
CLOSE_SHORT,3933.8,8341,3897.84,-35.960000000000036
OPEN_LONG,3933.8,8341,3933.8,0.0
CLOSE_LONG,3918.71,8389,3933.8,-15.090000000000146
OPEN_SHORT,3918.71,8389,3918.71,0.0
CLOSE_SHORT,3911.58,8397,3918.71,7.130000000000109
OPEN_LONG,3911.58,8397,3911.58,0.0
CLOSE_LONG,3932.56,8507,3911.58,20.980000000000018
OPEN_SHORT,3932.56,8507,3932.56,0.0
CLOSE_SHORT,3919.66,8549,3932.56,12.900000000000091
OPEN_LONG,3919.66,8549,3919.66,0.0
CLOSE_LONG,3833.6,8683,3919.66,-86.05999999999995
OPEN_SHORT,3833.6,8683,3833.6,0.0
CLOSE_SHORT,3820.38,8687,3833.6,13.2199999999998
OPEN_LONG,3820.38,8687,3820.38,0.0
CLOSE_LONG,3787.57,8727,3820.38,-32.809999999999945
OPEN_SHORT,3787.57,8727,3787.57,0.0
CLOSE_SHORT,3775.0,8728,3787.57,12.570000000000164
OPEN_LONG,3775.0,8728,3775.0,0.0
CLOSE_LONG,3756.41,8759,3775.0,-18.590000000000146
OPEN_SHORT,3756.41,8759,3756.41,0.0
CLOSE_SHORT,3745.36,8763,3756.41,11.049999999999727
OPEN_LONG,3745.36,8763,3745.36,0.0
CLOSE_LONG,3721.6,8771,3745.36,-23.76000000000022
OPEN_SHORT,3721.6,8771,3721.6,0.0
CLOSE_SHORT,3717.6,8772,3721.6,4.0
OPEN_LONG,3717.6,8772,3717.6,0.0
CLOSE_LONG,3736.71,8775,3717.6,19.110000000000127
OPEN_SHORT,3736.71,8775,3736.71,0.0
CLOSE_SHORT,3734.03,8789,3736.71,2.6799999999998363
OPEN_LONG,3734.03,8789,3734.03,0.0
CLOSE_LONG,3708.23,8808,3734.03,-25.800000000000182
OPEN_SHORT,3708.23,8808,3708.23,0.0
CLOSE_SHORT,3724.05,8833,3708.23,-15.820000000000164
OPEN_LONG,3724.05,8833,3724.05,0.0
CLOSE_LONG,3732.81,8837,3724.05,8.759999999999764
OPEN_SHORT,3732.81,8837,3732.81,0.0
CLOSE_SHORT,3748.52,8852,3732.81,-15.710000000000036
OPEN_LONG,3748.52,8852,3748.52,0.0
CLOSE_LONG,3738.13,8865,3748.52,-10.389999999999873
OPEN_SHORT,3738.13,8865,3738.13,0.0
CLOSE_SHORT,3721.6,8869,3738.13,16.5300000000002
OPEN_LONG,3721.6,8869,3721.6,0.0
CLOSE_LONG,3734.31,8873,3721.6,12.710000000000036
OPEN_SHORT,3734.31,8873,3734.31,0.0
CLOSE_SHORT,3717.7,8878,3734.31,16.610000000000127
OPEN_LONG,3717.7,8878,3717.7,0.0
CLOSE_LONG,3685.06,8898,3717.7,-32.63999999999987
OPEN_SHORT,3685.06,8898,3685.06,0.0
CLOSE_SHORT,3693.33,8913,3685.06,-8.269999999999982
OPEN_LONG,3693.33,8913,3693.33,0.0
CLOSE_LONG,3705.0,8917,3693.33,11.670000000000073
OPEN_SHORT,3705.0,8917,3705.0,0.0
CLOSE_SHORT,3720.06,8937,3705.0,-15.059999999999945
OPEN_LONG,3720.06,8937,3720.06,0.0
CLOSE_LONG,3735.49,8939,3720.06,15.429999999999836
OPEN_SHORT,3735.49,8939,3735.49,0.0
CLOSE_SHORT,3792.18,8953,3735.49,-56.690000000000055
OPEN_LONG,3792.18,8953,3792.18,0.0
CLOSE_LONG,3809.56,8955,3792.18,17.38000000000011
OPEN_SHORT,3809.56,8955,3809.56,0.0
CLOSE_SHORT,3795.66,8959,3809.56,13.900000000000091
OPEN_LONG,3795.66,8959,3795.66,0.0
CLOSE_LONG,3786.01,8992,3795.66,-9.649999999999636
OPEN_SHORT,3786.01,8992,3786.01,0.0
CLOSE_SHORT,3777.2,9001,3786.01,8.8100000000004
OPEN_LONG,3777.2,9001,3777.2,0.0
CLOSE_LONG,3783.83,9006,3777.2,6.630000000000109
OPEN_SHORT,3783.83,9006,3783.83,0.0
CLOSE_SHORT,3782.63,9017,3783.83,1.199999999999818
OPEN_LONG,3782.63,9017,3782.63,0.0
CLOSE_LONG,3790.0,9025,3782.63,7.369999999999891
OPEN_SHORT,3790.0,9025,3790.0,0.0
CLOSE_SHORT,3770.4,9046,3790.0,19.59999999999991
OPEN_LONG,3770.4,9046,3770.4,0.0
CLOSE_LONG,3781.67,9051,3770.4,11.269999999999982
OPEN_SHORT,3781.67,9051,3781.67,0.0
CLOSE_SHORT,3772.55,9056,3781.67,9.11999999999989
OPEN_LONG,3772.55,9056,3772.55,0.0
CLOSE_LONG,3771.99,9069,3772.55,-0.5600000000004002
OPEN_SHORT,3771.99,9069,3771.99,0.0
CLOSE_SHORT,3770.8,9077,3771.99,1.1899999999995998
OPEN_LONG,3770.8,9077,3770.8,0.0
CLOSE_LONG,3792.0,9081,3770.8,21.199999999999818
OPEN_SHORT,3792.0,9081,3792.0,0.0
CLOSE_SHORT,3791.37,9086,3792.0,0.6300000000001091
OPEN_LONG,3791.37,9086,3791.37,0.0
CLOSE_LONG,3797.42,9087,3791.37,6.050000000000182
OPEN_SHORT,3797.42,9087,3797.42,0.0
CLOSE_SHORT,3787.2,9089,3797.42,10.220000000000255
OPEN_LONG,3787.2,9089,3787.2,0.0
CLOSE_LONG,3771.25,9098,3787.2,-15.949999999999818
OPEN_SHORT,3771.25,9098,3771.25,0.0
CLOSE_SHORT,3790.08,9108,3771.25,-18.829999999999927
OPEN_LONG,3790.08,9108,3790.08,0.0
CLOSE_LONG,3780.35,9124,3790.08,-9.730000000000018
OPEN_SHORT,3780.35,9124,3780.35,0.0
CLOSE_SHORT,3767.0,9128,3780.35,13.349999999999909
OPEN_LONG,3767.0,9128,3767.0,0.0
CLOSE_LONG,3739.84,9151,3767.0,-27.159999999999854
OPEN_SHORT,3739.84,9151,3739.84,0.0
CLOSE_SHORT,3756.79,9163,3739.84,-16.949999999999818
OPEN_LONG,3756.79,9163,3756.79,0.0
CLOSE_LONG,3759.8,9171,3756.79,3.0100000000002183
OPEN_SHORT,3759.8,9171,3759.8,0.0
CLOSE_SHORT,3757.15,9178,3759.8,2.650000000000091
OPEN_LONG,3757.15,9178,3757.15,0.0
CLOSE_LONG,3767.51,9187,3757.15,10.360000000000127
OPEN_SHORT,3767.51,9187,3767.51,0.0
CLOSE_SHORT,3757.66,9191,3767.51,9.850000000000364
OPEN_LONG,3757.66,9191,3757.66,0.0
CLOSE_LONG,3774.35,9195,3757.66,16.690000000000055
OPEN_SHORT,3774.35,9195,3774.35,0.0
CLOSE_SHORT,3766.83,9200,3774.35,7.519999999999982
OPEN_LONG,3766.83,9200,3766.83,0.0
CLOSE_LONG,3769.88,9208,3766.83,3.050000000000182
OPEN_SHORT,3769.88,9208,3769.88,0.0
CLOSE_SHORT,3768.71,9213,3769.88,1.1700000000000728
OPEN_LONG,3768.71,9213,3768.71,0.0
CLOSE_LONG,3784.72,9218,3768.71,16.009999999999764
OPEN_SHORT,3784.72,9218,3784.72,0.0
CLOSE_SHORT,3804.4,9255,3784.72,-19.68000000000029
OPEN_LONG,3804.4,9255,3804.4,0.0
CLOSE_LONG,3810.8,9260,3804.4,6.400000000000091
OPEN_SHORT,3810.8,9260,3810.8,0.0
CLOSE_SHORT,3803.55,9261,3810.8,7.25
OPEN_LONG,3803.55,9261,3803.55,0.0
CLOSE_LONG,3800.64,9268,3803.55,-2.9100000000003092
OPEN_SHORT,3800.64,9268,3800.64,0.0
CLOSE_SHORT,3790.27,9274,3800.64,10.36999999999989
OPEN_LONG,3790.27,9274,3790.27,0.0
CLOSE_LONG,3807.06,9277,3790.27,16.789999999999964
OPEN_SHORT,3807.06,9277,3807.06,0.0
CLOSE_SHORT,3787.84,9281,3807.06,19.2199999999998
OPEN_LONG,3787.84,9281,3787.84,0.0
CLOSE_LONG,3788.38,9289,3787.84,0.5399999999999636
OPEN_SHORT,3788.38,9289,3788.38,0.0
CLOSE_SHORT,3787.28,9300,3788.38,1.099999999999909
OPEN_LONG,3787.28,9300,3787.28,0.0
CLOSE_LONG,3795.41,9305,3787.28,8.129999999999654
OPEN_SHORT,3795.41,9305,3795.41,0.0
CLOSE_SHORT,3783.83,9308,3795.41,11.579999999999927
OPEN_LONG,3783.83,9308,3783.83,0.0
CLOSE_LONG,3797.36,9312,3783.83,13.5300000000002
OPEN_SHORT,3797.36,9312,3797.36,0.0
CLOSE_SHORT,3799.85,9331,3797.36,-2.4899999999997817
OPEN_LONG,3799.85,9331,3799.85,0.0
CLOSE_LONG,3814.95,9339,3799.85,15.099999999999909
OPEN_SHORT,3814.95,9339,3814.95,0.0
CLOSE_SHORT,3814.39,9347,3814.95,0.5599999999999454
OPEN_LONG,3814.39,9347,3814.39,0.0
CLOSE_LONG,3834.08,9372,3814.39,19.690000000000055
OPEN_SHORT,3834.08,9372,3834.08,0.0
CLOSE_SHORT,3833.76,9378,3834.08,0.31999999999970896
OPEN_LONG,3833.76,9378,3833.76,0.0
CLOSE_LONG,3843.5,9420,3833.76,9.739999999999782
OPEN_SHORT,3843.5,9420,3843.5,0.0
CLOSE_SHORT,3836.99,9427,3843.5,6.510000000000218
OPEN_LONG,3836.99,9427,3836.99,0.0
CLOSE_LONG,3838.28,9482,3836.99,1.2900000000004184
OPEN_SHORT,3838.28,9482,3838.28,0.0
CLOSE_SHORT,3852.7,9500,3838.28,-14.419999999999618
OPEN_LONG,3852.7,9500,3852.7,0.0
CLOSE_LONG,3872.31,9534,3852.7,19.610000000000127
OPEN_SHORT,3872.31,9534,3872.31,0.0
CLOSE_SHORT,3871.52,9540,3872.31,0.7899999999999636
OPEN_LONG,3871.52,9540,3871.52,0.0
CLOSE_LONG,3875.86,9567,3871.52,4.3400000000001455
OPEN_SHORT,3875.86,9567,3875.86,0.0
CLOSE_SHORT,3869.4,9580,3875.86,6.460000000000036
OPEN_LONG,3869.4,9580,3869.4,0.0
CLOSE_LONG,3867.12,9618,3869.4,-2.2800000000002
OPEN_SHORT,3867.12,9618,3867.12,0.0
CLOSE_SHORT,3859.43,9620,3867.12,7.690000000000055
OPEN_LONG,3859.43,9620,3859.43,0.0
CLOSE_LONG,3844.62,9772,3859.43,-14.809999999999945
OPEN_SHORT,3844.62,9772,3844.62,0.0
CLOSE_SHORT,3843.7,9785,3844.62,0.9200000000000728
OPEN_LONG,3843.7,9785,3843.7,0.0
CLOSE_LONG,3855.91,9789,3843.7,12.210000000000036
OPEN_SHORT,3855.91,9789,3855.91,0.0
CLOSE_SHORT,3861.55,9840,3855.91,-5.640000000000327
OPEN_LONG,3861.55,9840,3861.55,0.0
CLOSE_LONG,3860.85,9854,3861.55,-0.7000000000002728
OPEN_SHORT,3860.85,9854,3860.85,0.0
CLOSE_SHORT,3847.83,9883,3860.85,13.019999999999982
OPEN_LONG,3847.83,9883,3847.83,0.0
CLOSE_LONG,3872.39,10075,3847.83,24.559999999999945
OPEN_SHORT,3872.39,10075,3872.39,0.0
CLOSE_SHORT,3909.72,10141,3872.39,-37.32999999999993
OPEN_LONG,3909.72,10141,3909.72,0.0
CLOSE_LONG,3897.09,10155,3909.72,-12.629999999999654
OPEN_SHORT,3897.09,10155,3897.09,0.0
CLOSE_SHORT,3887.51,10160,3897.09,9.579999999999927
OPEN_LONG,3887.51,10160,3887.51,0.0
CLOSE_LONG,3901.57,10168,3887.51,14.059999999999945
OPEN_SHORT,3901.57,10168,3901.57,0.0
CLOSE_SHORT,3894.66,10173,3901.57,6.910000000000309
OPEN_LONG,3894.66,10173,3894.66,0.0
CLOSE_LONG,3906.99,10180,3894.66,12.329999999999927
OPEN_SHORT,3906.99,10180,3906.99,0.0
CLOSE_SHORT,3895.01,10183,3906.99,11.979999999999563
OPEN_LONG,3895.01,10183,3895.01,0.0
CLOSE_LONG,3902.98,10195,3895.01,7.9699999999998
OPEN_SHORT,3902.98,10195,3902.98,0.0
CLOSE_SHORT,3896.92,10200,3902.98,6.059999999999945
OPEN_LONG,3896.92,10200,3896.92,0.0
CLOSE_LONG,3886.88,10349,3896.92,-10.039999999999964
OPEN_SHORT,3886.88,10349,3886.88,0.0
CLOSE_SHORT,3873.65,10388,3886.88,13.230000000000018
OPEN_LONG,3873.65,10388,3873.65,0.0
CLOSE_LONG,3880.21,10427,3873.65,6.559999999999945
OPEN_SHORT,3880.21,10427,3880.21,0.0
CLOSE_SHORT,3882.07,10451,3880.21,-1.8600000000001273
OPEN_LONG,3882.07,10451,3882.07,0.0
CLOSE_LONG,3871.17,10649,3882.07,-10.900000000000091
OPEN_SHORT,3871.17,10649,3871.17,0.0
CLOSE_SHORT,3858.12,10699,3871.17,13.050000000000182
OPEN_LONG,3858.12,10699,3858.12,0.0
CLOSE_LONG,3886.22,10754,3858.12,28.09999999999991
OPEN_SHORT,3886.22,10754,3886.22,0.0
CLOSE_SHORT,3879.42,10771,3886.22,6.799999999999727
OPEN_LONG,3879.42,10771,3879.42,0.0
CLOSE_LONG,3891.47,10821,3879.42,12.049999999999727
OPEN_SHORT,3891.47,10821,3891.47,0.0
CLOSE_SHORT,3888.78,10901,3891.47,2.6899999999996
OPEN_LONG,3888.78,10901,3888.78,0.0
CLOSE_LONG,3868.93,11317,3888.78,-19.850000000000364
OPEN_SHORT,3868.93,11317,3868.93,0.0
CLOSE_SHORT,3903.92,11472,3868.93,-34.99000000000024
OPEN_LONG,3903.92,11472,3903.92,0.0
CLOSE_LONG,3894.13,11628,3903.92,-9.789999999999964
OPEN_SHORT,3894.13,11628,3894.13,0.0
CLOSE_SHORT,3888.11,11650,3894.13,6.019999999999982
OPEN_LONG,3888.11,11650,3888.11,0.0
CLOSE_LONG,3873.84,11657,3888.11,-14.269999999999982
OPEN_SHORT,3873.84,11657,3873.84,0.0
CLOSE_SHORT,3863.37,11661,3873.84,10.470000000000255
OPEN_LONG,3863.37,11661,3863.37,0.0
CLOSE_LONG,3866.07,11704,3863.37,2.700000000000273
OPEN_SHORT,3866.07,11704,3866.07,0.0
CLOSE_SHORT,3860.5,11709,3866.07,5.570000000000164
OPEN_LONG,3860.5,11709,3860.5,0.0
CLOSE_LONG,3877.91,11727,3860.5,17.409999999999854
OPEN_SHORT,3877.91,11727,3877.91,0.0
CLOSE_SHORT,3914.61,11741,3877.91,-36.70000000000027
OPEN_LONG,3914.61,11741,3914.61,0.0
CLOSE_LONG,3921.85,11770,3914.61,7.239999999999782
OPEN_SHORT,3921.85,11770,3921.85,0.0
CLOSE_SHORT,3926.53,11778,3921.85,-4.680000000000291
OPEN_LONG,3926.53,11778,3926.53,0.0
CLOSE_LONG,3924.68,11804,3926.53,-1.8500000000003638
OPEN_SHORT,3924.68,11804,3924.68,0.0
CLOSE_SHORT,3935.39,11829,3924.68,-10.710000000000036
OPEN_LONG,3935.39,11829,3935.39,0.0
CLOSE_LONG,3947.05,11969,3935.39,11.66000000000031
OPEN_SHORT,3947.05,11969,3947.05,0.0
CLOSE_SHORT,3961.24,11989,3947.05,-14.1899999999996
OPEN_LONG,3961.24,11989,3961.24,0.0
CLOSE_LONG,3968.85,11997,3961.24,7.610000000000127
OPEN_SHORT,3968.85,11997,3968.85,0.0
CLOSE_SHORT,3986.87,12013,3968.85,-18.019999999999982
OPEN_LONG,3986.87,12013,3986.87,0.0
CLOSE_LONG,3989.6,12041,3986.87,2.730000000000018
OPEN_SHORT,3989.6,12041,3989.6,0.0
CLOSE_SHORT,3975.75,12057,3989.6,13.849999999999909
OPEN_LONG,3975.75,12057,3975.75,0.0
CLOSE_LONG,3984.65,12067,3975.75,8.900000000000091
OPEN_SHORT,3984.65,12067,3984.65,0.0
CLOSE_SHORT,3974.0,12108,3984.65,10.650000000000091
OPEN_LONG,3974.0,12108,3974.0,0.0
CLOSE_LONG,3999.02,12170,3974.0,25.019999999999982
OPEN_SHORT,3999.02,12170,3999.02,0.0
CLOSE_SHORT,4012.39,12178,3999.02,-13.36999999999989
OPEN_LONG,4012.39,12178,4012.39,0.0
CLOSE_LONG,3993.39,12249,4012.39,-19.0
OPEN_SHORT,3993.39,12249,3993.39,0.0
CLOSE_SHORT,3998.8,12283,3993.39,-5.410000000000309
OPEN_LONG,3998.8,12283,3998.8,0.0
CLOSE_LONG,3995.98,12465,3998.8,-2.8200000000001637
OPEN_SHORT,3995.98,12465,3995.98,0.0
CLOSE_SHORT,4007.14,12526,3995.98,-11.159999999999854
OPEN_LONG,4007.14,12526,4007.14,0.0
CLOSE_LONG,3943.3,12656,4007.14,-63.83999999999969
OPEN_SHORT,3943.3,12656,3943.3,0.0
CLOSE_SHORT,3937.28,12661,3943.3,6.019999999999982
OPEN_LONG,3937.28,12661,3937.28,0.0
CLOSE_LONG,3928.53,12719,3937.28,-8.75
OPEN_SHORT,3928.53,12719,3928.53,0.0
CLOSE_SHORT,3957.07,12789,3928.53,-28.539999999999964
OPEN_LONG,3957.07,12789,3957.07,0.0
CLOSE_LONG,3962.0,12805,3957.07,4.929999999999836
OPEN_SHORT,3962.0,12805,3962.0,0.0
CLOSE_SHORT,4023.13,12836,3962.0,-61.13000000000011
OPEN_LONG,4023.13,12836,4023.13,0.0
CLOSE_LONG,4033.01,12840,4023.13,9.88000000000011
OPEN_SHORT,4033.01,12840,4033.01,0.0
CLOSE_SHORT,4043.92,12890,4033.01,-10.909999999999854
OPEN_LONG,4043.92,12890,4043.92,0.0
CLOSE_LONG,4051.03,12895,4043.92,7.110000000000127
OPEN_SHORT,4051.03,12895,4051.03,0.0
CLOSE_SHORT,4057.44,12943,4051.03,-6.4099999999998545
OPEN_LONG,4057.44,12943,4057.44,0.0
CLOSE_LONG,4074.03,12957,4057.44,16.590000000000146
OPEN_SHORT,4074.03,12957,4074.03,0.0
CLOSE_SHORT,4074.1,12970,4074.03,-0.06999999999970896
OPEN_LONG,4074.1,12970,4074.1,0.0
CLOSE_LONG,4072.94,13019,4074.1,-1.1599999999998545
OPEN_SHORT,4072.94,13019,4072.94,0.0
CLOSE_SHORT,4058.24,13048,4072.94,14.700000000000273
OPEN_LONG,4058.24,13048,4058.24,0.0
CLOSE_LONG,4049.6,13185,4058.24,-8.639999999999873
OPEN_SHORT,4049.6,13185,4049.6,0.0
CLOSE_SHORT,4040.61,13224,4049.6,8.989999999999782
OPEN_LONG,4040.61,13224,4040.61,0.0
CLOSE_LONG,4038.5,13367,4040.61,-2.1100000000001273
OPEN_SHORT,4038.5,13367,4038.5,0.0
CLOSE_SHORT,4023.68,13387,4038.5,14.820000000000164
OPEN_LONG,4023.68,13387,4023.68,0.0
CLOSE_LONG,4041.93,13453,4023.68,18.25
OPEN_SHORT,4041.93,13453,4041.93,0.0
CLOSE_SHORT,4034.87,13458,4041.93,7.059999999999945
OPEN_LONG,4034.87,13458,4034.87,0.0
CLOSE_LONG,4041.96,13491,4034.87,7.0900000000001455
OPEN_SHORT,4041.96,13491,4041.96,0.0
CLOSE_SHORT,4022.35,13499,4041.96,19.610000000000127
OPEN_LONG,4022.35,13499,4022.35,0.0
CLOSE_LONG,3953.43,13606,4022.35,-68.92000000000007
OPEN_SHORT,3953.43,13606,3953.43,0.0
CLOSE_SHORT,3953.06,13613,3953.43,0.36999999999989086
OPEN_LONG,3953.06,13613,3953.06,0.0
CLOSE_LONG,3951.71,13653,3953.06,-1.349999999999909
OPEN_SHORT,3951.71,13653,3951.71,0.0
CLOSE_SHORT,3961.6,13737,3951.71,-9.889999999999873
OPEN_LONG,3961.6,13737,3961.6,0.0
CLOSE_LONG,3971.87,13752,3961.6,10.269999999999982
OPEN_SHORT,3971.87,13752,3971.87,0.0
CLOSE_SHORT,3981.32,13816,3971.87,-9.450000000000273
OPEN_LONG,3981.32,13816,3981.32,0.0
CLOSE_LONG,3989.8,13827,3981.32,8.480000000000018
OPEN_SHORT,3989.8,13827,3989.8,0.0
CLOSE_SHORT,3991.75,13859,3989.8,-1.949999999999818
OPEN_LONG,3991.75,13859,3991.75,0.0
CLOSE_LONG,3979.7,14009,3991.75,-12.050000000000182
OPEN_SHORT,3979.7,14009,3979.7,0.0
CLOSE_SHORT,3963.4,14039,3979.7,16.299999999999727
OPEN_LONG,3963.4,14039,3963.4,0.0
CLOSE_LONG,3864.07,14368,3963.4,-99.32999999999993
OPEN_SHORT,3864.07,14368,3864.07,0.0
CLOSE_SHORT,3875.04,14527,3864.07,-10.9699999999998
OPEN_LONG,3875.04,14527,3875.04,0.0
CLOSE_LONG,3865.87,14654,3875.04,-9.170000000000073
OPEN_SHORT,3865.87,14654,3865.87,0.0
CLOSE_SHORT,3902.36,14770,3865.87,-36.49000000000024
OPEN_LONG,3902.36,14770,3902.36,0.0
CLOSE_LONG,3906.44,14784,3902.36,4.079999999999927
OPEN_SHORT,3906.44,14784,3906.44,0.0
CLOSE_SHORT,3900.74,14792,3906.44,5.700000000000273
OPEN_LONG,3900.74,14792,3900.74,0.0
CLOSE_LONG,3890.54,14841,3900.74,-10.199999999999818
OPEN_SHORT,3890.54,14841,3890.54,0.0
CLOSE_SHORT,3873.1,14846,3890.54,17.440000000000055
OPEN_LONG,3873.1,14846,3873.1,0.0
CLOSE_LONG,3896.0,14873,3873.1,22.90000000000009
OPEN_SHORT,3896.0,14873,3896.0,0.0
CLOSE_SHORT,3920.03,14880,3896.0,-24.0300000000002
OPEN_LONG,3920.03,14880,3920.03,0.0
CLOSE_LONG,3939.12,14882,3920.03,19.08999999999969
OPEN_SHORT,3939.12,14882,3939.12,0.0
CLOSE_SHORT,3934.63,14890,3939.12,4.489999999999782
OPEN_LONG,3934.63,14890,3934.63,0.0
CLOSE_LONG,3930.58,14898,3934.63,-4.050000000000182
OPEN_SHORT,3930.58,14898,3930.58,0.0
CLOSE_SHORT,3926.29,14907,3930.58,4.289999999999964
OPEN_LONG,3926.29,14907,3926.29,0.0
CLOSE_LONG,3939.61,14912,3926.29,13.320000000000164
OPEN_SHORT,3939.61,14912,3939.61,0.0
CLOSE_SHORT,4003.9,14927,3939.61,-64.28999999999996
OPEN_LONG,4003.9,14927,4003.9,0.0
CLOSE_LONG,4030.29,14931,4003.9,26.389999999999873
OPEN_SHORT,4030.29,14931,4030.29,0.0
CLOSE_SHORT,4032.38,14941,4030.29,-2.0900000000001455
OPEN_LONG,4032.38,14941,4032.38,0.0
CLOSE_LONG,4042.54,14944,4032.38,10.159999999999854
OPEN_SHORT,4042.54,14944,4042.54,0.0
CLOSE_SHORT,4053.86,14953,4042.54,-11.320000000000164
OPEN_LONG,4053.86,14953,4053.86,0.0
CLOSE_LONG,4065.0,14954,4053.86,11.139999999999873
OPEN_SHORT,4065.0,14954,4065.0,0.0
CLOSE_SHORT,4055.24,14960,4065.0,9.760000000000218
OPEN_LONG,4055.24,14960,4055.24,0.0
CLOSE_LONG,4062.62,14965,4055.24,7.380000000000109
OPEN_SHORT,4062.62,14965,4062.62,0.0
CLOSE_SHORT,4075.47,14991,4062.62,-12.849999999999909
OPEN_LONG,4075.47,14991,4075.47,0.0
CLOSE_LONG,4081.78,14997,4075.47,6.3100000000004
OPEN_SHORT,4081.78,14997,4081.78,0.0
CLOSE_SHORT,4086.36,15025,4081.78,-4.579999999999927
OPEN_LONG,4086.36,15025,4086.36,0.0
CLOSE_LONG,4099.79,15030,4086.36,13.429999999999836
OPEN_SHORT,4099.79,15030,4099.79,0.0
CLOSE_SHORT,4080.77,15036,4099.79,19.019999999999982
OPEN_LONG,4080.77,15036,4080.77,0.0
CLOSE_LONG,3998.3,15070,4080.77,-82.4699999999998
OPEN_SHORT,3998.3,15070,3998.3,0.0
CLOSE_SHORT,3997.42,15075,3998.3,0.8800000000001091
OPEN_LONG,3997.42,15075,3997.42,0.0
CLOSE_LONG,4010.16,15152,3997.42,12.739999999999782
OPEN_SHORT,4010.16,15152,4010.16,0.0
CLOSE_SHORT,4005.79,15156,4010.16,4.369999999999891
OPEN_LONG,4005.79,15156,4005.79,0.0
CLOSE_LONG,4020.65,15178,4005.79,14.860000000000127
OPEN_SHORT,4020.65,15178,4020.65,0.0
CLOSE_SHORT,4001.47,15186,4020.65,19.18000000000029
OPEN_LONG,4001.47,15186,4001.47,0.0
CLOSE_LONG,4005.21,15199,4001.47,3.7400000000002365
OPEN_SHORT,4005.21,15199,4005.21,0.0
CLOSE_SHORT,3999.4,15204,4005.21,5.809999999999945
OPEN_LONG,3999.4,15204,3999.4,0.0
CLOSE_LONG,3957.8,15245,3999.4,-41.59999999999991
OPEN_SHORT,3957.8,15245,3957.8,0.0
CLOSE_SHORT,3947.95,15249,3957.8,9.850000000000364
OPEN_LONG,3947.95,15249,3947.95,0.0
CLOSE_LONG,3910.95,15386,3947.95,-37.0
OPEN_SHORT,3910.95,15386,3910.95,0.0
CLOSE_SHORT,3909.1,15393,3910.95,1.849999999999909
OPEN_LONG,3909.1,15393,3909.1,0.0
CLOSE_LONG,3905.25,15424,3909.1,-3.849999999999909
OPEN_SHORT,3905.25,15424,3905.25,0.0
CLOSE_SHORT,3899.17,15429,3905.25,6.079999999999927
OPEN_LONG,3899.17,15429,3899.17,0.0
CLOSE_LONG,3872.7,15448,3899.17,-26.470000000000255
OPEN_SHORT,3872.7,15448,3872.7,0.0
CLOSE_SHORT,3870.26,15459,3872.7,2.4399999999996
OPEN_LONG,3870.26,15459,3870.26,0.0
CLOSE_LONG,3887.07,15476,3870.26,16.809999999999945
OPEN_SHORT,3887.07,15476,3887.07,0.0
CLOSE_SHORT,3874.86,15480,3887.07,12.210000000000036
OPEN_LONG,3874.86,15480,3874.86,0.0
CLOSE_LONG,3862.4,15496,3874.86,-12.460000000000036
OPEN_SHORT,3862.4,15496,3862.4,0.0
CLOSE_SHORT,3836.19,15497,3862.4,26.210000000000036
OPEN_LONG,3836.19,15497,3836.19,0.0
CLOSE_LONG,3842.0,15504,3836.19,5.809999999999945
OPEN_SHORT,3842.0,15504,3842.0,0.0
CLOSE_SHORT,3850.65,15539,3842.0,-8.650000000000091
OPEN_LONG,3850.65,15539,3850.65,0.0
CLOSE_LONG,3855.18,15545,3850.65,4.529999999999745
OPEN_SHORT,3855.18,15545,3855.18,0.0
CLOSE_SHORT,3846.19,15555,3855.18,8.989999999999782
OPEN_LONG,3846.19,15555,3846.19,0.0
CLOSE_LONG,3854.13,15558,3846.19,7.940000000000055
OPEN_SHORT,3854.13,15558,3854.13,0.0
CLOSE_SHORT,3854.18,15646,3854.13,-0.04999999999972715
OPEN_LONG,3854.18,15646,3854.18,0.0
CLOSE_LONG,3855.45,15668,3854.18,1.2699999999999818
OPEN_SHORT,3855.45,15668,3855.45,0.0
CLOSE_SHORT,3853.15,15676,3855.45,2.299999999999727
OPEN_LONG,3853.15,15676,3853.15,0.0
CLOSE_LONG,3880.1,15740,3853.15,26.949999999999818
OPEN_SHORT,3880.1,15740,3880.1,0.0
CLOSE_SHORT,3865.94,15772,3880.1,14.159999999999854
OPEN_LONG,3865.94,15772,3865.94,0.0
CLOSE_LONG,3851.2,15794,3865.94,-14.740000000000236
OPEN_SHORT,3851.2,15794,3851.2,0.0
CLOSE_SHORT,3840.52,15799,3851.2,10.679999999999836
OPEN_LONG,3840.52,15799,3840.52,0.0
CLOSE_LONG,3858.7,15811,3840.52,18.179999999999836
OPEN_SHORT,3858.7,15811,3858.7,0.0
CLOSE_SHORT,3856.42,15824,3858.7,2.2799999999997453
OPEN_LONG,3856.42,15824,3856.42,0.0
CLOSE_LONG,3855.43,15902,3856.42,-0.9900000000002365
OPEN_SHORT,3855.43,15902,3855.43,0.0
CLOSE_SHORT,3862.0,15946,3855.43,-6.570000000000164
OPEN_LONG,3862.0,15946,3862.0,0.0
CLOSE_LONG,3841.75,16027,3862.0,-20.25
OPEN_SHORT,3841.75,16027,3841.75,0.0
CLOSE_SHORT,3850.38,16038,3841.75,-8.63000000000011
OPEN_LONG,3850.38,16038,3850.38,0.0
CLOSE_LONG,3810.67,16134,3850.38,-39.710000000000036
OPEN_SHORT,3810.67,16134,3810.67,0.0
CLOSE_SHORT,3808.61,16140,3810.67,2.0599999999999454
OPEN_LONG,3808.61,16140,3808.61,0.0
CLOSE_LONG,3832.54,16143,3808.61,23.929999999999836
OPEN_SHORT,3832.54,16143,3832.54,0.0
CLOSE_SHORT,3824.93,16149,3832.54,7.610000000000127
OPEN_LONG,3824.93,16149,3824.93,0.0
CLOSE_LONG,3828.23,16154,3824.93,3.300000000000182
OPEN_SHORT,3828.23,16154,3828.23,0.0
CLOSE_SHORT,3823.0,16165,3828.23,5.230000000000018
OPEN_LONG,3823.0,16165,3823.0,0.0
CLOSE_LONG,3823.59,16177,3823.0,0.5900000000001455
OPEN_SHORT,3823.59,16177,3823.59,0.0
CLOSE_SHORT,3819.26,16186,3823.59,4.329999999999927
OPEN_LONG,3819.26,16186,3819.26,0.0
CLOSE_LONG,3839.9,16197,3819.26,20.639999999999873
OPEN_SHORT,3839.9,16197,3839.9,0.0
CLOSE_SHORT,3839.9,16204,3839.9,0.0
OPEN_LONG,3839.9,16204,3839.9,0.0
CLOSE_LONG,3846.83,16217,3839.9,6.929999999999836
OPEN_SHORT,3846.83,16217,3846.83,0.0
CLOSE_SHORT,3852.25,16259,3846.83,-5.420000000000073
OPEN_LONG,3852.25,16259,3852.25,0.0
CLOSE_LONG,3845.51,16279,3852.25,-6.739999999999782
OPEN_SHORT,3845.51,16279,3845.51,0.0
CLOSE_SHORT,3839.71,16286,3845.51,5.800000000000182
OPEN_LONG,3839.71,16286,3839.71,0.0
CLOSE_LONG,3850.86,16293,3839.71,11.150000000000091
OPEN_SHORT,3850.86,16293,3850.86,0.0
CLOSE_SHORT,3859.22,16305,3850.86,-8.359999999999673
OPEN_LONG,3859.22,16305,3859.22,0.0
CLOSE_LONG,3846.75,16319,3859.22,-12.4699999999998
OPEN_SHORT,3846.75,16319,3846.75,0.0
CLOSE_SHORT,3833.31,16323,3846.75,13.440000000000055
OPEN_LONG,3833.31,16323,3833.31,0.0
CLOSE_LONG,3816.16,16330,3833.31,-17.15000000000009
OPEN_SHORT,3816.16,16330,3816.16,0.0
CLOSE_SHORT,3801.76,16332,3816.16,14.399999999999636
OPEN_LONG,3801.76,16332,3801.76,0.0
CLOSE_LONG,3815.6,16338,3801.76,13.83999999999969
OPEN_SHORT,3815.6,16338,3815.6,0.0
CLOSE_SHORT,3804.45,16341,3815.6,11.150000000000091
OPEN_LONG,3804.45,16341,3804.45,0.0
CLOSE_LONG,3812.52,16352,3804.45,8.070000000000164
OPEN_SHORT,3812.52,16352,3812.52,0.0
CLOSE_SHORT,3807.14,16355,3812.52,5.380000000000109
OPEN_LONG,3807.14,16355,3807.14,0.0
CLOSE_LONG,3836.0,16360,3807.14,28.860000000000127
OPEN_SHORT,3836.0,16360,3836.0,0.0
CLOSE_SHORT,3844.37,16366,3836.0,-8.36999999999989
OPEN_LONG,3844.37,16366,3844.37,0.0
CLOSE_LONG,3834.01,16401,3844.37,-10.359999999999673
OPEN_SHORT,3834.01,16401,3834.01,0.0
CLOSE_SHORT,3837.2,16411,3834.01,-3.1899999999996
OPEN_LONG,3837.2,16411,3837.2,0.0
CLOSE_LONG,3848.94,16428,3837.2,11.740000000000236
OPEN_SHORT,3848.94,16428,3848.94,0.0
CLOSE_SHORT,3839.8,16433,3848.94,9.139999999999873
OPEN_LONG,3839.8,16433,3839.8,0.0
CLOSE_LONG,3831.03,16447,3839.8,-8.769999999999982
OPEN_SHORT,3831.03,16447,3831.03,0.0
CLOSE_SHORT,3815.6,16452,3831.03,15.430000000000291
OPEN_LONG,3815.6,16452,3815.6,0.0
CLOSE_LONG,3834.48,16457,3815.6,18.88000000000011
OPEN_SHORT,3834.48,16457,3834.48,0.0
CLOSE_SHORT,3838.54,16472,3834.48,-4.059999999999945
OPEN_LONG,3838.54,16472,3838.54,0.0
CLOSE_LONG,3843.73,16477,3838.54,5.190000000000055
OPEN_SHORT,3843.73,16477,3843.73,0.0
CLOSE_SHORT,3831.92,16482,3843.73,11.809999999999945
OPEN_LONG,3831.92,16482,3831.92,0.0
CLOSE_LONG,3838.38,16491,3831.92,6.460000000000036
OPEN_SHORT,3838.38,16491,3838.38,0.0
CLOSE_SHORT,3829.87,16497,3838.38,8.510000000000218
OPEN_LONG,3829.87,16497,3829.87,0.0
CLOSE_LONG,3830.11,16515,3829.87,0.24000000000023647
OPEN_SHORT,3830.11,16515,3830.11,0.0
CLOSE_SHORT,3823.41,16521,3830.11,6.700000000000273
OPEN_LONG,3823.41,16521,3823.41,0.0
CLOSE_LONG,3815.42,16563,3823.41,-7.989999999999782
OPEN_SHORT,3815.42,16563,3815.42,0.0
CLOSE_SHORT,3803.27,16568,3815.42,12.150000000000091
OPEN_LONG,3803.27,16568,3803.27,0.0
CLOSE_LONG,3818.0,16609,3803.27,14.730000000000018
OPEN_SHORT,3818.0,16609,3818.0,0.0
CLOSE_SHORT,3817.51,16615,3818.0,0.4899999999997817
OPEN_LONG,3817.51,16615,3817.51,0.0
CLOSE_LONG,3818.15,16634,3817.51,0.6399999999998727
OPEN_SHORT,3818.15,16634,3818.15,0.0
CLOSE_SHORT,3806.5,16645,3818.15,11.650000000000091
OPEN_LONG,3806.5,16645,3806.5,0.0
CLOSE_LONG,3806.75,16664,3806.5,0.25
OPEN_SHORT,3806.75,16664,3806.75,0.0
CLOSE_SHORT,3792.98,16666,3806.75,13.769999999999982
OPEN_LONG,3792.98,16666,3792.98,0.0
CLOSE_LONG,3800.64,16671,3792.98,7.6599999999998545
OPEN_SHORT,3800.64,16671,3800.64,0.0
CLOSE_SHORT,3794.2,16677,3800.64,6.440000000000055
OPEN_LONG,3794.2,16677,3794.2,0.0
CLOSE_LONG,3792.16,16700,3794.2,-2.0399999999999636
OPEN_SHORT,3792.16,16700,3792.16,0.0
CLOSE_SHORT,3791.07,16710,3792.16,1.0899999999996908
OPEN_LONG,3791.07,16710,3791.07,0.0
CLOSE_LONG,3747.21,16738,3791.07,-43.86000000000013
OPEN_SHORT,3747.21,16738,3747.21,0.0
CLOSE_SHORT,3742.44,16740,3747.21,4.769999999999982
OPEN_LONG,3742.44,16740,3742.44,0.0
CLOSE_LONG,3740.4,16755,3742.44,-2.0399999999999636
OPEN_SHORT,3740.4,16755,3740.4,0.0
CLOSE_SHORT,3735.2,16760,3740.4,5.200000000000273
OPEN_LONG,3735.2,16760,3735.2,0.0
CLOSE_LONG,3754.17,16784,3735.2,18.970000000000255
OPEN_SHORT,3754.17,16784,3754.17,0.0
CLOSE_SHORT,3750.32,16798,3754.17,3.849999999999909
OPEN_LONG,3750.32,16798,3750.32,0.0
CLOSE_LONG,3749.61,16824,3750.32,-0.7100000000000364
OPEN_SHORT,3749.61,16824,3749.61,0.0
CLOSE_SHORT,3818.4,16981,3749.61,-68.78999999999996
OPEN_LONG,3818.4,16981,3818.4,0.0
CLOSE_LONG,3839.94,17181,3818.4,21.539999999999964
OPEN_SHORT,3839.94,17181,3839.94,0.0
CLOSE_SHORT,3880.72,17324,3839.94,-40.779999999999745
OPEN_LONG,3880.72,17324,3880.72,0.0
CLOSE_LONG,3886.0,17351,3880.72,5.2800000000002
OPEN_SHORT,3886.0,17351,3886.0,0.0
CLOSE_SHORT,3877.88,17356,3886.0,8.11999999999989
OPEN_LONG,3877.88,17356,3877.88,0.0
CLOSE_LONG,3884.9,17367,3877.88,7.019999999999982
OPEN_SHORT,3884.9,17367,3884.9,0.0
CLOSE_SHORT,3893.46,17404,3884.9,-8.559999999999945
OPEN_LONG,3893.46,17404,3893.46,0.0
CLOSE_LONG,3879.46,17581,3893.46,-14.0
OPEN_SHORT,3879.46,17581,3879.46,0.0
CLOSE_SHORT,3875.32,17593,3879.46,4.139999999999873
OPEN_LONG,3875.32,17593,3875.32,0.0
CLOSE_LONG,3857.83,17715,3875.32,-17.490000000000236
OPEN_SHORT,3857.83,17715,3857.83,0.0
CLOSE_SHORT,3853.06,17721,3857.83,4.769999999999982
OPEN_LONG,3853.06,17721,3853.06,0.0
CLOSE_LONG,3845.45,17728,3853.06,-7.610000000000127
OPEN_SHORT,3845.45,17728,3845.45,0.0
CLOSE_SHORT,3845.01,17741,3845.45,0.4399999999995998
OPEN_LONG,3845.01,17741,3845.01,0.0
CLOSE_LONG,3830.32,17764,3845.01,-14.690000000000055
OPEN_SHORT,3830.32,17764,3830.32,0.0
CLOSE_SHORT,3825.46,17769,3830.32,4.860000000000127
OPEN_LONG,3825.46,17769,3825.46,0.0
CLOSE_LONG,3841.38,17775,3825.46,15.920000000000073
OPEN_SHORT,3841.38,17775,3841.38,0.0
CLOSE_SHORT,3839.99,17781,3841.38,1.3900000000003274
OPEN_LONG,3839.99,17781,3839.99,0.0
CLOSE_LONG,3843.69,17788,3839.99,3.700000000000273
OPEN_SHORT,3843.69,17788,3843.69,0.0
CLOSE_SHORT,3856.24,17817,3843.69,-12.549999999999727
OPEN_LONG,3856.24,17817,3856.24,0.0
CLOSE_LONG,3872.28,17833,3856.24,16.04000000000042
OPEN_SHORT,3872.28,17833,3872.28,0.0
CLOSE_SHORT,3863.53,17838,3872.28,8.75
OPEN_LONG,3863.53,17838,3863.53,0.0
CLOSE_LONG,3874.14,17849,3863.53,10.609999999999673
OPEN_SHORT,3874.14,17849,3874.14,0.0
CLOSE_SHORT,3870.93,17870,3874.14,3.2100000000000364
OPEN_LONG,3870.93,17870,3870.93,0.0
CLOSE_LONG,3878.24,17873,3870.93,7.309999999999945
OPEN_SHORT,3878.24,17873,3878.24,0.0
CLOSE_SHORT,3899.59,17921,3878.24,-21.350000000000364
OPEN_LONG,3899.59,17921,3899.59,0.0
CLOSE_LONG,3906.17,17956,3899.59,6.579999999999927
OPEN_SHORT,3906.17,17956,3906.17,0.0
CLOSE_SHORT,3910.0,17964,3906.17,-3.8299999999999272
OPEN_LONG,3910.0,17964,3910.0,0.0
CLOSE_LONG,3923.02,17969,3910.0,13.019999999999982
OPEN_SHORT,3923.02,17969,3923.02,0.0
CLOSE_SHORT,3909.63,17983,3923.02,13.389999999999873
OPEN_LONG,3909.63,17983,3909.63,0.0
CLOSE_LONG,3847.92,18152,3909.63,-61.710000000000036
OPEN_SHORT,3847.92,18152,3847.92,0.0
CLOSE_SHORT,3821.69,18158,3847.92,26.230000000000018
OPEN_LONG,3821.69,18158,3821.69,0.0
CLOSE_LONG,3830.18,18163,3821.69,8.489999999999782
OPEN_SHORT,3830.18,18163,3830.18,0.0
CLOSE_SHORT,3825.37,18189,3830.18,4.809999999999945
OPEN_LONG,3825.37,18189,3825.37,0.0
CLOSE_LONG,3843.88,18228,3825.37,18.51000000000022
OPEN_SHORT,3843.88,18228,3843.88,0.0
CLOSE_SHORT,3847.48,18346,3843.88,-3.599999999999909
OPEN_LONG,3847.48,18346,3847.48,0.0
CLOSE_LONG,3855.18,18352,3847.48,7.699999999999818
OPEN_SHORT,3855.18,18352,3855.18,0.0
CLOSE_SHORT,3851.71,18364,3855.18,3.4699999999998
OPEN_LONG,3851.71,18364,3851.71,0.0
CLOSE_LONG,3872.74,18390,3851.71,21.029999999999745
OPEN_SHORT,3872.74,18390,3872.74,0.0
CLOSE_SHORT,3861.49,18426,3872.74,11.25
OPEN_LONG,3861.49,18426,3861.49,0.0
CLOSE_LONG,3881.22,18461,3861.49,19.730000000000018
OPEN_SHORT,3881.22,18461,3881.22,0.0
CLOSE_SHORT,3870.13,18482,3881.22,11.08999999999969
OPEN_LONG,3870.13,18482,3870.13,0.0
CLOSE_LONG,3881.95,18492,3870.13,11.819999999999709
OPEN_SHORT,3881.95,18492,3881.95,0.0
CLOSE_SHORT,3878.41,18500,3881.95,3.5399999999999636
OPEN_LONG,3878.41,18500,3878.41,0.0
CLOSE_LONG,3885.82,18504,3878.41,7.410000000000309
OPEN_SHORT,3885.82,18504,3885.82,0.0
CLOSE_SHORT,3967.4,18640,3885.82,-81.57999999999993
OPEN_LONG,3967.4,18640,3967.4,0.0
CLOSE_LONG,3972.69,18648,3967.4,5.289999999999964
OPEN_SHORT,3972.69,18648,3972.69,0.0
CLOSE_SHORT,3960.99,18662,3972.69,11.700000000000273
OPEN_LONG,3960.99,18662,3960.99,0.0
CLOSE_LONG,3975.34,18677,3960.99,14.350000000000364
OPEN_SHORT,3975.34,18677,3975.34,0.0
CLOSE_SHORT,3976.07,18694,3975.34,-0.7300000000000182
OPEN_LONG,3976.07,18694,3976.07,0.0
CLOSE_LONG,3961.79,18953,3976.07,-14.2800000000002
OPEN_SHORT,3961.79,18953,3961.79,0.0
CLOSE_SHORT,3953.74,18961,3961.79,8.050000000000182
OPEN_LONG,3953.74,18961,3953.74,0.0
CLOSE_LONG,3996.3,19090,3953.74,42.5600000000004
OPEN_SHORT,3996.3,19090,3996.3,0.0
CLOSE_SHORT,3982.86,19095,3996.3,13.440000000000055
OPEN_LONG,3982.86,19095,3982.86,0.0
CLOSE_LONG,3937.83,19172,3982.86,-45.0300000000002
OPEN_SHORT,3937.83,19172,3937.83,0.0
CLOSE_SHORT,3928.0,19181,3937.83,9.829999999999927
OPEN_LONG,3928.0,19181,3928.0,0.0
CLOSE_LONG,3888.27,19299,3928.0,-39.73000000000002
OPEN_SHORT,3888.27,19299,3888.27,0.0
CLOSE_SHORT,3873.6,19300,3888.27,14.670000000000073
OPEN_LONG,3873.6,19300,3873.6,0.0
CLOSE_LONG,3876.33,19309,3873.6,2.730000000000018
OPEN_SHORT,3876.33,19309,3876.33,0.0
CLOSE_SHORT,3868.05,19334,3876.33,8.279999999999745
OPEN_LONG,3868.05,19334,3868.05,0.0
CLOSE_LONG,3872.39,19342,3868.05,4.339999999999691
OPEN_SHORT,3872.39,19342,3872.39,0.0
CLOSE_SHORT,3887.85,19367,3872.39,-15.460000000000036
OPEN_LONG,3887.85,19367,3887.85,0.0
CLOSE_LONG,3885.69,19375,3887.85,-2.1599999999998545
OPEN_SHORT,3885.69,19375,3885.69,0.0
CLOSE_SHORT,3886.51,19409,3885.69,-0.8200000000001637
OPEN_LONG,3886.51,19409,3886.51,0.0
CLOSE_LONG,3893.96,19423,3886.51,7.449999999999818
OPEN_SHORT,3893.96,19423,3893.96,0.0
CLOSE_SHORT,3935.0,19604,3893.96,-41.039999999999964
OPEN_LONG,3935.0,19604,3935.0,0.0
CLOSE_LONG,3936.81,19618,3935.0,1.8099999999999454
OPEN_SHORT,3936.81,19618,3936.81,0.0
CLOSE_SHORT,3933.64,19626,3936.81,3.1700000000000728
OPEN_LONG,3933.64,19626,3933.64,0.0
CLOSE_LONG,3933.01,20139,3933.64,-0.6299999999996544
OPEN_SHORT,3933.01,20139,3933.01,0.0
CLOSE_SHORT,3930.38,20236,3933.01,2.630000000000109
OPEN_LONG,3930.38,20236,3930.38,0.0
CLOSE_LONG,3948.96,20312,3930.38,18.579999999999927
OPEN_SHORT,3948.96,20312,3948.96,0.0
CLOSE_SHORT,3946.79,20322,3948.96,2.1700000000000728
OPEN_LONG,3946.79,20322,3946.79,0.0
CLOSE_LONG,3948.79,20507,3946.79,2.0
OPEN_SHORT,3948.79,20507,3948.79,0.0
CLOSE_SHORT,3945.41,20552,3948.79,3.380000000000109
OPEN_LONG,3945.41,20552,3945.41,0.0
CLOSE_LONG,3935.93,20806,3945.41,-9.480000000000018
OPEN_SHORT,3935.93,20806,3935.93,0.0
CLOSE_SHORT,3953.38,21000,3935.93,-17.450000000000273
OPEN_LONG,3953.38,21000,3953.38,0.0
CLOSE_LONG,3962.81,21150,3953.38,9.429999999999836
OPEN_SHORT,3962.81,21150,3962.81,0.0
CLOSE_SHORT,3948.03,21242,3962.81,14.779999999999745
OPEN_LONG,3948.03,21242,3948.03,0.0
CLOSE_LONG,3933.89,21479,3948.03,-14.140000000000327
OPEN_SHORT,3933.89,21479,3933.89,0.0
CLOSE_SHORT,3943.02,21659,3933.89,-9.13000000000011
OPEN_LONG,3943.02,21659,3943.02,0.0
CLOSE_LONG,3964.06,21776,3943.02,21.039999999999964
OPEN_SHORT,3964.06,21776,3964.06,0.0
CLOSE_SHORT,3986.54,21790,3964.06,-22.480000000000018
OPEN_LONG,3986.54,21790,3986.54,0.0
CLOSE_LONG,3991.01,21798,3986.54,4.470000000000255
OPEN_SHORT,3991.01,21798,3991.01,0.0
CLOSE_SHORT,3978.98,21808,3991.01,12.0300000000002
OPEN_LONG,3978.98,21808,3978.98,0.0
CLOSE_LONG,3982.02,21856,3978.98,3.0399999999999636
OPEN_SHORT,3982.02,21856,3982.02,0.0
CLOSE_SHORT,3977.34,21885,3982.02,4.679999999999836
OPEN_LONG,3977.34,21885,3977.34,0.0
CLOSE_LONG,3997.75,21897,3977.34,20.409999999999854
OPEN_SHORT,3997.75,21897,3997.75,0.0
CLOSE_SHORT,4030.08,21925,3997.75,-32.32999999999993
OPEN_LONG,4030.08,21925,4030.08,0.0
CLOSE_LONG,4041.0,21934,4030.08,10.920000000000073
OPEN_SHORT,4041.0,21934,4041.0,0.0
CLOSE_SHORT,4040.44,21942,4041.0,0.5599999999999454
OPEN_LONG,4040.44,21942,4040.44,0.0
CLOSE_LONG,4055.39,21954,4040.44,14.949999999999818
OPEN_SHORT,4055.39,21954,4055.39,0.0
CLOSE_SHORT,4047.79,21959,4055.39,7.599999999999909
OPEN_LONG,4047.79,21959,4047.79,0.0
CLOSE_LONG,4060.46,21975,4047.79,12.670000000000073
OPEN_SHORT,4060.46,21975,4060.46,0.0
CLOSE_SHORT,4052.8,21980,4060.46,7.6599999999998545
OPEN_LONG,4052.8,21980,4052.8,0.0
CLOSE_LONG,4070.25,21982,4052.8,17.449999999999818
OPEN_SHORT,4070.25,21982,4070.25,0.0
CLOSE_SHORT,4066.88,22004,4070.25,3.369999999999891
OPEN_LONG,4066.88,22004,4066.88,0.0
CLOSE_LONG,4073.78,22010,4066.88,6.900000000000091
OPEN_SHORT,4073.78,22010,4073.78,0.0
CLOSE_SHORT,4086.08,22049,4073.78,-12.299999999999727
OPEN_LONG,4086.08,22049,4086.08,0.0
CLOSE_LONG,4089.67,22064,4086.08,3.5900000000001455
OPEN_SHORT,4089.67,22064,4089.67,0.0
CLOSE_SHORT,4078.83,22074,4089.67,10.840000000000146
OPEN_LONG,4078.83,22074,4078.83,0.0
CLOSE_LONG,4070.09,22302,4078.83,-8.739999999999782
OPEN_SHORT,4070.09,22302,4070.09,0.0
CLOSE_SHORT,4069.73,22354,4070.09,0.36000000000012733
OPEN_LONG,4069.73,22354,4069.73,0.0
CLOSE_LONG,4073.44,22511,4069.73,3.7100000000000364
OPEN_SHORT,4073.44,22511,4073.44,0.0
CLOSE_SHORT,4138.13,22544,4073.44,-64.69000000000005
OPEN_LONG,4138.13,22544,4138.13,0.0
CLOSE_LONG,4133.5,22547,4138.13,-4.630000000000109
OPEN_SHORT,4133.5,22547,4133.5,0.0
CLOSE_SHORT,4157.86,22602,4133.5,-24.359999999999673
OPEN_LONG,4157.86,22602,4157.86,0.0
CLOSE_LONG,4161.88,22611,4157.86,4.020000000000437
OPEN_SHORT,4161.88,22611,4161.88,0.0
CLOSE_SHORT,4161.35,22625,4161.88,0.5299999999997453
OPEN_LONG,4161.35,22625,4161.35,0.0
CLOSE_LONG,4170.89,22629,4161.35,9.539999999999964
OPEN_SHORT,4170.89,22629,4170.89,0.0
CLOSE_SHORT,4158.73,22651,4170.89,12.160000000000764
OPEN_LONG,4158.73,22651,4158.73,0.0
CLOSE_LONG,4165.71,22661,4158.73,6.980000000000473
OPEN_SHORT,4165.71,22661,4165.71,0.0
CLOSE_SHORT,4164.68,22678,4165.71,1.0299999999997453
OPEN_LONG,4164.68,22678,4164.68,0.0
CLOSE_LONG,4187.17,22691,4164.68,22.48999999999978
OPEN_SHORT,4187.17,22691,4187.17,0.0
CLOSE_SHORT,4179.19,22695,4187.17,7.980000000000473
OPEN_LONG,4179.19,22695,4179.19,0.0
CLOSE_LONG,4190.57,22738,4179.19,11.38000000000011
OPEN_SHORT,4190.57,22738,4190.57,0.0
CLOSE_SHORT,4185.2,22743,4190.57,5.369999999999891
OPEN_LONG,4185.2,22743,4185.2,0.0
CLOSE_LONG,4193.45,22752,4185.2,8.25
OPEN_SHORT,4193.45,22752,4193.45,0.0
CLOSE_SHORT,4189.76,22758,4193.45,3.6899999999996
OPEN_LONG,4189.76,22758,4189.76,0.0
CLOSE_LONG,4205.19,22818,4189.76,15.429999999999382
OPEN_SHORT,4205.19,22818,4205.19,0.0
CLOSE_SHORT,4207.61,22859,4205.19,-2.4200000000000728
OPEN_LONG,4207.61,22859,4207.61,0.0
CLOSE_LONG,4235.16,23032,4207.61,27.550000000000182
OPEN_SHORT,4235.16,23032,4235.16,0.0
CLOSE_SHORT,4230.5,23049,4235.16,4.6599999999998545
OPEN_LONG,4230.5,23049,4230.5,0.0
CLOSE_LONG,4170.0,23231,4230.5,-60.5
OPEN_SHORT,4170.0,23231,4170.0,0.0
CLOSE_SHORT,4161.4,23240,4170.0,8.600000000000364
OPEN_LONG,4161.4,23240,4161.4,0.0
CLOSE_LONG,4168.48,23307,4161.4,7.079999999999927
OPEN_SHORT,4168.48,23307,4168.48,0.0
CLOSE_SHORT,4159.74,23333,4168.48,8.739999999999782
OPEN_LONG,4159.74,23333,4159.74,0.0
CLOSE_LONG,4153.5,23351,4159.74,-6.239999999999782
OPEN_SHORT,4153.5,23351,4153.5,0.0
CLOSE_SHORT,4154.44,23363,4153.5,-0.9399999999995998
OPEN_LONG,4154.44,23363,4154.44,0.0
CLOSE_LONG,4157.09,23440,4154.44,2.6500000000005457
OPEN_SHORT,4157.09,23440,4157.09,0.0
CLOSE_SHORT,4147.5,23469,4157.09,9.590000000000146
OPEN_LONG,4147.5,23469,4147.5,0.0
CLOSE_LONG,4147.67,23481,4147.5,0.17000000000007276
OPEN_SHORT,4147.67,23481,4147.67,0.0
CLOSE_SHORT,4173.65,23492,4147.67,-25.979999999999563
OPEN_LONG,4173.65,23492,4173.65,0.0
CLOSE_LONG,4140.73,23521,4173.65,-32.92000000000007
OPEN_SHORT,4140.73,23521,4140.73,0.0
CLOSE_SHORT,4145.0,23541,4140.73,-4.270000000000437
OPEN_LONG,4145.0,23541,4145.0,0.0
CLOSE_LONG,4147.47,23554,4145.0,2.4700000000002547
OPEN_SHORT,4147.47,23554,4147.47,0.0
CLOSE_SHORT,4157.33,23571,4147.47,-9.859999999999673
OPEN_LONG,4157.33,23571,4157.33,0.0
CLOSE_LONG,4175.23,23615,4157.33,17.899999999999636
OPEN_SHORT,4175.23,23615,4175.23,0.0
CLOSE_SHORT,4203.18,23698,4175.23,-27.950000000000728
OPEN_LONG,4203.18,23698,4203.18,0.0
CLOSE_LONG,4208.22,23710,4203.18,5.039999999999964
OPEN_SHORT,4208.22,23710,4208.22,0.0
CLOSE_SHORT,4218.81,23759,4208.22,-10.590000000000146
OPEN_LONG,4218.81,23759,4218.81,0.0
CLOSE_LONG,4122.37,23950,4218.81,-96.44000000000051
OPEN_SHORT,4122.37,23950,4122.37,0.0
CLOSE_SHORT,4115.21,23952,4122.37,7.1599999999998545
OPEN_LONG,4115.21,23952,4115.21,0.0
CLOSE_LONG,4133.53,23962,4115.21,18.31999999999971
OPEN_SHORT,4133.53,23962,4133.53,0.0
CLOSE_SHORT,4126.72,23967,4133.53,6.809999999999491
OPEN_LONG,4126.72,23967,4126.72,0.0
CLOSE_LONG,4129.35,23979,4126.72,2.630000000000109
OPEN_SHORT,4129.35,23979,4129.35,0.0
CLOSE_SHORT,4118.46,24030,4129.35,10.890000000000327
OPEN_LONG,4118.46,24030,4118.46,0.0
CLOSE_LONG,4114.01,24048,4118.46,-4.449999999999818
OPEN_SHORT,4114.01,24048,4114.01,0.0
CLOSE_SHORT,4114.56,24095,4114.01,-0.5500000000001819
OPEN_LONG,4114.56,24095,4114.56,0.0
CLOSE_LONG,4121.53,24157,4114.56,6.969999999999345
OPEN_SHORT,4121.53,24157,4121.53,0.0
CLOSE_SHORT,4124.24,24225,4121.53,-2.7100000000000364
OPEN_LONG,4124.24,24225,4124.24,0.0
CLOSE_LONG,4091.9,24268,4124.24,-32.33999999999969
OPEN_SHORT,4091.9,24268,4091.9,0.0
CLOSE_SHORT,4090.99,24276,4091.9,0.9100000000003092
OPEN_LONG,4090.99,24276,4090.99,0.0
CLOSE_LONG,4103.01,24382,4090.99,12.020000000000437
OPEN_SHORT,4103.01,24382,4103.01,0.0
CLOSE_SHORT,4069.92,24439,4103.01,33.090000000000146
OPEN_LONG,4069.92,24439,4069.92,0.0
CLOSE_LONG,4110.39,24506,4069.92,40.470000000000255
OPEN_SHORT,4110.39,24506,4110.39,0.0
CLOSE_SHORT,4117.74,24523,4110.39,-7.349999999999454
OPEN_LONG,4117.74,24523,4117.74,0.0
CLOSE_LONG,4113.52,24592,4117.74,-4.219999999999345
OPEN_SHORT,4113.52,24592,4113.52,0.0
CLOSE_SHORT,4125.07,24629,4113.52,-11.549999999999272
OPEN_LONG,4125.07,24629,4125.07,0.0
CLOSE_LONG,4122.67,24772,4125.07,-2.399999999999636
OPEN_SHORT,4122.67,24772,4122.67,0.0
CLOSE_SHORT,4111.7,24803,4122.67,10.970000000000255
OPEN_LONG,4111.7,24803,4111.7,0.0
CLOSE_LONG,4119.41,24859,4111.7,7.710000000000036
OPEN_SHORT,4119.41,24859,4119.41,0.0
CLOSE_SHORT,4128.78,24888,4119.41,-9.36999999999989
OPEN_LONG,4128.78,24888,4128.78,0.0
CLOSE_LONG,4145.07,24895,4128.78,16.289999999999964
OPEN_SHORT,4145.07,24895,4145.07,0.0
CLOSE_SHORT,4138.21,24901,4145.07,6.859999999999673
OPEN_LONG,4138.21,24901,4138.21,0.0
CLOSE_LONG,4144.7,24914,4138.21,6.489999999999782
OPEN_SHORT,4144.7,24914,4144.7,0.0
CLOSE_SHORT,4147.59,24928,4144.7,-2.8900000000003274
OPEN_LONG,4147.59,24928,4147.59,0.0
CLOSE_LONG,4156.63,24933,4147.59,9.039999999999964
OPEN_SHORT,4156.63,24933,4156.63,0.0
CLOSE_SHORT,4143.79,24940,4156.63,12.840000000000146
OPEN_LONG,4143.79,24940,4143.79,0.0
CLOSE_LONG,4159.52,24947,4143.79,15.730000000000473
OPEN_SHORT,4159.52,24947,4159.52,0.0
CLOSE_SHORT,4154.39,24959,4159.52,5.130000000000109
OPEN_LONG,4154.39,24959,4154.39,0.0
CLOSE_LONG,4163.56,24964,4154.39,9.170000000000073
OPEN_SHORT,4163.56,24964,4163.56,0.0
CLOSE_SHORT,4140.72,24966,4163.56,22.840000000000146
OPEN_LONG,4140.72,24966,4140.72,0.0
CLOSE_LONG,4107.04,24984,4140.72,-33.68000000000029
OPEN_SHORT,4107.04,24984,4107.04,0.0
CLOSE_SHORT,4117.7,24995,4107.04,-10.659999999999854
OPEN_LONG,4117.7,24995,4117.7,0.0
CLOSE_LONG,4113.01,25082,4117.7,-4.6899999999996
OPEN_SHORT,4113.01,25082,4113.01,0.0
CLOSE_SHORT,4117.09,25089,4113.01,-4.079999999999927
OPEN_LONG,4117.09,25089,4117.09,0.0
CLOSE_LONG,4121.38,25099,4117.09,4.289999999999964
OPEN_SHORT,4121.38,25099,4121.38,0.0
CLOSE_SHORT,4122.59,25145,4121.38,-1.2100000000000364
OPEN_LONG,4122.59,25145,4122.59,0.0
CLOSE_LONG,4142.2,25150,4122.59,19.609999999999673
OPEN_SHORT,4142.2,25150,4142.2,0.0
CLOSE_SHORT,4129.75,25174,4142.2,12.449999999999818
OPEN_LONG,4129.75,25174,4129.75,0.0
CLOSE_LONG,4140.28,25180,4129.75,10.529999999999745
OPEN_SHORT,4140.28,25180,4140.28,0.0
CLOSE_SHORT,4124.9,25202,4140.28,15.38000000000011
OPEN_LONG,4124.9,25202,4124.9,0.0
CLOSE_LONG,3995.29,25332,4124.9,-129.60999999999967
OPEN_SHORT,3995.29,25332,3995.29,0.0
CLOSE_SHORT,3976.61,25337,3995.29,18.679999999999836
OPEN_LONG,3976.61,25337,3976.61,0.0
CLOSE_LONG,3986.4,25347,3976.61,9.789999999999964
OPEN_SHORT,3986.4,25347,3986.4,0.0
CLOSE_SHORT,3976.69,25352,3986.4,9.710000000000036
OPEN_LONG,3976.69,25352,3976.69,0.0
CLOSE_LONG,3958.3,25365,3976.69,-18.389999999999873
OPEN_SHORT,3958.3,25365,3958.3,0.0
CLOSE_SHORT,3959.26,25375,3958.3,-0.9600000000000364
OPEN_LONG,3959.26,25375,3959.26,0.0
CLOSE_LONG,3966.73,25385,3959.26,7.4699999999998
OPEN_SHORT,3966.73,25385,3966.73,0.0
CLOSE_SHORT,3975.42,25414,3966.73,-8.690000000000055
OPEN_LONG,3975.42,25414,3975.42,0.0
CLOSE_LONG,3988.31,25416,3975.42,12.889999999999873
OPEN_SHORT,3988.31,25416,3988.31,0.0
CLOSE_SHORT,3978.97,25516,3988.31,9.340000000000146
OPEN_LONG,3978.97,25516,3978.97,0.0
CLOSE_LONG,3975.84,25623,3978.97,-3.1299999999996544
OPEN_SHORT,3975.84,25623,3975.84,0.0
CLOSE_SHORT,3990.09,25639,3975.84,-14.25
OPEN_LONG,3990.09,25639,3990.09,0.0
CLOSE_LONG,3983.02,25649,3990.09,-7.070000000000164
OPEN_SHORT,3983.02,25649,3983.02,0.0
CLOSE_SHORT,4020.7,25925,3983.02,-37.679999999999836
OPEN_LONG,4020.7,25925,4020.7,0.0
CLOSE_LONG,3995.33,26199,4020.7,-25.36999999999989
OPEN_SHORT,3995.33,26199,3995.33,0.0
CLOSE_SHORT,4009.48,26345,3995.33,-14.150000000000091
OPEN_LONG,4009.48,26345,4009.48,0.0
CLOSE_LONG,3953.41,26484,4009.48,-56.070000000000164
OPEN_SHORT,3953.41,26484,3953.41,0.0
CLOSE_SHORT,3933.42,26497,3953.41,19.98999999999978
OPEN_LONG,3933.42,26497,3933.42,0.0
CLOSE_LONG,3937.75,26506,3933.42,4.329999999999927
OPEN_SHORT,3937.75,26506,3937.75,0.0
CLOSE_SHORT,3964.0,26539,3937.75,-26.25
OPEN_LONG,3964.0,26539,3964.0,0.0
CLOSE_LONG,3971.42,26555,3964.0,7.420000000000073
OPEN_SHORT,3971.42,26555,3971.42,0.0
CLOSE_SHORT,3966.0,26567,3971.42,5.420000000000073
OPEN_LONG,3966.0,26567,3966.0,0.0
CLOSE_LONG,3973.23,26586,3966.0,7.230000000000018
OPEN_SHORT,3973.23,26586,3973.23,0.0
CLOSE_SHORT,3996.67,26616,3973.23,-23.440000000000055
OPEN_LONG,3996.67,26616,3996.67,0.0
CLOSE_LONG,3996.64,26630,3996.67,-0.03000000000020009
OPEN_SHORT,3996.64,26630,3996.64,0.0
CLOSE_SHORT,3988.4,26635,3996.64,8.239999999999782
OPEN_LONG,3988.4,26635,3988.4,0.0
CLOSE_LONG,3999.04,26645,3988.4,10.639999999999873
OPEN_SHORT,3999.04,26645,3999.04,0.0
CLOSE_SHORT,3901.77,26647,3999.04,97.26999999999998
OPEN_LONG,3901.77,26647,3901.77,0.0
CLOSE_LONG,3890.69,26657,3901.77,-11.079999999999927
OPEN_SHORT,3890.69,26657,3890.69,0.0
CLOSE_SHORT,3918.8,26670,3890.69,-28.110000000000127
OPEN_LONG,3918.8,26670,3918.8,0.0
CLOSE_LONG,3948.53,26679,3918.8,29.730000000000018
OPEN_SHORT,3948.53,26679,3948.53,0.0
CLOSE_SHORT,3932.01,26688,3948.53,16.519999999999982
OPEN_LONG,3932.01,26688,3932.01,0.0
CLOSE_LONG,3910.42,26748,3932.01,-21.590000000000146
OPEN_SHORT,3910.42,26748,3910.42,0.0
CLOSE_SHORT,3929.53,26806,3910.42,-19.110000000000127
OPEN_LONG,3929.53,26806,3929.53,0.0
CLOSE_LONG,3943.6,26811,3929.53,14.069999999999709
OPEN_SHORT,3943.6,26811,3943.6,0.0
CLOSE_SHORT,3935.73,26882,3943.6,7.869999999999891
OPEN_LONG,3935.73,26882,3935.73,0.0
CLOSE_LONG,3893.52,26958,3935.73,-42.210000000000036
OPEN_SHORT,3893.52,26958,3893.52,0.0
CLOSE_SHORT,3888.2,26960,3893.52,5.320000000000164
OPEN_LONG,3888.2,26960,3888.2,0.0
CLOSE_LONG,3899.05,26985,3888.2,10.850000000000364
OPEN_SHORT,3899.05,26985,3899.05,0.0
CLOSE_SHORT,3905.65,27010,3899.05,-6.599999999999909
OPEN_LONG,3905.65,27010,3905.65,0.0
CLOSE_LONG,3919.74,27041,3905.65,14.08999999999969
OPEN_SHORT,3919.74,27041,3919.74,0.0
CLOSE_SHORT,3926.0,27215,3919.74,-6.260000000000218
OPEN_LONG,3926.0,27215,3926.0,0.0
CLOSE_LONG,3888.37,27246,3926.0,-37.63000000000011
OPEN_SHORT,3888.37,27246,3888.37,0.0
CLOSE_SHORT,3893.01,27252,3888.37,-4.640000000000327
OPEN_LONG,3893.01,27252,3893.01,0.0
CLOSE_LONG,3902.78,27311,3893.01,9.769999999999982
OPEN_SHORT,3902.78,27311,3902.78,0.0
CLOSE_SHORT,3897.6,27347,3902.78,5.180000000000291
OPEN_LONG,3897.6,27347,3897.6,0.0
CLOSE_LONG,3902.83,27352,3897.6,5.230000000000018
OPEN_SHORT,3902.83,27352,3902.83,0.0
CLOSE_SHORT,3932.0,27440,3902.83,-29.170000000000073
OPEN_LONG,3932.0,27440,3932.0,0.0
CLOSE_LONG,3931.76,27486,3932.0,-0.23999999999978172
OPEN_SHORT,3931.76,27486,3931.76,0.0
CLOSE_SHORT,3918.69,27507,3931.76,13.070000000000164
OPEN_LONG,3918.69,27507,3918.69,0.0
CLOSE_LONG,3903.83,27594,3918.69,-14.860000000000127
OPEN_SHORT,3903.83,27594,3903.83,0.0
CLOSE_SHORT,3896.89,27599,3903.83,6.940000000000055
OPEN_LONG,3896.89,27599,3896.89,0.0
CLOSE_LONG,3884.1,27645,3896.89,-12.789999999999964
OPEN_SHORT,3884.1,27645,3884.1,0.0
CLOSE_SHORT,3872.56,27699,3884.1,11.539999999999964
OPEN_LONG,3872.56,27699,3872.56,0.0
CLOSE_LONG,3813.47,27747,3872.56,-59.090000000000146
OPEN_SHORT,3813.47,27747,3813.47,0.0
CLOSE_SHORT,3807.61,27751,3813.47,5.859999999999673
OPEN_LONG,3807.61,27751,3807.61,0.0
CLOSE_LONG,3824.27,27756,3807.61,16.659999999999854
OPEN_SHORT,3824.27,27756,3824.27,0.0
CLOSE_SHORT,3822.8,27768,3824.27,1.4699999999998
OPEN_LONG,3822.8,27768,3822.8,0.0
CLOSE_LONG,3818.67,27780,3822.8,-4.130000000000109
OPEN_SHORT,3818.67,27780,3818.67,0.0
CLOSE_SHORT,3806.42,27783,3818.67,12.25
OPEN_LONG,3806.42,27783,3806.42,0.0
CLOSE_LONG,3794.0,27797,3806.42,-12.420000000000073
OPEN_SHORT,3794.0,27797,3794.0,0.0
CLOSE_SHORT,3792.85,27802,3794.0,1.150000000000091
OPEN_LONG,3792.85,27802,3792.85,0.0
CLOSE_LONG,3790.29,27816,3792.85,-2.5599999999999454
OPEN_SHORT,3790.29,27816,3790.29,0.0
CLOSE_SHORT,3779.52,27821,3790.29,10.769999999999982
OPEN_LONG,3779.52,27821,3779.52,0.0
CLOSE_LONG,3792.32,27825,3779.52,12.800000000000182
OPEN_SHORT,3792.32,27825,3792.32,0.0
CLOSE_SHORT,3778.27,27830,3792.32,14.050000000000182
OPEN_LONG,3778.27,27830,3778.27,0.0
CLOSE_LONG,3786.87,27833,3778.27,8.599999999999909
OPEN_SHORT,3786.87,27833,3786.87,0.0
CLOSE_SHORT,3776.0,27838,3786.87,10.86999999999989
OPEN_LONG,3776.0,27838,3776.0,0.0
CLOSE_LONG,3785.71,27842,3776.0,9.710000000000036
OPEN_SHORT,3785.71,27842,3785.71,0.0
CLOSE_SHORT,3766.81,27844,3785.71,18.90000000000009
OPEN_LONG,3766.81,27844,3766.81,0.0
CLOSE_LONG,3781.8,27848,3766.81,14.990000000000236
OPEN_SHORT,3781.8,27848,3781.8,0.0
CLOSE_SHORT,3782.3,27858,3781.8,-0.5
OPEN_LONG,3782.3,27858,3782.3,0.0
CLOSE_LONG,3792.04,27863,3782.3,9.739999999999782
OPEN_SHORT,3792.04,27863,3792.04,0.0
CLOSE_SHORT,3783.67,27879,3792.04,8.36999999999989
OPEN_LONG,3783.67,27879,3783.67,0.0
CLOSE_LONG,3787.2,27894,3783.67,3.5299999999997453
OPEN_SHORT,3787.2,27894,3787.2,0.0
CLOSE_SHORT,3764.6,27908,3787.2,22.59999999999991
OPEN_LONG,3764.6,27908,3764.6,0.0
CLOSE_LONG,3769.72,27916,3764.6,5.119999999999891
OPEN_SHORT,3769.72,27916,3769.72,0.0
CLOSE_SHORT,3789.38,27964,3769.72,-19.66000000000031
OPEN_LONG,3789.38,27964,3789.38,0.0
CLOSE_LONG,3746.39,28018,3789.38,-42.99000000000024
OPEN_SHORT,3746.39,28018,3746.39,0.0
CLOSE_SHORT,3727.2,28022,3746.39,19.190000000000055
OPEN_LONG,3727.2,28022,3727.2,0.0
CLOSE_LONG,3734.22,28032,3727.2,7.019999999999982
OPEN_SHORT,3734.22,28032,3734.22,0.0
CLOSE_SHORT,3761.03,28055,3734.22,-26.8100000000004
OPEN_LONG,3761.03,28055,3761.03,0.0
CLOSE_LONG,3728.15,28115,3761.03,-32.88000000000011
OPEN_SHORT,3728.15,28115,3728.15,0.0
CLOSE_SHORT,3716.57,28128,3728.15,11.579999999999927
OPEN_LONG,3716.57,28128,3716.57,0.0
CLOSE_LONG,3725.3,28137,3716.57,8.730000000000018
OPEN_SHORT,3725.3,28137,3725.3,0.0
CLOSE_SHORT,3711.98,28146,3725.3,13.320000000000164
OPEN_LONG,3711.98,28146,3711.98,0.0
CLOSE_LONG,3714.88,28160,3711.98,2.900000000000091
OPEN_SHORT,3714.88,28160,3714.88,0.0
CLOSE_SHORT,3705.08,28165,3714.88,9.800000000000182
OPEN_LONG,3705.08,28165,3705.08,0.0
CLOSE_LONG,3723.82,28205,3705.08,18.740000000000236
OPEN_SHORT,3723.82,28205,3723.82,0.0
CLOSE_SHORT,3751.81,28246,3723.82,-27.98999999999978
OPEN_LONG,3751.81,28246,3751.81,0.0
CLOSE_LONG,3761.88,28250,3751.81,10.070000000000164
OPEN_SHORT,3761.88,28250,3761.88,0.0
CLOSE_SHORT,3746.58,28261,3761.88,15.300000000000182
OPEN_LONG,3746.58,28261,3746.58,0.0
CLOSE_LONG,3751.81,28266,3746.58,5.230000000000018
OPEN_SHORT,3751.81,28266,3751.81,0.0
CLOSE_SHORT,3775.75,28354,3751.81,-23.940000000000055
OPEN_LONG,3775.75,28354,3775.75,0.0
CLOSE_LONG,3794.04,28385,3775.75,18.289999999999964
OPEN_SHORT,3794.04,28385,3794.04,0.0
CLOSE_SHORT,3784.65,28390,3794.04,9.389999999999873
OPEN_LONG,3784.65,28390,3784.65,0.0
CLOSE_LONG,3794.6,28398,3784.65,9.949999999999818
OPEN_SHORT,3794.6,28398,3794.6,0.0
CLOSE_SHORT,3795.79,28413,3794.6,-1.1900000000000546
OPEN_LONG,3795.79,28413,3795.79,0.0
CLOSE_LONG,3810.7,28424,3795.79,14.909999999999854
OPEN_SHORT,3810.7,28424,3810.7,0.0
CLOSE_SHORT,3825.61,28472,3810.7,-14.91000000000031
OPEN_LONG,3825.61,28472,3825.61,0.0
CLOSE_LONG,3836.4,28475,3825.61,10.789999999999964
OPEN_SHORT,3836.4,28475,3836.4,0.0
CLOSE_SHORT,3843.89,28500,3836.4,-7.489999999999782
OPEN_LONG,3843.89,28500,3843.89,0.0
CLOSE_LONG,3845.28,28519,3843.89,1.3900000000003274
OPEN_SHORT,3845.28,28519,3845.28,0.0
CLOSE_SHORT,3840.3,28535,3845.28,4.980000000000018
OPEN_LONG,3840.3,28535,3840.3,0.0
CLOSE_LONG,3834.1,28547,3840.3,-6.200000000000273
OPEN_SHORT,3834.1,28547,3834.1,0.0
CLOSE_SHORT,3827.39,28567,3834.1,6.710000000000036
OPEN_LONG,3827.39,28567,3827.39,0.0
CLOSE_LONG,3826.5,28585,3827.39,-0.8899999999998727
OPEN_SHORT,3826.5,28585,3826.5,0.0
CLOSE_SHORT,3816.91,28588,3826.5,9.590000000000146
OPEN_LONG,3816.91,28588,3816.91,0.0
CLOSE_LONG,3839.35,28657,3816.91,22.440000000000055
OPEN_SHORT,3839.35,28657,3839.35,0.0
CLOSE_SHORT,3853.19,28666,3839.35,-13.840000000000146
OPEN_LONG,3853.19,28666,3853.19,0.0
CLOSE_LONG,3864.63,28671,3853.19,11.440000000000055
OPEN_SHORT,3864.63,28671,3864.63,0.0
CLOSE_SHORT,3857.03,28680,3864.63,7.599999999999909
OPEN_LONG,3857.03,28680,3857.03,0.0
CLOSE_LONG,3870.0,28690,3857.03,12.9699999999998
OPEN_SHORT,3870.0,28690,3870.0,0.0
CLOSE_SHORT,3862.81,28695,3870.0,7.190000000000055
OPEN_LONG,3862.81,28695,3862.81,0.0
CLOSE_LONG,3829.74,28909,3862.81,-33.070000000000164
OPEN_SHORT,3829.74,28909,3829.74,0.0
CLOSE_SHORT,3845.75,28956,3829.74,-16.01000000000022
OPEN_LONG,3845.75,28956,3845.75,0.0
CLOSE_LONG,3855.25,29118,3845.75,9.5
OPEN_SHORT,3855.25,29118,3855.25,0.0
CLOSE_SHORT,3870.07,29138,3855.25,-14.820000000000164
OPEN_LONG,3870.07,29138,3870.07,0.0
CLOSE_LONG,3879.11,29147,3870.07,9.039999999999964
OPEN_SHORT,3879.11,29147,3879.11,0.0
CLOSE_SHORT,3869.44,29154,3879.11,9.670000000000073
OPEN_LONG,3869.44,29154,3869.44,0.0
CLOSE_LONG,3847.25,29199,3869.44,-22.190000000000055
OPEN_SHORT,3847.25,29199,3847.25,0.0
CLOSE_SHORT,3854.04,29215,3847.25,-6.789999999999964
OPEN_LONG,3854.04,29215,3854.04,0.0
CLOSE_LONG,3849.6,29226,3854.04,-4.440000000000055
OPEN_SHORT,3849.6,29226,3849.6,0.0
CLOSE_SHORT,3841.27,29228,3849.6,8.329999999999927
OPEN_LONG,3841.27,29228,3841.27,0.0
CLOSE_LONG,3856.17,29302,3841.27,14.900000000000091
OPEN_SHORT,3856.17,29302,3856.17,0.0
CLOSE_SHORT,3857.51,29310,3856.17,-1.3400000000001455
OPEN_LONG,3857.51,29310,3857.51,0.0
CLOSE_LONG,3873.92,29318,3857.51,16.409999999999854
OPEN_SHORT,3873.92,29318,3873.92,0.0
CLOSE_SHORT,3865.88,29333,3873.92,8.039999999999964
OPEN_LONG,3865.88,29333,3865.88,0.0
CLOSE_LONG,3873.22,29354,3865.88,7.339999999999691
OPEN_SHORT,3873.22,29354,3873.22,0.0
CLOSE_SHORT,3863.01,29358,3873.22,10.209999999999582
OPEN_LONG,3863.01,29358,3863.01,0.0
CLOSE_LONG,3865.56,29374,3863.01,2.549999999999727
OPEN_SHORT,3865.56,29374,3865.56,0.0
CLOSE_SHORT,3848.85,29378,3865.56,16.710000000000036
OPEN_LONG,3848.85,29378,3848.85,0.0
CLOSE_LONG,3855.79,29393,3848.85,6.940000000000055
OPEN_SHORT,3855.79,29393,3855.79,0.0
CLOSE_SHORT,3857.38,29406,3855.79,-1.5900000000001455
OPEN_LONG,3857.38,29406,3857.38,0.0
CLOSE_LONG,3840.06,29526,3857.38,-17.320000000000164
OPEN_SHORT,3840.06,29526,3840.06,0.0
CLOSE_SHORT,3848.54,29536,3840.06,-8.480000000000018
OPEN_LONG,3848.54,29536,3848.54,0.0
CLOSE_LONG,3847.77,29550,3848.54,-0.7699999999999818
OPEN_SHORT,3847.77,29550,3847.77,0.0
CLOSE_SHORT,3835.99,29552,3847.77,11.7800000000002
OPEN_LONG,3835.99,29552,3835.99,0.0
CLOSE_LONG,3843.02,29557,3835.99,7.0300000000002
OPEN_SHORT,3843.02,29557,3843.02,0.0
CLOSE_SHORT,3885.11,29587,3843.02,-42.090000000000146
OPEN_LONG,3885.11,29587,3885.11,0.0
CLOSE_LONG,3891.06,29593,3885.11,5.949999999999818
OPEN_SHORT,3891.06,29593,3891.06,0.0
CLOSE_SHORT,3886.67,29604,3891.06,4.389999999999873
OPEN_LONG,3886.67,29604,3886.67,0.0
CLOSE_LONG,3885.79,29619,3886.67,-0.8800000000001091
OPEN_SHORT,3885.79,29619,3885.79,0.0
CLOSE_SHORT,3864.6,29659,3885.79,21.190000000000055
OPEN_LONG,3864.6,29659,3864.6,0.0
CLOSE_LONG,3853.61,29807,3864.6,-10.989999999999782
OPEN_SHORT,3853.61,29807,3853.61,0.0
CLOSE_SHORT,3850.14,29837,3853.61,3.4700000000002547
OPEN_LONG,3850.14,29837,3850.14,0.0
CLOSE_LONG,3844.38,29985,3850.14,-5.7599999999997635
OPEN_SHORT,3844.38,29985,3844.38,0.0
CLOSE_SHORT,3850.73,30038,3844.38,-6.349999999999909
OPEN_LONG,3850.73,30038,3850.73,0.0
CLOSE_LONG,3865.66,30093,3850.73,14.929999999999836
OPEN_SHORT,3865.66,30093,3865.66,0.0
CLOSE_SHORT,3856.41,30154,3865.66,9.25
OPEN_LONG,3856.41,30154,3856.41,0.0
CLOSE_LONG,3865.73,30345,3856.41,9.320000000000164
OPEN_SHORT,3865.73,30345,3865.73,0.0
CLOSE_SHORT,3871.56,30484,3865.73,-5.829999999999927
OPEN_LONG,3871.56,30484,3871.56,0.0
CLOSE_LONG,3889.28,30753,3871.56,17.720000000000255
OPEN_SHORT,3889.28,30753,3889.28,0.0
CLOSE_SHORT,3890.18,30761,3889.28,-0.8999999999996362
OPEN_LONG,3890.18,30761,3890.18,0.0
CLOSE_LONG,3897.09,30814,3890.18,6.910000000000309
OPEN_SHORT,3897.09,30814,3897.09,0.0
CLOSE_SHORT,3890.83,30864,3897.09,6.260000000000218
OPEN_LONG,3890.83,30864,3890.83,0.0
CLOSE_LONG,3874.0,31025,3890.83,-16.829999999999927
OPEN_SHORT,3874.0,31025,3874.0,0.0
CLOSE_SHORT,3870.52,31156,3874.0,3.480000000000018
OPEN_LONG,3870.52,31156,3870.52,0.0
CLOSE_LONG,3874.91,31284,3870.52,4.389999999999873
OPEN_SHORT,3874.91,31284,3874.91,0.0
CLOSE_SHORT,3863.21,31336,3874.91,11.699999999999818
OPEN_LONG,3863.21,31336,3863.21,0.0
CLOSE_LONG,3881.21,31440,3863.21,18.0
OPEN_SHORT,3881.21,31440,3881.21,0.0
CLOSE_SHORT,3896.0,31608,3881.21,-14.789999999999964
OPEN_LONG,3896.0,31608,3896.0,0.0
CLOSE_LONG,3907.01,31758,3896.0,11.010000000000218
OPEN_SHORT,3907.01,31758,3907.01,0.0
CLOSE_SHORT,3895.86,31789,3907.01,11.150000000000091
OPEN_LONG,3895.86,31789,3895.86,0.0
CLOSE_LONG,3884.99,31977,3895.86,-10.870000000000346
OPEN_SHORT,3884.99,31977,3884.99,0.0
CLOSE_SHORT,3879.5,32028,3884.99,5.489999999999782
OPEN_LONG,3879.5,32028,3879.5,0.0
CLOSE_LONG,3855.1,32178,3879.5,-24.40000000000009
OPEN_SHORT,3855.1,32178,3855.1,0.0
CLOSE_SHORT,3846.01,32187,3855.1,9.08999999999969
OPEN_LONG,3846.01,32187,3846.01,0.0
CLOSE_LONG,3857.24,32195,3846.01,11.229999999999563
OPEN_SHORT,3857.24,32195,3857.24,0.0
CLOSE_SHORT,3851.15,32245,3857.24,6.089999999999691
OPEN_LONG,3851.15,32245,3851.15,0.0
CLOSE_LONG,3850.0,32266,3851.15,-1.150000000000091
OPEN_SHORT,3850.0,32266,3850.0,0.0
CLOSE_SHORT,3856.43,32319,3850.0,-6.429999999999836
OPEN_LONG,3856.43,32319,3856.43,0.0
CLOSE_LONG,3859.64,32376,3856.43,3.2100000000000364
OPEN_SHORT,3859.64,32376,3859.64,0.0
CLOSE_SHORT,3862.13,32416,3859.64,-2.4900000000002365
OPEN_LONG,3862.13,32416,3862.13,0.0
CLOSE_LONG,3854.21,32481,3862.13,-7.920000000000073
OPEN_SHORT,3854.21,32481,3854.21,0.0
CLOSE_SHORT,3848.61,32497,3854.21,5.599999999999909
OPEN_LONG,3848.61,32497,3848.61,0.0
CLOSE_LONG,3859.59,32584,3848.61,10.980000000000018
OPEN_SHORT,3859.59,32584,3859.59,0.0
CLOSE_SHORT,3851.56,32637,3859.59,8.0300000000002
OPEN_LONG,3851.56,32637,3851.56,0.0
CLOSE_LONG,3862.05,32668,3851.56,10.490000000000236
OPEN_SHORT,3862.05,32668,3862.05,0.0
CLOSE_SHORT,3901.32,32726,3862.05,-39.26999999999998
OPEN_LONG,3901.32,32726,3901.32,0.0
CLOSE_LONG,3912.21,32735,3901.32,10.889999999999873
OPEN_SHORT,3912.21,32735,3912.21,0.0
CLOSE_SHORT,3902.0,32747,3912.21,10.210000000000036
OPEN_LONG,3902.0,32747,3902.0,0.0
CLOSE_LONG,3799.74,32897,3902.0,-102.26000000000022
OPEN_SHORT,3799.74,32897,3799.74,0.0
CLOSE_SHORT,3797.0,32905,3799.74,2.7399999999997817
OPEN_LONG,3797.0,32905,3797.0,0.0
CLOSE_LONG,3766.43,32924,3797.0,-30.570000000000164
OPEN_SHORT,3766.43,32924,3766.43,0.0
CLOSE_SHORT,3748.36,32927,3766.43,18.06999999999971
OPEN_LONG,3748.36,32927,3748.36,0.0
CLOSE_LONG,3753.31,32941,3748.36,4.949999999999818
OPEN_SHORT,3753.31,32941,3753.31,0.0
CLOSE_SHORT,3737.86,32951,3753.31,15.449999999999818
OPEN_LONG,3737.86,32951,3737.86,0.0
CLOSE_LONG,3736.8,32989,3737.86,-1.0599999999999454
OPEN_SHORT,3736.8,32989,3736.8,0.0
CLOSE_SHORT,3726.73,33010,3736.8,10.070000000000164
OPEN_LONG,3726.73,33010,3726.73,0.0
CLOSE_LONG,3734.42,33015,3726.73,7.690000000000055
OPEN_SHORT,3734.42,33015,3734.42,0.0
CLOSE_SHORT,3743.23,33062,3734.42,-8.809999999999945
OPEN_LONG,3743.23,33062,3743.23,0.0
CLOSE_LONG,3729.34,33079,3743.23,-13.889999999999873
OPEN_SHORT,3729.34,33079,3729.34,0.0
CLOSE_SHORT,3715.59,33097,3729.34,13.75
OPEN_LONG,3715.59,33097,3715.59,0.0
CLOSE_LONG,3721.0,33102,3715.59,5.4099999999998545
OPEN_SHORT,3721.0,33102,3721.0,0.0
CLOSE_SHORT,3715.25,33126,3721.0,5.75
OPEN_LONG,3715.25,33126,3715.25,0.0
CLOSE_LONG,3713.81,33137,3715.25,-1.4400000000000546
OPEN_SHORT,3713.81,33137,3713.81,0.0
CLOSE_SHORT,3705.86,33141,3713.81,7.949999999999818
OPEN_LONG,3705.86,33141,3705.86,0.0
CLOSE_LONG,3729.4,33169,3705.86,23.539999999999964
OPEN_SHORT,3729.4,33169,3729.4,0.0
CLOSE_SHORT,3724.94,33174,3729.4,4.460000000000036
OPEN_LONG,3724.94,33174,3724.94,0.0
CLOSE_LONG,3717.25,33197,3724.94,-7.690000000000055
OPEN_SHORT,3717.25,33197,3717.25,0.0
CLOSE_SHORT,3703.92,33226,3717.25,13.329999999999927
OPEN_LONG,3703.92,33226,3703.92,0.0
CLOSE_LONG,3696.98,33249,3703.92,-6.940000000000055
OPEN_SHORT,3696.98,33249,3696.98,0.0
CLOSE_SHORT,3723.96,33284,3696.98,-26.980000000000018
OPEN_LONG,3723.96,33284,3723.96,0.0
CLOSE_LONG,3711.12,33334,3723.96,-12.840000000000146
OPEN_SHORT,3711.12,33334,3711.12,0.0
CLOSE_SHORT,3700.37,33370,3711.12,10.75
OPEN_LONG,3700.37,33370,3700.37,0.0
CLOSE_LONG,3697.31,33389,3700.37,-3.0599999999999454
OPEN_SHORT,3697.31,33389,3697.31,0.0
CLOSE_SHORT,3694.97,33391,3697.31,2.3400000000001455
OPEN_LONG,3694.97,33391,3694.97,0.0
CLOSE_LONG,3705.0,33426,3694.97,10.0300000000002
OPEN_SHORT,3705.0,33426,3705.0,0.0
CLOSE_SHORT,3716.11,33479,3705.0,-11.110000000000127
OPEN_LONG,3716.11,33479,3716.11,0.0
CLOSE_LONG,3708.27,33530,3716.11,-7.8400000000001455
OPEN_SHORT,3708.27,33530,3708.27,0.0
CLOSE_SHORT,3713.04,33548,3708.27,-4.769999999999982
OPEN_LONG,3713.04,33548,3713.04,0.0
CLOSE_LONG,3738.11,33571,3713.04,25.070000000000164
OPEN_SHORT,3738.11,33571,3738.11,0.0
CLOSE_SHORT,3731.28,33576,3738.11,6.829999999999927
OPEN_LONG,3731.28,33576,3731.28,0.0
CLOSE_LONG,3722.28,33612,3731.28,-9.0
OPEN_SHORT,3722.28,33612,3722.28,0.0
CLOSE_SHORT,3716.71,33627,3722.28,5.570000000000164
OPEN_LONG,3716.71,33627,3716.71,0.0
CLOSE_LONG,3619.77,33660,3716.71,-96.94000000000005
OPEN_SHORT,3619.77,33660,3619.77,0.0
CLOSE_SHORT,3618.71,33661,3619.77,1.0599999999999454
OPEN_LONG,3618.71,33661,3618.71,0.0
CLOSE_LONG,3624.48,33663,3618.71,5.769999999999982
OPEN_SHORT,3624.48,33663,3624.48,0.0
CLOSE_SHORT,3618.93,33665,3624.48,5.550000000000182
OPEN_LONG,3618.93,33665,3618.93,0.0
CLOSE_LONG,3595.51,33697,3618.93,-23.419999999999618
OPEN_SHORT,3595.51,33697,3595.51,0.0
CLOSE_SHORT,3618.14,33709,3595.51,-22.629999999999654
OPEN_LONG,3618.14,33709,3618.14,0.0
CLOSE_LONG,3623.92,33751,3618.14,5.7800000000002
OPEN_SHORT,3623.92,33751,3623.92,0.0
CLOSE_SHORT,3639.6,33771,3623.92,-15.679999999999836
OPEN_LONG,3639.6,33771,3639.6,0.0
CLOSE_LONG,3644.05,33775,3639.6,4.450000000000273
OPEN_SHORT,3644.05,33775,3644.05,0.0
CLOSE_SHORT,3659.85,33797,3644.05,-15.799999999999727
OPEN_LONG,3659.85,33797,3659.85,0.0
CLOSE_LONG,3664.2,33802,3659.85,4.349999999999909
OPEN_SHORT,3664.2,33802,3664.2,0.0
CLOSE_SHORT,3658.83,33813,3664.2,5.369999999999891
OPEN_LONG,3658.83,33813,3658.83,0.0
CLOSE_LONG,3663.88,33827,3658.83,5.050000000000182
OPEN_SHORT,3663.88,33827,3663.88,0.0
CLOSE_SHORT,3653.77,33832,3663.88,10.110000000000127
OPEN_LONG,3653.77,33832,3653.77,0.0
CLOSE_LONG,3643.53,33853,3653.77,-10.239999999999782
OPEN_SHORT,3643.53,33853,3643.53,0.0
CLOSE_SHORT,3620.93,33867,3643.53,22.600000000000364
OPEN_LONG,3620.93,33867,3620.93,0.0
CLOSE_LONG,3630.21,33878,3620.93,9.2800000000002
OPEN_SHORT,3630.21,33878,3630.21,0.0
CLOSE_SHORT,3634.34,33886,3630.21,-4.130000000000109
OPEN_LONG,3634.34,33886,3634.34,0.0
CLOSE_LONG,3612.22,33955,3634.34,-22.120000000000346
OPEN_SHORT,3612.22,33955,3612.22,0.0
CLOSE_SHORT,3597.76,33960,3612.22,14.459999999999582
OPEN_LONG,3597.76,33960,3597.76,0.0
CLOSE_LONG,3586.5,33984,3597.76,-11.260000000000218
OPEN_SHORT,3586.5,33984,3586.5,0.0
CLOSE_SHORT,3595.6,33992,3586.5,-9.099999999999909
OPEN_LONG,3595.6,33992,3595.6,0.0
CLOSE_LONG,3595.0,34007,3595.6,-0.599999999999909
OPEN_SHORT,3595.0,34007,3595.0,0.0
CLOSE_SHORT,3575.56,34012,3595.0,19.440000000000055
OPEN_LONG,3575.56,34012,3575.56,0.0
CLOSE_LONG,3585.39,34017,3575.56,9.829999999999927
OPEN_SHORT,3585.39,34017,3585.39,0.0
CLOSE_SHORT,3595.49,34026,3585.39,-10.099999999999909
OPEN_LONG,3595.49,34026,3595.49,0.0
CLOSE_LONG,3595.8,34053,3595.49,0.3100000000004002
OPEN_SHORT,3595.8,34053,3595.8,0.0
CLOSE_SHORT,3580.43,34057,3595.8,15.370000000000346
OPEN_LONG,3580.43,34057,3580.43,0.0
CLOSE_LONG,3594.33,34062,3580.43,13.900000000000091
OPEN_SHORT,3594.33,34062,3594.33,0.0
CLOSE_SHORT,3586.24,34070,3594.33,8.090000000000146
OPEN_LONG,3586.24,34070,3586.24,0.0
CLOSE_LONG,3572.45,34080,3586.24,-13.789999999999964
OPEN_SHORT,3572.45,34080,3572.45,0.0
CLOSE_SHORT,3583.58,34100,3572.45,-11.13000000000011
OPEN_LONG,3583.58,34100,3583.58,0.0
CLOSE_LONG,3574.7,34111,3583.58,-8.88000000000011
OPEN_SHORT,3574.7,34111,3574.7,0.0
CLOSE_SHORT,3599.04,34150,3574.7,-24.340000000000146
OPEN_LONG,3599.04,34150,3599.04,0.0
CLOSE_LONG,3580.0,34196,3599.04,-19.039999999999964
OPEN_SHORT,3580.0,34196,3580.0,0.0
CLOSE_SHORT,3629.18,34250,3580.0,-49.179999999999836
OPEN_LONG,3629.18,34250,3629.18,0.0
CLOSE_LONG,3634.08,34257,3629.18,4.900000000000091
OPEN_SHORT,3634.08,34257,3634.08,0.0
CLOSE_SHORT,3633.06,34273,3634.08,1.0199999999999818
OPEN_LONG,3633.06,34273,3633.06,0.0
CLOSE_LONG,3640.84,34278,3633.06,7.7800000000002
OPEN_SHORT,3640.84,34278,3640.84,0.0
CLOSE_SHORT,3635.49,34285,3640.84,5.350000000000364
OPEN_LONG,3635.49,34285,3635.49,0.0
CLOSE_LONG,3639.06,34292,3635.49,3.5700000000001637
OPEN_SHORT,3639.06,34292,3639.06,0.0
CLOSE_SHORT,3633.6,34312,3639.06,5.460000000000036
OPEN_LONG,3633.6,34312,3633.6,0.0
CLOSE_LONG,3633.3,34355,3633.6,-0.29999999999972715
OPEN_SHORT,3633.3,34355,3633.3,0.0
CLOSE_SHORT,3640.44,34363,3633.3,-7.139999999999873
OPEN_LONG,3640.44,34363,3640.44,0.0
CLOSE_LONG,3641.69,34435,3640.44,1.25
OPEN_SHORT,3641.69,34435,3641.69,0.0
CLOSE_SHORT,3629.3,34440,3641.69,12.389999999999873
OPEN_LONG,3629.3,34440,3629.3,0.0
CLOSE_LONG,3545.05,34501,3629.3,-84.25
OPEN_SHORT,3545.05,34501,3545.05,0.0
CLOSE_SHORT,3530.12,34505,3545.05,14.930000000000291
OPEN_LONG,3530.12,34505,3530.12,0.0
CLOSE_LONG,3500.37,34525,3530.12,-29.75
OPEN_SHORT,3500.37,34525,3500.37,0.0
CLOSE_SHORT,3497.32,34529,3500.37,3.049999999999727
OPEN_LONG,3497.32,34529,3497.32,0.0
CLOSE_LONG,3500.89,34537,3497.32,3.569999999999709
OPEN_SHORT,3500.89,34537,3500.89,0.0
CLOSE_SHORT,3537.98,34546,3500.89,-37.090000000000146
OPEN_LONG,3537.98,34546,3537.98,0.0
CLOSE_LONG,3509.24,34600,3537.98,-28.740000000000236
OPEN_SHORT,3509.24,34600,3509.24,0.0
CLOSE_SHORT,3497.52,34605,3509.24,11.7199999999998
OPEN_LONG,3497.52,34605,3497.52,0.0
CLOSE_LONG,3489.01,34617,3497.52,-8.509999999999764
OPEN_SHORT,3489.01,34617,3489.01,0.0
CLOSE_SHORT,3484.09,34626,3489.01,4.920000000000073
OPEN_LONG,3484.09,34626,3484.09,0.0
CLOSE_LONG,3485.55,34635,3484.09,1.4600000000000364
OPEN_SHORT,3485.55,34635,3485.55,0.0
CLOSE_SHORT,3479.2,34649,3485.55,6.350000000000364
OPEN_LONG,3479.2,34649,3479.2,0.0
CLOSE_LONG,3485.41,34650,3479.2,6.210000000000036
OPEN_SHORT,3485.41,34650,3485.41,0.0
CLOSE_SHORT,3475.6,34652,3485.41,9.809999999999945
OPEN_LONG,3475.6,34652,3475.6,0.0
CLOSE_LONG,3480.25,34664,3475.6,4.650000000000091
OPEN_SHORT,3480.25,34664,3480.25,0.0
CLOSE_SHORT,3487.17,34671,3480.25,-6.920000000000073
OPEN_LONG,3487.17,34671,3487.17,0.0
CLOSE_LONG,3502.89,34675,3487.17,15.7199999999998
OPEN_SHORT,3502.89,34675,3502.89,0.0
CLOSE_SHORT,3489.89,34690,3502.89,13.0
OPEN_LONG,3489.89,34690,3489.89,0.0
CLOSE_LONG,3494.1,34701,3489.89,4.210000000000036
OPEN_SHORT,3494.1,34701,3494.1,0.0
CLOSE_SHORT,3480.97,34726,3494.1,13.13000000000011
OPEN_LONG,3480.97,34726,3480.97,0.0
CLOSE_LONG,3486.03,34730,3480.97,5.0600000000004
OPEN_SHORT,3486.03,34730,3486.03,0.0
CLOSE_SHORT,3485.77,34740,3486.03,0.2600000000002183
OPEN_LONG,3485.77,34740,3485.77,0.0
CLOSE_LONG,3491.82,34744,3485.77,6.050000000000182
OPEN_SHORT,3491.82,34744,3491.82,0.0
CLOSE_SHORT,3481.78,34759,3491.82,10.039999999999964
OPEN_LONG,3481.78,34759,3481.78,0.0
CLOSE_LONG,3490.65,34761,3481.78,8.86999999999989
OPEN_SHORT,3490.65,34761,3490.65,0.0
CLOSE_SHORT,3490.65,34787,3490.65,0.0
OPEN_LONG,3490.65,34787,3490.65,0.0
CLOSE_LONG,3496.78,34827,3490.65,6.130000000000109
OPEN_SHORT,3496.78,34827,3496.78,0.0
CLOSE_SHORT,3506.83,34850,3496.78,-10.049999999999727
OPEN_LONG,3506.83,34850,3506.83,0.0
CLOSE_LONG,3510.73,34860,3506.83,3.900000000000091
OPEN_SHORT,3510.73,34860,3510.73,0.0
CLOSE_SHORT,3524.43,34887,3510.73,-13.699999999999818
OPEN_LONG,3524.43,34887,3524.43,0.0
CLOSE_LONG,3529.21,34889,3524.43,4.7800000000002
OPEN_SHORT,3529.21,34889,3529.21,0.0
CLOSE_SHORT,3518.63,34894,3529.21,10.579999999999927
OPEN_LONG,3518.63,34894,3518.63,0.0
CLOSE_LONG,3507.03,34913,3518.63,-11.599999999999909
OPEN_SHORT,3507.03,34913,3507.03,0.0
CLOSE_SHORT,3495.81,34919,3507.03,11.220000000000255
OPEN_LONG,3495.81,34919,3495.81,0.0
CLOSE_LONG,3501.5,34925,3495.81,5.690000000000055
OPEN_SHORT,3501.5,34925,3501.5,0.0
CLOSE_SHORT,3510.15,34967,3501.5,-8.650000000000091
OPEN_LONG,3510.15,34967,3510.15,0.0
CLOSE_LONG,3516.84,34980,3510.15,6.690000000000055
OPEN_SHORT,3516.84,34980,3516.84,0.0
CLOSE_SHORT,3517.09,34984,3516.84,-0.25
OPEN_LONG,3517.09,34984,3517.09,0.0
CLOSE_LONG,3509.33,35011,3517.09,-7.760000000000218
OPEN_SHORT,3509.33,35011,3509.33,0.0
CLOSE_SHORT,3508.53,35015,3509.33,0.7999999999997272
OPEN_LONG,3508.53,35015,3508.53,0.0
CLOSE_LONG,3501.81,35034,3508.53,-6.720000000000255
OPEN_SHORT,3501.81,35034,3501.81,0.0
CLOSE_SHORT,3491.82,35039,3501.81,9.989999999999782
OPEN_LONG,3491.82,35039,3491.82,0.0
CLOSE_LONG,3512.58,35045,3491.82,20.759999999999764
OPEN_SHORT,3512.58,35045,3512.58,0.0
CLOSE_SHORT,3550.87,35070,3512.58,-38.289999999999964
OPEN_LONG,3550.87,35070,3550.87,0.0
CLOSE_LONG,3556.75,35075,3550.87,5.880000000000109
OPEN_SHORT,3556.75,35075,3556.75,0.0
CLOSE_SHORT,3542.18,35078,3556.75,14.570000000000164
OPEN_LONG,3542.18,35078,3542.18,0.0
CLOSE_LONG,3561.69,35082,3542.18,19.51000000000022
OPEN_SHORT,3561.69,35082,3561.69,0.0
CLOSE_SHORT,3572.01,35088,3561.69,-10.320000000000164
OPEN_LONG,3572.01,35088,3572.01,0.0
CLOSE_LONG,3508.44,35122,3572.01,-63.570000000000164
OPEN_SHORT,3508.44,35122,3508.44,0.0
CLOSE_SHORT,3505.76,35123,3508.44,2.6799999999998363
OPEN_LONG,3505.76,35123,3505.76,0.0
CLOSE_LONG,3517.2,35125,3505.76,11.4399999999996
OPEN_SHORT,3517.2,35125,3517.2,0.0
CLOSE_SHORT,3501.52,35129,3517.2,15.679999999999836
OPEN_LONG,3501.52,35129,3501.52,0.0
CLOSE_LONG,3479.4,35151,3501.52,-22.11999999999989
OPEN_SHORT,3479.4,35151,3479.4,0.0
CLOSE_SHORT,3471.48,35158,3479.4,7.920000000000073
OPEN_LONG,3471.48,35158,3471.48,0.0
CLOSE_LONG,3395.13,35204,3471.48,-76.34999999999991
OPEN_SHORT,3395.13,35204,3395.13,0.0
CLOSE_SHORT,3390.12,35208,3395.13,5.010000000000218
OPEN_LONG,3390.12,35208,3390.12,0.0
CLOSE_LONG,3403.76,35216,3390.12,13.640000000000327
OPEN_SHORT,3403.76,35216,3403.76,0.0
CLOSE_SHORT,3400.88,35222,3403.76,2.880000000000109
OPEN_LONG,3400.88,35222,3400.88,0.0
CLOSE_LONG,3362.41,35251,3400.88,-38.470000000000255
OPEN_SHORT,3362.41,35251,3362.41,0.0
CLOSE_SHORT,3356.2,35256,3362.41,6.210000000000036
OPEN_LONG,3356.2,35256,3356.2,0.0
CLOSE_LONG,3281.12,35281,3356.2,-75.07999999999993
OPEN_SHORT,3281.12,35281,3281.12,0.0
CLOSE_SHORT,3269.12,35282,3281.12,12.0
OPEN_LONG,3269.12,35282,3269.12,0.0
CLOSE_LONG,3271.23,35283,3269.12,2.1100000000001273
OPEN_SHORT,3271.23,35283,3271.23,0.0
CLOSE_SHORT,3291.11,35290,3271.23,-19.88000000000011
OPEN_LONG,3291.11,35290,3291.11,0.0
CLOSE_LONG,3296.91,35296,3291.11,5.799999999999727
OPEN_SHORT,3296.91,35296,3296.91,0.0
CLOSE_SHORT,3290.82,35308,3296.91,6.089999999999691
OPEN_LONG,3290.82,35308,3290.82,0.0
CLOSE_LONG,3301.37,35316,3290.82,10.549999999999727
OPEN_SHORT,3301.37,35316,3301.37,0.0
CLOSE_SHORT,3294.88,35322,3301.37,6.489999999999782
OPEN_LONG,3294.88,35322,3294.88,0.0
CLOSE_LONG,3306.8,35326,3294.88,11.920000000000073
OPEN_SHORT,3306.8,35326,3306.8,0.0
CLOSE_SHORT,3293.09,35331,3306.8,13.710000000000036
OPEN_LONG,3293.09,35331,3293.09,0.0
CLOSE_LONG,3237.3,35370,3293.09,-55.789999999999964
OPEN_SHORT,3237.3,35370,3237.3,0.0
CLOSE_SHORT,3227.68,35376,3237.3,9.620000000000346
OPEN_LONG,3227.68,35376,3227.68,0.0
CLOSE_LONG,3159.49,35385,3227.68,-68.19000000000005
OPEN_SHORT,3159.49,35385,3159.49,0.0
CLOSE_SHORT,3167.62,35395,3159.49,-8.13000000000011
OPEN_LONG,3167.62,35395,3167.62,0.0
CLOSE_LONG,3187.08,35401,3167.62,19.460000000000036
OPEN_SHORT,3187.08,35401,3187.08,0.0
CLOSE_SHORT,3204.73,35411,3187.08,-17.65000000000009
OPEN_LONG,3204.73,35411,3204.73,0.0
CLOSE_LONG,3191.94,35420,3204.73,-12.789999999999964
OPEN_SHORT,3191.94,35420,3191.94,0.0
CLOSE_SHORT,3194.59,35428,3191.94,-2.650000000000091
OPEN_LONG,3194.59,35428,3194.59,0.0
CLOSE_LONG,3199.5,35436,3194.59,4.9099999999998545
OPEN_SHORT,3199.5,35436,3199.5,0.0
CLOSE_SHORT,3184.55,35437,3199.5,14.949999999999818
OPEN_LONG,3184.55,35437,3184.55,0.0
CLOSE_LONG,3114.15,35463,3184.55,-70.40000000000009
OPEN_SHORT,3114.15,35463,3114.15,0.0
CLOSE_SHORT,3100.94,35464,3114.15,13.210000000000036
OPEN_LONG,3100.94,35464,3100.94,0.0
CLOSE_LONG,3108.85,35466,3100.94,7.9099999999998545
OPEN_SHORT,3108.85,35466,3108.85,0.0
CLOSE_SHORT,3131.79,35474,3108.85,-22.940000000000055
OPEN_LONG,3131.79,35474,3131.79,0.0
CLOSE_LONG,3146.38,35477,3131.79,14.590000000000146
OPEN_SHORT,3146.38,35477,3146.38,0.0
CLOSE_SHORT,3243.6,35508,3146.38,-97.2199999999998
OPEN_LONG,3243.6,35508,3243.6,0.0
CLOSE_LONG,3259.45,35513,3243.6,15.849999999999909
OPEN_SHORT,3259.45,35513,3259.45,0.0
CLOSE_SHORT,3260.99,35522,3259.45,-1.5399999999999636
OPEN_LONG,3260.99,35522,3260.99,0.0
CLOSE_LONG,3245.9,35542,3260.99,-15.08999999999969
OPEN_SHORT,3245.9,35542,3245.9,0.0
CLOSE_SHORT,3267.3,35552,3245.9,-21.40000000000009
OPEN_LONG,3267.3,35552,3267.3,0.0
CLOSE_LONG,3270.5,35557,3267.3,3.199999999999818
OPEN_SHORT,3270.5,35557,3270.5,0.0
CLOSE_SHORT,3284.8,35602,3270.5,-14.300000000000182
OPEN_LONG,3284.8,35602,3284.8,0.0
CLOSE_LONG,3295.7,35605,3284.8,10.899999999999636
OPEN_SHORT,3295.7,35605,3295.7,0.0
CLOSE_SHORT,3271.38,35609,3295.7,24.31999999999971
OPEN_LONG,3271.38,35609,3271.38,0.0
CLOSE_LONG,3280.92,35622,3271.38,9.539999999999964
OPEN_SHORT,3280.92,35622,3280.92,0.0
CLOSE_SHORT,3267.98,35627,3280.92,12.940000000000055
OPEN_LONG,3267.98,35627,3267.98,0.0
CLOSE_LONG,3244.81,35657,3267.98,-23.170000000000073
OPEN_SHORT,3244.81,35657,3244.81,0.0
CLOSE_SHORT,3239.0,35662,3244.81,5.809999999999945
OPEN_LONG,3239.0,35662,3239.0,0.0
CLOSE_LONG,3220.65,35676,3239.0,-18.34999999999991
OPEN_SHORT,3220.65,35676,3220.65,0.0
CLOSE_SHORT,3209.92,35679,3220.65,10.730000000000018
OPEN_LONG,3209.92,35679,3209.92,0.0
CLOSE_LONG,3196.96,35693,3209.92,-12.960000000000036
OPEN_SHORT,3196.96,35693,3196.96,0.0
CLOSE_SHORT,3174.64,35696,3196.96,22.320000000000164
OPEN_LONG,3174.64,35696,3174.64,0.0
CLOSE_LONG,3202.02,35710,3174.64,27.38000000000011
OPEN_SHORT,3202.02,35710,3202.02,0.0
CLOSE_SHORT,3272.11,35734,3202.02,-70.09000000000015
OPEN_LONG,3272.11,35734,3272.11,0.0
CLOSE_LONG,3273.89,35741,3272.11,1.7799999999997453
OPEN_SHORT,3273.89,35741,3273.89,0.0
CLOSE_SHORT,3260.25,35749,3273.89,13.639999999999873
OPEN_LONG,3260.25,35749,3260.25,0.0
CLOSE_LONG,3271.17,35754,3260.25,10.920000000000073
OPEN_SHORT,3271.17,35754,3271.17,0.0
CLOSE_SHORT,3313.2,35786,3271.17,-42.029999999999745
OPEN_LONG,3313.2,35786,3313.2,0.0
CLOSE_LONG,3330.08,35787,3313.2,16.88000000000011
OPEN_SHORT,3330.08,35787,3330.08,0.0
CLOSE_SHORT,3319.71,35792,3330.08,10.36999999999989
OPEN_LONG,3319.71,35792,3319.71,0.0
CLOSE_LONG,3314.68,35799,3319.71,-5.0300000000002
OPEN_SHORT,3314.68,35799,3314.68,0.0
CLOSE_SHORT,3332.36,35833,3314.68,-17.68000000000029
OPEN_LONG,3332.36,35833,3332.36,0.0
CLOSE_LONG,3325.37,35875,3332.36,-6.9900000000002365
OPEN_SHORT,3325.37,35875,3325.37,0.0
CLOSE_SHORT,3324.98,35896,3325.37,0.38999999999987267
OPEN_LONG,3324.98,35896,3324.98,0.0
CLOSE_LONG,3340.75,35909,3324.98,15.769999999999982
OPEN_SHORT,3340.75,35909,3340.75,0.0
CLOSE_SHORT,3340.01,35919,3340.75,0.7399999999997817
OPEN_LONG,3340.01,35919,3340.01,0.0
CLOSE_LONG,3332.24,35981,3340.01,-7.770000000000437
OPEN_SHORT,3332.24,35981,3332.24,0.0
CLOSE_SHORT,3317.3,35986,3332.24,14.9399999999996
OPEN_LONG,3317.3,35986,3317.3,0.0
CLOSE_LONG,3327.63,35996,3317.3,10.329999999999927
OPEN_SHORT,3327.63,35996,3327.63,0.0
CLOSE_SHORT,3321.29,36001,3327.63,6.3400000000001455
OPEN_LONG,3321.29,36001,3321.29,0.0
CLOSE_LONG,3330.99,36063,3321.29,9.699999999999818
OPEN_SHORT,3330.99,36063,3330.99,0.0
CLOSE_SHORT,3317.25,36083,3330.99,13.739999999999782
OPEN_LONG,3317.25,36083,3317.25,0.0
CLOSE_LONG,3322.53,36092,3317.25,5.2800000000002
OPEN_SHORT,3322.53,36092,3322.53,0.0
CLOSE_SHORT,3314.03,36097,3322.53,8.5
OPEN_LONG,3314.03,36097,3314.03,0.0
CLOSE_LONG,3301.6,36118,3314.03,-12.430000000000291
OPEN_SHORT,3301.6,36118,3301.6,0.0
CLOSE_SHORT,3304.66,36120,3301.6,-3.0599999999999454
OPEN_LONG,3304.66,36120,3304.66,0.0
CLOSE_LONG,3303.61,36134,3304.66,-1.0499999999997272
OPEN_SHORT,3303.61,36134,3303.61,0.0
CLOSE_SHORT,3306.73,36138,3303.61,-3.119999999999891
OPEN_LONG,3306.73,36138,3306.73,0.0
CLOSE_LONG,3311.9,36149,3306.73,5.170000000000073
OPEN_SHORT,3311.9,36149,3311.9,0.0
CLOSE_SHORT,3310.54,36153,3311.9,1.3600000000001273
OPEN_LONG,3310.54,36153,3310.54,0.0
CLOSE_LONG,3294.15,36227,3310.54,-16.389999999999873
OPEN_SHORT,3294.15,36227,3294.15,0.0
CLOSE_SHORT,3288.4,36240,3294.15,5.75
OPEN_LONG,3288.4,36240,3288.4,0.0
CLOSE_LONG,3315.71,36311,3288.4,27.309999999999945
OPEN_SHORT,3315.71,36311,3315.71,0.0
CLOSE_SHORT,3314.77,36326,3315.71,0.9400000000000546
OPEN_LONG,3314.77,36326,3314.77,0.0
CLOSE_LONG,3326.67,36341,3314.77,11.900000000000091
OPEN_SHORT,3326.67,36341,3326.67,0.0
CLOSE_SHORT,3336.68,36356,3326.67,-10.009999999999764
OPEN_LONG,3336.68,36356,3336.68,0.0
CLOSE_LONG,3341.9,36359,3336.68,5.220000000000255
OPEN_SHORT,3341.9,36359,3341.9,0.0
CLOSE_SHORT,3340.05,36370,3341.9,1.849999999999909
OPEN_LONG,3340.05,36370,3340.05,0.0
CLOSE_LONG,3341.03,36379,3340.05,0.9800000000000182
OPEN_SHORT,3341.03,36379,3341.03,0.0
CLOSE_SHORT,3336.89,36389,3341.03,4.140000000000327
OPEN_LONG,3336.89,36389,3336.89,0.0
CLOSE_LONG,3335.47,36404,3336.89,-1.4200000000000728
OPEN_SHORT,3335.47,36404,3335.47,0.0
CLOSE_SHORT,3357.75,36441,3335.47,-22.2800000000002
OPEN_LONG,3357.75,36441,3357.75,0.0
CLOSE_LONG,3367.37,36444,3357.75,9.61999999999989
OPEN_SHORT,3367.37,36444,3367.37,0.0
CLOSE_SHORT,3360.56,36449,3367.37,6.809999999999945
OPEN_LONG,3360.56,36449,3360.56,0.0
CLOSE_LONG,3342.42,36482,3360.56,-18.139999999999873
OPEN_SHORT,3342.42,36482,3342.42,0.0
CLOSE_SHORT,3331.33,36486,3342.42,11.090000000000146
OPEN_LONG,3331.33,36486,3331.33,0.0
CLOSE_LONG,3351.0,36492,3331.33,19.670000000000073
OPEN_SHORT,3351.0,36492,3351.0,0.0
CLOSE_SHORT,3348.17,36499,3351.0,2.8299999999999272
OPEN_LONG,3348.17,36499,3348.17,0.0
CLOSE_LONG,3352.85,36508,3348.17,4.679999999999836
OPEN_SHORT,3352.85,36508,3352.85,0.0
CLOSE_SHORT,3351.48,36515,3352.85,1.3699999999998909
OPEN_LONG,3351.48,36515,3351.48,0.0
CLOSE_LONG,3361.5,36518,3351.48,10.019999999999982
OPEN_SHORT,3361.5,36518,3361.5,0.0
CLOSE_SHORT,3347.11,36523,3361.5,14.389999999999873
OPEN_LONG,3347.11,36523,3347.11,0.0
CLOSE_LONG,3355.8,36528,3347.11,8.690000000000055
OPEN_SHORT,3355.8,36528,3355.8,0.0
CLOSE_SHORT,3385.93,36549,3355.8,-30.129999999999654
OPEN_LONG,3385.93,36549,3385.93,0.0
CLOSE_LONG,3401.35,36563,3385.93,15.420000000000073
OPEN_SHORT,3401.35,36563,3401.35,0.0
CLOSE_SHORT,3391.95,36568,3401.35,9.400000000000091
OPEN_LONG,3391.95,36568,3391.95,0.0
CLOSE_LONG,3386.72,36591,3391.95,-5.230000000000018
OPEN_SHORT,3386.72,36591,3386.72,0.0
CLOSE_SHORT,3420.52,36626,3386.72,-33.80000000000018
OPEN_LONG,3420.52,36626,3420.52,0.0
CLOSE_LONG,3425.02,36641,3420.52,4.5
OPEN_SHORT,3425.02,36641,3425.02,0.0
CLOSE_SHORT,3434.49,36657,3425.02,-9.4699999999998
OPEN_LONG,3434.49,36657,3434.49,0.0
CLOSE_LONG,3430.9,36677,3434.49,-3.5899999999996908
OPEN_SHORT,3430.9,36677,3430.9,0.0
CLOSE_SHORT,3430.21,36691,3430.9,0.6900000000000546
OPEN_LONG,3430.21,36691,3430.21,0.0
CLOSE_LONG,3444.75,36712,3430.21,14.539999999999964
OPEN_SHORT,3444.75,36712,3444.75,0.0
CLOSE_SHORT,3465.9,36738,3444.75,-21.15000000000009
OPEN_LONG,3465.9,36738,3465.9,0.0
CLOSE_LONG,3461.41,36758,3465.9,-4.4900000000002365
OPEN_SHORT,3461.41,36758,3461.41,0.0
CLOSE_SHORT,3455.08,36763,3461.41,6.329999999999927
OPEN_LONG,3455.08,36763,3455.08,0.0
CLOSE_LONG,3459.37,36807,3455.08,4.289999999999964
OPEN_SHORT,3459.37,36807,3459.37,0.0
CLOSE_SHORT,3471.0,36821,3459.37,-11.63000000000011
OPEN_LONG,3471.0,36821,3471.0,0.0
CLOSE_LONG,3424.19,36993,3471.0,-46.809999999999945
OPEN_SHORT,3424.19,36993,3424.19,0.0
CLOSE_SHORT,3424.64,37021,3424.19,-0.4499999999998181
OPEN_LONG,3424.64,37021,3424.64,0.0
CLOSE_LONG,3408.74,37168,3424.64,-15.900000000000091
OPEN_SHORT,3408.74,37168,3408.74,0.0
CLOSE_SHORT,3397.0,37174,3408.74,11.739999999999782
OPEN_LONG,3397.0,37174,3397.0,0.0
CLOSE_LONG,3401.91,37180,3397.0,4.9099999999998545
OPEN_SHORT,3401.91,37180,3401.91,0.0
CLOSE_SHORT,3395.05,37183,3401.91,6.859999999999673
OPEN_LONG,3395.05,37183,3395.05,0.0
CLOSE_LONG,3399.0,37192,3395.05,3.949999999999818
OPEN_SHORT,3399.0,37192,3399.0,0.0
CLOSE_SHORT,3430.76,37250,3399.0,-31.76000000000022
OPEN_LONG,3430.76,37250,3430.76,0.0
CLOSE_LONG,3439.7,37259,3430.76,8.9399999999996
OPEN_SHORT,3439.7,37259,3439.7,0.0
CLOSE_SHORT,3445.4,37343,3439.7,-5.700000000000273
OPEN_LONG,3445.4,37343,3445.4,0.0
CLOSE_LONG,3392.34,37469,3445.4,-53.059999999999945
OPEN_SHORT,3392.34,37469,3392.34,0.0
CLOSE_SHORT,3385.87,37474,3392.34,6.470000000000255
OPEN_LONG,3385.87,37474,3385.87,0.0
CLOSE_LONG,3373.47,37483,3385.87,-12.400000000000091
OPEN_SHORT,3373.47,37483,3373.47,0.0
CLOSE_SHORT,3371.35,37494,3373.47,2.119999999999891
OPEN_LONG,3371.35,37494,3371.35,0.0
CLOSE_LONG,3378.25,37498,3371.35,6.900000000000091
OPEN_SHORT,3378.25,37498,3378.25,0.0
CLOSE_SHORT,3381.48,37555,3378.25,-3.230000000000018
OPEN_LONG,3381.48,37555,3381.48,0.0
CLOSE_LONG,3384.28,37576,3381.48,2.800000000000182
OPEN_SHORT,3384.28,37576,3384.28,0.0
CLOSE_SHORT,3374.9,37583,3384.28,9.38000000000011
OPEN_LONG,3374.9,37583,3374.9,0.0
CLOSE_LONG,3381.3,37590,3374.9,6.400000000000091
OPEN_SHORT,3381.3,37590,3381.3,0.0
CLOSE_SHORT,3378.3,37631,3381.3,3.0
OPEN_LONG,3378.3,37631,3378.3,0.0
CLOSE_LONG,3387.74,37661,3378.3,9.4399999999996
OPEN_SHORT,3387.74,37661,3387.74,0.0
CLOSE_SHORT,3385.69,37665,3387.74,2.049999999999727
OPEN_LONG,3385.69,37665,3385.69,0.0
CLOSE_LONG,3411.74,37675,3385.69,26.049999999999727
OPEN_SHORT,3411.74,37675,3411.74,0.0
CLOSE_SHORT,3398.97,37680,3411.74,12.769999999999982
OPEN_LONG,3398.97,37680,3398.97,0.0
CLOSE_LONG,3398.67,37694,3398.97,-0.29999999999972715
OPEN_SHORT,3398.67,37694,3398.67,0.0
CLOSE_SHORT,3391.47,37701,3398.67,7.200000000000273
OPEN_LONG,3391.47,37701,3391.47,0.0
CLOSE_LONG,3401.76,37722,3391.47,10.290000000000418
OPEN_SHORT,3401.76,37722,3401.76,0.0
CLOSE_SHORT,3395.49,37726,3401.76,6.270000000000437
OPEN_LONG,3395.49,37726,3395.49,0.0
CLOSE_LONG,3405.49,37731,3395.49,10.0
OPEN_SHORT,3405.49,37731,3405.49,0.0
CLOSE_SHORT,3390.95,37774,3405.49,14.539999999999964
OPEN_LONG,3390.95,37774,3390.95,0.0
CLOSE_LONG,3377.1,37837,3390.95,-13.849999999999909
OPEN_SHORT,3377.1,37837,3377.1,0.0
CLOSE_SHORT,3374.66,37842,3377.1,2.4400000000000546
OPEN_LONG,3374.66,37842,3374.66,0.0
CLOSE_LONG,3395.01,37845,3374.66,20.350000000000364
OPEN_SHORT,3395.01,37845,3395.01,0.0
CLOSE_SHORT,3384.4,37852,3395.01,10.610000000000127
OPEN_LONG,3384.4,37852,3384.4,0.0
CLOSE_LONG,3398.31,37866,3384.4,13.909999999999854
OPEN_SHORT,3398.31,37866,3398.31,0.0
CLOSE_SHORT,3392.32,37876,3398.31,5.989999999999782
OPEN_LONG,3392.32,37876,3392.32,0.0
CLOSE_LONG,3341.45,37919,3392.32,-50.870000000000346
OPEN_SHORT,3341.45,37919,3341.45,0.0
CLOSE_SHORT,3339.52,37931,3341.45,1.9299999999998363
OPEN_LONG,3339.52,37931,3339.52,0.0
CLOSE_LONG,3336.0,37944,3339.52,-3.519999999999982
OPEN_SHORT,3336.0,37944,3336.0,0.0
CLOSE_SHORT,3338.1,37956,3336.0,-2.099999999999909
OPEN_LONG,3338.1,37956,3338.1,0.0
CLOSE_LONG,3358.99,37961,3338.1,20.889999999999873
OPEN_SHORT,3358.99,37961,3358.99,0.0
CLOSE_SHORT,3355.2,37966,3358.99,3.7899999999999636
OPEN_LONG,3355.2,37966,3355.2,0.0
CLOSE_LONG,3294.18,38025,3355.2,-61.01999999999998
OPEN_SHORT,3294.18,38025,3294.18,0.0
CLOSE_SHORT,3292.49,38035,3294.18,1.6900000000000546
OPEN_LONG,3292.49,38035,3292.49,0.0
CLOSE_LONG,3262.29,38048,3292.49,-30.199999999999818
OPEN_SHORT,3262.29,38048,3262.29,0.0
CLOSE_SHORT,3249.13,38050,3262.29,13.159999999999854
OPEN_LONG,3249.13,38050,3249.13,0.0
CLOSE_LONG,3276.16,38053,3249.13,27.029999999999745
OPEN_SHORT,3276.16,38053,3276.16,0.0
CLOSE_SHORT,3274.89,38060,3276.16,1.2699999999999818
OPEN_LONG,3274.89,38060,3274.89,0.0
CLOSE_LONG,3281.65,38061,3274.89,6.760000000000218
OPEN_SHORT,3281.65,38061,3281.65,0.0
CLOSE_SHORT,3273.6,38068,3281.65,8.050000000000182
OPEN_LONG,3273.6,38068,3273.6,0.0
CLOSE_LONG,3297.78,38071,3273.6,24.18000000000029
OPEN_SHORT,3297.78,38071,3297.78,0.0
CLOSE_SHORT,3279.2,38075,3297.78,18.580000000000382
OPEN_LONG,3279.2,38075,3279.2,0.0
CLOSE_LONG,3294.22,38086,3279.2,15.019999999999982
OPEN_SHORT,3294.22,38086,3294.22,0.0
CLOSE_SHORT,3303.01,38102,3294.22,-8.790000000000418
OPEN_LONG,3303.01,38102,3303.01,0.0
CLOSE_LONG,3307.91,38105,3303.01,4.899999999999636
OPEN_SHORT,3307.91,38105,3307.91,0.0
CLOSE_SHORT,3313.62,38125,3307.91,-5.710000000000036
OPEN_LONG,3313.62,38125,3313.62,0.0
CLOSE_LONG,3312.47,38135,3313.62,-1.150000000000091
OPEN_SHORT,3312.47,38135,3312.47,0.0
CLOSE_SHORT,3298.09,38138,3312.47,14.379999999999654
OPEN_LONG,3298.09,38138,3298.09,0.0
CLOSE_LONG,3304.84,38143,3298.09,6.75
OPEN_SHORT,3304.84,38143,3304.84,0.0
CLOSE_SHORT,3332.48,38173,3304.84,-27.639999999999873
OPEN_LONG,3332.48,38173,3332.48,0.0
CLOSE_LONG,3331.39,38181,3332.48,-1.0900000000001455
OPEN_SHORT,3331.39,38181,3331.39,0.0
CLOSE_SHORT,3325.0,38220,3331.39,6.389999999999873
OPEN_LONG,3325.0,38220,3325.0,0.0
CLOSE_LONG,3321.36,38237,3325.0,-3.6399999999998727
OPEN_SHORT,3321.36,38237,3321.36,0.0
CLOSE_SHORT,3322.14,38249,3321.36,-0.7799999999997453
OPEN_LONG,3322.14,38249,3322.14,0.0
CLOSE_LONG,3320.54,38264,3322.14,-1.599999999999909
OPEN_SHORT,3320.54,38264,3320.54,0.0
CLOSE_SHORT,3311.56,38268,3320.54,8.980000000000018
OPEN_LONG,3311.56,38268,3311.56,0.0
CLOSE_LONG,3310.97,38328,3311.56,-0.5900000000001455
OPEN_SHORT,3310.97,38328,3310.97,0.0
CLOSE_SHORT,3319.28,38347,3310.97,-8.3100000000004
OPEN_LONG,3319.28,38347,3319.28,0.0
CLOSE_LONG,3326.93,38351,3319.28,7.649999999999636
OPEN_SHORT,3326.93,38351,3326.93,0.0
CLOSE_SHORT,3323.55,38357,3326.93,3.3799999999996544
OPEN_LONG,3323.55,38357,3323.55,0.0
CLOSE_LONG,3320.81,38379,3323.55,-2.7400000000002365
OPEN_SHORT,3320.81,38379,3320.81,0.0
CLOSE_SHORT,3310.8,38386,3320.81,10.009999999999764
OPEN_LONG,3310.8,38386,3310.8,0.0
CLOSE_LONG,3316.87,38391,3310.8,6.069999999999709
OPEN_SHORT,3316.87,38391,3316.87,0.0
CLOSE_SHORT,3306.98,38396,3316.87,9.889999999999873
OPEN_LONG,3306.98,38396,3306.98,0.0
CLOSE_LONG,3305.89,38409,3306.98,-1.0900000000001455
OPEN_SHORT,3305.89,38409,3305.89,0.0
CLOSE_SHORT,3301.45,38438,3305.89,4.440000000000055
OPEN_LONG,3301.45,38438,3301.45,0.0
CLOSE_LONG,3303.97,38445,3301.45,2.519999999999982
OPEN_SHORT,3303.97,38445,3303.97,0.0
CLOSE_SHORT,3300.44,38450,3303.97,3.5299999999997453
OPEN_LONG,3300.44,38450,3300.44,0.0
CLOSE_LONG,3303.6,38512,3300.44,3.1599999999998545
OPEN_SHORT,3303.6,38512,3303.6,0.0
CLOSE_SHORT,3318.8,38520,3303.6,-15.200000000000273
OPEN_LONG,3318.8,38520,3318.8,0.0
CLOSE_LONG,3329.6,38530,3318.8,10.799999999999727
OPEN_SHORT,3329.6,38530,3329.6,0.0
CLOSE_SHORT,3321.03,38535,3329.6,8.569999999999709
OPEN_LONG,3321.03,38535,3321.03,0.0
CLOSE_LONG,3325.41,38541,3321.03,4.379999999999654
OPEN_SHORT,3325.41,38541,3325.41,0.0
CLOSE_SHORT,3317.17,38546,3325.41,8.239999999999782
OPEN_LONG,3317.17,38546,3317.17,0.0
CLOSE_LONG,3307.31,38554,3317.17,-9.860000000000127
OPEN_SHORT,3307.31,38554,3307.31,0.0
CLOSE_SHORT,3320.09,38569,3307.31,-12.7800000000002
OPEN_LONG,3320.09,38569,3320.09,0.0
CLOSE_LONG,3293.52,38579,3320.09,-26.570000000000164
OPEN_SHORT,3293.52,38579,3293.52,0.0
CLOSE_SHORT,3289.5,38584,3293.52,4.019999999999982
OPEN_LONG,3289.5,38584,3289.5,0.0
CLOSE_LONG,3298.36,38586,3289.5,8.860000000000127
OPEN_SHORT,3298.36,38586,3298.36,0.0
CLOSE_SHORT,3288.52,38587,3298.36,9.840000000000146
OPEN_LONG,3288.52,38587,3288.52,0.0
CLOSE_LONG,3314.3,38597,3288.52,25.7800000000002
OPEN_SHORT,3314.3,38597,3314.3,0.0
CLOSE_SHORT,3313.43,38603,3314.3,0.8700000000003456
OPEN_LONG,3313.43,38603,3313.43,0.0
CLOSE_LONG,3321.32,38633,3313.43,7.890000000000327
OPEN_SHORT,3321.32,38633,3321.32,0.0
CLOSE_SHORT,3319.15,38638,3321.32,2.1700000000000728
OPEN_LONG,3319.15,38638,3319.15,0.0
CLOSE_LONG,3339.13,38653,3319.15,19.980000000000018
OPEN_SHORT,3339.13,38653,3339.13,0.0
CLOSE_SHORT,3350.4,38697,3339.13,-11.269999999999982
OPEN_LONG,3350.4,38697,3350.4,0.0
CLOSE_LONG,3339.11,38738,3350.4,-11.289999999999964
OPEN_SHORT,3339.11,38738,3339.11,0.0
CLOSE_SHORT,3330.94,38751,3339.11,8.170000000000073
OPEN_LONG,3330.94,38751,3330.94,0.0
CLOSE_LONG,3329.5,38764,3330.94,-1.4400000000000546
OPEN_SHORT,3329.5,38764,3329.5,0.0
CLOSE_SHORT,3328.95,38769,3329.5,0.5500000000001819
OPEN_LONG,3328.95,38769,3328.95,0.0
CLOSE_LONG,3368.03,38832,3328.95,39.08000000000038
OPEN_SHORT,3368.03,38832,3368.03,0.0
CLOSE_SHORT,3364.5,38837,3368.03,3.5300000000002
OPEN_LONG,3364.5,38837,3364.5,0.0
CLOSE_LONG,3237.8,39179,3364.5,-126.69999999999982
OPEN_SHORT,3237.8,39179,3237.8,0.0
CLOSE_SHORT,3257.67,39209,3237.8,-19.86999999999989
OPEN_LONG,3257.67,39209,3257.67,0.0
CLOSE_LONG,3211.04,39236,3257.67,-46.63000000000011
OPEN_SHORT,3211.04,39236,3211.04,0.0
CLOSE_SHORT,3206.59,39244,3211.04,4.449999999999818
OPEN_LONG,3206.59,39244,3206.59,0.0
CLOSE_LONG,3210.47,39250,3206.59,3.8799999999996544
OPEN_SHORT,3210.47,39250,3210.47,0.0
CLOSE_SHORT,3224.62,39275,3210.47,-14.150000000000091
OPEN_LONG,3224.62,39275,3224.62,0.0
CLOSE_LONG,3233.0,39278,3224.62,8.38000000000011
OPEN_SHORT,3233.0,39278,3233.0,0.0
CLOSE_SHORT,3228.74,39301,3233.0,4.260000000000218
OPEN_LONG,3228.74,39301,3228.74,0.0
CLOSE_LONG,3236.63,39306,3228.74,7.890000000000327
OPEN_SHORT,3236.63,39306,3236.63,0.0
CLOSE_SHORT,3239.51,39315,3236.63,-2.880000000000109
OPEN_LONG,3239.51,39315,3239.51,0.0
CLOSE_LONG,3242.38,39329,3239.51,2.869999999999891
OPEN_SHORT,3242.38,39329,3242.38,0.0
CLOSE_SHORT,3231.96,39334,3242.38,10.420000000000073
OPEN_LONG,3231.96,39334,3231.96,0.0
CLOSE_LONG,3219.04,39360,3231.96,-12.920000000000073
OPEN_SHORT,3219.04,39360,3219.04,0.0
CLOSE_SHORT,3264.06,39368,3219.04,-45.01999999999998
OPEN_LONG,3264.06,39368,3264.06,0.0
CLOSE_LONG,3267.07,39369,3264.06,3.0100000000002183
OPEN_SHORT,3267.07,39369,3267.07,0.0
CLOSE_SHORT,3275.59,39380,3267.07,-8.519999999999982
OPEN_LONG,3275.59,39380,3275.59,0.0
CLOSE_LONG,3290.41,39388,3275.59,14.819999999999709
OPEN_SHORT,3290.41,39388,3290.41,0.0
CLOSE_SHORT,3297.5,39400,3290.41,-7.0900000000001455
OPEN_LONG,3297.5,39400,3297.5,0.0
CLOSE_LONG,3305.6,39404,3297.5,8.099999999999909
OPEN_SHORT,3305.6,39404,3305.6,0.0
CLOSE_SHORT,3297.55,39411,3305.6,8.049999999999727
OPEN_LONG,3297.55,39411,3297.55,0.0
CLOSE_LONG,3290.67,39426,3297.55,-6.880000000000109
OPEN_SHORT,3290.67,39426,3290.67,0.0
CLOSE_SHORT,3298.5,39437,3290.67,-7.829999999999927
OPEN_LONG,3298.5,39437,3298.5,0.0
CLOSE_LONG,3286.98,39458,3298.5,-11.519999999999982
OPEN_SHORT,3286.98,39458,3286.98,0.0
CLOSE_SHORT,3316.74,39471,3286.98,-29.759999999999764
OPEN_LONG,3316.74,39471,3316.74,0.0
CLOSE_LONG,3315.2,39482,3316.74,-1.5399999999999636
OPEN_SHORT,3315.2,39482,3315.2,0.0
CLOSE_SHORT,3301.33,39494,3315.2,13.86999999999989
OPEN_LONG,3301.33,39494,3301.33,0.0
CLOSE_LONG,3307.81,39501,3301.33,6.480000000000018
OPEN_SHORT,3307.81,39501,3307.81,0.0
CLOSE_SHORT,3301.78,39503,3307.81,6.029999999999745
OPEN_LONG,3301.78,39503,3301.78,0.0
CLOSE_LONG,3316.39,39510,3301.78,14.609999999999673
OPEN_SHORT,3316.39,39510,3316.39,0.0
CLOSE_SHORT,3375.2,39537,3316.39,-58.809999999999945
OPEN_LONG,3375.2,39537,3375.2,0.0
CLOSE_LONG,3383.61,39542,3375.2,8.41000000000031
OPEN_SHORT,3383.61,39542,3383.61,0.0
CLOSE_SHORT,3370.23,39547,3383.61,13.38000000000011
OPEN_LONG,3370.23,39547,3370.23,0.0
CLOSE_LONG,3380.85,39554,3370.23,10.61999999999989
OPEN_SHORT,3380.85,39554,3380.85,0.0
CLOSE_SHORT,3386.93,39575,3380.85,-6.079999999999927
OPEN_LONG,3386.93,39575,3386.93,0.0
CLOSE_LONG,3417.24,39578,3386.93,30.309999999999945
OPEN_SHORT,3417.24,39578,3417.24,0.0
CLOSE_SHORT,3409.14,39583,3417.24,8.099999999999909
OPEN_LONG,3409.14,39583,3409.14,0.0
CLOSE_LONG,3411.56,39585,3409.14,2.4200000000000728
OPEN_SHORT,3411.56,39585,3411.56,0.0
CLOSE_SHORT,3414.15,39609,3411.56,-2.5900000000001455
OPEN_LONG,3414.15,39609,3414.15,0.0
CLOSE_LONG,3420.19,39614,3414.15,6.039999999999964
OPEN_SHORT,3420.19,39614,3420.19,0.0
CLOSE_SHORT,3425.13,39636,3420.19,-4.940000000000055
OPEN_LONG,3425.13,39636,3425.13,0.0
CLOSE_LONG,3441.77,39658,3425.13,16.639999999999873
OPEN_SHORT,3441.77,39658,3441.77,0.0
CLOSE_SHORT,3435.98,39666,3441.77,5.789999999999964
OPEN_LONG,3435.98,39666,3435.98,0.0
CLOSE_LONG,3440.56,39673,3435.98,4.579999999999927
OPEN_SHORT,3440.56,39673,3440.56,0.0
CLOSE_SHORT,3432.34,39686,3440.56,8.2199999999998
OPEN_LONG,3432.34,39686,3432.34,0.0
CLOSE_LONG,3445.05,39691,3432.34,12.710000000000036
OPEN_SHORT,3445.05,39691,3445.05,0.0
CLOSE_SHORT,3436.57,39697,3445.05,8.480000000000018
OPEN_LONG,3436.57,39697,3436.57,0.0
CLOSE_LONG,3448.76,39709,3436.57,12.190000000000055
OPEN_SHORT,3448.76,39709,3448.76,0.0
CLOSE_SHORT,3450.46,39717,3448.76,-1.699999999999818
OPEN_LONG,3450.46,39717,3450.46,0.0
CLOSE_LONG,3428.72,39961,3450.46,-21.740000000000236
OPEN_SHORT,3428.72,39961,3428.72,0.0
CLOSE_SHORT,3428.03,39971,3428.72,0.6899999999995998
OPEN_LONG,3428.03,39971,3428.03,0.0
CLOSE_LONG,3432.73,39982,3428.03,4.699999999999818
OPEN_SHORT,3432.73,39982,3432.73,0.0
CLOSE_SHORT,3433.95,39989,3432.73,-1.2199999999998
OPEN_LONG,3433.95,39989,3433.95,0.0
CLOSE_LONG,3444.03,39998,3433.95,10.080000000000382
OPEN_SHORT,3444.03,39998,3444.03,0.0
CLOSE_SHORT,3435.62,40008,3444.03,8.41000000000031
OPEN_LONG,3435.62,40008,3435.62,0.0
CLOSE_LONG,3441.85,40018,3435.62,6.230000000000018
OPEN_SHORT,3441.85,40018,3441.85,0.0
CLOSE_SHORT,3436.36,40023,3441.85,5.489999999999782
OPEN_LONG,3436.36,40023,3436.36,0.0
CLOSE_LONG,3448.04,40051,3436.36,11.679999999999836
OPEN_SHORT,3448.04,40051,3448.04,0.0
CLOSE_SHORT,3445.48,40090,3448.04,2.5599999999999454
OPEN_LONG,3445.48,40090,3445.48,0.0
CLOSE_LONG,3451.86,40103,3445.48,6.380000000000109
OPEN_SHORT,3451.86,40103,3451.86,0.0
CLOSE_SHORT,3447.43,40109,3451.86,4.430000000000291
OPEN_LONG,3447.43,40109,3447.43,0.0
CLOSE_LONG,3458.0,40144,3447.43,10.570000000000164
OPEN_SHORT,3458.0,40144,3458.0,0.0
CLOSE_SHORT,3456.02,40156,3458.0,1.9800000000000182
OPEN_LONG,3456.02,40156,3456.02,0.0
CLOSE_LONG,3462.51,40162,3456.02,6.4900000000002365
OPEN_SHORT,3462.51,40162,3462.51,0.0
CLOSE_SHORT,3458.68,40167,3462.51,3.830000000000382
OPEN_LONG,3458.68,40167,3458.68,0.0
CLOSE_LONG,3464.33,40195,3458.68,5.650000000000091
OPEN_SHORT,3464.33,40195,3464.33,0.0
CLOSE_SHORT,3465.0,40208,3464.33,-0.6700000000000728
OPEN_LONG,3465.0,40208,3465.0,0.0
CLOSE_LONG,3436.67,40297,3465.0,-28.329999999999927
OPEN_SHORT,3436.67,40297,3436.67,0.0
CLOSE_SHORT,3440.69,40304,3436.67,-4.019999999999982
OPEN_LONG,3440.69,40304,3440.69,0.0
CLOSE_LONG,3432.58,40368,3440.69,-8.110000000000127
OPEN_SHORT,3432.58,40368,3432.58,0.0
CLOSE_SHORT,3437.94,40414,3432.58,-5.360000000000127
OPEN_LONG,3437.94,40414,3437.94,0.0
CLOSE_LONG,3452.98,40425,3437.94,15.039999999999964
OPEN_SHORT,3452.98,40425,3452.98,0.0
CLOSE_SHORT,3453.84,40430,3452.98,-0.8600000000001273
OPEN_LONG,3453.84,40430,3453.84,0.0
CLOSE_LONG,3458.29,40478,3453.84,4.449999999999818
OPEN_SHORT,3458.29,40478,3458.29,0.0
CLOSE_SHORT,3456.75,40501,3458.29,1.5399999999999636
OPEN_LONG,3456.75,40501,3456.75,0.0
CLOSE_LONG,3402.13,40735,3456.75,-54.61999999999989
OPEN_SHORT,3402.13,40735,3402.13,0.0
CLOSE_SHORT,3382.24,40766,3402.13,19.890000000000327
OPEN_LONG,3382.24,40766,3382.24,0.0
CLOSE_LONG,3381.99,40780,3382.24,-0.25
OPEN_SHORT,3381.99,40780,3381.99,0.0
CLOSE_SHORT,3391.97,40830,3381.99,-9.980000000000018
OPEN_LONG,3391.97,40830,3391.97,0.0
CLOSE_LONG,3383.43,40866,3391.97,-8.539999999999964
OPEN_SHORT,3383.43,40866,3383.43,0.0
CLOSE_SHORT,3373.48,40876,3383.43,9.949999999999818
OPEN_LONG,3373.48,40876,3373.48,0.0
CLOSE_LONG,3374.06,40890,3373.48,0.5799999999999272
OPEN_SHORT,3374.06,40890,3374.06,0.0
CLOSE_SHORT,3370.87,40897,3374.06,3.1900000000000546
OPEN_LONG,3370.87,40897,3370.87,0.0
CLOSE_LONG,3374.98,40903,3370.87,4.110000000000127
OPEN_SHORT,3374.98,40903,3374.98,0.0
CLOSE_SHORT,3370.54,40911,3374.98,4.440000000000055
OPEN_LONG,3370.54,40911,3370.54,0.0
CLOSE_LONG,3381.63,40960,3370.54,11.090000000000146
OPEN_SHORT,3381.63,40960,3381.63,0.0
CLOSE_SHORT,3385.59,41022,3381.63,-3.9600000000000364
OPEN_LONG,3385.59,41022,3385.59,0.0
CLOSE_LONG,3394.62,41028,3385.59,9.029999999999745
OPEN_SHORT,3394.62,41028,3394.62,0.0
CLOSE_SHORT,3390.47,41076,3394.62,4.150000000000091
OPEN_LONG,3390.47,41076,3390.47,0.0
CLOSE_LONG,3407.23,41221,3390.47,16.76000000000022
OPEN_SHORT,3407.23,41221,3407.23,0.0
CLOSE_SHORT,3393.54,41254,3407.23,13.690000000000055
OPEN_LONG,3393.54,41254,3393.54,0.0
CLOSE_LONG,3394.99,41495,3393.54,1.449999999999818
OPEN_SHORT,3394.99,41495,3394.99,0.0
CLOSE_SHORT,3387.54,41507,3394.99,7.449999999999818
OPEN_LONG,3387.54,41507,3387.54,0.0
CLOSE_LONG,3376.49,41663,3387.54,-11.050000000000182
OPEN_SHORT,3376.49,41663,3376.49,0.0
CLOSE_SHORT,3407.81,41795,3376.49,-31.320000000000164
OPEN_LONG,3407.81,41795,3407.81,0.0
CLOSE_LONG,3426.82,41908,3407.81,19.01000000000022
OPEN_SHORT,3426.82,41908,3426.82,0.0
CLOSE_SHORT,3422.0,41924,3426.82,4.820000000000164
OPEN_LONG,3422.0,41924,3422.0,0.0
CLOSE_LONG,3417.06,42021,3422.0,-4.940000000000055
OPEN_SHORT,3417.06,42021,3417.06,0.0
CLOSE_SHORT,3416.06,42026,3417.06,1.0
OPEN_LONG,3416.06,42026,3416.06,0.0
CLOSE_LONG,3434.06,42092,3416.06,18.0
OPEN_SHORT,3434.06,42092,3434.06,0.0
CLOSE_SHORT,3446.44,42105,3434.06,-12.38000000000011
OPEN_LONG,3446.44,42105,3446.44,0.0
CLOSE_LONG,3451.54,42114,3446.44,5.099999999999909
OPEN_SHORT,3451.54,42114,3451.54,0.0
CLOSE_SHORT,3450.98,42156,3451.54,0.5599999999999454
OPEN_LONG,3450.98,42156,3450.98,0.0
CLOSE_LONG,3468.37,42205,3450.98,17.389999999999873
OPEN_SHORT,3468.37,42205,3468.37,0.0
CLOSE_SHORT,3537.86,42230,3468.37,-69.49000000000024
OPEN_LONG,3537.86,42230,3537.86,0.0
CLOSE_LONG,3521.59,42260,3537.86,-16.269999999999982
OPEN_SHORT,3521.59,42260,3521.59,0.0
CLOSE_SHORT,3520.97,42271,3521.59,0.6200000000003456
OPEN_LONG,3520.97,42271,3520.97,0.0
CLOSE_LONG,3535.89,42298,3520.97,14.920000000000073
OPEN_SHORT,3535.89,42298,3535.89,0.0
CLOSE_SHORT,3527.3,42303,3535.89,8.58999999999969
OPEN_LONG,3527.3,42303,3527.3,0.0
CLOSE_LONG,3547.44,42517,3527.3,20.139999999999873
OPEN_SHORT,3547.44,42517,3547.44,0.0
CLOSE_SHORT,3553.85,42531,3547.44,-6.4099999999998545
OPEN_LONG,3553.85,42531,3553.85,0.0
CLOSE_LONG,3569.9,42542,3553.85,16.050000000000182
OPEN_SHORT,3569.9,42542,3569.9,0.0
CLOSE_SHORT,3569.39,42563,3569.9,0.5100000000002183
OPEN_LONG,3569.39,42563,3569.39,0.0
CLOSE_LONG,3575.15,42573,3569.39,5.760000000000218
OPEN_SHORT,3575.15,42573,3575.15,0.0
CLOSE_SHORT,3570.76,42582,3575.15,4.389999999999873
OPEN_LONG,3570.76,42582,3570.76,0.0
CLOSE_LONG,3583.15,42588,3570.76,12.389999999999873
OPEN_SHORT,3583.15,42588,3583.15,0.0
CLOSE_SHORT,3574.76,42627,3583.15,8.389999999999873
OPEN_LONG,3574.76,42627,3574.76,0.0
CLOSE_LONG,3585.19,42633,3574.76,10.429999999999836
OPEN_SHORT,3585.19,42633,3585.19,0.0
CLOSE_SHORT,3584.45,42648,3585.19,0.7400000000002365
OPEN_LONG,3584.45,42648,3584.45,0.0
CLOSE_LONG,3587.05,42725,3584.45,2.600000000000364
OPEN_SHORT,3587.05,42725,3587.05,0.0
CLOSE_SHORT,3584.55,42734,3587.05,2.5
OPEN_LONG,3584.55,42734,3584.55,0.0
CLOSE_LONG,3605.96,42737,3584.55,21.409999999999854
OPEN_SHORT,3605.96,42737,3605.96,0.0
CLOSE_SHORT,3596.0,42742,3605.96,9.960000000000036
OPEN_LONG,3596.0,42742,3596.0,0.0
CLOSE_LONG,3593.2,42752,3596.0,-2.800000000000182
OPEN_SHORT,3593.2,42752,3593.2,0.0
CLOSE_SHORT,3584.5,42755,3593.2,8.699999999999818
OPEN_LONG,3584.5,42755,3584.5,0.0
CLOSE_LONG,3570.94,42805,3584.5,-13.559999999999945
OPEN_SHORT,3570.94,42805,3570.94,0.0
CLOSE_SHORT,3638.99,42853,3570.94,-68.04999999999973
OPEN_LONG,3638.99,42853,3638.99,0.0
CLOSE_LONG,3642.79,42867,3638.99,3.800000000000182
OPEN_SHORT,3642.79,42867,3642.79,0.0
CLOSE_SHORT,3630.57,42877,3642.79,12.2199999999998
OPEN_LONG,3630.57,42877,3630.57,0.0
CLOSE_LONG,3640.4,42882,3630.57,9.829999999999927
OPEN_SHORT,3640.4,42882,3640.4,0.0
CLOSE_SHORT,3644.45,42888,3640.4,-4.049999999999727
OPEN_LONG,3644.45,42888,3644.45,0.0
CLOSE_LONG,3636.16,42904,3644.45,-8.289999999999964
OPEN_SHORT,3636.16,42904,3636.16,0.0
CLOSE_SHORT,3630.01,42910,3636.16,6.149999999999636
OPEN_LONG,3630.01,42910,3630.01,0.0
CLOSE_LONG,3635.83,42919,3630.01,5.819999999999709
OPEN_SHORT,3635.83,42919,3635.83,0.0
CLOSE_SHORT,3626.2,42931,3635.83,9.63000000000011
OPEN_LONG,3626.2,42931,3626.2,0.0
CLOSE_LONG,3627.67,43383,3626.2,1.4700000000002547
OPEN_SHORT,3627.67,43383,3627.67,0.0
CLOSE_SHORT,3615.86,43409,3627.67,11.809999999999945
OPEN_LONG,3615.86,43409,3615.86,0.0
CLOSE_LONG,3613.18,43442,3615.86,-2.680000000000291
OPEN_SHORT,3613.18,43442,3613.18,0.0
CLOSE_SHORT,3607.81,43490,3613.18,5.369999999999891
OPEN_LONG,3607.81,43490,3607.81,0.0
CLOSE_LONG,3599.43,43579,3607.81,-8.38000000000011
OPEN_SHORT,3599.43,43579,3599.43,0.0
CLOSE_SHORT,3602.75,43588,3599.43,-3.3200000000001637
OPEN_LONG,3602.75,43588,3602.75,0.0
CLOSE_LONG,3603.2,43654,3602.75,0.4499999999998181
OPEN_SHORT,3603.2,43654,3603.2,0.0
CLOSE_SHORT,3590.14,43666,3603.2,13.059999999999945
OPEN_LONG,3590.14,43666,3590.14,0.0
CLOSE_LONG,3538.56,43718,3590.14,-51.57999999999993
OPEN_SHORT,3538.56,43718,3538.56,0.0
CLOSE_SHORT,3535.39,43721,3538.56,3.1700000000000728
OPEN_LONG,3535.39,43721,3535.39,0.0
CLOSE_LONG,3556.01,43737,3535.39,20.620000000000346
OPEN_SHORT,3556.01,43737,3556.01,0.0
CLOSE_SHORT,3545.2,43741,3556.01,10.8100000000004
OPEN_LONG,3545.2,43741,3545.2,0.0
CLOSE_LONG,3526.58,43764,3545.2,-18.61999999999989
OPEN_SHORT,3526.58,43764,3526.58,0.0
CLOSE_SHORT,3526.01,43772,3526.58,0.569999999999709
OPEN_LONG,3526.01,43772,3526.01,0.0
CLOSE_LONG,3532.14,43785,3526.01,6.129999999999654
OPEN_SHORT,3532.14,43785,3532.14,0.0
CLOSE_SHORT,3525.24,43791,3532.14,6.900000000000091
OPEN_LONG,3525.24,43791,3525.24,0.0
CLOSE_LONG,3522.13,43804,3525.24,-3.1099999999996726
OPEN_SHORT,3522.13,43804,3522.13,0.0
CLOSE_SHORT,3538.08,43931,3522.13,-15.949999999999818
OPEN_LONG,3538.08,43931,3538.08,0.0
CLOSE_LONG,3537.42,43939,3538.08,-0.6599999999998545
OPEN_SHORT,3537.42,43939,3537.42,0.0
CLOSE_SHORT,3540.16,43956,3537.42,-2.7399999999997817
OPEN_LONG,3540.16,43956,3540.16,0.0
CLOSE_LONG,3554.7,43974,3540.16,14.539999999999964
OPEN_SHORT,3554.7,43974,3554.7,0.0
CLOSE_SHORT,3563.52,43991,3554.7,-8.820000000000164
OPEN_LONG,3563.52,43991,3563.52,0.0
CLOSE_LONG,3565.1,44004,3563.52,1.5799999999999272
OPEN_SHORT,3565.1,44004,3565.1,0.0
CLOSE_SHORT,3562.02,44016,3565.1,3.0799999999999272
OPEN_LONG,3562.02,44016,3562.02,0.0
CLOSE_LONG,3569.07,44030,3562.02,7.050000000000182
OPEN_SHORT,3569.07,44030,3569.07,0.0
CLOSE_SHORT,3571.77,44047,3569.07,-2.699999999999818
OPEN_LONG,3571.77,44047,3571.77,0.0
CLOSE_LONG,3564.07,44161,3571.77,-7.699999999999818
OPEN_SHORT,3564.07,44161,3564.07,0.0
CLOSE_SHORT,3565.76,44210,3564.07,-1.6900000000000546
OPEN_LONG,3565.76,44210,3565.76,0.0
CLOSE_LONG,3576.56,44222,3565.76,10.799999999999727
OPEN_SHORT,3576.56,44222,3576.56,0.0
CLOSE_SHORT,3561.16,44227,3576.56,15.400000000000091
OPEN_LONG,3561.16,44227,3561.16,0.0
CLOSE_LONG,3568.74,44232,3561.16,7.579999999999927
OPEN_SHORT,3568.74,44232,3568.74,0.0
CLOSE_SHORT,3560.8,44245,3568.74,7.9399999999996
OPEN_LONG,3560.8,44245,3560.8,0.0
CLOSE_LONG,3569.56,44250,3560.8,8.759999999999764
OPEN_SHORT,3569.56,44250,3569.56,0.0
CLOSE_SHORT,3561.95,44260,3569.56,7.610000000000127
OPEN_LONG,3561.95,44260,3561.95,0.0
CLOSE_LONG,3566.37,44266,3561.95,4.420000000000073
OPEN_SHORT,3566.37,44266,3566.37,0.0
CLOSE_SHORT,3559.39,44270,3566.37,6.980000000000018
OPEN_LONG,3559.39,44270,3559.39,0.0
CLOSE_LONG,3574.03,44284,3559.39,14.640000000000327
OPEN_SHORT,3574.03,44284,3574.03,0.0
CLOSE_SHORT,3582.45,44295,3574.03,-8.419999999999618
OPEN_LONG,3582.45,44295,3582.45,0.0
CLOSE_LONG,3596.09,44309,3582.45,13.640000000000327
OPEN_SHORT,3596.09,44309,3596.09,0.0
CLOSE_SHORT,3624.53,44318,3596.09,-28.440000000000055
OPEN_LONG,3624.53,44318,3624.53,0.0
CLOSE_LONG,3607.75,44343,3624.53,-16.7800000000002
OPEN_SHORT,3607.75,44343,3607.75,0.0
CLOSE_SHORT,3595.51,44348,3607.75,12.239999999999782
OPEN_LONG,3595.51,44348,3595.51,0.0
CLOSE_LONG,3581.39,44364,3595.51,-14.120000000000346
OPEN_SHORT,3581.39,44364,3581.39,0.0
CLOSE_SHORT,3580.45,44370,3581.39,0.9400000000000546
OPEN_LONG,3580.45,44370,3580.45,0.0
CLOSE_LONG,3590.64,44381,3580.45,10.190000000000055
OPEN_SHORT,3590.64,44381,3590.64,0.0
CLOSE_SHORT,3615.97,44402,3590.64,-25.329999999999927
OPEN_LONG,3615.97,44402,3615.97,0.0
CLOSE_LONG,3549.26,44646,3615.97,-66.70999999999958
OPEN_SHORT,3549.26,44646,3549.26,0.0
CLOSE_SHORT,3554.9,44664,3549.26,-5.639999999999873
OPEN_LONG,3554.9,44664,3554.9,0.0
CLOSE_LONG,3562.87,44668,3554.9,7.9699999999998
OPEN_SHORT,3562.87,44668,3562.87,0.0
CLOSE_SHORT,3551.24,44671,3562.87,11.63000000000011
OPEN_LONG,3551.24,44671,3551.24,0.0
CLOSE_LONG,3562.0,44676,3551.24,10.760000000000218
OPEN_SHORT,3562.0,44676,3562.0,0.0
CLOSE_SHORT,3546.32,44692,3562.0,15.679999999999836
OPEN_LONG,3546.32,44692,3546.32,0.0
CLOSE_LONG,3549.1,44698,3546.32,2.7799999999997453
OPEN_SHORT,3549.1,44698,3549.1,0.0
CLOSE_SHORT,3550.84,44746,3549.1,-1.7400000000002365
OPEN_LONG,3550.84,44746,3550.84,0.0
CLOSE_LONG,3576.72,44781,3550.84,25.879999999999654
OPEN_SHORT,3576.72,44781,3576.72,0.0
CLOSE_SHORT,3572.11,44787,3576.72,4.609999999999673
OPEN_LONG,3572.11,44787,3572.11,0.0
CLOSE_LONG,3576.61,44795,3572.11,4.5
OPEN_SHORT,3576.61,44795,3576.61,0.0
CLOSE_SHORT,3564.61,44818,3576.61,12.0
OPEN_LONG,3564.61,44818,3564.61,0.0
CLOSE_LONG,3585.15,44959,3564.61,20.539999999999964
OPEN_SHORT,3585.15,44959,3585.15,0.0
CLOSE_SHORT,3578.01,44968,3585.15,7.139999999999873
OPEN_LONG,3578.01,44968,3578.01,0.0
CLOSE_LONG,3555.26,45008,3578.01,-22.75
OPEN_SHORT,3555.26,45008,3555.26,0.0
CLOSE_SHORT,3542.19,45011,3555.26,13.070000000000164
OPEN_LONG,3542.19,45011,3542.19,0.0
CLOSE_LONG,3545.52,45100,3542.19,3.3299999999999272
OPEN_SHORT,3545.52,45100,3545.52,0.0
CLOSE_SHORT,3529.71,45102,3545.52,15.809999999999945
OPEN_LONG,3529.71,45102,3529.71,0.0
CLOSE_LONG,3524.7,45113,3529.71,-5.010000000000218
OPEN_SHORT,3524.7,45113,3524.7,0.0
CLOSE_SHORT,3511.03,45117,3524.7,13.669999999999618
OPEN_LONG,3511.03,45117,3511.03,0.0
CLOSE_LONG,3514.24,45130,3511.03,3.2099999999995816
OPEN_SHORT,3514.24,45130,3514.24,0.0
CLOSE_SHORT,3514.14,45137,3514.24,0.09999999999990905
OPEN_LONG,3514.14,45137,3514.14,0.0
CLOSE_LONG,3502.9,45145,3514.14,-11.239999999999782
OPEN_SHORT,3502.9,45145,3502.9,0.0
CLOSE_SHORT,3496.2,45147,3502.9,6.700000000000273
OPEN_LONG,3496.2,45147,3496.2,0.0
CLOSE_LONG,3488.0,45174,3496.2,-8.199999999999818
OPEN_SHORT,3488.0,45174,3488.0,0.0
CLOSE_SHORT,3477.82,45176,3488.0,10.179999999999836
OPEN_LONG,3477.82,45176,3477.82,0.0
CLOSE_LONG,3481.03,45204,3477.82,3.2100000000000364
OPEN_SHORT,3481.03,45204,3481.03,0.0
CLOSE_SHORT,3478.09,45220,3481.03,2.9400000000000546
OPEN_LONG,3478.09,45220,3478.09,0.0
CLOSE_LONG,3477.91,45226,3478.09,-0.18000000000029104
OPEN_SHORT,3477.91,45226,3477.91,0.0
CLOSE_SHORT,3481.94,45251,3477.91,-4.0300000000002
OPEN_LONG,3481.94,45251,3481.94,0.0
CLOSE_LONG,3490.01,45258,3481.94,8.070000000000164
OPEN_SHORT,3490.01,45258,3490.01,0.0
CLOSE_SHORT,3472.68,45278,3490.01,17.330000000000382
OPEN_LONG,3472.68,45278,3472.68,0.0
CLOSE_LONG,3476.69,45283,3472.68,4.010000000000218
OPEN_SHORT,3476.69,45283,3476.69,0.0
CLOSE_SHORT,3459.15,45288,3476.69,17.539999999999964
OPEN_LONG,3459.15,45288,3459.15,0.0
CLOSE_LONG,3457.65,45298,3459.15,-1.5
OPEN_SHORT,3457.65,45298,3457.65,0.0
CLOSE_SHORT,3468.26,45338,3457.65,-10.610000000000127
OPEN_LONG,3468.26,45338,3468.26,0.0
CLOSE_LONG,3478.51,45343,3468.26,10.25
OPEN_SHORT,3478.51,45343,3478.51,0.0
CLOSE_SHORT,3467.34,45349,3478.51,11.170000000000073
OPEN_LONG,3467.34,45349,3467.34,0.0
CLOSE_LONG,3467.25,45391,3467.34,-0.09000000000014552
OPEN_SHORT,3467.25,45391,3467.25,0.0
CLOSE_SHORT,3453.11,45411,3467.25,14.139999999999873
OPEN_LONG,3453.11,45411,3453.11,0.0
CLOSE_LONG,3458.04,45420,3453.11,4.929999999999836
OPEN_SHORT,3458.04,45420,3458.04,0.0
CLOSE_SHORT,3454.56,45433,3458.04,3.480000000000018
OPEN_LONG,3454.56,45433,3454.56,0.0
CLOSE_LONG,3445.7,45503,3454.56,-8.860000000000127
OPEN_SHORT,3445.7,45503,3445.7,0.0
CLOSE_SHORT,3440.58,45509,3445.7,5.119999999999891
OPEN_LONG,3440.58,45509,3440.58,0.0
CLOSE_LONG,3443.78,45516,3440.58,3.200000000000273
OPEN_SHORT,3443.78,45516,3443.78,0.0
CLOSE_SHORT,3430.37,45524,3443.78,13.41000000000031
OPEN_LONG,3430.37,45524,3430.37,0.0
CLOSE_LONG,3421.37,45548,3430.37,-9.0
OPEN_SHORT,3421.37,45548,3421.37,0.0
CLOSE_SHORT,3415.83,45552,3421.37,5.539999999999964
OPEN_LONG,3415.83,45552,3415.83,0.0
CLOSE_LONG,3418.98,45564,3415.83,3.150000000000091
OPEN_SHORT,3418.98,45564,3418.98,0.0
CLOSE_SHORT,3427.06,45613,3418.98,-8.079999999999927
OPEN_LONG,3427.06,45613,3427.06,0.0
CLOSE_LONG,3422.07,45651,3427.06,-4.989999999999782
OPEN_SHORT,3422.07,45651,3422.07,0.0
CLOSE_SHORT,3409.85,45660,3422.07,12.220000000000255
OPEN_LONG,3409.85,45660,3409.85,0.0
CLOSE_LONG,3419.31,45662,3409.85,9.460000000000036
OPEN_SHORT,3419.31,45662,3419.31,0.0
CLOSE_SHORT,3417.75,45684,3419.31,1.5599999999999454
OPEN_LONG,3417.75,45684,3417.75,0.0
CLOSE_LONG,3424.31,45690,3417.75,6.559999999999945
OPEN_SHORT,3424.31,45690,3424.31,0.0
CLOSE_SHORT,3422.67,45700,3424.31,1.6399999999998727
OPEN_LONG,3422.67,45700,3422.67,0.0
CLOSE_LONG,3430.23,45742,3422.67,7.559999999999945
OPEN_SHORT,3430.23,45742,3430.23,0.0
CLOSE_SHORT,3439.65,45753,3430.23,-9.420000000000073
OPEN_LONG,3439.65,45753,3439.65,0.0
CLOSE_LONG,3437.2,45763,3439.65,-2.450000000000273
OPEN_SHORT,3437.2,45763,3437.2,0.0
CLOSE_SHORT,3435.39,45813,3437.2,1.8099999999999454
OPEN_LONG,3435.39,45813,3435.39,0.0
CLOSE_LONG,3427.09,45831,3435.39,-8.299999999999727
OPEN_SHORT,3427.09,45831,3427.09,0.0
CLOSE_SHORT,3419.75,45836,3427.09,7.3400000000001455
OPEN_LONG,3419.75,45836,3419.75,0.0
CLOSE_LONG,3426.34,45848,3419.75,6.5900000000001455
OPEN_SHORT,3426.34,45848,3426.34,0.0
CLOSE_SHORT,3439.0,45888,3426.34,-12.659999999999854
OPEN_LONG,3439.0,45888,3439.0,0.0
CLOSE_LONG,3435.45,45948,3439.0,-3.550000000000182
OPEN_SHORT,3435.45,45948,3435.45,0.0
CLOSE_SHORT,3444.96,46000,3435.45,-9.510000000000218
OPEN_LONG,3444.96,46000,3444.96,0.0
CLOSE_LONG,3452.71,46051,3444.96,7.75
OPEN_SHORT,3452.71,46051,3452.71,0.0
CLOSE_SHORT,3439.16,46089,3452.71,13.550000000000182
OPEN_LONG,3439.16,46089,3439.16,0.0
CLOSE_LONG,3464.62,46185,3439.16,25.460000000000036
OPEN_SHORT,3464.62,46185,3464.62,0.0
CLOSE_SHORT,3467.01,46206,3464.62,-2.3900000000003274
OPEN_LONG,3467.01,46206,3467.01,0.0
CLOSE_LONG,3484.35,46222,3467.01,17.33999999999969
OPEN_SHORT,3484.35,46222,3484.35,0.0
CLOSE_SHORT,3482.8,46237,3484.35,1.5499999999997272
OPEN_LONG,3482.8,46237,3482.8,0.0
CLOSE_LONG,3485.9,46249,3482.8,3.099999999999909
OPEN_SHORT,3485.9,46249,3485.9,0.0
CLOSE_SHORT,3524.0,46310,3485.9,-38.09999999999991
OPEN_LONG,3524.0,46310,3524.0,0.0
CLOSE_LONG,3530.01,46317,3524.0,6.010000000000218
OPEN_SHORT,3530.01,46317,3530.01,0.0
CLOSE_SHORT,3529.61,46330,3530.01,0.40000000000009095
OPEN_LONG,3529.61,46330,3529.61,0.0
CLOSE_LONG,3544.99,46334,3529.61,15.379999999999654
OPEN_SHORT,3544.99,46334,3544.99,0.0
CLOSE_SHORT,3556.39,46348,3544.99,-11.400000000000091
OPEN_LONG,3556.39,46348,3556.39,0.0
CLOSE_LONG,3550.47,46403,3556.39,-5.920000000000073
OPEN_SHORT,3550.47,46403,3550.47,0.0
CLOSE_SHORT,3543.39,46408,3550.47,7.079999999999927
OPEN_LONG,3543.39,46408,3543.39,0.0
CLOSE_LONG,3560.94,46412,3543.39,17.550000000000182
OPEN_SHORT,3560.94,46412,3560.94,0.0
CLOSE_SHORT,3551.74,46417,3560.94,9.200000000000273
OPEN_LONG,3551.74,46417,3551.74,0.0
CLOSE_LONG,3571.88,46490,3551.74,20.140000000000327
OPEN_SHORT,3571.88,46490,3571.88,0.0
CLOSE_SHORT,3578.07,46506,3571.88,-6.190000000000055
OPEN_LONG,3578.07,46506,3578.07,0.0
CLOSE_LONG,3578.44,46523,3578.07,0.36999999999989086
OPEN_SHORT,3578.44,46523,3578.44,0.0
CLOSE_SHORT,3576.29,46529,3578.44,2.150000000000091
OPEN_LONG,3576.29,46529,3576.29,0.0
CLOSE_LONG,3492.3,46604,3576.29,-83.98999999999978
OPEN_SHORT,3492.3,46604,3492.3,0.0
CLOSE_SHORT,3480.39,46606,3492.3,11.91000000000031
OPEN_LONG,3480.39,46606,3480.39,0.0
CLOSE_LONG,3408.85,46664,3480.39,-71.53999999999996
OPEN_SHORT,3408.85,46664,3408.85,0.0
CLOSE_SHORT,3411.89,46671,3408.85,-3.0399999999999636
OPEN_LONG,3411.89,46671,3411.89,0.0
CLOSE_LONG,3407.03,46688,3411.89,-4.859999999999673
OPEN_SHORT,3407.03,46688,3407.03,0.0
CLOSE_SHORT,3394.21,46693,3407.03,12.820000000000164
OPEN_LONG,3394.21,46693,3394.21,0.0
CLOSE_LONG,3405.2,46698,3394.21,10.989999999999782
OPEN_SHORT,3405.2,46698,3405.2,0.0
CLOSE_SHORT,3400.44,46706,3405.2,4.7599999999997635
OPEN_LONG,3400.44,46706,3400.44,0.0
CLOSE_LONG,3407.56,46727,3400.44,7.119999999999891
OPEN_SHORT,3407.56,46727,3407.56,0.0
CLOSE_SHORT,3429.52,46736,3407.56,-21.960000000000036
OPEN_LONG,3429.52,46736,3429.52,0.0
CLOSE_LONG,3434.17,46744,3429.52,4.650000000000091
OPEN_SHORT,3434.17,46744,3434.17,0.0
CLOSE_SHORT,3432.57,46763,3434.17,1.599999999999909
OPEN_LONG,3432.57,46763,3432.57,0.0
CLOSE_LONG,3436.2,46768,3432.57,3.6299999999996544
OPEN_SHORT,3436.2,46768,3436.2,0.0
CLOSE_SHORT,3430.54,46779,3436.2,5.6599999999998545
OPEN_LONG,3430.54,46779,3430.54,0.0
CLOSE_LONG,3438.25,46786,3430.54,7.710000000000036
OPEN_SHORT,3438.25,46786,3438.25,0.0
CLOSE_SHORT,3433.5,46794,3438.25,4.75
OPEN_LONG,3433.5,46794,3433.5,0.0
CLOSE_LONG,3425.59,46807,3433.5,-7.9099999999998545
OPEN_SHORT,3425.59,46807,3425.59,0.0
CLOSE_SHORT,3415.6,46814,3425.59,9.990000000000236
OPEN_LONG,3415.6,46814,3415.6,0.0
CLOSE_LONG,3392.77,46852,3415.6,-22.829999999999927
OPEN_SHORT,3392.77,46852,3392.77,0.0
CLOSE_SHORT,3403.38,46860,3392.77,-10.610000000000127
OPEN_LONG,3403.38,46860,3403.38,0.0
CLOSE_LONG,3418.47,46934,3403.38,15.08999999999969
OPEN_SHORT,3418.47,46934,3418.47,0.0
CLOSE_SHORT,3410.41,46998,3418.47,8.059999999999945
OPEN_LONG,3410.41,46998,3410.41,0.0
CLOSE_LONG,3412.65,47113,3410.41,2.2400000000002365
OPEN_SHORT,3412.65,47113,3412.65,0.0
CLOSE_SHORT,3405.66,47133,3412.65,6.9900000000002365
OPEN_LONG,3405.66,47133,3405.66,0.0
CLOSE_LONG,3412.97,47146,3405.66,7.309999999999945
OPEN_SHORT,3412.97,47146,3412.97,0.0
CLOSE_SHORT,3416.86,47152,3412.97,-3.8900000000003274
OPEN_LONG,3416.86,47152,3416.86,0.0
CLOSE_LONG,3429.52,47180,3416.86,12.659999999999854
OPEN_SHORT,3429.52,47180,3429.52,0.0
CLOSE_SHORT,3428.52,47194,3429.52,1.0
OPEN_LONG,3428.52,47194,3428.52,0.0
CLOSE_LONG,3431.84,47200,3428.52,3.3200000000001637
OPEN_SHORT,3431.84,47200,3431.84,0.0
CLOSE_SHORT,3441.82,47218,3431.84,-9.980000000000018
OPEN_LONG,3441.82,47218,3441.82,0.0
CLOSE_LONG,3433.21,47263,3441.82,-8.610000000000127
OPEN_SHORT,3433.21,47263,3433.21,0.0
CLOSE_SHORT,3429.31,47284,3433.21,3.900000000000091
OPEN_LONG,3429.31,47284,3429.31,0.0
CLOSE_LONG,3419.37,47310,3429.31,-9.940000000000055
OPEN_SHORT,3419.37,47310,3419.37,0.0
CLOSE_SHORT,3447.13,47325,3419.37,-27.76000000000022
OPEN_LONG,3447.13,47325,3447.13,0.0
CLOSE_LONG,3464.11,47340,3447.13,16.980000000000018
OPEN_SHORT,3464.11,47340,3464.11,0.0
CLOSE_SHORT,3457.34,47346,3464.11,6.769999999999982
OPEN_LONG,3457.34,47346,3457.34,0.0
CLOSE_LONG,3454.4,47364,3457.34,-2.9400000000000546
OPEN_SHORT,3454.4,47364,3454.4,0.0
CLOSE_SHORT,3479.2,47373,3454.4,-24.799999999999727
OPEN_LONG,3479.2,47373,3479.2,0.0
CLOSE_LONG,3470.49,47403,3479.2,-8.710000000000036
OPEN_SHORT,3470.49,47403,3470.49,0.0
CLOSE_SHORT,3467.01,47421,3470.49,3.4799999999995634
OPEN_LONG,3467.01,47421,3467.01,0.0
CLOSE_LONG,3472.68,47429,3467.01,5.669999999999618
OPEN_SHORT,3472.68,47429,3472.68,0.0
CLOSE_SHORT,3524.98,47471,3472.68,-52.30000000000018
OPEN_LONG,3524.98,47471,3524.98,0.0
CLOSE_LONG,3532.88,47479,3524.98,7.900000000000091
OPEN_SHORT,3532.88,47479,3532.88,0.0
CLOSE_SHORT,3528.36,47487,3532.88,4.519999999999982
OPEN_LONG,3528.36,47487,3528.36,0.0
CLOSE_LONG,3538.27,47495,3528.36,9.909999999999854
OPEN_SHORT,3538.27,47495,3538.27,0.0
CLOSE_SHORT,3527.23,47497,3538.27,11.039999999999964
OPEN_LONG,3527.23,47497,3527.23,0.0
CLOSE_LONG,3537.82,47501,3527.23,10.590000000000146
OPEN_SHORT,3537.82,47501,3537.82,0.0
CLOSE_SHORT,3539.41,47513,3537.82,-1.5899999999996908
OPEN_LONG,3539.41,47513,3539.41,0.0
CLOSE_LONG,3545.33,47541,3539.41,5.920000000000073
OPEN_SHORT,3545.33,47541,3545.33,0.0
CLOSE_SHORT,3546.18,47564,3545.33,-0.849999999999909
OPEN_LONG,3546.18,47564,3546.18,0.0
CLOSE_LONG,3546.36,47597,3546.18,0.18000000000029104
OPEN_SHORT,3546.36,47597,3546.36,0.0
CLOSE_SHORT,3542.5,47601,3546.36,3.8600000000001273
OPEN_LONG,3542.5,47601,3542.5,0.0
CLOSE_LONG,3508.8,47731,3542.5,-33.69999999999982
OPEN_SHORT,3508.8,47731,3508.8,0.0
CLOSE_SHORT,3505.81,47735,3508.8,2.9900000000002365
OPEN_LONG,3505.81,47735,3505.81,0.0
CLOSE_LONG,3510.5,47773,3505.81,4.690000000000055
OPEN_SHORT,3510.5,47773,3510.5,0.0
CLOSE_SHORT,3499.94,47792,3510.5,10.559999999999945
OPEN_LONG,3499.94,47792,3499.94,0.0
CLOSE_LONG,3500.96,47811,3499.94,1.0199999999999818
OPEN_SHORT,3500.96,47811,3500.96,0.0
CLOSE_SHORT,3498.1,47831,3500.96,2.8600000000001273
OPEN_LONG,3498.1,47831,3498.1,0.0
CLOSE_LONG,3430.91,47991,3498.1,-67.19000000000005
OPEN_SHORT,3430.91,47991,3430.91,0.0
CLOSE_SHORT,3405.58,47995,3430.91,25.329999999999927
OPEN_LONG,3405.58,47995,3405.58,0.0
CLOSE_LONG,3422.73,48000,3405.58,17.15000000000009
OPEN_SHORT,3422.73,48000,3422.73,0.0
CLOSE_SHORT,3448.81,48008,3422.73,-26.079999999999927
OPEN_LONG,3448.81,48008,3448.81,0.0
CLOSE_LONG,3431.58,48020,3448.81,-17.230000000000018
OPEN_SHORT,3431.58,48020,3431.58,0.0
CLOSE_SHORT,3421.36,48030,3431.58,10.2199999999998
OPEN_LONG,3421.36,48030,3421.36,0.0
CLOSE_LONG,3404.2,48050,3421.36,-17.16000000000031
OPEN_SHORT,3404.2,48050,3404.2,0.0
CLOSE_SHORT,3389.84,48055,3404.2,14.359999999999673
OPEN_LONG,3389.84,48055,3389.84,0.0
CLOSE_LONG,3370.9,48068,3389.84,-18.940000000000055
OPEN_SHORT,3370.9,48068,3370.9,0.0
CLOSE_SHORT,3374.25,48075,3370.9,-3.349999999999909
OPEN_LONG,3374.25,48075,3374.25,0.0
CLOSE_LONG,3388.1,48078,3374.25,13.849999999999909
OPEN_SHORT,3388.1,48078,3388.1,0.0
CLOSE_SHORT,3368.16,48090,3388.1,19.940000000000055
OPEN_LONG,3368.16,48090,3368.16,0.0
CLOSE_LONG,3369.2,48102,3368.16,1.0399999999999636
OPEN_SHORT,3369.2,48102,3369.2,0.0
CLOSE_SHORT,3348.01,48110,3369.2,21.1899999999996
OPEN_LONG,3348.01,48110,3348.01,0.0
CLOSE_LONG,3303.39,48155,3348.01,-44.620000000000346
OPEN_SHORT,3303.39,48155,3303.39,0.0
CLOSE_SHORT,3299.69,48165,3303.39,3.699999999999818
OPEN_LONG,3299.69,48165,3299.69,0.0
CLOSE_LONG,3283.25,48176,3299.69,-16.440000000000055
OPEN_SHORT,3283.25,48176,3283.25,0.0
CLOSE_SHORT,3265.89,48180,3283.25,17.360000000000127
OPEN_LONG,3265.89,48180,3265.89,0.0
CLOSE_LONG,3245.75,48208,3265.89,-20.139999999999873
OPEN_SHORT,3245.75,48208,3245.75,0.0
CLOSE_SHORT,3232.51,48215,3245.75,13.239999999999782
OPEN_LONG,3232.51,48215,3232.51,0.0
CLOSE_LONG,3218.24,48230,3232.51,-14.270000000000437
OPEN_SHORT,3218.24,48230,3218.24,0.0
CLOSE_SHORT,3205.8,48236,3218.24,12.4399999999996
OPEN_LONG,3205.8,48236,3205.8,0.0
CLOSE_LONG,3200.8,48245,3205.8,-5.0
OPEN_SHORT,3200.8,48245,3200.8,0.0
CLOSE_SHORT,3200.96,48252,3200.8,-0.15999999999985448
OPEN_LONG,3200.96,48252,3200.96,0.0
CLOSE_LONG,3220.65,48254,3200.96,19.690000000000055
OPEN_SHORT,3220.65,48254,3220.65,0.0
CLOSE_SHORT,3206.99,48259,3220.65,13.66000000000031
OPEN_LONG,3206.99,48259,3206.99,0.0
CLOSE_LONG,3210.16,48263,3206.99,3.1700000000000728
OPEN_SHORT,3210.16,48263,3210.16,0.0
CLOSE_SHORT,3202.83,48265,3210.16,7.329999999999927
OPEN_LONG,3202.83,48265,3202.83,0.0
CLOSE_LONG,3206.78,48271,3202.83,3.950000000000273
OPEN_SHORT,3206.78,48271,3206.78,0.0
CLOSE_SHORT,3210.28,48282,3206.78,-3.5
OPEN_LONG,3210.28,48282,3210.28,0.0
CLOSE_LONG,3203.99,48293,3210.28,-6.290000000000418
OPEN_SHORT,3203.99,48293,3203.99,0.0
CLOSE_SHORT,3195.62,48298,3203.99,8.36999999999989
OPEN_LONG,3195.62,48298,3195.62,0.0
CLOSE_LONG,3189.16,48310,3195.62,-6.460000000000036
OPEN_SHORT,3189.16,48310,3189.16,0.0
CLOSE_SHORT,3178.23,48314,3189.16,10.929999999999836
OPEN_LONG,3178.23,48314,3178.23,0.0
CLOSE_LONG,3172.75,48320,3178.23,-5.480000000000018
OPEN_SHORT,3172.75,48320,3172.75,0.0
CLOSE_SHORT,3167.05,48326,3172.75,5.699999999999818
OPEN_LONG,3167.05,48326,3167.05,0.0
CLOSE_LONG,3173.87,48332,3167.05,6.819999999999709
OPEN_SHORT,3173.87,48332,3173.87,0.0
CLOSE_SHORT,3183.86,48353,3173.87,-9.990000000000236
OPEN_LONG,3183.86,48353,3183.86,0.0
CLOSE_LONG,3167.87,48367,3183.86,-15.990000000000236
OPEN_SHORT,3167.87,48367,3167.87,0.0
CLOSE_SHORT,3174.74,48386,3167.87,-6.869999999999891
OPEN_LONG,3174.74,48386,3174.74,0.0
CLOSE_LONG,3172.0,48401,3174.74,-2.7399999999997817
OPEN_SHORT,3172.0,48401,3172.0,0.0
CLOSE_SHORT,3168.44,48406,3172.0,3.5599999999999454
OPEN_LONG,3168.44,48406,3168.44,0.0
CLOSE_LONG,3178.74,48412,3168.44,10.299999999999727
OPEN_SHORT,3178.74,48412,3178.74,0.0
CLOSE_SHORT,3171.95,48417,3178.74,6.789999999999964
OPEN_LONG,3171.95,48417,3171.95,0.0
CLOSE_LONG,3180.76,48421,3171.95,8.8100000000004
OPEN_SHORT,3180.76,48421,3180.76,0.0
CLOSE_SHORT,3193.76,48446,3180.76,-13.0
OPEN_LONG,3193.76,48446,3193.76,0.0
CLOSE_LONG,3198.01,48450,3193.76,4.25
OPEN_SHORT,3198.01,48450,3198.01,0.0
CLOSE_SHORT,3218.0,48476,3198.01,-19.98999999999978
OPEN_LONG,3218.0,48476,3218.0,0.0
CLOSE_LONG,3227.27,48481,3218.0,9.269999999999982
OPEN_SHORT,3227.27,48481,3227.27,0.0
CLOSE_SHORT,3227.17,48489,3227.27,0.09999999999990905
OPEN_LONG,3227.17,48489,3227.17,0.0
CLOSE_LONG,3225.8,48495,3227.17,-1.3699999999998909
OPEN_SHORT,3225.8,48495,3225.8,0.0
CLOSE_SHORT,3249.99,48538,3225.8,-24.1899999999996
OPEN_LONG,3249.99,48538,3249.99,0.0
CLOSE_LONG,3223.18,48561,3249.99,-26.809999999999945
OPEN_SHORT,3223.18,48561,3223.18,0.0
CLOSE_SHORT,3204.46,48565,3223.18,18.7199999999998
OPEN_LONG,3204.46,48565,3204.46,0.0
CLOSE_LONG,3205.98,48571,3204.46,1.5199999999999818
OPEN_SHORT,3205.98,48571,3205.98,0.0
CLOSE_SHORT,3206.2,48573,3205.98,-0.2199999999997999
OPEN_LONG,3206.2,48573,3206.2,0.0
CLOSE_LONG,3223.75,48575,3206.2,17.550000000000182
OPEN_SHORT,3223.75,48575,3223.75,0.0
CLOSE_SHORT,3217.97,48580,3223.75,5.7800000000002
OPEN_LONG,3217.97,48580,3217.97,0.0
CLOSE_LONG,3235.0,48582,3217.97,17.0300000000002
OPEN_SHORT,3235.0,48582,3235.0,0.0
CLOSE_SHORT,3227.0,48587,3235.0,8.0
OPEN_LONG,3227.0,48587,3227.0,0.0
CLOSE_LONG,3218.61,48594,3227.0,-8.389999999999873
OPEN_SHORT,3218.61,48594,3218.61,0.0
CLOSE_SHORT,3208.82,48597,3218.61,9.789999999999964
OPEN_LONG,3208.82,48597,3208.82,0.0
CLOSE_LONG,3215.94,48630,3208.82,7.119999999999891
OPEN_SHORT,3215.94,48630,3215.94,0.0
CLOSE_SHORT,3205.52,48632,3215.94,10.420000000000073
OPEN_LONG,3205.52,48632,3205.52,0.0
CLOSE_LONG,3205.59,48661,3205.52,0.07000000000016371
OPEN_SHORT,3205.59,48661,3205.59,0.0
CLOSE_SHORT,3225.14,48680,3205.59,-19.549999999999727
OPEN_LONG,3225.14,48680,3225.14,0.0
CLOSE_LONG,3233.61,48682,3225.14,8.470000000000255
OPEN_SHORT,3233.61,48682,3233.61,0.0
CLOSE_SHORT,3236.66,48717,3233.61,-3.049999999999727
OPEN_LONG,3236.66,48717,3236.66,0.0
CLOSE_LONG,3228.28,48741,3236.66,-8.379999999999654
OPEN_SHORT,3228.28,48741,3228.28,0.0
CLOSE_SHORT,3218.36,48745,3228.28,9.920000000000073
OPEN_LONG,3218.36,48745,3218.36,0.0
CLOSE_LONG,3222.65,48750,3218.36,4.289999999999964
OPEN_SHORT,3222.65,48750,3222.65,0.0
CLOSE_SHORT,3211.72,48774,3222.65,10.930000000000291
OPEN_LONG,3211.72,48774,3211.72,0.0
CLOSE_LONG,3221.83,48785,3211.72,10.110000000000127
OPEN_SHORT,3221.83,48785,3221.83,0.0
CLOSE_SHORT,3222.15,48793,3221.83,-0.3200000000001637
OPEN_LONG,3222.15,48793,3222.15,0.0
CLOSE_LONG,3157.22,48833,3222.15,-64.93000000000029
OPEN_SHORT,3157.22,48833,3157.22,0.0
CLOSE_SHORT,3153.99,48838,3157.22,3.230000000000018
OPEN_LONG,3153.99,48838,3153.99,0.0
CLOSE_LONG,3180.91,48851,3153.99,26.920000000000073
OPEN_SHORT,3180.91,48851,3180.91,0.0
CLOSE_SHORT,3171.2,48856,3180.91,9.710000000000036
OPEN_LONG,3171.2,48856,3171.2,0.0
CLOSE_LONG,3175.85,48869,3171.2,4.650000000000091
OPEN_SHORT,3175.85,48869,3175.85,0.0
CLOSE_SHORT,3172.2,48877,3175.85,3.650000000000091
OPEN_LONG,3172.2,48877,3172.2,0.0
CLOSE_LONG,3181.87,48888,3172.2,9.670000000000073
OPEN_SHORT,3181.87,48888,3181.87,0.0
CLOSE_SHORT,3181.0,48893,3181.87,0.8699999999998909
OPEN_LONG,3181.0,48893,3181.0,0.0
CLOSE_LONG,3196.81,48899,3181.0,15.809999999999945
OPEN_SHORT,3196.81,48899,3196.81,0.0
CLOSE_SHORT,3192.96,48904,3196.81,3.849999999999909
OPEN_LONG,3192.96,48904,3192.96,0.0
CLOSE_LONG,3171.2,48940,3192.96,-21.76000000000022
OPEN_SHORT,3171.2,48940,3171.2,0.0
CLOSE_SHORT,3158.4,48944,3171.2,12.799999999999727
OPEN_LONG,3158.4,48944,3158.4,0.0
CLOSE_LONG,3157.89,48955,3158.4,-0.5100000000002183
OPEN_SHORT,3157.89,48955,3157.89,0.0
CLOSE_SHORT,3138.33,48958,3157.89,19.559999999999945
OPEN_LONG,3138.33,48958,3138.33,0.0
CLOSE_LONG,3175.08,48959,3138.33,36.75
OPEN_SHORT,3175.08,48959,3175.08,0.0
CLOSE_SHORT,3204.42,48974,3175.08,-29.340000000000146
OPEN_LONG,3204.42,48974,3204.42,0.0
CLOSE_LONG,3214.87,48983,3204.42,10.449999999999818
OPEN_SHORT,3214.87,48983,3214.87,0.0
CLOSE_SHORT,3202.0,48988,3214.87,12.86999999999989
OPEN_LONG,3202.0,48988,3202.0,0.0
CLOSE_LONG,3210.15,48993,3202.0,8.150000000000091
OPEN_SHORT,3210.15,48993,3210.15,0.0
CLOSE_SHORT,3206.84,49003,3210.15,3.3099999999999454
OPEN_LONG,3206.84,49003,3206.84,0.0
CLOSE_LONG,3215.39,49015,3206.84,8.549999999999727
OPEN_SHORT,3215.39,49015,3215.39,0.0
CLOSE_SHORT,3219.53,49024,3215.39,-4.140000000000327
OPEN_LONG,3219.53,49024,3219.53,0.0
CLOSE_LONG,3207.61,49047,3219.53,-11.920000000000073
OPEN_SHORT,3207.61,49047,3207.61,0.0
CLOSE_SHORT,3203.16,49054,3207.61,4.450000000000273
OPEN_LONG,3203.16,49054,3203.16,0.0
CLOSE_LONG,3189.63,49061,3203.16,-13.529999999999745
OPEN_SHORT,3189.63,49061,3189.63,0.0
CLOSE_SHORT,3192.38,49077,3189.63,-2.75
OPEN_LONG,3192.38,49077,3192.38,0.0
CLOSE_LONG,3201.86,49084,3192.38,9.480000000000018
OPEN_SHORT,3201.86,49084,3201.86,0.0
CLOSE_SHORT,3200.71,49097,3201.86,1.150000000000091
OPEN_LONG,3200.71,49097,3200.71,0.0
CLOSE_LONG,3200.35,49114,3200.71,-0.36000000000012733
OPEN_SHORT,3200.35,49114,3200.35,0.0
CLOSE_SHORT,3188.88,49117,3200.35,11.4699999999998
OPEN_LONG,3188.88,49117,3188.88,0.0
CLOSE_LONG,3170.42,49158,3188.88,-18.460000000000036
OPEN_SHORT,3170.42,49158,3170.42,0.0
CLOSE_SHORT,3167.9,49163,3170.42,2.519999999999982
OPEN_LONG,3167.9,49163,3167.9,0.0
CLOSE_LONG,3182.52,49169,3167.9,14.61999999999989
OPEN_SHORT,3182.52,49169,3182.52,0.0
CLOSE_SHORT,3185.45,49201,3182.52,-2.9299999999998363
OPEN_LONG,3185.45,49201,3185.45,0.0
CLOSE_LONG,3170.64,49233,3185.45,-14.809999999999945
OPEN_SHORT,3170.64,49233,3170.64,0.0
CLOSE_SHORT,3148.3,49237,3170.64,22.33999999999969
OPEN_LONG,3148.3,49237,3148.3,0.0
CLOSE_LONG,3136.19,49253,3148.3,-12.110000000000127
OPEN_SHORT,3136.19,49253,3136.19,0.0
CLOSE_SHORT,3124.68,49262,3136.19,11.510000000000218
OPEN_LONG,3124.68,49262,3124.68,0.0
CLOSE_LONG,3134.51,49266,3124.68,9.830000000000382
OPEN_SHORT,3134.51,49266,3134.51,0.0
CLOSE_SHORT,3127.33,49273,3134.51,7.180000000000291
OPEN_LONG,3127.33,49273,3127.33,0.0
CLOSE_LONG,3133.06,49277,3127.33,5.730000000000018
OPEN_SHORT,3133.06,49277,3133.06,0.0
CLOSE_SHORT,3113.1,49281,3133.06,19.960000000000036
OPEN_LONG,3113.1,49281,3113.1,0.0
CLOSE_LONG,3122.81,49286,3113.1,9.710000000000036
OPEN_SHORT,3122.81,49286,3122.81,0.0
CLOSE_SHORT,3116.61,49288,3122.81,6.199999999999818
OPEN_LONG,3116.61,49288,3116.61,0.0
CLOSE_LONG,3127.28,49296,3116.61,10.670000000000073
OPEN_SHORT,3127.28,49296,3127.28,0.0
CLOSE_SHORT,3107.03,49300,3127.28,20.25
OPEN_LONG,3107.03,49300,3107.03,0.0
CLOSE_LONG,3099.47,49317,3107.03,-7.5600000000004
OPEN_SHORT,3099.47,49317,3099.47,0.0
CLOSE_SHORT,3124.08,49336,3099.47,-24.610000000000127
OPEN_LONG,3124.08,49336,3124.08,0.0
CLOSE_LONG,3102.46,49356,3124.08,-21.61999999999989
OPEN_SHORT,3102.46,49356,3102.46,0.0
CLOSE_SHORT,3083.34,49363,3102.46,19.11999999999989
OPEN_LONG,3083.34,49363,3083.34,0.0
CLOSE_LONG,3089.02,49370,3083.34,5.679999999999836
OPEN_SHORT,3089.02,49370,3089.02,0.0
CLOSE_SHORT,3129.64,49400,3089.02,-40.61999999999989
OPEN_LONG,3129.64,49400,3129.64,0.0
CLOSE_LONG,3133.51,49402,3129.64,3.8700000000003456
OPEN_SHORT,3133.51,49402,3133.51,0.0
CLOSE_SHORT,3132.92,49418,3133.51,0.5900000000001455
OPEN_LONG,3132.92,49418,3132.92,0.0
CLOSE_LONG,3148.06,49423,3132.92,15.139999999999873
OPEN_SHORT,3148.06,49423,3148.06,0.0
CLOSE_SHORT,3191.58,49439,3148.06,-43.51999999999998
OPEN_LONG,3191.58,49439,3191.58,0.0
CLOSE_LONG,3213.35,49441,3191.58,21.769999999999982
OPEN_SHORT,3213.35,49441,3213.35,0.0
CLOSE_SHORT,3196.16,49446,3213.35,17.190000000000055
OPEN_LONG,3196.16,49446,3196.16,0.0
CLOSE_LONG,3193.79,49455,3196.16,-2.369999999999891
OPEN_SHORT,3193.79,49455,3193.79,0.0
CLOSE_SHORT,3178.7,49460,3193.79,15.090000000000146
OPEN_LONG,3178.7,49460,3178.7,0.0
CLOSE_LONG,3182.84,49466,3178.7,4.140000000000327
OPEN_SHORT,3182.84,49466,3182.84,0.0
CLOSE_SHORT,3170.79,49474,3182.84,12.050000000000182
OPEN_LONG,3170.79,49474,3170.79,0.0
CLOSE_LONG,3203.6,49476,3170.79,32.809999999999945
OPEN_SHORT,3203.6,49476,3203.6,0.0
CLOSE_SHORT,3194.37,49482,3203.6,9.230000000000018
OPEN_LONG,3194.37,49482,3194.37,0.0
CLOSE_LONG,3201.43,49487,3194.37,7.059999999999945
OPEN_SHORT,3201.43,49487,3201.43,0.0
CLOSE_SHORT,3209.16,49503,3201.43,-7.730000000000018
OPEN_LONG,3209.16,49503,3209.16,0.0
CLOSE_LONG,3199.87,49518,3209.16,-9.289999999999964
OPEN_SHORT,3199.87,49518,3199.87,0.0
CLOSE_SHORT,3193.87,49527,3199.87,6.0
OPEN_LONG,3193.87,49527,3193.87,0.0
CLOSE_LONG,3210.99,49532,3193.87,17.11999999999989
OPEN_SHORT,3210.99,49532,3210.99,0.0
CLOSE_SHORT,3241.6,49549,3210.99,-30.610000000000127
OPEN_LONG,3241.6,49549,3241.6,0.0
CLOSE_LONG,3240.33,49559,3241.6,-1.2699999999999818
OPEN_SHORT,3240.33,49559,3240.33,0.0
CLOSE_SHORT,3232.36,49564,3240.33,7.9699999999998
OPEN_LONG,3232.36,49564,3232.36,0.0
CLOSE_LONG,3242.58,49580,3232.36,10.2199999999998
OPEN_SHORT,3242.58,49580,3242.58,0.0
CLOSE_SHORT,3229.24,49584,3242.58,13.340000000000146
OPEN_LONG,3229.24,49584,3229.24,0.0
CLOSE_LONG,3182.09,49625,3229.24,-47.149999999999636
OPEN_SHORT,3182.09,49625,3182.09,0.0
CLOSE_SHORT,3175.44,49627,3182.09,6.650000000000091
OPEN_LONG,3175.44,49627,3175.44,0.0
CLOSE_LONG,3201.5,49642,3175.44,26.059999999999945
OPEN_SHORT,3201.5,49642,3201.5,0.0
CLOSE_SHORT,3190.83,49646,3201.5,10.670000000000073
OPEN_LONG,3190.83,49646,3190.83,0.0
CLOSE_LONG,3179.36,49698,3190.83,-11.4699999999998
OPEN_SHORT,3179.36,49698,3179.36,0.0
CLOSE_SHORT,3206.93,49715,3179.36,-27.56999999999971
OPEN_LONG,3206.93,49715,3206.93,0.0
CLOSE_LONG,3195.34,49735,3206.93,-11.58999999999969
OPEN_SHORT,3195.34,49735,3195.34,0.0
CLOSE_SHORT,3204.95,49746,3195.34,-9.609999999999673
OPEN_LONG,3204.95,49746,3204.95,0.0
CLOSE_LONG,3208.0,49750,3204.95,3.050000000000182
OPEN_SHORT,3208.0,49750,3208.0,0.0
CLOSE_SHORT,3204.08,49756,3208.0,3.9200000000000728
OPEN_LONG,3204.08,49756,3204.08,0.0
CLOSE_LONG,3178.53,49782,3204.08,-25.549999999999727
OPEN_SHORT,3178.53,49782,3178.53,0.0
CLOSE_SHORT,3161.69,49786,3178.53,16.840000000000146
OPEN_LONG,3161.69,49786,3161.69,0.0
CLOSE_LONG,3134.1,49800,3161.69,-27.590000000000146
OPEN_SHORT,3134.1,49800,3134.1,0.0
CLOSE_SHORT,3132.52,49805,3134.1,1.5799999999999272
OPEN_LONG,3132.52,49805,3132.52,0.0
CLOSE_LONG,3147.96,49814,3132.52,15.440000000000055
OPEN_SHORT,3147.96,49814,3147.96,0.0
CLOSE_SHORT,3157.03,49821,3147.96,-9.070000000000164
OPEN_LONG,3157.03,49821,3157.03,0.0
CLOSE_LONG,3167.25,49831,3157.03,10.2199999999998
OPEN_SHORT,3167.25,49831,3167.25,0.0
CLOSE_SHORT,3163.12,49835,3167.25,4.130000000000109
OPEN_LONG,3163.12,49835,3163.12,0.0
CLOSE_LONG,3164.0,49897,3163.12,0.8800000000001091
OPEN_SHORT,3164.0,49897,3164.0,0.0
CLOSE_SHORT,3172.19,49906,3164.0,-8.190000000000055
OPEN_LONG,3172.19,49906,3172.19,0.0
CLOSE_LONG,3177.7,49914,3172.19,5.5099999999997635
OPEN_SHORT,3177.7,49914,3177.7,0.0
CLOSE_SHORT,3164.58,49918,3177.7,13.11999999999989
OPEN_LONG,3164.58,49918,3164.58,0.0
CLOSE_LONG,3116.48,49940,3164.58,-48.09999999999991
OPEN_SHORT,3116.48,49940,3116.48,0.0
CLOSE_SHORT,3116.66,49945,3116.48,-0.1799999999998363
OPEN_LONG,3116.66,49945,3116.66,0.0
CLOSE_LONG,3120.8,49989,3116.66,4.140000000000327
OPEN_SHORT,3120.8,49989,3120.8,0.0
CLOSE_SHORT,3135.4,50005,3120.8,-14.599999999999909
OPEN_LONG,3135.4,50005,3135.4,0.0
CLOSE_LONG,3148.99,50013,3135.4,13.58999999999969
OPEN_SHORT,3148.99,50013,3148.99,0.0
CLOSE_SHORT,3140.53,50017,3148.99,8.459999999999582
OPEN_LONG,3140.53,50017,3140.53,0.0
CLOSE_LONG,3135.84,50044,3140.53,-4.690000000000055
OPEN_SHORT,3135.84,50044,3135.84,0.0
CLOSE_SHORT,3130.23,50051,3135.84,5.610000000000127
OPEN_LONG,3130.23,50051,3130.23,0.0
CLOSE_LONG,3134.4,50058,3130.23,4.170000000000073
OPEN_SHORT,3134.4,50058,3134.4,0.0
CLOSE_SHORT,3167.47,50109,3134.4,-33.06999999999971
OPEN_LONG,3167.47,50109,3167.47,0.0
CLOSE_LONG,3173.57,50126,3167.47,6.100000000000364
OPEN_SHORT,3173.57,50126,3173.57,0.0
CLOSE_SHORT,3179.89,50199,3173.57,-6.319999999999709
OPEN_LONG,3179.89,50199,3179.89,0.0
CLOSE_LONG,3185.06,50244,3179.89,5.170000000000073
OPEN_SHORT,3185.06,50244,3185.06,0.0
CLOSE_SHORT,3179.75,50250,3185.06,5.309999999999945
OPEN_LONG,3179.75,50250,3179.75,0.0
CLOSE_LONG,3178.5,50334,3179.75,-1.25
OPEN_SHORT,3178.5,50334,3178.5,0.0
CLOSE_SHORT,3173.46,50390,3178.5,5.039999999999964
OPEN_LONG,3173.46,50390,3173.46,0.0
CLOSE_LONG,3176.96,50401,3173.46,3.5
OPEN_SHORT,3176.96,50401,3176.96,0.0
CLOSE_SHORT,3172.72,50448,3176.96,4.2400000000002365
OPEN_LONG,3172.72,50448,3172.72,0.0
CLOSE_LONG,3158.41,50609,3172.72,-14.309999999999945
OPEN_SHORT,3158.41,50609,3158.41,0.0
CLOSE_SHORT,3161.3,50655,3158.41,-2.8900000000003274
OPEN_LONG,3161.3,50655,3161.3,0.0
CLOSE_LONG,3153.7,50721,3161.3,-7.600000000000364
OPEN_SHORT,3153.7,50721,3153.7,0.0
CLOSE_SHORT,3160.28,50740,3153.7,-6.580000000000382
OPEN_LONG,3160.28,50740,3160.28,0.0
CLOSE_LONG,3180.29,50789,3160.28,20.009999999999764
OPEN_SHORT,3180.29,50789,3180.29,0.0
CLOSE_SHORT,3183.39,50846,3180.29,-3.099999999999909
OPEN_LONG,3183.39,50846,3183.39,0.0
CLOSE_LONG,3180.9,50863,3183.39,-2.4899999999997817
OPEN_SHORT,3180.9,50863,3180.9,0.0
CLOSE_SHORT,3175.09,50910,3180.9,5.809999999999945
OPEN_LONG,3175.09,50910,3175.09,0.0
CLOSE_LONG,3186.35,50913,3175.09,11.259999999999764
OPEN_SHORT,3186.35,50913,3186.35,0.0
CLOSE_SHORT,3180.58,50918,3186.35,5.769999999999982
OPEN_LONG,3180.58,50918,3180.58,0.0
CLOSE_LONG,3188.92,51009,3180.58,8.340000000000146
OPEN_SHORT,3188.92,51009,3188.92,0.0
CLOSE_SHORT,3199.12,51036,3188.92,-10.199999999999818
OPEN_LONG,3199.12,51036,3199.12,0.0
CLOSE_LONG,3205.59,51054,3199.12,6.470000000000255
OPEN_SHORT,3205.59,51054,3205.59,0.0
CLOSE_SHORT,3220.03,51086,3205.59,-14.440000000000055
OPEN_LONG,3220.03,51086,3220.03,0.0
CLOSE_LONG,3214.85,51105,3220.03,-5.180000000000291
OPEN_SHORT,3214.85,51105,3214.85,0.0
CLOSE_SHORT,3204.18,51122,3214.85,10.670000000000073
OPEN_LONG,3204.18,51122,3204.18,0.0
CLOSE_LONG,3184.28,51253,3204.18,-19.899999999999636
OPEN_SHORT,3184.28,51253,3184.28,0.0
CLOSE_SHORT,3183.09,51258,3184.28,1.1900000000000546
OPEN_LONG,3183.09,51258,3183.09,0.0
CLOSE_LONG,3168.12,51361,3183.09,-14.970000000000255
OPEN_SHORT,3168.12,51361,3168.12,0.0
CLOSE_SHORT,3166.05,51375,3168.12,2.069999999999709
OPEN_LONG,3166.05,51375,3166.05,0.0
CLOSE_LONG,3145.82,51539,3166.05,-20.230000000000018
OPEN_SHORT,3145.82,51539,3145.82,0.0
CLOSE_SHORT,3145.51,51550,3145.82,0.30999999999994543
OPEN_LONG,3145.51,51550,3145.51,0.0
CLOSE_LONG,3155.11,51556,3145.51,9.599999999999909
OPEN_SHORT,3155.11,51556,3155.11,0.0
CLOSE_SHORT,3197.48,51633,3155.11,-42.36999999999989
OPEN_LONG,3197.48,51633,3197.48,0.0
CLOSE_LONG,3200.69,51647,3197.48,3.2100000000000364
OPEN_SHORT,3200.69,51647,3200.69,0.0
CLOSE_SHORT,3193.8,51689,3200.69,6.889999999999873
OPEN_LONG,3193.8,51689,3193.8,0.0
CLOSE_LONG,3223.52,51907,3193.8,29.7199999999998
OPEN_SHORT,3223.52,51907,3223.52,0.0
CLOSE_SHORT,3212.63,51912,3223.52,10.889999999999873
OPEN_LONG,3212.63,51912,3212.63,0.0
CLOSE_LONG,3218.22,51963,3212.63,5.589999999999691
OPEN_SHORT,3218.22,51963,3218.22,0.0
CLOSE_SHORT,3209.14,51971,3218.22,9.079999999999927
OPEN_LONG,3209.14,51971,3209.14,0.0
CLOSE_LONG,3241.76,52018,3209.14,32.620000000000346
OPEN_SHORT,3241.76,52018,3241.76,0.0
CLOSE_SHORT,3236.37,52031,3241.76,5.390000000000327
OPEN_LONG,3236.37,52031,3236.37,0.0
CLOSE_LONG,3173.19,52189,3236.37,-63.179999999999836
OPEN_SHORT,3173.19,52189,3173.19,0.0
CLOSE_SHORT,3170.39,52194,3173.19,2.800000000000182
OPEN_LONG,3170.39,52194,3170.39,0.0
CLOSE_LONG,3169.12,52216,3170.39,-1.2699999999999818
OPEN_SHORT,3169.12,52216,3169.12,0.0
CLOSE_SHORT,3160.79,52228,3169.12,8.329999999999927
OPEN_LONG,3160.79,52228,3160.79,0.0
CLOSE_LONG,3164.12,52240,3160.79,3.3299999999999272
OPEN_SHORT,3164.12,52240,3164.12,0.0
CLOSE_SHORT,3154.29,52245,3164.12,9.829999999999927
OPEN_LONG,3154.29,52245,3154.29,0.0
CLOSE_LONG,3148.58,52255,3154.29,-5.710000000000036
OPEN_SHORT,3148.58,52255,3148.58,0.0
CLOSE_SHORT,3165.66,52326,3148.58,-17.079999999999927
OPEN_LONG,3165.66,52326,3165.66,0.0
CLOSE_LONG,3174.58,52333,3165.66,8.920000000000073
OPEN_SHORT,3174.58,52333,3174.58,0.0
CLOSE_SHORT,3168.52,52350,3174.58,6.059999999999945
OPEN_LONG,3168.52,52350,3168.52,0.0
CLOSE_LONG,3112.68,52390,3168.52,-55.840000000000146
OPEN_SHORT,3112.68,52390,3112.68,0.0
CLOSE_SHORT,3098.0,52395,3112.68,14.679999999999836
OPEN_LONG,3098.0,52395,3098.0,0.0
CLOSE_LONG,3065.6,52468,3098.0,-32.40000000000009
OPEN_SHORT,3065.6,52468,3065.6,0.0
CLOSE_SHORT,3066.14,52475,3065.6,-0.5399999999999636
OPEN_LONG,3066.14,52475,3066.14,0.0
CLOSE_LONG,3058.4,52504,3066.14,-7.739999999999782
OPEN_SHORT,3058.4,52504,3058.4,0.0
CLOSE_SHORT,3091.99,52513,3058.4,-33.58999999999969
OPEN_LONG,3091.99,52513,3091.99,0.0
CLOSE_LONG,3097.78,52515,3091.99,5.790000000000418
OPEN_SHORT,3097.78,52515,3097.78,0.0
CLOSE_SHORT,3103.45,52526,3097.78,-5.669999999999618
OPEN_LONG,3103.45,52526,3103.45,0.0
CLOSE_LONG,3060.42,52556,3103.45,-43.029999999999745
OPEN_SHORT,3060.42,52556,3060.42,0.0
CLOSE_SHORT,3092.62,52604,3060.42,-32.19999999999982
OPEN_LONG,3092.62,52604,3092.62,0.0
CLOSE_LONG,3098.76,52609,3092.62,6.140000000000327
OPEN_SHORT,3098.76,52609,3098.76,0.0
CLOSE_SHORT,3089.04,52619,3098.76,9.720000000000255
OPEN_LONG,3089.04,52619,3089.04,0.0
CLOSE_LONG,3103.44,52630,3089.04,14.400000000000091
OPEN_SHORT,3103.44,52630,3103.44,0.0
CLOSE_SHORT,3103.8,52639,3103.44,-0.36000000000012733
OPEN_LONG,3103.8,52639,3103.8,0.0
CLOSE_LONG,3106.01,52651,3103.8,2.2100000000000364
OPEN_SHORT,3106.01,52651,3106.01,0.0
CLOSE_SHORT,3105.29,52659,3106.01,0.7200000000002547
OPEN_LONG,3105.29,52659,3105.29,0.0
CLOSE_LONG,3063.9,52759,3105.29,-41.38999999999987
OPEN_SHORT,3063.9,52759,3063.9,0.0
CLOSE_SHORT,3070.34,52769,3063.9,-6.440000000000055
OPEN_LONG,3070.34,52769,3070.34,0.0
CLOSE_LONG,3081.35,52794,3070.34,11.009999999999764
OPEN_SHORT,3081.35,52794,3081.35,0.0
CLOSE_SHORT,3089.06,52804,3081.35,-7.710000000000036
OPEN_LONG,3089.06,52804,3089.06,0.0
CLOSE_LONG,3046.07,52813,3089.06,-42.98999999999978
OPEN_SHORT,3046.07,52813,3046.07,0.0
CLOSE_SHORT,3089.6,52835,3046.07,-43.529999999999745
OPEN_LONG,3089.6,52835,3089.6,0.0
CLOSE_LONG,3094.89,52836,3089.6,5.289999999999964
OPEN_SHORT,3094.89,52836,3094.89,0.0
CLOSE_SHORT,3093.4,52864,3094.89,1.4899999999997817
OPEN_LONG,3093.4,52864,3093.4,0.0
CLOSE_LONG,3096.4,52875,3093.4,3.0
OPEN_SHORT,3096.4,52875,3096.4,0.0
CLOSE_SHORT,3081.2,52882,3096.4,15.200000000000273
OPEN_LONG,3081.2,52882,3081.2,0.0
CLOSE_LONG,3083.51,52890,3081.2,2.3100000000004
OPEN_SHORT,3083.51,52890,3083.51,0.0
CLOSE_SHORT,3124.77,52910,3083.51,-41.25999999999976
OPEN_LONG,3124.77,52910,3124.77,0.0
CLOSE_LONG,3127.14,52915,3124.77,2.369999999999891
OPEN_SHORT,3127.14,52915,3127.14,0.0
CLOSE_SHORT,3126.4,52932,3127.14,0.7399999999997817
OPEN_LONG,3126.4,52932,3126.4,0.0
CLOSE_LONG,3131.86,52936,3126.4,5.460000000000036
OPEN_SHORT,3131.86,52936,3131.86,0.0
CLOSE_SHORT,3122.79,52941,3131.86,9.070000000000164
OPEN_LONG,3122.79,52941,3122.79,0.0
CLOSE_LONG,3144.8,52953,3122.79,22.01000000000022
OPEN_SHORT,3144.8,52953,3144.8,0.0
CLOSE_SHORT,3135.81,52958,3144.8,8.990000000000236
OPEN_LONG,3135.81,52958,3135.81,0.0
CLOSE_LONG,3125.53,52989,3135.81,-10.279999999999745
OPEN_SHORT,3125.53,52989,3125.53,0.0
CLOSE_SHORT,3143.17,53005,3125.53,-17.639999999999873
OPEN_LONG,3143.17,53005,3143.17,0.0
CLOSE_LONG,3154.84,53009,3143.17,11.670000000000073
OPEN_SHORT,3154.84,53009,3154.84,0.0
CLOSE_SHORT,3149.65,53014,3154.84,5.190000000000055
OPEN_LONG,3149.65,53014,3149.65,0.0
CLOSE_LONG,3162.84,53056,3149.65,13.190000000000055
OPEN_SHORT,3162.84,53056,3162.84,0.0
CLOSE_SHORT,3167.28,53066,3162.84,-4.440000000000055
OPEN_LONG,3167.28,53066,3167.28,0.0
CLOSE_LONG,3176.8,53069,3167.28,9.519999999999982
OPEN_SHORT,3176.8,53069,3176.8,0.0
CLOSE_SHORT,3168.58,53074,3176.8,8.220000000000255
OPEN_LONG,3168.58,53074,3168.58,0.0
CLOSE_LONG,3175.98,53079,3168.58,7.400000000000091
OPEN_SHORT,3175.98,53079,3175.98,0.0
CLOSE_SHORT,3168.0,53084,3175.98,7.980000000000018
OPEN_LONG,3168.0,53084,3168.0,0.0
CLOSE_LONG,3176.01,53131,3168.0,8.010000000000218
OPEN_SHORT,3176.01,53131,3176.01,0.0
CLOSE_SHORT,3183.32,53139,3176.01,-7.309999999999945
OPEN_LONG,3183.32,53139,3183.32,0.0
CLOSE_LONG,3187.81,53146,3183.32,4.489999999999782
OPEN_SHORT,3187.81,53146,3187.81,0.0
CLOSE_SHORT,3177.99,53174,3187.81,9.820000000000164
OPEN_LONG,3177.99,53174,3177.99,0.0
CLOSE_LONG,3188.18,53193,3177.99,10.190000000000055
OPEN_SHORT,3188.18,53193,3188.18,0.0
CLOSE_SHORT,3185.5,53199,3188.18,2.6799999999998363
OPEN_LONG,3185.5,53199,3185.5,0.0
CLOSE_LONG,3186.79,53243,3185.5,1.2899999999999636
OPEN_SHORT,3186.79,53243,3186.79,0.0
CLOSE_SHORT,3184.72,53248,3186.79,2.0700000000001637
OPEN_LONG,3184.72,53248,3184.72,0.0
CLOSE_LONG,3201.87,53369,3184.72,17.15000000000009
OPEN_SHORT,3201.87,53369,3201.87,0.0
CLOSE_SHORT,3196.07,53373,3201.87,5.799999999999727
OPEN_LONG,3196.07,53373,3196.07,0.0
CLOSE_LONG,3213.29,53423,3196.07,17.2199999999998
OPEN_SHORT,3213.29,53423,3213.29,0.0
CLOSE_SHORT,3208.2,53427,3213.29,5.0900000000001455
OPEN_LONG,3208.2,53427,3208.2,0.0
CLOSE_LONG,3200.4,53499,3208.2,-7.799999999999727
OPEN_SHORT,3200.4,53499,3200.4,0.0
CLOSE_SHORT,3192.48,53527,3200.4,7.920000000000073
OPEN_LONG,3192.48,53527,3192.48,0.0
CLOSE_LONG,3216.85,53558,3192.48,24.36999999999989
OPEN_SHORT,3216.85,53558,3216.85,0.0
CLOSE_SHORT,3211.2,53564,3216.85,5.650000000000091
OPEN_LONG,3211.2,53564,3211.2,0.0
CLOSE_LONG,3206.7,53576,3211.2,-4.5
OPEN_SHORT,3206.7,53576,3206.7,0.0
CLOSE_SHORT,3202.33,53581,3206.7,4.369999999999891
OPEN_LONG,3202.33,53581,3202.33,0.0
CLOSE_LONG,3114.58,53703,3202.33,-87.75
OPEN_SHORT,3114.58,53703,3114.58,0.0
CLOSE_SHORT,3109.01,53707,3114.58,5.569999999999709
OPEN_LONG,3109.01,53707,3109.01,0.0
CLOSE_LONG,3123.75,53721,3109.01,14.739999999999782
OPEN_SHORT,3123.75,53721,3123.75,0.0
CLOSE_SHORT,3123.59,53727,3123.75,0.15999999999985448
OPEN_LONG,3123.59,53727,3123.59,0.0
CLOSE_LONG,3141.83,53737,3123.59,18.23999999999978
OPEN_SHORT,3141.83,53737,3141.83,0.0
CLOSE_SHORT,3181.88,53746,3141.83,-40.05000000000018
OPEN_LONG,3181.88,53746,3181.88,0.0
CLOSE_LONG,3189.39,53751,3181.88,7.5099999999997635
OPEN_SHORT,3189.39,53751,3189.39,0.0
CLOSE_SHORT,3187.07,53757,3189.39,2.319999999999709
OPEN_LONG,3187.07,53757,3187.07,0.0
CLOSE_LONG,3158.02,53767,3187.07,-29.050000000000182
OPEN_SHORT,3158.02,53767,3158.02,0.0
CLOSE_SHORT,3150.1,53772,3158.02,7.920000000000073
OPEN_LONG,3150.1,53772,3150.1,0.0
CLOSE_LONG,3134.26,53779,3150.1,-15.83999999999969
OPEN_SHORT,3134.26,53779,3134.26,0.0
CLOSE_SHORT,3129.17,53781,3134.26,5.0900000000001455
OPEN_LONG,3129.17,53781,3129.17,0.0
CLOSE_LONG,3123.83,53787,3129.17,-5.3400000000001455
OPEN_SHORT,3123.83,53787,3123.83,0.0
CLOSE_SHORT,3128.26,53798,3123.83,-4.430000000000291
OPEN_LONG,3128.26,53798,3128.26,0.0
CLOSE_LONG,3126.24,53809,3128.26,-2.0200000000004366
OPEN_SHORT,3126.24,53809,3126.24,0.0
CLOSE_SHORT,3118.4,53817,3126.24,7.839999999999691
OPEN_LONG,3118.4,53817,3118.4,0.0
CLOSE_LONG,3122.88,53819,3118.4,4.480000000000018
OPEN_SHORT,3122.88,53819,3122.88,0.0
CLOSE_SHORT,3105.5,53826,3122.88,17.38000000000011
OPEN_LONG,3105.5,53826,3105.5,0.0
CLOSE_LONG,3079.59,53845,3105.5,-25.909999999999854
OPEN_SHORT,3079.59,53845,3079.59,0.0
CLOSE_SHORT,3071.74,53850,3079.59,7.850000000000364
OPEN_LONG,3071.74,53850,3071.74,0.0
CLOSE_LONG,3102.47,53864,3071.74,30.730000000000018
OPEN_SHORT,3102.47,53864,3102.47,0.0
CLOSE_SHORT,3099.68,53869,3102.47,2.7899999999999636
OPEN_LONG,3099.68,53869,3099.68,0.0
CLOSE_LONG,3116.52,53875,3099.68,16.840000000000146
OPEN_SHORT,3116.52,53875,3116.52,0.0
CLOSE_SHORT,3128.57,53886,3116.52,-12.050000000000182
OPEN_LONG,3128.57,53886,3128.57,0.0
CLOSE_LONG,3103.45,53920,3128.57,-25.120000000000346
OPEN_SHORT,3103.45,53920,3103.45,0.0
CLOSE_SHORT,3094.0,53924,3103.45,9.449999999999818
OPEN_LONG,3094.0,53924,3094.0,0.0
CLOSE_LONG,3068.33,53935,3094.0,-25.670000000000073
OPEN_SHORT,3068.33,53935,3068.33,0.0
CLOSE_SHORT,3054.54,53939,3068.33,13.789999999999964
OPEN_LONG,3054.54,53939,3054.54,0.0
CLOSE_LONG,3063.57,53950,3054.54,9.0300000000002
OPEN_SHORT,3063.57,53950,3063.57,0.0
CLOSE_SHORT,3055.2,53958,3063.57,8.370000000000346
OPEN_LONG,3055.2,53958,3055.2,0.0
CLOSE_LONG,3040.24,53990,3055.2,-14.960000000000036
OPEN_SHORT,3040.24,53990,3040.24,0.0
CLOSE_SHORT,3037.5,53996,3040.24,2.7399999999997817
OPEN_LONG,3037.5,53996,3037.5,0.0
CLOSE_LONG,3023.37,54040,3037.5,-14.13000000000011
OPEN_SHORT,3023.37,54040,3023.37,0.0
CLOSE_SHORT,2992.0,54044,3023.37,31.36999999999989
OPEN_LONG,2992.0,54044,2992.0,0.0
CLOSE_LONG,2986.0,54055,2992.0,-6.0
OPEN_SHORT,2986.0,54055,2986.0,0.0
CLOSE_SHORT,2977.61,54061,2986.0,8.389999999999873
OPEN_LONG,2977.61,54061,2977.61,0.0
CLOSE_LONG,2976.47,54070,2977.61,-1.1400000000003274
OPEN_SHORT,2976.47,54070,2976.47,0.0
CLOSE_SHORT,2961.01,54074,2976.47,15.459999999999582
OPEN_LONG,2961.01,54074,2961.01,0.0
CLOSE_LONG,2969.4,54078,2961.01,8.389999999999873
OPEN_SHORT,2969.4,54078,2969.4,0.0
CLOSE_SHORT,2980.74,54096,2969.4,-11.33999999999969
OPEN_LONG,2980.74,54096,2980.74,0.0
CLOSE_LONG,2994.25,54101,2980.74,13.510000000000218
OPEN_SHORT,2994.25,54101,2994.25,0.0
CLOSE_SHORT,2982.8,54106,2994.25,11.449999999999818
OPEN_LONG,2982.8,54106,2982.8,0.0
CLOSE_LONG,2982.3,54109,2982.8,-0.5
OPEN_SHORT,2982.3,54109,2982.3,0.0
CLOSE_SHORT,3009.72,54141,2982.3,-27.419999999999618
OPEN_LONG,3009.72,54141,3009.72,0.0
CLOSE_LONG,2996.71,54150,3009.72,-13.009999999999764
OPEN_SHORT,2996.71,54150,2996.71,0.0
CLOSE_SHORT,2989.19,54154,2996.71,7.519999999999982
OPEN_LONG,2989.19,54154,2989.19,0.0
CLOSE_LONG,2995.61,54159,2989.19,6.420000000000073
OPEN_SHORT,2995.61,54159,2995.61,0.0
CLOSE_SHORT,2992.19,54169,2995.61,3.4200000000000728
OPEN_LONG,2992.19,54169,2992.19,0.0
CLOSE_LONG,3000.41,54175,2992.19,8.2199999999998
OPEN_SHORT,3000.41,54175,3000.41,0.0
CLOSE_SHORT,3019.18,54232,3000.41,-18.769999999999982
OPEN_LONG,3019.18,54232,3019.18,0.0
CLOSE_LONG,3019.51,54265,3019.18,0.330000000000382
OPEN_SHORT,3019.51,54265,3019.51,0.0
CLOSE_SHORT,3024.68,54322,3019.51,-5.169999999999618
OPEN_LONG,3024.68,54322,3024.68,0.0
CLOSE_LONG,3033.46,54328,3024.68,8.7800000000002
OPEN_SHORT,3033.46,54328,3033.46,0.0
CLOSE_SHORT,3016.68,54331,3033.46,16.7800000000002
OPEN_LONG,3016.68,54331,3016.68,0.0
CLOSE_LONG,3015.47,54351,3016.68,-1.2100000000000364
OPEN_SHORT,3015.47,54351,3015.47,0.0
CLOSE_SHORT,3026.26,54359,3015.47,-10.790000000000418
OPEN_LONG,3026.26,54359,3026.26,0.0
CLOSE_LONG,3042.44,54372,3026.26,16.179999999999836
OPEN_SHORT,3042.44,54372,3042.44,0.0
CLOSE_SHORT,3032.31,54388,3042.44,10.13000000000011
OPEN_LONG,3032.31,54388,3032.31,0.0
CLOSE_LONG,3027.15,54396,3032.31,-5.1599999999998545
OPEN_SHORT,3027.15,54396,3027.15,0.0
CLOSE_SHORT,3025.52,54402,3027.15,1.6300000000001091
OPEN_LONG,3025.52,54402,3025.52,0.0
CLOSE_LONG,3015.3,54433,3025.52,-10.2199999999998
OPEN_SHORT,3015.3,54433,3015.3,0.0
CLOSE_SHORT,3005.59,54437,3015.3,9.710000000000036
OPEN_LONG,3005.59,54437,3005.59,0.0
CLOSE_LONG,3011.71,54445,3005.59,6.119999999999891
OPEN_SHORT,3011.71,54445,3011.71,0.0
CLOSE_SHORT,3026.14,54459,3011.71,-14.429999999999836
OPEN_LONG,3026.14,54459,3026.14,0.0
CLOSE_LONG,3030.72,54465,3026.14,4.579999999999927
OPEN_SHORT,3030.72,54465,3030.72,0.0
CLOSE_SHORT,3023.61,54474,3030.72,7.109999999999673
OPEN_LONG,3023.61,54474,3023.61,0.0
CLOSE_LONG,2986.76,54521,3023.61,-36.84999999999991
OPEN_SHORT,2986.76,54521,2986.76,0.0
CLOSE_SHORT,3014.91,54530,2986.76,-28.149999999999636
OPEN_LONG,3014.91,54530,3014.91,0.0
CLOSE_LONG,3020.19,54535,3014.91,5.2800000000002
OPEN_SHORT,3020.19,54535,3020.19,0.0
CLOSE_SHORT,3013.16,54548,3020.19,7.0300000000002
OPEN_LONG,3013.16,54548,3013.16,0.0
CLOSE_LONG,2983.5,54593,3013.16,-29.659999999999854
OPEN_SHORT,2983.5,54593,2983.5,0.0
CLOSE_SHORT,2967.84,54597,2983.5,15.659999999999854
OPEN_LONG,2967.84,54597,2967.84,0.0
CLOSE_LONG,2986.68,54599,2967.84,18.83999999999969
OPEN_SHORT,2986.68,54599,2986.68,0.0
CLOSE_SHORT,2986.2,54606,2986.68,0.4800000000000182
OPEN_LONG,2986.2,54606,2986.2,0.0
CLOSE_LONG,3005.03,54610,2986.2,18.830000000000382
OPEN_SHORT,3005.03,54610,3005.03,0.0
CLOSE_SHORT,3007.61,54642,3005.03,-2.5799999999999272
OPEN_LONG,3007.61,54642,3007.61,0.0
CLOSE_LONG,3017.74,54652,3007.61,10.129999999999654
OPEN_SHORT,3017.74,54652,3017.74,0.0
CLOSE_SHORT,3012.54,54656,3017.74,5.199999999999818
OPEN_LONG,3012.54,54656,3012.54,0.0
CLOSE_LONG,3009.55,54675,3012.54,-2.9899999999997817
OPEN_SHORT,3009.55,54675,3009.55,0.0
CLOSE_SHORT,3006.57,54688,3009.55,2.980000000000018
OPEN_LONG,3006.57,54688,3006.57,0.0
CLOSE_LONG,2995.4,54719,3006.57,-11.170000000000073
OPEN_SHORT,2995.4,54719,2995.4,0.0
CLOSE_SHORT,2982.57,54724,2995.4,12.829999999999927
OPEN_LONG,2982.57,54724,2982.57,0.0
CLOSE_LONG,2996.82,54732,2982.57,14.25
OPEN_SHORT,2996.82,54732,2996.82,0.0
CLOSE_SHORT,2997.15,54737,2996.82,-0.32999999999992724
OPEN_LONG,2997.15,54737,2997.15,0.0
CLOSE_LONG,3005.42,54749,2997.15,8.269999999999982
OPEN_SHORT,3005.42,54749,3005.42,0.0
CLOSE_SHORT,3005.61,54755,3005.42,-0.19000000000005457
OPEN_LONG,3005.61,54755,3005.61,0.0
CLOSE_LONG,3022.09,54760,3005.61,16.480000000000018
OPEN_SHORT,3022.09,54760,3022.09,0.0
CLOSE_SHORT,3025.18,54768,3022.09,-3.0899999999996908
OPEN_LONG,3025.18,54768,3025.18,0.0
CLOSE_LONG,3037.62,54788,3025.18,12.440000000000055
OPEN_SHORT,3037.62,54788,3037.62,0.0
CLOSE_SHORT,3034.48,54793,3037.62,3.1399999999998727
OPEN_LONG,3034.48,54793,3034.48,0.0
CLOSE_LONG,3036.49,54814,3034.48,2.0099999999997635
OPEN_SHORT,3036.49,54814,3036.49,0.0
CLOSE_SHORT,3048.98,54849,3036.49,-12.490000000000236
OPEN_LONG,3048.98,54849,3048.98,0.0
CLOSE_LONG,3053.37,54861,3048.98,4.389999999999873
OPEN_SHORT,3053.37,54861,3053.37,0.0
CLOSE_SHORT,3043.91,54865,3053.37,9.460000000000036
OPEN_LONG,3043.91,54865,3043.91,0.0
CLOSE_LONG,3045.99,54889,3043.91,2.0799999999999272
OPEN_SHORT,3045.99,54889,3045.99,0.0
CLOSE_SHORT,3056.2,54912,3045.99,-10.210000000000036
OPEN_LONG,3056.2,54912,3056.2,0.0
CLOSE_LONG,3065.69,54922,3056.2,9.490000000000236
OPEN_SHORT,3065.69,54922,3065.69,0.0
CLOSE_SHORT,3052.4,54925,3065.69,13.289999999999964
OPEN_LONG,3052.4,54925,3052.4,0.0
CLOSE_LONG,3068.58,54936,3052.4,16.179999999999836
OPEN_SHORT,3068.58,54936,3068.58,0.0
CLOSE_SHORT,3062.4,54940,3068.58,6.179999999999836
OPEN_LONG,3062.4,54940,3062.4,0.0
CLOSE_LONG,3064.82,54986,3062.4,2.4200000000000728
OPEN_SHORT,3064.82,54986,3064.82,0.0
CLOSE_SHORT,3061.23,54992,3064.82,3.5900000000001455
OPEN_LONG,3061.23,54992,3061.23,0.0
CLOSE_LONG,3066.49,55000,3061.23,5.2599999999997635
OPEN_SHORT,3066.49,55000,3066.49,0.0
CLOSE_SHORT,3065.1,55014,3066.49,1.3899999999998727
OPEN_LONG,3065.1,55014,3065.1,0.0
CLOSE_LONG,3058.29,55043,3065.1,-6.809999999999945
OPEN_SHORT,3058.29,55043,3058.29,0.0
CLOSE_SHORT,3058.14,55046,3058.29,0.15000000000009095
OPEN_LONG,3058.14,55046,3058.14,0.0
CLOSE_LONG,3041.25,55127,3058.14,-16.889999999999873
OPEN_SHORT,3041.25,55127,3041.25,0.0
CLOSE_SHORT,3040.24,55129,3041.25,1.0100000000002183
OPEN_LONG,3040.24,55129,3040.24,0.0
CLOSE_LONG,3061.49,55168,3040.24,21.25
OPEN_SHORT,3061.49,55168,3061.49,0.0
CLOSE_SHORT,3048.56,55174,3061.49,12.929999999999836
OPEN_LONG,3048.56,55174,3048.56,0.0
CLOSE_LONG,3083.29,55175,3048.56,34.73000000000002
OPEN_SHORT,3083.29,55175,3083.29,0.0
CLOSE_SHORT,3073.28,55185,3083.29,10.009999999999764
OPEN_LONG,3073.28,55185,3073.28,0.0
CLOSE_LONG,3071.68,55192,3073.28,-1.6000000000003638
OPEN_SHORT,3071.68,55192,3071.68,0.0
CLOSE_SHORT,3073.0,55193,3071.68,-1.3200000000001637
OPEN_LONG,3073.0,55193,3073.0,0.0
CLOSE_LONG,3068.56,55210,3073.0,-4.440000000000055
OPEN_SHORT,3068.56,55210,3068.56,0.0
CLOSE_SHORT,3105.9,55231,3068.56,-37.340000000000146
OPEN_LONG,3105.9,55231,3105.9,0.0
CLOSE_LONG,3117.59,55235,3105.9,11.690000000000055
OPEN_SHORT,3117.59,55235,3117.59,0.0
CLOSE_SHORT,3100.17,55237,3117.59,17.420000000000073
OPEN_LONG,3100.17,55237,3100.17,0.0
CLOSE_LONG,3113.88,55242,3100.17,13.710000000000036
OPEN_SHORT,3113.88,55242,3113.88,0.0
CLOSE_SHORT,3109.49,55249,3113.88,4.390000000000327
OPEN_LONG,3109.49,55249,3109.49,0.0
CLOSE_LONG,3116.03,55255,3109.49,6.540000000000418
OPEN_SHORT,3116.03,55255,3116.03,0.0
CLOSE_SHORT,3109.21,55260,3116.03,6.820000000000164
OPEN_LONG,3109.21,55260,3109.21,0.0
CLOSE_LONG,3118.43,55270,3109.21,9.2199999999998
OPEN_SHORT,3118.43,55270,3118.43,0.0
CLOSE_SHORT,3120.3,55277,3118.43,-1.8700000000003456
OPEN_LONG,3120.3,55277,3120.3,0.0
CLOSE_LONG,3132.93,55280,3120.3,12.629999999999654
OPEN_SHORT,3132.93,55280,3132.93,0.0
CLOSE_SHORT,3151.36,55288,3132.93,-18.43000000000029
OPEN_LONG,3151.36,55288,3151.36,0.0
CLOSE_LONG,3157.76,55289,3151.36,6.400000000000091
OPEN_SHORT,3157.76,55289,3157.76,0.0
CLOSE_SHORT,3156.74,55299,3157.76,1.0200000000004366
OPEN_LONG,3156.74,55299,3156.74,0.0
CLOSE_LONG,3157.61,55311,3156.74,0.8700000000003456
OPEN_SHORT,3157.61,55311,3157.61,0.0
CLOSE_SHORT,3147.89,55316,3157.61,9.720000000000255
OPEN_LONG,3147.89,55316,3147.89,0.0
CLOSE_LONG,3157.62,55326,3147.89,9.730000000000018
OPEN_SHORT,3157.62,55326,3157.62,0.0
CLOSE_SHORT,3150.03,55329,3157.62,7.589999999999691
OPEN_LONG,3150.03,55329,3150.03,0.0
CLOSE_LONG,3133.08,55361,3150.03,-16.950000000000273
OPEN_SHORT,3133.08,55361,3133.08,0.0
CLOSE_SHORT,3130.8,55368,3133.08,2.2799999999997453
OPEN_LONG,3130.8,55368,3130.8,0.0
CLOSE_LONG,3145.12,55386,3130.8,14.319999999999709
OPEN_SHORT,3145.12,55386,3145.12,0.0
CLOSE_SHORT,3148.2,55402,3145.12,-3.0799999999999272
OPEN_LONG,3148.2,55402,3148.2,0.0
CLOSE_LONG,3160.99,55482,3148.2,12.789999999999964
OPEN_SHORT,3160.99,55482,3160.99,0.0
CLOSE_SHORT,3149.7,55485,3160.99,11.289999999999964
OPEN_LONG,3149.7,55485,3149.7,0.0
CLOSE_LONG,3147.78,55503,3149.7,-1.919999999999618
OPEN_SHORT,3147.78,55503,3147.78,0.0
CLOSE_SHORT,3141.45,55508,3147.78,6.330000000000382
OPEN_LONG,3141.45,55508,3141.45,0.0
CLOSE_LONG,3117.11,55737,3141.45,-24.33999999999969
OPEN_SHORT,3117.11,55737,3117.11,0.0
CLOSE_SHORT,3107.3,55745,3117.11,9.809999999999945
OPEN_LONG,3107.3,55745,3107.3,0.0
CLOSE_LONG,3098.57,55823,3107.3,-8.730000000000018
OPEN_SHORT,3098.57,55823,3098.57,0.0
CLOSE_SHORT,3108.34,55829,3098.57,-9.769999999999982
OPEN_LONG,3108.34,55829,3108.34,0.0
CLOSE_LONG,3111.23,55868,3108.34,2.8899999999998727
OPEN_SHORT,3111.23,55868,3111.23,0.0
CLOSE_SHORT,3110.98,55906,3111.23,0.25
OPEN_LONG,3110.98,55906,3110.98,0.0
CLOSE_LONG,3115.35,55911,3110.98,4.369999999999891
OPEN_SHORT,3115.35,55911,3115.35,0.0
CLOSE_SHORT,3112.43,55922,3115.35,2.9200000000000728
OPEN_LONG,3112.43,55922,3112.43,0.0
CLOSE_LONG,3081.44,55966,3112.43,-30.98999999999978
OPEN_SHORT,3081.44,55966,3081.44,0.0
CLOSE_SHORT,3071.34,55971,3081.44,10.099999999999909
OPEN_LONG,3071.34,55971,3071.34,0.0
CLOSE_LONG,3001.8,56094,3071.34,-69.53999999999996
OPEN_SHORT,3001.8,56094,3001.8,0.0
CLOSE_SHORT,3033.3,56142,3001.8,-31.5
OPEN_LONG,3033.3,56142,3033.3,0.0
CLOSE_LONG,3038.71,56146,3033.3,5.4099999999998545
OPEN_SHORT,3038.71,56146,3038.71,0.0
CLOSE_SHORT,3086.26,56262,3038.71,-47.55000000000018
OPEN_LONG,3086.26,56262,3086.26,0.0
CLOSE_LONG,3062.14,56292,3086.26,-24.120000000000346
OPEN_SHORT,3062.14,56292,3062.14,0.0
CLOSE_SHORT,3058.2,56303,3062.14,3.9400000000000546
OPEN_LONG,3058.2,56303,3058.2,0.0
CLOSE_LONG,3073.21,56312,3058.2,15.010000000000218
OPEN_SHORT,3073.21,56312,3073.21,0.0
CLOSE_SHORT,3070.86,56317,3073.21,2.349999999999909
OPEN_LONG,3070.86,56317,3070.86,0.0
CLOSE_LONG,3101.03,56348,3070.86,30.170000000000073
OPEN_SHORT,3101.03,56348,3101.03,0.0
CLOSE_SHORT,3100.73,56353,3101.03,0.3000000000001819
OPEN_LONG,3100.73,56353,3100.73,0.0
CLOSE_LONG,3094.94,56410,3100.73,-5.789999999999964
OPEN_SHORT,3094.94,56410,3094.94,0.0
CLOSE_SHORT,3083.85,56456,3094.94,11.090000000000146
OPEN_LONG,3083.85,56456,3083.85,0.0
CLOSE_LONG,3101.96,56520,3083.85,18.110000000000127
OPEN_SHORT,3101.96,56520,3101.96,0.0
CLOSE_SHORT,3094.43,56525,3101.96,7.5300000000002
OPEN_LONG,3094.43,56525,3094.43,0.0
CLOSE_LONG,3060.45,56596,3094.43,-33.98000000000002
OPEN_SHORT,3060.45,56596,3060.45,0.0
CLOSE_SHORT,3047.09,56600,3060.45,13.359999999999673
OPEN_LONG,3047.09,56600,3047.09,0.0
CLOSE_LONG,3050.5,56615,3047.09,3.4099999999998545
OPEN_SHORT,3050.5,56615,3050.5,0.0
CLOSE_SHORT,3039.23,56620,3050.5,11.269999999999982
OPEN_LONG,3039.23,56620,3039.23,0.0
CLOSE_LONG,3061.8,56627,3039.23,22.570000000000164
OPEN_SHORT,3061.8,56627,3061.8,0.0
CLOSE_SHORT,3059.41,56631,3061.8,2.3900000000003274
OPEN_LONG,3059.41,56631,3059.41,0.0
CLOSE_LONG,3072.81,56642,3059.41,13.400000000000091
OPEN_SHORT,3072.81,56642,3072.81,0.0
CLOSE_SHORT,3088.35,56655,3072.81,-15.539999999999964
OPEN_LONG,3088.35,56655,3088.35,0.0
CLOSE_LONG,2981.11,56703,3088.35,-107.23999999999978
OPEN_SHORT,2981.11,56703,2981.11,0.0
CLOSE_SHORT,2968.02,56707,2981.11,13.090000000000146
OPEN_LONG,2968.02,56707,2968.02,0.0
CLOSE_LONG,2978.29,56716,2968.02,10.269999999999982
OPEN_SHORT,2978.29,56716,2978.29,0.0
CLOSE_SHORT,2968.59,56718,2978.29,9.699999999999818
OPEN_LONG,2968.59,56718,2968.59,0.0
CLOSE_LONG,2959.87,56743,2968.59,-8.720000000000255
OPEN_SHORT,2959.87,56743,2959.87,0.0
CLOSE_SHORT,2954.0,56748,2959.87,5.869999999999891
OPEN_LONG,2954.0,56748,2954.0,0.0
CLOSE_LONG,2954.62,56762,2954.0,0.6199999999998909
OPEN_SHORT,2954.62,56762,2954.62,0.0
CLOSE_SHORT,2942.64,56764,2954.62,11.980000000000018
OPEN_LONG,2942.64,56764,2942.64,0.0
CLOSE_LONG,2924.4,56786,2942.64,-18.23999999999978
OPEN_SHORT,2924.4,56786,2924.4,0.0
CLOSE_SHORT,2914.58,56795,2924.4,9.820000000000164
OPEN_LONG,2914.58,56795,2914.58,0.0
CLOSE_LONG,2917.91,56803,2914.58,3.3299999999999272
OPEN_SHORT,2917.91,56803,2917.91,0.0
CLOSE_SHORT,2916.55,56809,2917.91,1.3599999999996726
OPEN_LONG,2916.55,56809,2916.55,0.0
CLOSE_LONG,2916.69,56812,2916.55,0.13999999999987267
OPEN_SHORT,2916.69,56812,2916.69,0.0
CLOSE_SHORT,2914.15,56819,2916.69,2.5399999999999636
OPEN_LONG,2914.15,56819,2914.15,0.0
CLOSE_LONG,2921.56,56821,2914.15,7.4099999999998545
OPEN_SHORT,2921.56,56821,2921.56,0.0
CLOSE_SHORT,2910.57,56826,2921.56,10.989999999999782
OPEN_LONG,2910.57,56826,2910.57,0.0
CLOSE_LONG,2912.5,56832,2910.57,1.9299999999998363
OPEN_SHORT,2912.5,56832,2912.5,0.0
CLOSE_SHORT,2905.06,56838,2912.5,7.440000000000055
OPEN_LONG,2905.06,56838,2905.06,0.0
CLOSE_LONG,2887.81,56854,2905.06,-17.25
OPEN_SHORT,2887.81,56854,2887.81,0.0
CLOSE_SHORT,2888.2,56861,2887.81,-0.38999999999987267
OPEN_LONG,2888.2,56861,2888.2,0.0
CLOSE_LONG,2887.75,56871,2888.2,-0.4499999999998181
OPEN_SHORT,2887.75,56871,2887.75,0.0
CLOSE_SHORT,2885.0,56895,2887.75,2.75
OPEN_LONG,2885.0,56895,2885.0,0.0
CLOSE_LONG,2888.71,56900,2885.0,3.7100000000000364
OPEN_SHORT,2888.71,56900,2888.71,0.0
CLOSE_SHORT,2874.5,56905,2888.71,14.210000000000036
OPEN_LONG,2874.5,56905,2874.5,0.0
CLOSE_LONG,2878.37,56910,2874.5,3.869999999999891
OPEN_SHORT,2878.37,56910,2878.37,0.0
CLOSE_SHORT,2877.21,56940,2878.37,1.1599999999998545
OPEN_LONG,2877.21,56940,2877.21,0.0
CLOSE_LONG,2881.92,56953,2877.21,4.710000000000036
OPEN_SHORT,2881.92,56953,2881.92,0.0
CLOSE_SHORT,2911.15,56983,2881.92,-29.230000000000018
OPEN_LONG,2911.15,56983,2911.15,0.0
CLOSE_LONG,2913.84,56988,2911.15,2.6900000000000546
OPEN_SHORT,2913.84,56988,2913.84,0.0
CLOSE_SHORT,2945.46,57012,2913.84,-31.61999999999989
OPEN_LONG,2945.46,57012,2945.46,0.0
CLOSE_LONG,2958.31,57018,2945.46,12.849999999999909
OPEN_SHORT,2958.31,57018,2958.31,0.0
CLOSE_SHORT,2972.94,57029,2958.31,-14.63000000000011
OPEN_LONG,2972.94,57029,2972.94,0.0
CLOSE_LONG,2989.91,57034,2972.94,16.9699999999998
OPEN_SHORT,2989.91,57034,2989.91,0.0
CLOSE_SHORT,2981.95,57044,2989.91,7.960000000000036
OPEN_LONG,2981.95,57044,2981.95,0.0
CLOSE_LONG,2991.15,57046,2981.95,9.200000000000273
OPEN_SHORT,2991.15,57046,2991.15,0.0
CLOSE_SHORT,2983.45,57062,2991.15,7.700000000000273
OPEN_LONG,2983.45,57062,2983.45,0.0
CLOSE_LONG,2981.7,57070,2983.45,-1.75
OPEN_SHORT,2981.7,57070,2981.7,0.0
CLOSE_SHORT,2968.48,57075,2981.7,13.2199999999998
OPEN_LONG,2968.48,57075,2968.48,0.0
CLOSE_LONG,2969.81,57088,2968.48,1.3299999999999272
OPEN_SHORT,2969.81,57088,2969.81,0.0
CLOSE_SHORT,2972.78,57097,2969.81,-2.9700000000002547
OPEN_LONG,2972.78,57097,2972.78,0.0
CLOSE_LONG,2980.63,57105,2972.78,7.849999999999909
OPEN_SHORT,2980.63,57105,2980.63,0.0
CLOSE_SHORT,3013.27,57149,2980.63,-32.63999999999987
OPEN_LONG,3013.27,57149,3013.27,0.0
CLOSE_LONG,3016.84,57156,3013.27,3.5700000000001637
OPEN_SHORT,3016.84,57156,3016.84,0.0
CLOSE_SHORT,3011.09,57164,3016.84,5.75
OPEN_LONG,3011.09,57164,3011.09,0.0
CLOSE_LONG,3023.61,57176,3011.09,12.519999999999982
OPEN_SHORT,3023.61,57176,3023.61,0.0
CLOSE_SHORT,3015.78,57182,3023.61,7.829999999999927
OPEN_LONG,3015.78,57182,3015.78,0.0
CLOSE_LONG,3014.44,57195,3015.78,-1.3400000000001455
OPEN_SHORT,3014.44,57195,3014.44,0.0
CLOSE_SHORT,3035.72,57221,3014.44,-21.279999999999745
OPEN_LONG,3035.72,57221,3035.72,0.0
CLOSE_LONG,3041.8,57226,3035.72,6.080000000000382
OPEN_SHORT,3041.8,57226,3041.8,0.0
CLOSE_SHORT,3029.33,57231,3041.8,12.470000000000255
OPEN_LONG,3029.33,57231,3029.33,0.0
CLOSE_LONG,3029.62,57246,3029.33,0.2899999999999636
OPEN_SHORT,3029.62,57246,3029.62,0.0
CLOSE_SHORT,3034.38,57257,3029.62,-4.760000000000218
OPEN_LONG,3034.38,57257,3034.38,0.0
CLOSE_LONG,3035.81,57273,3034.38,1.4299999999998363
OPEN_SHORT,3035.81,57273,3035.81,0.0
CLOSE_SHORT,3040.0,57309,3035.81,-4.190000000000055
OPEN_LONG,3040.0,57309,3040.0,0.0
CLOSE_LONG,3043.21,57351,3040.0,3.2100000000000364
OPEN_SHORT,3043.21,57351,3043.21,0.0
CLOSE_SHORT,3040.41,57371,3043.21,2.800000000000182
OPEN_LONG,3040.41,57371,3040.41,0.0
CLOSE_LONG,3046.42,57376,3040.41,6.010000000000218
OPEN_SHORT,3046.42,57376,3046.42,0.0
CLOSE_SHORT,3045.2,57387,3046.42,1.2200000000002547
OPEN_LONG,3045.2,57387,3045.2,0.0
CLOSE_LONG,3049.89,57395,3045.2,4.690000000000055
OPEN_SHORT,3049.89,57395,3049.89,0.0
CLOSE_SHORT,3041.45,57399,3049.89,8.440000000000055
OPEN_LONG,3041.45,57399,3041.45,0.0
CLOSE_LONG,3053.68,57480,3041.45,12.230000000000018
OPEN_SHORT,3053.68,57480,3053.68,0.0
CLOSE_SHORT,3050.64,57484,3053.68,3.0399999999999636
OPEN_LONG,3050.64,57484,3050.64,0.0
CLOSE_LONG,3061.01,57488,3050.64,10.370000000000346
OPEN_SHORT,3061.01,57488,3061.01,0.0
CLOSE_SHORT,3050.73,57491,3061.01,10.2800000000002
OPEN_LONG,3050.73,57491,3050.73,0.0
CLOSE_LONG,3036.8,57681,3050.73,-13.929999999999836
OPEN_SHORT,3036.8,57681,3036.8,0.0
CLOSE_SHORT,3031.68,57685,3036.8,5.120000000000346
OPEN_LONG,3031.68,57685,3031.68,0.0
CLOSE_LONG,3017.1,57808,3031.68,-14.579999999999927
OPEN_SHORT,3017.1,57808,3017.1,0.0
CLOSE_SHORT,3013.19,57814,3017.1,3.9099999999998545
OPEN_LONG,3013.19,57814,3013.19,0.0
CLOSE_LONG,3015.66,57861,3013.19,2.4699999999998
OPEN_SHORT,3015.66,57861,3015.66,0.0
CLOSE_SHORT,3008.18,57866,3015.66,7.480000000000018
OPEN_LONG,3008.18,57866,3008.18,0.0
CLOSE_LONG,3005.66,57873,3008.18,-2.519999999999982
OPEN_SHORT,3005.66,57873,3005.66,0.0
CLOSE_SHORT,3011.31,57915,3005.66,-5.650000000000091
OPEN_LONG,3011.31,57915,3011.31,0.0
CLOSE_LONG,3019.13,57919,3011.31,7.820000000000164
OPEN_SHORT,3019.13,57919,3019.13,0.0
CLOSE_SHORT,3019.19,57942,3019.13,-0.05999999999994543
OPEN_LONG,3019.19,57942,3019.19,0.0
CLOSE_LONG,3022.13,57948,3019.19,2.9400000000000546
OPEN_SHORT,3022.13,57948,3022.13,0.0
CLOSE_SHORT,3022.58,57980,3022.13,-0.4499999999998181
OPEN_LONG,3022.58,57980,3022.58,0.0
CLOSE_LONG,3022.0,57990,3022.58,-0.5799999999999272
OPEN_SHORT,3022.0,57990,3022.0,0.0
CLOSE_SHORT,3011.19,57996,3022.0,10.809999999999945
OPEN_LONG,3011.19,57996,3011.19,0.0
CLOSE_LONG,3016.16,58011,3011.19,4.9699999999998
OPEN_SHORT,3016.16,58011,3016.16,0.0
CLOSE_SHORT,3010.0,58016,3016.16,6.1599999999998545
OPEN_LONG,3010.0,58016,3010.0,0.0
CLOSE_LONG,3005.45,58039,3010.0,-4.550000000000182
OPEN_SHORT,3005.45,58039,3005.45,0.0
CLOSE_SHORT,3001.3,58044,3005.45,4.149999999999636
OPEN_LONG,3001.3,58044,3001.3,0.0
CLOSE_LONG,3012.63,58047,3001.3,11.329999999999927
OPEN_SHORT,3012.63,58047,3012.63,0.0
CLOSE_SHORT,3009.29,58053,3012.63,3.3400000000001455
OPEN_LONG,3009.29,58053,3009.29,0.0
CLOSE_LONG,2993.4,58067,3009.29,-15.889999999999873
OPEN_SHORT,2993.4,58067,2993.4,0.0
CLOSE_SHORT,2987.8,58070,2993.4,5.599999999999909
OPEN_LONG,2987.8,58070,2987.8,0.0
CLOSE_LONG,3000.8,58075,2987.8,13.0
OPEN_SHORT,3000.8,58075,3000.8,0.0
CLOSE_SHORT,2999.15,58080,3000.8,1.650000000000091
OPEN_LONG,2999.15,58080,2999.15,0.0
CLOSE_LONG,2990.67,58104,2999.15,-8.480000000000018
OPEN_SHORT,2990.67,58104,2990.67,0.0
CLOSE_SHORT,2987.38,58109,2990.67,3.2899999999999636
OPEN_LONG,2987.38,58109,2987.38,0.0
CLOSE_LONG,2989.7,58119,2987.38,2.319999999999709
OPEN_SHORT,2989.7,58119,2989.7,0.0
CLOSE_SHORT,2981.18,58123,2989.7,8.519999999999982
OPEN_LONG,2981.18,58123,2981.18,0.0
CLOSE_LONG,2984.76,58126,2981.18,3.580000000000382
OPEN_SHORT,2984.76,58126,2984.76,0.0
CLOSE_SHORT,2975.7,58129,2984.76,9.0600000000004
OPEN_LONG,2975.7,58129,2975.7,0.0
CLOSE_LONG,2972.2,58136,2975.7,-3.5
OPEN_SHORT,2972.2,58136,2972.2,0.0
CLOSE_SHORT,2953.78,58140,2972.2,18.419999999999618
OPEN_LONG,2953.78,58140,2953.78,0.0
CLOSE_LONG,2910.36,58167,2953.78,-43.42000000000007
OPEN_SHORT,2910.36,58167,2910.36,0.0
CLOSE_SHORT,2889.08,58169,2910.36,21.2800000000002
OPEN_LONG,2889.08,58169,2889.08,0.0
CLOSE_LONG,2872.91,58191,2889.08,-16.170000000000073
OPEN_SHORT,2872.91,58191,2872.91,0.0
CLOSE_SHORT,2862.2,58192,2872.91,10.710000000000036
OPEN_LONG,2862.2,58192,2862.2,0.0
CLOSE_LONG,2861.4,58199,2862.2,-0.7999999999997272
OPEN_SHORT,2861.4,58199,2861.4,0.0
CLOSE_SHORT,2844.38,58202,2861.4,17.019999999999982
OPEN_LONG,2844.38,58202,2844.38,0.0
CLOSE_LONG,2829.89,58221,2844.38,-14.490000000000236
OPEN_SHORT,2829.89,58221,2829.89,0.0
CLOSE_SHORT,2814.87,58225,2829.89,15.019999999999982
OPEN_LONG,2814.87,58225,2814.87,0.0
CLOSE_LONG,2832.8,58230,2814.87,17.93000000000029
OPEN_SHORT,2832.8,58230,2832.8,0.0
CLOSE_SHORT,2816.25,58231,2832.8,16.550000000000182
OPEN_LONG,2816.25,58231,2816.25,0.0
CLOSE_LONG,2826.75,58236,2816.25,10.5
OPEN_SHORT,2826.75,58236,2826.75,0.0
CLOSE_SHORT,2821.84,58242,2826.75,4.9099999999998545
OPEN_LONG,2821.84,58242,2821.84,0.0
CLOSE_LONG,2829.08,58252,2821.84,7.239999999999782
OPEN_SHORT,2829.08,58252,2829.08,0.0
CLOSE_SHORT,2818.47,58260,2829.08,10.610000000000127
OPEN_LONG,2818.47,58260,2818.47,0.0
CLOSE_LONG,2827.79,58265,2818.47,9.320000000000164
OPEN_SHORT,2827.79,58265,2827.79,0.0
CLOSE_SHORT,2837.51,58278,2827.79,-9.720000000000255
OPEN_LONG,2837.51,58278,2837.51,0.0
CLOSE_LONG,2827.39,58294,2837.51,-10.120000000000346
OPEN_SHORT,2827.39,58294,2827.39,0.0
CLOSE_SHORT,2809.35,58311,2827.39,18.039999999999964
OPEN_LONG,2809.35,58311,2809.35,0.0
CLOSE_LONG,2811.38,58316,2809.35,2.0300000000002
OPEN_SHORT,2811.38,58316,2811.38,0.0
CLOSE_SHORT,2790.47,58322,2811.38,20.91000000000031
OPEN_LONG,2790.47,58322,2790.47,0.0
CLOSE_LONG,2803.65,58327,2790.47,13.180000000000291
OPEN_SHORT,2803.65,58327,2803.65,0.0
CLOSE_SHORT,2821.07,58358,2803.65,-17.420000000000073
OPEN_LONG,2821.07,58358,2821.07,0.0
CLOSE_LONG,2827.86,58363,2821.07,6.789999999999964
OPEN_SHORT,2827.86,58363,2827.86,0.0
CLOSE_SHORT,2840.26,58381,2827.86,-12.400000000000091
OPEN_LONG,2840.26,58381,2840.26,0.0
CLOSE_LONG,2830.81,58398,2840.26,-9.450000000000273
OPEN_SHORT,2830.81,58398,2830.81,0.0
CLOSE_SHORT,2835.5,58406,2830.81,-4.690000000000055
OPEN_LONG,2835.5,58406,2835.5,0.0
CLOSE_LONG,2850.25,58409,2835.5,14.75
OPEN_SHORT,2850.25,58409,2850.25,0.0
CLOSE_SHORT,2838.22,58414,2850.25,12.0300000000002
OPEN_LONG,2838.22,58414,2838.22,0.0
CLOSE_LONG,2838.15,58427,2838.22,-0.06999999999970896
OPEN_SHORT,2838.15,58427,2838.15,0.0
CLOSE_SHORT,2866.16,58467,2838.15,-28.009999999999764
OPEN_LONG,2866.16,58467,2866.16,0.0
CLOSE_LONG,2875.31,58472,2866.16,9.150000000000091
OPEN_SHORT,2875.31,58472,2875.31,0.0
CLOSE_SHORT,2887.66,58492,2875.31,-12.349999999999909
OPEN_LONG,2887.66,58492,2887.66,0.0
CLOSE_LONG,2885.37,58502,2887.66,-2.2899999999999636
OPEN_SHORT,2885.37,58502,2885.37,0.0
CLOSE_SHORT,2890.32,58534,2885.37,-4.950000000000273
OPEN_LONG,2890.32,58534,2890.32,0.0
CLOSE_LONG,2889.54,58543,2890.32,-0.7800000000002001
OPEN_SHORT,2889.54,58543,2889.54,0.0
CLOSE_SHORT,2884.28,58551,2889.54,5.2599999999997635
OPEN_LONG,2884.28,58551,2884.28,0.0
CLOSE_LONG,2871.05,58576,2884.28,-13.230000000000018
OPEN_SHORT,2871.05,58576,2871.05,0.0
CLOSE_SHORT,2862.52,58578,2871.05,8.5300000000002
OPEN_LONG,2862.52,58578,2862.52,0.0
CLOSE_LONG,2867.59,58585,2862.52,5.070000000000164
OPEN_SHORT,2867.59,58585,2867.59,0.0
CLOSE_SHORT,2863.68,58589,2867.59,3.9100000000003092
OPEN_LONG,2863.68,58589,2863.68,0.0
CLOSE_LONG,2859.94,58657,2863.68,-3.7399999999997817
OPEN_SHORT,2859.94,58657,2859.94,0.0
CLOSE_SHORT,2861.46,58663,2859.94,-1.5199999999999818
OPEN_LONG,2861.46,58663,2861.46,0.0
CLOSE_LONG,2867.7,58687,2861.46,6.239999999999782
OPEN_SHORT,2867.7,58687,2867.7,0.0
CLOSE_SHORT,2854.57,58699,2867.7,13.129999999999654
OPEN_LONG,2854.57,58699,2854.57,0.0
CLOSE_LONG,2866.77,58702,2854.57,12.199999999999818
OPEN_SHORT,2866.77,58702,2866.77,0.0
CLOSE_SHORT,2874.89,58711,2866.77,-8.11999999999989
OPEN_LONG,2874.89,58711,2874.89,0.0
CLOSE_LONG,2868.52,58720,2874.89,-6.369999999999891
OPEN_SHORT,2868.52,58720,2868.52,0.0
CLOSE_SHORT,2858.22,58733,2868.52,10.300000000000182
OPEN_LONG,2858.22,58733,2858.22,0.0
CLOSE_LONG,2861.65,58738,2858.22,3.430000000000291
OPEN_SHORT,2861.65,58738,2861.65,0.0
CLOSE_SHORT,2854.33,58742,2861.65,7.320000000000164
OPEN_LONG,2854.33,58742,2854.33,0.0
CLOSE_LONG,2849.7,58761,2854.33,-4.630000000000109
OPEN_SHORT,2849.7,58761,2849.7,0.0
CLOSE_SHORT,2841.29,58766,2849.7,8.409999999999854
OPEN_LONG,2841.29,58766,2841.29,0.0
CLOSE_LONG,2826.6,58789,2841.29,-14.690000000000055
OPEN_SHORT,2826.6,58789,2826.6,0.0
CLOSE_SHORT,2818.77,58791,2826.6,7.829999999999927
OPEN_LONG,2818.77,58791,2818.77,0.0
CLOSE_LONG,2798.03,58804,2818.77,-20.73999999999978
OPEN_SHORT,2798.03,58804,2798.03,0.0
CLOSE_SHORT,2813.7,58811,2798.03,-15.669999999999618
OPEN_LONG,2813.7,58811,2813.7,0.0
CLOSE_LONG,2809.66,58830,2813.7,-4.039999999999964
OPEN_SHORT,2809.66,58830,2809.66,0.0
CLOSE_SHORT,2802.82,58833,2809.66,6.839999999999691
OPEN_LONG,2802.82,58833,2802.82,0.0
CLOSE_LONG,2820.01,58840,2802.82,17.190000000000055
OPEN_SHORT,2820.01,58840,2820.01,0.0
CLOSE_SHORT,2819.04,58845,2820.01,0.9700000000002547
OPEN_LONG,2819.04,58845,2819.04,0.0
CLOSE_LONG,2808.2,58873,2819.04,-10.840000000000146
OPEN_SHORT,2808.2,58873,2808.2,0.0
CLOSE_SHORT,2799.8,58878,2808.2,8.399999999999636
OPEN_LONG,2799.8,58878,2799.8,0.0
CLOSE_LONG,2808.61,58886,2799.8,8.809999999999945
OPEN_SHORT,2808.61,58886,2808.61,0.0
CLOSE_SHORT,2799.34,58891,2808.61,9.269999999999982
OPEN_LONG,2799.34,58891,2799.34,0.0
CLOSE_LONG,2794.2,58902,2799.34,-5.140000000000327
OPEN_SHORT,2794.2,58902,2794.2,0.0
CLOSE_SHORT,2803.47,58910,2794.2,-9.269999999999982
OPEN_LONG,2803.47,58910,2803.47,0.0
CLOSE_LONG,2806.3,58912,2803.47,2.830000000000382
OPEN_SHORT,2806.3,58912,2806.3,0.0
CLOSE_SHORT,2819.05,58955,2806.3,-12.75
OPEN_LONG,2819.05,58955,2819.05,0.0
CLOSE_LONG,2805.9,58992,2819.05,-13.150000000000091
OPEN_SHORT,2805.9,58992,2805.9,0.0
CLOSE_SHORT,2795.6,59000,2805.9,10.300000000000182
OPEN_LONG,2795.6,59000,2795.6,0.0
CLOSE_LONG,2795.4,59015,2795.6,-0.1999999999998181
OPEN_SHORT,2795.4,59015,2795.4,0.0
CLOSE_SHORT,2784.07,59018,2795.4,11.329999999999927
OPEN_LONG,2784.07,59018,2784.07,0.0
CLOSE_LONG,2796.79,59023,2784.07,12.7199999999998
OPEN_SHORT,2796.79,59023,2796.79,0.0
CLOSE_SHORT,2791.75,59033,2796.79,5.039999999999964
OPEN_LONG,2791.75,59033,2791.75,0.0
CLOSE_LONG,2713.83,59078,2791.75,-77.92000000000007
OPEN_SHORT,2713.83,59078,2713.83,0.0
CLOSE_SHORT,2726.11,59085,2713.83,-12.2800000000002
OPEN_LONG,2726.11,59085,2726.11,0.0
CLOSE_LONG,2724.68,59105,2726.11,-1.430000000000291
OPEN_SHORT,2724.68,59105,2724.68,0.0
CLOSE_SHORT,2744.8,59120,2724.68,-20.120000000000346
OPEN_LONG,2744.8,59120,2744.8,0.0
CLOSE_LONG,2751.63,59123,2744.8,6.829999999999927
OPEN_SHORT,2751.63,59123,2751.63,0.0
CLOSE_SHORT,2737.2,59128,2751.63,14.430000000000291
OPEN_LONG,2737.2,59128,2737.2,0.0
CLOSE_LONG,2744.85,59131,2737.2,7.650000000000091
OPEN_SHORT,2744.85,59131,2744.85,0.0
CLOSE_SHORT,2729.91,59135,2744.85,14.940000000000055
OPEN_LONG,2729.91,59135,2729.91,0.0
CLOSE_LONG,2737.03,59147,2729.91,7.120000000000346
OPEN_SHORT,2737.03,59147,2737.03,0.0
CLOSE_SHORT,2735.94,59166,2737.03,1.0900000000001455
OPEN_LONG,2735.94,59166,2735.94,0.0
CLOSE_LONG,2701.97,59196,2735.94,-33.970000000000255
OPEN_SHORT,2701.97,59196,2701.97,0.0
CLOSE_SHORT,2687.46,59198,2701.97,14.509999999999764
OPEN_LONG,2687.46,59198,2687.46,0.0
CLOSE_LONG,2688.6,59203,2687.46,1.1399999999998727
OPEN_SHORT,2688.6,59203,2688.6,0.0
CLOSE_SHORT,2680.01,59211,2688.6,8.58999999999969
OPEN_LONG,2680.01,59211,2680.01,0.0
CLOSE_LONG,2688.84,59215,2680.01,8.829999999999927
OPEN_SHORT,2688.84,59215,2688.84,0.0
CLOSE_SHORT,2679.8,59220,2688.84,9.039999999999964
OPEN_LONG,2679.8,59220,2679.8,0.0
CLOSE_LONG,2683.25,59225,2679.8,3.449999999999818
OPEN_SHORT,2683.25,59225,2683.25,0.0
CLOSE_SHORT,2686.0,59234,2683.25,-2.75
OPEN_LONG,2686.0,59234,2686.0,0.0
CLOSE_LONG,2702.73,59252,2686.0,16.730000000000018
OPEN_SHORT,2702.73,59252,2702.73,0.0
CLOSE_SHORT,2707.38,59262,2702.73,-4.650000000000091
OPEN_LONG,2707.38,59262,2707.38,0.0
CLOSE_LONG,2706.23,59280,2707.38,-1.150000000000091
OPEN_SHORT,2706.23,59280,2706.23,0.0
CLOSE_SHORT,2702.86,59285,2706.23,3.369999999999891
OPEN_LONG,2702.86,59285,2702.86,0.0
CLOSE_LONG,2710.85,59286,2702.86,7.989999999999782
OPEN_SHORT,2710.85,59286,2710.85,0.0
CLOSE_SHORT,2709.63,59298,2710.85,1.2199999999998
OPEN_LONG,2709.63,59298,2709.63,0.0
CLOSE_LONG,2713.45,59303,2709.63,3.819999999999709
OPEN_SHORT,2713.45,59303,2713.45,0.0
CLOSE_SHORT,2700.32,59316,2713.45,13.129999999999654
OPEN_LONG,2700.32,59316,2700.32,0.0
CLOSE_LONG,2680.45,59335,2700.32,-19.870000000000346
OPEN_SHORT,2680.45,59335,2680.45,0.0
CLOSE_SHORT,2671.09,59349,2680.45,9.359999999999673
OPEN_LONG,2671.09,59349,2671.09,0.0
CLOSE_LONG,2676.43,59354,2671.09,5.339999999999691
OPEN_SHORT,2676.43,59354,2676.43,0.0
CLOSE_SHORT,2661.59,59357,2676.43,14.83999999999969
OPEN_LONG,2661.59,59357,2661.59,0.0
CLOSE_LONG,2657.2,59369,2661.59,-4.390000000000327
OPEN_SHORT,2657.2,59369,2657.2,0.0
CLOSE_SHORT,2725.73,59394,2657.2,-68.5300000000002
OPEN_LONG,2725.73,59394,2725.73,0.0
CLOSE_LONG,2734.11,59407,2725.73,8.38000000000011
OPEN_SHORT,2734.11,59407,2734.11,0.0
CLOSE_SHORT,2738.07,59413,2734.11,-3.9600000000000364
OPEN_LONG,2738.07,59413,2738.07,0.0
CLOSE_LONG,2740.12,59414,2738.07,2.049999999999727
OPEN_SHORT,2740.12,59414,2740.12,0.0
CLOSE_SHORT,2740.47,59421,2740.12,-0.34999999999990905
OPEN_LONG,2740.47,59421,2740.47,0.0
CLOSE_LONG,2747.89,59435,2740.47,7.420000000000073
OPEN_SHORT,2747.89,59435,2747.89,0.0
CLOSE_SHORT,2751.29,59454,2747.89,-3.400000000000091
OPEN_LONG,2751.29,59454,2751.29,0.0
CLOSE_LONG,2742.96,59467,2751.29,-8.329999999999927
OPEN_SHORT,2742.96,59467,2742.96,0.0
CLOSE_SHORT,2731.15,59472,2742.96,11.809999999999945
OPEN_LONG,2731.15,59472,2731.15,0.0
CLOSE_LONG,2726.6,59479,2731.15,-4.550000000000182
OPEN_SHORT,2726.6,59479,2726.6,0.0
CLOSE_SHORT,2755.8,59498,2726.6,-29.200000000000273
OPEN_LONG,2755.8,59498,2755.8,0.0
CLOSE_LONG,2762.87,59510,2755.8,7.069999999999709
OPEN_SHORT,2762.87,59510,2762.87,0.0
CLOSE_SHORT,2769.13,59518,2762.87,-6.260000000000218
OPEN_LONG,2769.13,59518,2769.13,0.0
CLOSE_LONG,2750.55,59544,2769.13,-18.579999999999927
OPEN_SHORT,2750.55,59544,2750.55,0.0
CLOSE_SHORT,2731.62,59546,2750.55,18.93000000000029
OPEN_LONG,2731.62,59546,2731.62,0.0
CLOSE_LONG,2711.1,59563,2731.62,-20.519999999999982
OPEN_SHORT,2711.1,59563,2711.1,0.0
CLOSE_SHORT,2713.4,59569,2711.1,-2.300000000000182
OPEN_LONG,2713.4,59569,2713.4,0.0
CLOSE_LONG,2704.37,59577,2713.4,-9.0300000000002
OPEN_SHORT,2704.37,59577,2704.37,0.0
CLOSE_SHORT,2702.9,59579,2704.37,1.4699999999998
OPEN_LONG,2702.9,59579,2702.9,0.0
CLOSE_LONG,2700.3,59588,2702.9,-2.599999999999909
OPEN_SHORT,2700.3,59588,2700.3,0.0
CLOSE_SHORT,2691.81,59591,2700.3,8.490000000000236
OPEN_LONG,2691.81,59591,2691.81,0.0
CLOSE_LONG,2706.48,59600,2691.81,14.670000000000073
OPEN_SHORT,2706.48,59600,2706.48,0.0
CLOSE_SHORT,2704.59,59605,2706.48,1.8899999999998727
OPEN_LONG,2704.59,59605,2704.59,0.0
CLOSE_LONG,2714.33,59607,2704.59,9.739999999999782
OPEN_SHORT,2714.33,59607,2714.33,0.0
CLOSE_SHORT,2708.94,59611,2714.33,5.389999999999873
OPEN_LONG,2708.94,59611,2708.94,0.0
CLOSE_LONG,2730.65,59616,2708.94,21.710000000000036
OPEN_SHORT,2730.65,59616,2730.65,0.0
CLOSE_SHORT,2721.4,59621,2730.65,9.25
OPEN_LONG,2721.4,59621,2721.4,0.0
CLOSE_LONG,2726.9,59628,2721.4,5.5
OPEN_SHORT,2726.9,59628,2726.9,0.0
CLOSE_SHORT,2781.8,59651,2726.9,-54.90000000000009
OPEN_LONG,2781.8,59651,2781.8,0.0
CLOSE_LONG,2787.8,59656,2781.8,6.0
OPEN_SHORT,2787.8,59656,2787.8,0.0
CLOSE_SHORT,2792.71,59676,2787.8,-4.9099999999998545
OPEN_LONG,2792.71,59676,2792.71,0.0
CLOSE_LONG,2793.45,59682,2792.71,0.7399999999997817
OPEN_SHORT,2793.45,59682,2793.45,0.0
CLOSE_SHORT,2789.48,59691,2793.45,3.9699999999998
OPEN_LONG,2789.48,59691,2789.48,0.0
CLOSE_LONG,2727.77,59721,2789.48,-61.710000000000036
OPEN_SHORT,2727.77,59721,2727.77,0.0
CLOSE_SHORT,2766.41,59741,2727.77,-38.63999999999987
OPEN_LONG,2766.41,59741,2766.41,0.0
CLOSE_LONG,2785.44,59747,2766.41,19.0300000000002
OPEN_SHORT,2785.44,59747,2785.44,0.0
CLOSE_SHORT,2780.43,59755,2785.44,5.010000000000218
OPEN_LONG,2780.43,59755,2780.43,0.0
CLOSE_LONG,2745.48,59831,2780.43,-34.94999999999982
OPEN_SHORT,2745.48,59831,2745.48,0.0
CLOSE_SHORT,2732.08,59836,2745.48,13.400000000000091
OPEN_LONG,2732.08,59836,2732.08,0.0
CLOSE_LONG,2720.76,59854,2732.08,-11.319999999999709
OPEN_SHORT,2720.76,59854,2720.76,0.0
CLOSE_SHORT,2740.94,59869,2720.76,-20.179999999999836
OPEN_LONG,2740.94,59869,2740.94,0.0
CLOSE_LONG,2755.51,59899,2740.94,14.570000000000164
OPEN_SHORT,2755.51,59899,2755.51,0.0
CLOSE_SHORT,2761.65,59909,2755.51,-6.139999999999873
OPEN_LONG,2761.65,59909,2761.65,0.0
CLOSE_LONG,2769.9,59918,2761.65,8.25
OPEN_SHORT,2769.9,59918,2769.9,0.0
CLOSE_SHORT,2765.5,59925,2769.9,4.400000000000091
OPEN_LONG,2765.5,59925,2765.5,0.0
CLOSE_LONG,2773.2,59930,2765.5,7.699999999999818
OPEN_SHORT,2773.2,59930,2773.2,0.0
CLOSE_SHORT,2765.0,59935,2773.2,8.199999999999818
OPEN_LONG,2765.0,59935,2765.0,0.0
CLOSE_LONG,2771.08,59941,2765.0,6.079999999999927
OPEN_SHORT,2771.08,59941,2771.08,0.0
CLOSE_SHORT,2748.35,59962,2771.08,22.730000000000018
OPEN_LONG,2748.35,59962,2748.35,0.0
CLOSE_LONG,2755.5,59967,2748.35,7.150000000000091
OPEN_SHORT,2755.5,59967,2755.5,0.0
CLOSE_SHORT,2739.0,59969,2755.5,16.5
OPEN_LONG,2739.0,59969,2739.0,0.0
CLOSE_LONG,2738.01,59979,2739.0,-0.9899999999997817
OPEN_SHORT,2738.01,59979,2738.01,0.0
CLOSE_SHORT,2732.05,59987,2738.01,5.960000000000036
OPEN_LONG,2732.05,59987,2732.05,0.0
CLOSE_LONG,2726.2,60011,2732.05,-5.850000000000364
OPEN_SHORT,2726.2,60011,2726.2,0.0
CLOSE_SHORT,2744.33,60025,2726.2,-18.13000000000011
OPEN_LONG,2744.33,60025,2744.33,0.0
CLOSE_LONG,2763.09,60030,2744.33,18.76000000000022
OPEN_SHORT,2763.09,60030,2763.09,0.0
CLOSE_SHORT,2761.31,60033,2763.09,1.7800000000002
OPEN_LONG,2761.31,60033,2761.31,0.0
CLOSE_LONG,2770.52,60092,2761.31,9.210000000000036
OPEN_SHORT,2770.52,60092,2770.52,0.0
CLOSE_SHORT,2766.12,60100,2770.52,4.400000000000091
OPEN_LONG,2766.12,60100,2766.12,0.0
CLOSE_LONG,2764.93,60118,2766.12,-1.1900000000000546
OPEN_SHORT,2764.93,60118,2764.93,0.0
CLOSE_SHORT,2763.67,60128,2764.93,1.2599999999997635
OPEN_LONG,2763.67,60128,2763.67,0.0
CLOSE_LONG,2771.21,60137,2763.67,7.539999999999964
OPEN_SHORT,2771.21,60137,2771.21,0.0
CLOSE_SHORT,2773.07,60156,2771.21,-1.8600000000001273
OPEN_LONG,2773.07,60156,2773.07,0.0
CLOSE_LONG,2732.81,60320,2773.07,-40.26000000000022
OPEN_SHORT,2732.81,60320,2732.81,0.0
CLOSE_SHORT,2729.43,60333,2732.81,3.380000000000109
OPEN_LONG,2729.43,60333,2729.43,0.0
CLOSE_LONG,2732.98,60342,2729.43,3.550000000000182
OPEN_SHORT,2732.98,60342,2732.98,0.0
CLOSE_SHORT,2737.9,60373,2732.98,-4.920000000000073
OPEN_LONG,2737.9,60373,2737.9,0.0
CLOSE_LONG,2743.61,60413,2737.9,5.710000000000036
OPEN_SHORT,2743.61,60413,2743.61,0.0
CLOSE_SHORT,2734.8,60426,2743.61,8.809999999999945
OPEN_LONG,2734.8,60426,2734.8,0.0
CLOSE_LONG,2740.74,60430,2734.8,5.9399999999996
OPEN_SHORT,2740.74,60430,2740.74,0.0
CLOSE_SHORT,2757.6,60468,2740.74,-16.860000000000127
OPEN_LONG,2757.6,60468,2757.6,0.0
CLOSE_LONG,2764.38,60500,2757.6,6.7800000000002
OPEN_SHORT,2764.38,60500,2764.38,0.0
CLOSE_SHORT,2757.28,60503,2764.38,7.099999999999909
OPEN_LONG,2757.28,60503,2757.28,0.0
CLOSE_LONG,2763.54,60508,2757.28,6.2599999999997635
OPEN_SHORT,2763.54,60508,2763.54,0.0
CLOSE_SHORT,2755.32,60513,2763.54,8.2199999999998
OPEN_LONG,2755.32,60513,2755.32,0.0
CLOSE_LONG,2760.6,60518,2755.32,5.279999999999745
OPEN_SHORT,2760.6,60518,2760.6,0.0
CLOSE_SHORT,2749.0,60541,2760.6,11.599999999999909
OPEN_LONG,2749.0,60541,2749.0,0.0
CLOSE_LONG,2734.55,60633,2749.0,-14.449999999999818
OPEN_SHORT,2734.55,60633,2734.55,0.0
CLOSE_SHORT,2731.51,60639,2734.55,3.0399999999999636
OPEN_LONG,2731.51,60639,2731.51,0.0
CLOSE_LONG,2728.62,60661,2731.51,-2.8900000000003274
OPEN_SHORT,2728.62,60661,2728.62,0.0
CLOSE_SHORT,2716.52,60675,2728.62,12.099999999999909
OPEN_LONG,2716.52,60675,2716.52,0.0
CLOSE_LONG,2719.42,60680,2716.52,2.900000000000091
OPEN_SHORT,2719.42,60680,2719.42,0.0
CLOSE_SHORT,2710.6,60685,2719.42,8.820000000000164
OPEN_LONG,2710.6,60685,2710.6,0.0
CLOSE_LONG,2711.96,60691,2710.6,1.3600000000001273
OPEN_SHORT,2711.96,60691,2711.96,0.0
CLOSE_SHORT,2705.85,60722,2711.96,6.110000000000127
OPEN_LONG,2705.85,60722,2705.85,0.0
CLOSE_LONG,2721.54,60726,2705.85,15.690000000000055
OPEN_SHORT,2721.54,60726,2721.54,0.0
CLOSE_SHORT,2723.02,60737,2721.54,-1.4800000000000182
OPEN_LONG,2723.02,60737,2723.02,0.0
CLOSE_LONG,2732.94,60744,2723.02,9.920000000000073
OPEN_SHORT,2732.94,60744,2732.94,0.0
CLOSE_SHORT,2732.6,60779,2732.94,0.3400000000001455
OPEN_LONG,2732.6,60779,2732.6,0.0
CLOSE_LONG,2718.87,60811,2732.6,-13.730000000000018
OPEN_SHORT,2718.87,60811,2718.87,0.0
CLOSE_SHORT,2713.2,60841,2718.87,5.670000000000073
OPEN_LONG,2713.2,60841,2713.2,0.0
CLOSE_LONG,2722.47,60846,2713.2,9.269999999999982
OPEN_SHORT,2722.47,60846,2722.47,0.0
CLOSE_SHORT,2727.15,60853,2722.47,-4.680000000000291
OPEN_LONG,2727.15,60853,2727.15,0.0
CLOSE_LONG,2731.52,60900,2727.15,4.369999999999891
OPEN_SHORT,2731.52,60900,2731.52,0.0
CLOSE_SHORT,2741.04,60941,2731.52,-9.519999999999982
OPEN_LONG,2741.04,60941,2741.04,0.0
CLOSE_LONG,2744.06,60949,2741.04,3.019999999999982
OPEN_SHORT,2744.06,60949,2744.06,0.0
CLOSE_SHORT,2738.51,60961,2744.06,5.549999999999727
OPEN_LONG,2738.51,60961,2738.51,0.0
CLOSE_LONG,2744.7,60975,2738.51,6.1899999999996
OPEN_SHORT,2744.7,60975,2744.7,0.0
CLOSE_SHORT,2728.18,60998,2744.7,16.519999999999982
OPEN_LONG,2728.18,60998,2728.18,0.0
CLOSE_LONG,2732.7,61008,2728.18,4.519999999999982
OPEN_SHORT,2732.7,61008,2732.7,0.0
CLOSE_SHORT,2734.46,61022,2732.7,-1.7600000000002183
OPEN_LONG,2734.46,61022,2734.46,0.0
CLOSE_LONG,2743.63,61027,2734.46,9.170000000000073
OPEN_SHORT,2743.63,61027,2743.63,0.0
CLOSE_SHORT,2743.71,61037,2743.63,-0.07999999999992724
OPEN_LONG,2743.71,61037,2743.71,0.0
CLOSE_LONG,2755.34,61062,2743.71,11.63000000000011
OPEN_SHORT,2755.34,61062,2755.34,0.0
CLOSE_SHORT,2751.42,61069,2755.34,3.9200000000000728
OPEN_LONG,2751.42,61069,2751.42,0.0
CLOSE_LONG,2756.31,61104,2751.42,4.889999999999873
OPEN_SHORT,2756.31,61104,2756.31,0.0
CLOSE_SHORT,2747.21,61114,2756.31,9.099999999999909
OPEN_LONG,2747.21,61114,2747.21,0.0
CLOSE_LONG,2751.79,61150,2747.21,4.579999999999927
OPEN_SHORT,2751.79,61150,2751.79,0.0
CLOSE_SHORT,2747.64,61154,2751.79,4.150000000000091
OPEN_LONG,2747.64,61154,2747.64,0.0
CLOSE_LONG,2766.45,61392,2747.64,18.809999999999945
OPEN_SHORT,2766.45,61392,2766.45,0.0
CLOSE_SHORT,2759.68,61397,2766.45,6.769999999999982
OPEN_LONG,2759.68,61397,2759.68,0.0
CLOSE_LONG,2765.17,61415,2759.68,5.4900000000002365
OPEN_SHORT,2765.17,61415,2765.17,0.0
CLOSE_SHORT,2788.14,61436,2765.17,-22.9699999999998
OPEN_LONG,2788.14,61436,2788.14,0.0
CLOSE_LONG,2776.25,61462,2788.14,-11.889999999999873
OPEN_SHORT,2776.25,61462,2776.25,0.0
CLOSE_SHORT,2769.01,61479,2776.25,7.239999999999782
OPEN_LONG,2769.01,61479,2769.01,0.0
CLOSE_LONG,2772.55,61499,2769.01,3.5399999999999636
OPEN_SHORT,2772.55,61499,2772.55,0.0
CLOSE_SHORT,2779.36,61526,2772.55,-6.809999999999945
OPEN_LONG,2779.36,61526,2779.36,0.0
CLOSE_LONG,2799.3,61595,2779.36,19.940000000000055
OPEN_SHORT,2799.3,61595,2799.3,0.0
CLOSE_SHORT,2803.92,61615,2799.3,-4.619999999999891
OPEN_LONG,2803.92,61615,2803.92,0.0
CLOSE_LONG,2811.91,61620,2803.92,7.989999999999782
OPEN_SHORT,2811.91,61620,2811.91,0.0
CLOSE_SHORT,2809.59,61624,2811.91,2.319999999999709
OPEN_LONG,2809.59,61624,2809.59,0.0
CLOSE_LONG,2815.83,61642,2809.59,6.239999999999782
OPEN_SHORT,2815.83,61642,2815.83,0.0
CLOSE_SHORT,2822.54,61670,2815.83,-6.710000000000036
OPEN_LONG,2822.54,61670,2822.54,0.0
CLOSE_LONG,2818.5,61686,2822.54,-4.039999999999964
OPEN_SHORT,2818.5,61686,2818.5,0.0
CLOSE_SHORT,2811.24,61690,2818.5,7.260000000000218
OPEN_LONG,2811.24,61690,2811.24,0.0
CLOSE_LONG,2819.53,61712,2811.24,8.290000000000418
OPEN_SHORT,2819.53,61712,2819.53,0.0
CLOSE_SHORT,2820.72,61742,2819.53,-1.1899999999995998
OPEN_LONG,2820.72,61742,2820.72,0.0
CLOSE_LONG,2832.73,61748,2820.72,12.010000000000218
OPEN_SHORT,2832.73,61748,2832.73,0.0
CLOSE_SHORT,2836.2,61761,2832.73,-3.4699999999998
OPEN_LONG,2836.2,61761,2836.2,0.0
CLOSE_LONG,2812.05,62024,2836.2,-24.149999999999636
OPEN_SHORT,2812.05,62024,2812.05,0.0
CLOSE_SHORT,2807.84,62029,2812.05,4.210000000000036
OPEN_LONG,2807.84,62029,2807.84,0.0
CLOSE_LONG,2814.18,62058,2807.84,6.339999999999691
OPEN_SHORT,2814.18,62058,2814.18,0.0
CLOSE_SHORT,2806.08,62063,2814.18,8.099999999999909
OPEN_LONG,2806.08,62063,2806.08,0.0
CLOSE_LONG,2813.7,62077,2806.08,7.619999999999891
OPEN_SHORT,2813.7,62077,2813.7,0.0
CLOSE_SHORT,2810.13,62100,2813.7,3.569999999999709
OPEN_LONG,2810.13,62100,2810.13,0.0
CLOSE_LONG,2827.16,62230,2810.13,17.029999999999745
OPEN_SHORT,2827.16,62230,2827.16,0.0
CLOSE_SHORT,2832.35,62257,2827.16,-5.190000000000055
OPEN_LONG,2832.35,62257,2832.35,0.0
CLOSE_LONG,2828.28,62294,2832.35,-4.069999999999709
OPEN_SHORT,2828.28,62294,2828.28,0.0
CLOSE_SHORT,2835.77,62344,2828.28,-7.489999999999782
OPEN_LONG,2835.77,62344,2835.77,0.0
CLOSE_LONG,2833.46,62433,2835.77,-2.3099999999999454
OPEN_SHORT,2833.46,62433,2833.46,0.0
CLOSE_SHORT,2834.52,62438,2833.46,-1.0599999999999454
OPEN_LONG,2834.52,62438,2834.52,0.0
CLOSE_LONG,2829.66,62491,2834.52,-4.860000000000127
OPEN_SHORT,2829.66,62491,2829.66,0.0
CLOSE_SHORT,2808.82,62513,2829.66,20.83999999999969
OPEN_LONG,2808.82,62513,2808.82,0.0
CLOSE_LONG,2798.15,62523,2808.82,-10.670000000000073
OPEN_SHORT,2798.15,62523,2798.15,0.0
CLOSE_SHORT,2794.27,62532,2798.15,3.880000000000109
OPEN_LONG,2794.27,62532,2794.27,0.0
CLOSE_LONG,2803.34,62544,2794.27,9.070000000000164
OPEN_SHORT,2803.34,62544,2803.34,0.0
CLOSE_SHORT,2801.48,62549,2803.34,1.8600000000001273
OPEN_LONG,2801.48,62549,2801.48,0.0
CLOSE_LONG,2814.9,62616,2801.48,13.420000000000073
OPEN_SHORT,2814.9,62616,2814.9,0.0
CLOSE_SHORT,2808.44,62621,2814.9,6.460000000000036
OPEN_LONG,2808.44,62621,2808.44,0.0
CLOSE_LONG,2811.06,62641,2808.44,2.619999999999891
OPEN_SHORT,2811.06,62641,2811.06,0.0
CLOSE_SHORT,2820.94,62696,2811.06,-9.88000000000011
OPEN_LONG,2820.94,62696,2820.94,0.0
CLOSE_LONG,2830.67,62700,2820.94,9.730000000000018
OPEN_SHORT,2830.67,62700,2830.67,0.0
CLOSE_SHORT,2824.63,62705,2830.67,6.039999999999964
OPEN_LONG,2824.63,62705,2824.63,0.0
CLOSE_LONG,2830.42,62719,2824.63,5.789999999999964
OPEN_SHORT,2830.42,62719,2830.42,0.0
CLOSE_SHORT,2825.19,62728,2830.42,5.230000000000018
OPEN_LONG,2825.19,62728,2825.19,0.0
CLOSE_LONG,2829.82,62734,2825.19,4.630000000000109
OPEN_SHORT,2829.82,62734,2829.82,0.0
CLOSE_SHORT,2818.4,62765,2829.82,11.420000000000073
OPEN_LONG,2818.4,62765,2818.4,0.0
CLOSE_LONG,2838.24,62874,2818.4,19.83999999999969
OPEN_SHORT,2838.24,62874,2838.24,0.0
CLOSE_SHORT,2826.95,62879,2838.24,11.289999999999964
OPEN_LONG,2826.95,62879,2826.95,0.0
CLOSE_LONG,2784.66,62962,2826.95,-42.289999999999964
OPEN_SHORT,2784.66,62962,2784.66,0.0
CLOSE_SHORT,2773.57,62966,2784.66,11.08999999999969
OPEN_LONG,2773.57,62966,2773.57,0.0
CLOSE_LONG,2788.64,62971,2773.57,15.069999999999709
OPEN_SHORT,2788.64,62971,2788.64,0.0
CLOSE_SHORT,2782.04,62978,2788.64,6.599999999999909
OPEN_LONG,2782.04,62978,2782.04,0.0
CLOSE_LONG,2798.92,62986,2782.04,16.88000000000011
OPEN_SHORT,2798.92,62986,2798.92,0.0
CLOSE_SHORT,2789.09,62991,2798.92,9.829999999999927
OPEN_LONG,2789.09,62991,2789.09,0.0
CLOSE_LONG,2791.05,63004,2789.09,1.9600000000000364
OPEN_SHORT,2791.05,63004,2791.05,0.0
CLOSE_SHORT,2787.57,63010,2791.05,3.480000000000018
OPEN_LONG,2787.57,63010,2787.57,0.0
CLOSE_LONG,2789.74,63021,2787.57,2.169999999999618
OPEN_SHORT,2789.74,63021,2789.74,0.0
CLOSE_SHORT,2783.07,63027,2789.74,6.669999999999618
OPEN_LONG,2783.07,63027,2783.07,0.0
CLOSE_LONG,2787.54,63036,2783.07,4.4699999999998
OPEN_SHORT,2787.54,63036,2787.54,0.0
CLOSE_SHORT,2852.64,63085,2787.54,-65.09999999999991
OPEN_LONG,2852.64,63085,2852.64,0.0
CLOSE_LONG,2841.94,63116,2852.64,-10.699999999999818
OPEN_SHORT,2841.94,63116,2841.94,0.0
CLOSE_SHORT,2835.12,63123,2841.94,6.820000000000164
OPEN_LONG,2835.12,63123,2835.12,0.0
CLOSE_LONG,2839.24,63130,2835.12,4.119999999999891
OPEN_SHORT,2839.24,63130,2839.24,0.0
CLOSE_SHORT,2851.62,63165,2839.24,-12.38000000000011
OPEN_LONG,2851.62,63165,2851.62,0.0
CLOSE_LONG,2823.5,63206,2851.62,-28.11999999999989
OPEN_SHORT,2823.5,63206,2823.5,0.0
CLOSE_SHORT,2820.01,63210,2823.5,3.4899999999997817
OPEN_LONG,2820.01,63210,2820.01,0.0
CLOSE_LONG,2841.47,63241,2820.01,21.45999999999958
OPEN_SHORT,2841.47,63241,2841.47,0.0
CLOSE_SHORT,2875.16,63253,2841.47,-33.690000000000055
OPEN_LONG,2875.16,63253,2875.16,0.0
CLOSE_LONG,2883.58,63255,2875.16,8.420000000000073
OPEN_SHORT,2883.58,63255,2883.58,0.0
CLOSE_SHORT,2876.84,63264,2883.58,6.739999999999782
OPEN_LONG,2876.84,63264,2876.84,0.0
CLOSE_LONG,2844.82,63313,2876.84,-32.01999999999998
OPEN_SHORT,2844.82,63313,2844.82,0.0
CLOSE_SHORT,2831.52,63347,2844.82,13.300000000000182
OPEN_LONG,2831.52,63347,2831.52,0.0
CLOSE_LONG,2831.54,63430,2831.52,0.01999999999998181
OPEN_SHORT,2831.54,63430,2831.54,0.0
CLOSE_SHORT,2824.49,63437,2831.54,7.050000000000182
OPEN_LONG,2824.49,63437,2824.49,0.0
CLOSE_LONG,2833.11,63470,2824.49,8.620000000000346
OPEN_SHORT,2833.11,63470,2833.11,0.0
CLOSE_SHORT,2828.65,63476,2833.11,4.460000000000036
OPEN_LONG,2828.65,63476,2828.65,0.0
CLOSE_LONG,2798.57,63608,2828.65,-30.079999999999927
OPEN_SHORT,2798.57,63608,2798.57,0.0
CLOSE_SHORT,2796.49,63665,2798.57,2.080000000000382
OPEN_LONG,2796.49,63665,2796.49,0.0
CLOSE_LONG,2809.23,63686,2796.49,12.740000000000236
OPEN_SHORT,2809.23,63686,2809.23,0.0
CLOSE_SHORT,2804.98,63690,2809.23,4.25
OPEN_LONG,2804.98,63690,2804.98,0.0
CLOSE_LONG,2804.78,63700,2804.98,-0.1999999999998181
OPEN_SHORT,2804.78,63700,2804.78,0.0
CLOSE_SHORT,2813.83,63774,2804.78,-9.049999999999727
OPEN_LONG,2813.83,63774,2813.83,0.0
CLOSE_LONG,2830.99,63806,2813.83,17.159999999999854
OPEN_SHORT,2830.99,63806,2830.99,0.0
CLOSE_SHORT,2828.1,63813,2830.99,2.8899999999998727
OPEN_LONG,2828.1,63813,2828.1,0.0
CLOSE_LONG,2814.78,63828,2828.1,-13.319999999999709
OPEN_SHORT,2814.78,63828,2814.78,0.0
CLOSE_SHORT,2829.13,63843,2814.78,-14.349999999999909
OPEN_LONG,2829.13,63843,2829.13,0.0
CLOSE_LONG,2835.6,63845,2829.13,6.4699999999998
OPEN_SHORT,2835.6,63845,2835.6,0.0
CLOSE_SHORT,2827.14,63846,2835.6,8.460000000000036
OPEN_LONG,2827.14,63846,2827.14,0.0
CLOSE_LONG,2829.12,63866,2827.14,1.9800000000000182
OPEN_SHORT,2829.12,63866,2829.12,0.0
CLOSE_SHORT,2844.12,63887,2829.12,-15.0
OPEN_LONG,2844.12,63887,2844.12,0.0
CLOSE_LONG,2845.21,63894,2844.12,1.0900000000001455
OPEN_SHORT,2845.21,63894,2845.21,0.0
CLOSE_SHORT,2843.03,63902,2845.21,2.1799999999998363
OPEN_LONG,2843.03,63902,2843.03,0.0
CLOSE_LONG,2847.53,63907,2843.03,4.5
OPEN_SHORT,2847.53,63907,2847.53,0.0
CLOSE_SHORT,2843.29,63909,2847.53,4.2400000000002365
OPEN_LONG,2843.29,63909,2843.29,0.0
CLOSE_LONG,2851.04,63914,2843.29,7.75
OPEN_SHORT,2851.04,63914,2851.04,0.0
CLOSE_SHORT,2846.97,63926,2851.04,4.070000000000164
OPEN_LONG,2846.97,63926,2846.97,0.0
CLOSE_LONG,2853.0,63931,2846.97,6.0300000000002
OPEN_SHORT,2853.0,63931,2853.0,0.0
CLOSE_SHORT,2859.09,63947,2853.0,-6.0900000000001455
OPEN_LONG,2859.09,63947,2859.09,0.0
CLOSE_LONG,2864.22,63955,2859.09,5.129999999999654
OPEN_SHORT,2864.22,63955,2864.22,0.0
CLOSE_SHORT,2944.44,64027,2864.22,-80.22000000000025
OPEN_LONG,2944.44,64027,2944.44,0.0
CLOSE_LONG,2939.36,64050,2944.44,-5.079999999999927
OPEN_SHORT,2939.36,64050,2939.36,0.0
CLOSE_SHORT,2967.04,64086,2939.36,-27.679999999999836
OPEN_LONG,2967.04,64086,2967.04,0.0
CLOSE_LONG,2972.9,64091,2967.04,5.860000000000127
OPEN_SHORT,2972.9,64091,2972.9,0.0
CLOSE_SHORT,2965.99,64097,2972.9,6.910000000000309
OPEN_LONG,2965.99,64097,2965.99,0.0
CLOSE_LONG,2967.1,64144,2965.99,1.1100000000001273
OPEN_SHORT,2967.1,64144,2967.1,0.0
CLOSE_SHORT,2971.25,64160,2967.1,-4.150000000000091
OPEN_LONG,2971.25,64160,2971.25,0.0
CLOSE_LONG,2976.9,64171,2971.25,5.650000000000091
OPEN_SHORT,2976.9,64171,2976.9,0.0
CLOSE_SHORT,2975.41,64184,2976.9,1.4900000000002365
OPEN_LONG,2975.41,64184,2975.41,0.0
CLOSE_LONG,2959.5,64244,2975.41,-15.909999999999854
OPEN_SHORT,2959.5,64244,2959.5,0.0
CLOSE_SHORT,2956.19,64249,2959.5,3.3099999999999454
OPEN_LONG,2956.19,64249,2956.19,0.0
CLOSE_LONG,2977.62,64260,2956.19,21.429999999999836
OPEN_SHORT,2977.62,64260,2977.62,0.0
CLOSE_SHORT,2967.72,64265,2977.62,9.900000000000091
OPEN_LONG,2967.72,64265,2967.72,0.0
CLOSE_LONG,2966.42,64332,2967.72,-1.2999999999997272
OPEN_SHORT,2966.42,64332,2966.42,0.0
CLOSE_SHORT,2955.0,64353,2966.42,11.420000000000073
OPEN_LONG,2955.0,64353,2955.0,0.0
CLOSE_LONG,2961.79,64358,2955.0,6.789999999999964
OPEN_SHORT,2961.79,64358,2961.79,0.0
CLOSE_SHORT,2951.83,64367,2961.79,9.960000000000036
OPEN_LONG,2951.83,64367,2951.83,0.0
CLOSE_LONG,2945.95,64410,2951.83,-5.880000000000109
OPEN_SHORT,2945.95,64410,2945.95,0.0
CLOSE_SHORT,2941.98,64413,2945.95,3.9699999999998
OPEN_LONG,2941.98,64413,2941.98,0.0
CLOSE_LONG,2909.47,64610,2941.98,-32.51000000000022
OPEN_SHORT,2909.47,64610,2909.47,0.0
CLOSE_SHORT,2936.0,64673,2909.47,-26.5300000000002
OPEN_LONG,2936.0,64673,2936.0,0.0
CLOSE_LONG,2927.68,64706,2936.0,-8.320000000000164
OPEN_SHORT,2927.68,64706,2927.68,0.0
CLOSE_SHORT,2919.0,64757,2927.68,8.679999999999836
OPEN_LONG,2919.0,64757,2919.0,0.0
CLOSE_LONG,2907.12,64874,2919.0,-11.88000000000011
OPEN_SHORT,2907.12,64874,2907.12,0.0
CLOSE_SHORT,2900.98,64879,2907.12,6.139999999999873
OPEN_LONG,2900.98,64879,2900.98,0.0
CLOSE_LONG,2885.96,64957,2900.98,-15.019999999999982
OPEN_SHORT,2885.96,64957,2885.96,0.0
CLOSE_SHORT,2880.16,64991,2885.96,5.800000000000182
OPEN_LONG,2880.16,64991,2880.16,0.0
CLOSE_LONG,2889.71,64997,2880.16,9.550000000000182
OPEN_SHORT,2889.71,64997,2889.71,0.0
CLOSE_SHORT,2887.5,65089,2889.71,2.2100000000000364
OPEN_LONG,2887.5,65089,2887.5,0.0
CLOSE_LONG,2895.3,65097,2887.5,7.800000000000182
OPEN_SHORT,2895.3,65097,2895.3,0.0
CLOSE_SHORT,2918.88,65122,2895.3,-23.579999999999927
OPEN_LONG,2918.88,65122,2918.88,0.0
CLOSE_LONG,2918.42,65132,2918.88,-0.4600000000000364
OPEN_SHORT,2918.42,65132,2918.42,0.0
CLOSE_SHORT,2918.95,65160,2918.42,-0.5299999999997453
OPEN_LONG,2918.95,65160,2918.95,0.0
CLOSE_LONG,2928.44,65166,2918.95,9.490000000000236
OPEN_SHORT,2928.44,65166,2928.44,0.0
CLOSE_SHORT,2919.03,65188,2928.44,9.409999999999854
OPEN_LONG,2919.03,65188,2919.03,0.0
CLOSE_LONG,2909.58,65203,2919.03,-9.450000000000273
OPEN_SHORT,2909.58,65203,2909.58,0.0
CLOSE_SHORT,2901.89,65207,2909.58,7.690000000000055
OPEN_LONG,2901.89,65207,2901.89,0.0
CLOSE_LONG,2917.45,65219,2901.89,15.559999999999945
OPEN_SHORT,2917.45,65219,2917.45,0.0
CLOSE_SHORT,2905.33,65222,2917.45,12.11999999999989
OPEN_LONG,2905.33,65222,2905.33,0.0
CLOSE_LONG,2884.11,65282,2905.33,-21.2199999999998
OPEN_SHORT,2884.11,65282,2884.11,0.0
CLOSE_SHORT,2875.82,65287,2884.11,8.289999999999964
OPEN_LONG,2875.82,65287,2875.82,0.0
CLOSE_LONG,2883.53,65302,2875.82,7.710000000000036
OPEN_SHORT,2883.53,65302,2883.53,0.0
CLOSE_SHORT,2897.27,65310,2883.53,-13.739999999999782
OPEN_LONG,2897.27,65310,2897.27,0.0
CLOSE_LONG,2901.34,65316,2897.27,4.070000000000164
OPEN_SHORT,2901.34,65316,2901.34,0.0
CLOSE_SHORT,2898.13,65322,2901.34,3.2100000000000364
OPEN_LONG,2898.13,65322,2898.13,0.0
CLOSE_LONG,2905.93,65352,2898.13,7.799999999999727
OPEN_SHORT,2905.93,65352,2905.93,0.0
CLOSE_SHORT,2917.34,65369,2905.93,-11.41000000000031
OPEN_LONG,2917.34,65369,2917.34,0.0
CLOSE_LONG,2927.3,65374,2917.34,9.960000000000036
OPEN_SHORT,2927.3,65374,2927.3,0.0
CLOSE_SHORT,2934.79,65412,2927.3,-7.489999999999782
OPEN_LONG,2934.79,65412,2934.79,0.0
CLOSE_LONG,2942.39,65415,2934.79,7.599999999999909
OPEN_SHORT,2942.39,65415,2942.39,0.0
CLOSE_SHORT,2932.0,65420,2942.39,10.389999999999873
OPEN_LONG,2932.0,65420,2932.0,0.0
CLOSE_LONG,2939.99,65426,2932.0,7.989999999999782
OPEN_SHORT,2939.99,65426,2939.99,0.0
CLOSE_SHORT,2939.06,65438,2939.99,0.9299999999998363
OPEN_LONG,2939.06,65438,2939.06,0.0
CLOSE_LONG,2944.05,65443,2939.06,4.9900000000002365
OPEN_SHORT,2944.05,65443,2944.05,0.0
CLOSE_SHORT,2937.17,65451,2944.05,6.880000000000109
OPEN_LONG,2937.17,65451,2937.17,0.0
CLOSE_LONG,2943.16,65458,2937.17,5.989999999999782
OPEN_SHORT,2943.16,65458,2943.16,0.0
CLOSE_SHORT,2947.02,65478,2943.16,-3.8600000000001273
OPEN_LONG,2947.02,65478,2947.02,0.0
CLOSE_LONG,2953.98,65486,2947.02,6.960000000000036
OPEN_SHORT,2953.98,65486,2953.98,0.0
CLOSE_SHORT,2949.91,65490,2953.98,4.070000000000164
OPEN_LONG,2949.91,65490,2949.91,0.0
CLOSE_LONG,2918.22,65566,2949.91,-31.690000000000055
OPEN_SHORT,2918.22,65566,2918.22,0.0
CLOSE_SHORT,2921.41,65572,2918.22,-3.1900000000000546
OPEN_LONG,2921.41,65572,2921.41,0.0
CLOSE_LONG,2928.78,65645,2921.41,7.370000000000346
OPEN_SHORT,2928.78,65645,2928.78,0.0
CLOSE_SHORT,2932.31,65689,2928.78,-3.5299999999997453
OPEN_LONG,2932.31,65689,2932.31,0.0
CLOSE_LONG,2922.3,65709,2932.31,-10.009999999999764
OPEN_SHORT,2922.3,65709,2922.3,0.0
CLOSE_SHORT,2919.77,65714,2922.3,2.5300000000002
OPEN_LONG,2919.77,65714,2919.77,0.0
CLOSE_LONG,2945.0,65731,2919.77,25.230000000000018
OPEN_SHORT,2945.0,65731,2945.0,0.0
CLOSE_SHORT,2946.58,65737,2945.0,-1.5799999999999272
OPEN_LONG,2946.58,65737,2946.58,0.0
CLOSE_LONG,2950.49,65744,2946.58,3.9099999999998545
OPEN_SHORT,2950.49,65744,2950.49,0.0
CLOSE_SHORT,2961.59,65755,2950.49,-11.100000000000364
OPEN_LONG,2961.59,65755,2961.59,0.0
CLOSE_LONG,2974.49,65762,2961.59,12.899999999999636
OPEN_SHORT,2974.49,65762,2974.49,0.0
CLOSE_SHORT,2968.34,65768,2974.49,6.149999999999636
OPEN_LONG,2968.34,65768,2968.34,0.0
CLOSE_LONG,2961.8,65832,2968.34,-6.539999999999964
OPEN_SHORT,2961.8,65832,2961.8,0.0
CLOSE_SHORT,2958.68,65839,2961.8,3.1200000000003456
OPEN_LONG,2958.68,65839,2958.68,0.0
CLOSE_LONG,2979.04,65915,2958.68,20.360000000000127
OPEN_SHORT,2979.04,65915,2979.04,0.0
CLOSE_SHORT,2971.0,65920,2979.04,8.039999999999964
OPEN_LONG,2971.0,65920,2971.0,0.0
CLOSE_LONG,2968.0,65974,2971.0,-3.0
OPEN_SHORT,2968.0,65974,2968.0,0.0
CLOSE_SHORT,2960.61,65979,2968.0,7.389999999999873
OPEN_LONG,2960.61,65979,2960.61,0.0
CLOSE_LONG,2946.55,66133,2960.61,-14.059999999999945
OPEN_SHORT,2946.55,66133,2946.55,0.0
CLOSE_SHORT,2940.23,66135,2946.55,6.320000000000164
OPEN_LONG,2940.23,66135,2940.23,0.0
CLOSE_LONG,2947.55,66177,2940.23,7.320000000000164
OPEN_SHORT,2947.55,66177,2947.55,0.0
CLOSE_SHORT,2940.34,66188,2947.55,7.210000000000036
OPEN_LONG,2940.34,66188,2940.34,0.0
CLOSE_LONG,2940.92,66212,2940.34,0.5799999999999272
OPEN_SHORT,2940.92,66212,2940.92,0.0
CLOSE_SHORT,2937.9,66238,2940.92,3.019999999999982
OPEN_LONG,2937.9,66238,2937.9,0.0
CLOSE_LONG,2910.01,66413,2937.9,-27.889999999999873
OPEN_SHORT,2910.01,66413,2910.01,0.0
CLOSE_SHORT,2903.38,66535,2910.01,6.630000000000109
OPEN_LONG,2903.38,66535,2903.38,0.0
CLOSE_LONG,2919.85,66629,2903.38,16.4699999999998
OPEN_SHORT,2919.85,66629,2919.85,0.0
CLOSE_SHORT,2921.54,66637,2919.85,-1.6900000000000546
OPEN_LONG,2921.54,66637,2921.54,0.0
CLOSE_LONG,2928.56,66642,2921.54,7.019999999999982
OPEN_SHORT,2928.56,66642,2928.56,0.0
CLOSE_SHORT,2926.18,66685,2928.56,2.380000000000109
OPEN_LONG,2926.18,66685,2926.18,0.0
CLOSE_LONG,2932.56,66688,2926.18,6.380000000000109
OPEN_SHORT,2932.56,66688,2932.56,0.0
CLOSE_SHORT,2931.52,66697,2932.56,1.0399999999999636
OPEN_LONG,2931.52,66697,2931.52,0.0
CLOSE_LONG,2940.03,66700,2931.52,8.510000000000218
OPEN_SHORT,2940.03,66700,2940.03,0.0
CLOSE_SHORT,2930.1,66705,2940.03,9.930000000000291
OPEN_LONG,2930.1,66705,2930.1,0.0
CLOSE_LONG,2919.09,66715,2930.1,-11.009999999999764
OPEN_SHORT,2919.09,66715,2919.09,0.0
CLOSE_SHORT,2921.74,66727,2919.09,-2.649999999999636
OPEN_LONG,2921.74,66727,2921.74,0.0
CLOSE_LONG,2935.33,66738,2921.74,13.590000000000146
OPEN_SHORT,2935.33,66738,2935.33,0.0
CLOSE_SHORT,2930.65,66744,2935.33,4.679999999999836
OPEN_LONG,2930.65,66744,2930.65,0.0
CLOSE_LONG,2932.17,66772,2930.65,1.5199999999999818
OPEN_SHORT,2932.17,66772,2932.17,0.0
CLOSE_SHORT,2938.94,66781,2932.17,-6.769999999999982
OPEN_LONG,2938.94,66781,2938.94,0.0
CLOSE_LONG,2954.13,66787,2938.94,15.190000000000055
OPEN_SHORT,2954.13,66787,2954.13,0.0
CLOSE_SHORT,2949.65,66792,2954.13,4.480000000000018
OPEN_LONG,2949.65,66792,2949.65,0.0
CLOSE_LONG,2953.39,66806,2949.65,3.7399999999997817
OPEN_SHORT,2953.39,66806,2953.39,0.0
CLOSE_SHORT,2948.39,66812,2953.39,5.0
OPEN_LONG,2948.39,66812,2948.39,0.0
CLOSE_LONG,2947.83,66828,2948.39,-0.5599999999999454
OPEN_SHORT,2947.83,66828,2947.83,0.0
CLOSE_SHORT,2944.0,66835,2947.83,3.8299999999999272
OPEN_LONG,2944.0,66835,2944.0,0.0
CLOSE_LONG,2950.61,66856,2944.0,6.610000000000127
OPEN_SHORT,2950.61,66856,2950.61,0.0
CLOSE_SHORT,3016.44,66884,2950.61,-65.82999999999993
OPEN_LONG,3016.44,66884,3016.44,0.0
CLOSE_LONG,3027.9,66888,3016.44,11.460000000000036
OPEN_SHORT,3027.9,66888,3027.9,0.0
CLOSE_SHORT,3035.42,66905,3027.9,-7.519999999999982
OPEN_LONG,3035.42,66905,3035.42,0.0
CLOSE_LONG,3037.71,66906,3035.42,2.2899999999999636
OPEN_SHORT,3037.71,66906,3037.71,0.0
CLOSE_SHORT,3031.38,66912,3037.71,6.329999999999927
OPEN_LONG,3031.38,66912,3031.38,0.0
CLOSE_LONG,3026.98,66941,3031.38,-4.400000000000091
OPEN_SHORT,3026.98,66941,3026.98,0.0
CLOSE_SHORT,3021.91,66956,3026.98,5.070000000000164
OPEN_LONG,3021.91,66956,3021.91,0.0
CLOSE_LONG,3024.99,66970,3021.91,3.0799999999999272
OPEN_SHORT,3024.99,66970,3024.99,0.0
CLOSE_SHORT,3028.51,67000,3024.99,-3.5200000000004366
OPEN_LONG,3028.51,67000,3028.51,0.0
CLOSE_LONG,3018.19,67064,3028.51,-10.320000000000164
OPEN_SHORT,3018.19,67064,3018.19,0.0
CLOSE_SHORT,3016.18,67086,3018.19,2.0100000000002183
OPEN_LONG,3016.18,67086,3016.18,0.0
CLOSE_LONG,3028.62,67143,3016.18,12.440000000000055
OPEN_SHORT,3028.62,67143,3028.62,0.0
CLOSE_SHORT,3019.95,67154,3028.62,8.670000000000073
OPEN_LONG,3019.95,67154,3019.95,0.0
CLOSE_LONG,3025.9,67168,3019.95,5.950000000000273
OPEN_SHORT,3025.9,67168,3025.9,0.0
CLOSE_SHORT,3027.24,67203,3025.9,-1.3399999999996908
OPEN_LONG,3027.24,67203,3027.24,0.0
CLOSE_LONG,3040.46,67299,3027.24,13.220000000000255
OPEN_SHORT,3040.46,67299,3040.46,0.0
CLOSE_SHORT,3035.01,67304,3040.46,5.449999999999818
OPEN_LONG,3035.01,67304,3035.01,0.0
CLOSE_LONG,3045.96,67314,3035.01,10.949999999999818
OPEN_SHORT,3045.96,67314,3045.96,0.0
CLOSE_SHORT,3039.96,67319,3045.96,6.0
OPEN_LONG,3039.96,67319,3039.96,0.0
CLOSE_LONG,3052.07,67368,3039.96,12.110000000000127
OPEN_SHORT,3052.07,67368,3052.07,0.0
CLOSE_SHORT,3042.38,67373,3052.07,9.690000000000055
OPEN_LONG,3042.38,67373,3042.38,0.0
CLOSE_LONG,3046.92,67377,3042.38,4.539999999999964
OPEN_SHORT,3046.92,67377,3046.92,0.0
CLOSE_SHORT,3058.02,67407,3046.92,-11.099999999999909
OPEN_LONG,3058.02,67407,3058.02,0.0
CLOSE_LONG,3049.45,67449,3058.02,-8.570000000000164
OPEN_SHORT,3049.45,67449,3049.45,0.0
CLOSE_SHORT,3045.4,67456,3049.45,4.049999999999727
OPEN_LONG,3045.4,67456,3045.4,0.0
CLOSE_LONG,3039.9,67575,3045.4,-5.5
OPEN_SHORT,3039.9,67575,3039.9,0.0
CLOSE_SHORT,3028.79,67586,3039.9,11.110000000000127
OPEN_LONG,3028.79,67586,3028.79,0.0
CLOSE_LONG,3031.19,67722,3028.79,2.400000000000091
OPEN_SHORT,3031.19,67722,3031.19,0.0
CLOSE_SHORT,3026.59,67738,3031.19,4.599999999999909
OPEN_LONG,3026.59,67738,3026.59,0.0
CLOSE_LONG,3040.0,67824,3026.59,13.409999999999854
OPEN_SHORT,3040.0,67824,3040.0,0.0
CLOSE_SHORT,3036.9,67829,3040.0,3.099999999999909
OPEN_LONG,3036.9,67829,3036.9,0.0
CLOSE_LONG,3034.0,67873,3036.9,-2.900000000000091
OPEN_SHORT,3034.0,67873,3034.0,0.0
CLOSE_SHORT,3021.53,67886,3034.0,12.4699999999998
OPEN_LONG,3021.53,67886,3021.53,0.0
CLOSE_LONG,3025.46,67891,3021.53,3.9299999999998363
OPEN_SHORT,3025.46,67891,3025.46,0.0
CLOSE_SHORT,3028.29,67919,3025.46,-2.8299999999999272
OPEN_LONG,3028.29,67919,3028.29,0.0
CLOSE_LONG,2996.74,68117,3028.29,-31.550000000000182
OPEN_SHORT,2996.74,68117,2996.74,0.0
CLOSE_SHORT,2992.03,68159,2996.74,4.709999999999582
OPEN_LONG,2992.03,68159,2992.03,0.0
CLOSE_LONG,2994.62,68165,2992.03,2.5899999999996908
OPEN_SHORT,2994.62,68165,2994.62,0.0
CLOSE_SHORT,2999.87,68191,2994.62,-5.25
OPEN_LONG,2999.87,68191,2999.87,0.0
CLOSE_LONG,3006.49,68195,2999.87,6.619999999999891
OPEN_SHORT,3006.49,68195,3006.49,0.0
CLOSE_SHORT,3014.4,68300,3006.49,-7.910000000000309
OPEN_LONG,3014.4,68300,3014.4,0.0
CLOSE_LONG,3020.75,68305,3014.4,6.349999999999909
OPEN_SHORT,3020.75,68305,3020.75,0.0
CLOSE_SHORT,3013.2,68309,3020.75,7.550000000000182
OPEN_LONG,3013.2,68309,3013.2,0.0
CLOSE_LONG,3033.45,68430,3013.2,20.25
OPEN_SHORT,3033.45,68430,3033.45,0.0
CLOSE_SHORT,3037.62,68508,3033.45,-4.170000000000073
OPEN_LONG,3037.62,68508,3037.62,0.0
CLOSE_LONG,3021.75,68725,3037.62,-15.86999999999989
OPEN_SHORT,3021.75,68725,3021.75,0.0
CLOSE_SHORT,3012.05,68730,3021.75,9.699999999999818
OPEN_LONG,3012.05,68730,3012.05,0.0
CLOSE_LONG,3012.87,68865,3012.05,0.819999999999709
OPEN_SHORT,3012.87,68865,3012.87,0.0
CLOSE_SHORT,3004.17,68885,3012.87,8.699999999999818
OPEN_LONG,3004.17,68885,3004.17,0.0
CLOSE_LONG,3008.16,68890,3004.17,3.9899999999997817
OPEN_SHORT,3008.16,68890,3008.16,0.0
CLOSE_SHORT,3009.82,69079,3008.16,-1.6600000000003092
OPEN_LONG,3009.82,69079,3009.82,0.0
CLOSE_LONG,3017.95,69180,3009.82,8.129999999999654
OPEN_SHORT,3017.95,69180,3017.95,0.0
CLOSE_SHORT,3049.52,69269,3017.95,-31.570000000000164
OPEN_LONG,3049.52,69269,3049.52,0.0
CLOSE_LONG,3053.87,69310,3049.52,4.349999999999909
OPEN_SHORT,3053.87,69310,3053.87,0.0
CLOSE_SHORT,3049.17,69335,3053.87,4.699999999999818
OPEN_LONG,3049.17,69335,3049.17,0.0
CLOSE_LONG,3034.13,69491,3049.17,-15.039999999999964
OPEN_SHORT,3034.13,69491,3034.13,0.0
CLOSE_SHORT,3069.69,69521,3034.13,-35.559999999999945
OPEN_LONG,3069.69,69521,3069.69,0.0
CLOSE_LONG,3072.6,69527,3069.69,2.9099999999998545
OPEN_SHORT,3072.6,69527,3072.6,0.0
CLOSE_SHORT,3065.82,69539,3072.6,6.779999999999745
OPEN_LONG,3065.82,69539,3065.82,0.0
CLOSE_LONG,3072.3,69544,3065.82,6.480000000000018
OPEN_SHORT,3072.3,69544,3072.3,0.0
CLOSE_SHORT,3074.68,69559,3072.3,-2.3799999999996544
OPEN_LONG,3074.68,69559,3074.68,0.0
CLOSE_LONG,3064.76,69578,3074.68,-9.919999999999618
OPEN_SHORT,3064.76,69578,3064.76,0.0
CLOSE_SHORT,3059.59,69594,3064.76,5.170000000000073
OPEN_LONG,3059.59,69594,3059.59,0.0
CLOSE_LONG,3065.41,69603,3059.59,5.819999999999709
OPEN_SHORT,3065.41,69603,3065.41,0.0
CLOSE_SHORT,3077.73,69627,3065.41,-12.320000000000164
OPEN_LONG,3077.73,69627,3077.73,0.0
CLOSE_LONG,3035.05,69778,3077.73,-42.679999999999836
OPEN_SHORT,3035.05,69778,3035.05,0.0
CLOSE_SHORT,3033.51,69794,3035.05,1.5399999999999636
OPEN_LONG,3033.51,69794,3033.51,0.0
CLOSE_LONG,3036.58,69807,3033.51,3.069999999999709
OPEN_SHORT,3036.58,69807,3036.58,0.0
CLOSE_SHORT,3032.62,69823,3036.58,3.9600000000000364
OPEN_LONG,3032.62,69823,3032.62,0.0
CLOSE_LONG,3041.28,69828,3032.62,8.66000000000031
OPEN_SHORT,3041.28,69828,3041.28,0.0
CLOSE_SHORT,3040.88,69892,3041.28,0.40000000000009095
OPEN_LONG,3040.88,69892,3040.88,0.0
CLOSE_LONG,3051.75,69908,3040.88,10.86999999999989
OPEN_SHORT,3051.75,69908,3051.75,0.0
CLOSE_SHORT,3051.76,69955,3051.75,-0.010000000000218279
OPEN_LONG,3051.76,69955,3051.76,0.0
CLOSE_LONG,3032.2,70131,3051.76,-19.5600000000004
OPEN_SHORT,3032.2,70131,3032.2,0.0
CLOSE_SHORT,3033.21,70178,3032.2,-1.0100000000002183
OPEN_LONG,3033.21,70178,3033.21,0.0
CLOSE_LONG,3028.17,70396,3033.21,-5.039999999999964
OPEN_SHORT,3028.17,70396,3028.17,0.0
CLOSE_SHORT,3014.2,70509,3028.17,13.970000000000255
OPEN_LONG,3014.2,70509,3014.2,0.0
CLOSE_LONG,3007.84,70632,3014.2,-6.359999999999673
OPEN_SHORT,3007.84,70632,3007.84,0.0
CLOSE_SHORT,2998.32,70745,3007.84,9.519999999999982
OPEN_LONG,2998.32,70745,2998.32,0.0
CLOSE_LONG,2997.91,70913,2998.32,-0.41000000000030923
OPEN_SHORT,2997.91,70913,2997.91,0.0
CLOSE_SHORT,2988.33,71021,2997.91,9.579999999999927
OPEN_LONG,2988.33,71021,2988.33,0.0
CLOSE_LONG,3005.84,71044,2988.33,17.51000000000022
OPEN_SHORT,3005.84,71044,3005.84,0.0
CLOSE_SHORT,2997.19,71053,3005.84,8.650000000000091
OPEN_LONG,2997.19,71053,2997.19,0.0
CLOSE_LONG,3002.77,71139,2997.19,5.579999999999927
OPEN_SHORT,3002.77,71139,3002.77,0.0
CLOSE_SHORT,2992.39,71168,3002.77,10.38000000000011
OPEN_LONG,2992.39,71168,2992.39,0.0
CLOSE_LONG,2987.1,71243,2992.39,-5.289999999999964
OPEN_SHORT,2987.1,71243,2987.1,0.0
CLOSE_SHORT,2984.43,71248,2987.1,2.6700000000000728
OPEN_LONG,2984.43,71248,2984.43,0.0
CLOSE_LONG,2993.45,71252,2984.43,9.019999999999982
OPEN_SHORT,2993.45,71252,2993.45,0.0
CLOSE_SHORT,2994.73,71388,2993.45,-1.2800000000002
OPEN_LONG,2994.73,71388,2994.73,0.0
CLOSE_LONG,2996.98,71583,2994.73,2.25
OPEN_SHORT,2996.98,71583,2996.98,0.0
CLOSE_SHORT,2997.6,71724,2996.98,-0.6199999999998909
OPEN_LONG,2997.6,71724,2997.6,0.0
CLOSE_LONG,2995.6,71882,2997.6,-2.0
OPEN_SHORT,2995.6,71882,2995.6,0.0
CLOSE_SHORT,2987.28,71887,2995.6,8.319999999999709
OPEN_LONG,2987.28,71887,2987.28,0.0
CLOSE_LONG,3016.75,72070,2987.28,29.4699999999998
OPEN_SHORT,3016.75,72070,3016.75,0.0
CLOSE_SHORT,3008.99,72075,3016.75,7.760000000000218
OPEN_LONG,3008.99,72075,3008.99,0.0
CLOSE_LONG,3010.89,72089,3008.99,1.900000000000091
OPEN_SHORT,3010.89,72089,3010.89,0.0
CLOSE_SHORT,3007.02,72123,3010.89,3.869999999999891
OPEN_LONG,3007.02,72123,3007.02,0.0
CLOSE_LONG,3020.08,72329,3007.02,13.059999999999945
OPEN_SHORT,3020.08,72329,3020.08,0.0
CLOSE_SHORT,3043.05,72391,3020.08,-22.970000000000255
OPEN_LONG,3043.05,72391,3043.05,0.0
CLOSE_LONG,3046.66,72400,3043.05,3.6099999999996726
OPEN_SHORT,3046.66,72400,3046.66,0.0
CLOSE_SHORT,3036.68,72425,3046.66,9.980000000000018
OPEN_LONG,3036.68,72425,3036.68,0.0
CLOSE_LONG,3043.82,72546,3036.68,7.140000000000327
OPEN_SHORT,3043.82,72546,3043.82,0.0
CLOSE_SHORT,3042.24,72582,3043.82,1.580000000000382
OPEN_LONG,3042.24,72582,3042.24,0.0
CLOSE_LONG,3038.15,72625,3042.24,-4.089999999999691
OPEN_SHORT,3038.15,72625,3038.15,0.0
CLOSE_SHORT,3033.31,72657,3038.15,4.8400000000001455
OPEN_LONG,3033.31,72657,3033.31,0.0
CLOSE_LONG,3032.32,72944,3033.31,-0.9899999999997817
OPEN_SHORT,3032.32,72944,3032.32,0.0
CLOSE_SHORT,3022.18,72950,3032.32,10.140000000000327
OPEN_LONG,3022.18,72950,3022.18,0.0
CLOSE_LONG,2851.13,73069,3022.18,-171.04999999999973
OPEN_SHORT,2851.13,73069,2851.13,0.0
CLOSE_SHORT,2850.02,73075,2851.13,1.1100000000001273
OPEN_LONG,2850.02,73075,2850.02,0.0
CLOSE_LONG,2852.06,73101,2850.02,2.0399999999999636
OPEN_SHORT,2852.06,73101,2852.06,0.0
CLOSE_SHORT,2850.4,73108,2852.06,1.6599999999998545
OPEN_LONG,2850.4,73108,2850.4,0.0
CLOSE_LONG,2859.11,73129,2850.4,8.710000000000036
OPEN_SHORT,2859.11,73129,2859.11,0.0
CLOSE_SHORT,2861.09,73136,2859.11,-1.9800000000000182
OPEN_LONG,2861.09,73136,2861.09,0.0
CLOSE_LONG,2869.77,73138,2861.09,8.679999999999836
OPEN_SHORT,2869.77,73138,2869.77,0.0
CLOSE_SHORT,2860.81,73144,2869.77,8.960000000000036
OPEN_LONG,2860.81,73144,2860.81,0.0
CLOSE_LONG,2854.81,73156,2860.81,-6.0
OPEN_SHORT,2854.81,73156,2854.81,0.0
CLOSE_SHORT,2838.2,73163,2854.81,16.610000000000127
OPEN_LONG,2838.2,73163,2838.2,0.0
CLOSE_LONG,2855.07,73167,2838.2,16.870000000000346
OPEN_SHORT,2855.07,73167,2855.07,0.0
CLOSE_SHORT,2837.2,73172,2855.07,17.870000000000346
OPEN_LONG,2837.2,73172,2837.2,0.0
CLOSE_LONG,2837.14,73178,2837.2,-0.05999999999994543
OPEN_SHORT,2837.14,73178,2837.14,0.0
CLOSE_SHORT,2822.6,73194,2837.14,14.539999999999964
OPEN_LONG,2822.6,73194,2822.6,0.0
CLOSE_LONG,2824.01,73199,2822.6,1.4100000000003092
OPEN_SHORT,2824.01,73199,2824.01,0.0
CLOSE_SHORT,2819.45,73223,2824.01,4.5600000000004
OPEN_LONG,2819.45,73223,2819.45,0.0
CLOSE_LONG,2829.4,73228,2819.45,9.950000000000273
OPEN_SHORT,2829.4,73228,2829.4,0.0
CLOSE_SHORT,2826.13,73232,2829.4,3.269999999999982
OPEN_LONG,2826.13,73232,2826.13,0.0
CLOSE_LONG,2819.0,73300,2826.13,-7.130000000000109
OPEN_SHORT,2819.0,73300,2819.0,0.0
CLOSE_SHORT,2812.76,73343,2819.0,6.239999999999782
OPEN_LONG,2812.76,73343,2812.76,0.0
CLOSE_LONG,2823.04,73350,2812.76,10.279999999999745
OPEN_SHORT,2823.04,73350,2823.04,0.0
CLOSE_SHORT,2823.13,73416,2823.04,-0.09000000000014552
OPEN_LONG,2823.13,73416,2823.13,0.0
CLOSE_LONG,2823.37,73438,2823.13,0.23999999999978172
OPEN_SHORT,2823.37,73438,2823.37,0.0
CLOSE_SHORT,2833.01,73496,2823.37,-9.640000000000327
OPEN_LONG,2833.01,73496,2833.01,0.0
CLOSE_LONG,2840.53,73523,2833.01,7.519999999999982
OPEN_SHORT,2840.53,73523,2840.53,0.0
CLOSE_SHORT,2832.25,73555,2840.53,8.2800000000002
OPEN_LONG,2832.25,73555,2832.25,0.0
CLOSE_LONG,2842.71,73681,2832.25,10.460000000000036
OPEN_SHORT,2842.71,73681,2842.71,0.0
CLOSE_SHORT,2838.04,73708,2842.71,4.670000000000073
OPEN_LONG,2838.04,73708,2838.04,0.0
CLOSE_LONG,2822.82,73776,2838.04,-15.2199999999998
OPEN_SHORT,2822.82,73776,2822.82,0.0
CLOSE_SHORT,2818.39,73781,2822.82,4.430000000000291
OPEN_LONG,2818.39,73781,2818.39,0.0
CLOSE_LONG,2835.96,73788,2818.39,17.570000000000164
OPEN_SHORT,2835.96,73788,2835.96,0.0
CLOSE_SHORT,2832.0,73792,2835.96,3.9600000000000364
OPEN_LONG,2832.0,73792,2832.0,0.0
CLOSE_LONG,2820.08,73849,2832.0,-11.920000000000073
OPEN_SHORT,2820.08,73849,2820.08,0.0
CLOSE_SHORT,2808.08,73852,2820.08,12.0
OPEN_LONG,2808.08,73852,2808.08,0.0
CLOSE_LONG,2820.4,73855,2808.08,12.320000000000164
OPEN_SHORT,2820.4,73855,2820.4,0.0
CLOSE_SHORT,2813.1,73862,2820.4,7.300000000000182
OPEN_LONG,2813.1,73862,2813.1,0.0
CLOSE_LONG,2816.32,73867,2813.1,3.2200000000002547
OPEN_SHORT,2816.32,73867,2816.32,0.0
CLOSE_SHORT,2805.6,73876,2816.32,10.720000000000255
OPEN_LONG,2805.6,73876,2805.6,0.0
CLOSE_LONG,2827.44,73881,2805.6,21.840000000000146
OPEN_SHORT,2827.44,73881,2827.44,0.0
CLOSE_SHORT,2817.98,73886,2827.44,9.460000000000036
OPEN_LONG,2817.98,73886,2817.98,0.0
CLOSE_LONG,2793.29,73925,2817.98,-24.690000000000055
OPEN_SHORT,2793.29,73925,2793.29,0.0
CLOSE_SHORT,2788.57,73926,2793.29,4.7199999999998
OPEN_LONG,2788.57,73926,2788.57,0.0
CLOSE_LONG,2736.47,73954,2788.57,-52.100000000000364
OPEN_SHORT,2736.47,73954,2736.47,0.0
CLOSE_SHORT,2743.25,73962,2736.47,-6.7800000000002
OPEN_LONG,2743.25,73962,2743.25,0.0
CLOSE_LONG,2733.61,73986,2743.25,-9.639999999999873
OPEN_SHORT,2733.61,73986,2733.61,0.0
CLOSE_SHORT,2726.46,73988,2733.61,7.150000000000091
OPEN_LONG,2726.46,73988,2726.46,0.0
CLOSE_LONG,2750.96,74004,2726.46,24.5
OPEN_SHORT,2750.96,74004,2750.96,0.0
CLOSE_SHORT,2744.7,74009,2750.96,6.260000000000218
OPEN_LONG,2744.7,74009,2744.7,0.0
CLOSE_LONG,2738.54,74026,2744.7,-6.1599999999998545
OPEN_SHORT,2738.54,74026,2738.54,0.0
CLOSE_SHORT,2732.72,74034,2738.54,5.820000000000164
OPEN_LONG,2732.72,74034,2732.72,0.0
CLOSE_LONG,2736.3,74044,2732.72,3.580000000000382
OPEN_SHORT,2736.3,74044,2736.3,0.0
CLOSE_SHORT,2742.25,74118,2736.3,-5.949999999999818
OPEN_LONG,2742.25,74118,2742.25,0.0
CLOSE_LONG,2733.37,74132,2742.25,-8.88000000000011
OPEN_SHORT,2733.37,74132,2733.37,0.0
CLOSE_SHORT,2745.81,74147,2733.37,-12.440000000000055
OPEN_LONG,2745.81,74147,2745.81,0.0
CLOSE_LONG,2746.5,74156,2745.81,0.6900000000000546
OPEN_SHORT,2746.5,74156,2746.5,0.0
CLOSE_SHORT,2736.89,74165,2746.5,9.610000000000127
OPEN_LONG,2736.89,74165,2736.89,0.0
CLOSE_LONG,2743.69,74168,2736.89,6.800000000000182
OPEN_SHORT,2743.69,74168,2743.69,0.0
CLOSE_SHORT,2733.56,74176,2743.69,10.13000000000011
OPEN_LONG,2733.56,74176,2733.56,0.0
CLOSE_LONG,2745.89,74180,2733.56,12.329999999999927
OPEN_SHORT,2745.89,74180,2745.89,0.0
CLOSE_SHORT,2738.91,74185,2745.89,6.980000000000018
OPEN_LONG,2738.91,74185,2738.91,0.0
CLOSE_LONG,2753.17,74208,2738.91,14.260000000000218
OPEN_SHORT,2753.17,74208,2753.17,0.0
CLOSE_SHORT,2759.18,74217,2753.17,-6.0099999999997635
OPEN_LONG,2759.18,74217,2759.18,0.0
CLOSE_LONG,2757.23,74225,2759.18,-1.949999999999818
OPEN_SHORT,2757.23,74225,2757.23,0.0
CLOSE_SHORT,2747.55,74233,2757.23,9.679999999999836
OPEN_LONG,2747.55,74233,2747.55,0.0
CLOSE_LONG,2751.31,74244,2747.55,3.7599999999997635
OPEN_SHORT,2751.31,74244,2751.31,0.0
CLOSE_SHORT,2750.86,74253,2751.31,0.4499999999998181
OPEN_LONG,2750.86,74253,2750.86,0.0
CLOSE_LONG,2763.24,74265,2750.86,12.379999999999654
OPEN_SHORT,2763.24,74265,2763.24,0.0
CLOSE_SHORT,2761.98,74277,2763.24,1.2599999999997635
OPEN_LONG,2761.98,74277,2761.98,0.0
CLOSE_LONG,2772.65,74281,2761.98,10.670000000000073
OPEN_SHORT,2772.65,74281,2772.65,0.0
CLOSE_SHORT,2785.83,74311,2772.65,-13.179999999999836
OPEN_LONG,2785.83,74311,2785.83,0.0
CLOSE_LONG,2799.2,74325,2785.83,13.36999999999989
OPEN_SHORT,2799.2,74325,2799.2,0.0
CLOSE_SHORT,2799.48,74336,2799.2,-0.2800000000002001
OPEN_LONG,2799.48,74336,2799.48,0.0
CLOSE_LONG,2796.6,74345,2799.48,-2.880000000000109
OPEN_SHORT,2796.6,74345,2796.6,0.0
CLOSE_SHORT,2795.43,74383,2796.6,1.1700000000000728
OPEN_LONG,2795.43,74383,2795.43,0.0
CLOSE_LONG,2804.48,74388,2795.43,9.050000000000182
OPEN_SHORT,2804.48,74388,2804.48,0.0
CLOSE_SHORT,2798.24,74391,2804.48,6.2400000000002365
OPEN_LONG,2798.24,74391,2798.24,0.0
CLOSE_LONG,2803.13,74402,2798.24,4.890000000000327
OPEN_SHORT,2803.13,74402,2803.13,0.0
CLOSE_SHORT,2807.57,74418,2803.13,-4.440000000000055
OPEN_LONG,2807.57,74418,2807.57,0.0
CLOSE_LONG,2798.45,74477,2807.57,-9.120000000000346
OPEN_SHORT,2798.45,74477,2798.45,0.0
CLOSE_SHORT,2793.49,74481,2798.45,4.960000000000036
OPEN_LONG,2793.49,74481,2793.49,0.0
CLOSE_LONG,2820.9,74510,2793.49,27.41000000000031
OPEN_SHORT,2820.9,74510,2820.9,0.0
CLOSE_SHORT,2809.13,74515,2820.9,11.769999999999982
OPEN_LONG,2809.13,74515,2809.13,0.0
CLOSE_LONG,2796.03,74575,2809.13,-13.099999999999909
OPEN_SHORT,2796.03,74575,2796.03,0.0
CLOSE_SHORT,2804.1,74616,2796.03,-8.069999999999709
OPEN_LONG,2804.1,74616,2804.1,0.0
CLOSE_LONG,2803.73,74667,2804.1,-0.36999999999989086
OPEN_SHORT,2803.73,74667,2803.73,0.0
CLOSE_SHORT,2803.09,74673,2803.73,0.6399999999998727
OPEN_LONG,2803.09,74673,2803.09,0.0
CLOSE_LONG,2804.62,74755,2803.09,1.5299999999997453
OPEN_SHORT,2804.62,74755,2804.62,0.0
CLOSE_SHORT,2797.08,74783,2804.62,7.539999999999964
OPEN_LONG,2797.08,74783,2797.08,0.0
CLOSE_LONG,2807.0,75055,2797.08,9.920000000000073
OPEN_SHORT,2807.0,75055,2807.0,0.0
CLOSE_SHORT,2824.96,75100,2807.0,-17.960000000000036
OPEN_LONG,2824.96,75100,2824.96,0.0
CLOSE_LONG,2828.1,75133,2824.96,3.1399999999998727
OPEN_SHORT,2828.1,75133,2828.1,0.0
CLOSE_SHORT,2818.35,75197,2828.1,9.75
OPEN_LONG,2818.35,75197,2818.35,0.0
CLOSE_LONG,2840.0,75240,2818.35,21.65000000000009
OPEN_SHORT,2840.0,75240,2840.0,0.0
CLOSE_SHORT,2835.13,75245,2840.0,4.869999999999891
OPEN_LONG,2835.13,75245,2835.13,0.0
CLOSE_LONG,2856.22,75290,2835.13,21.08999999999969
OPEN_SHORT,2856.22,75290,2856.22,0.0
CLOSE_SHORT,2855.34,75296,2856.22,0.8799999999996544
OPEN_LONG,2855.34,75296,2855.34,0.0
CLOSE_LONG,2857.63,75308,2855.34,2.2899999999999636
OPEN_SHORT,2857.63,75308,2857.63,0.0
CLOSE_SHORT,2855.58,75315,2857.63,2.050000000000182
OPEN_LONG,2855.58,75315,2855.58,0.0
CLOSE_LONG,2866.04,75318,2855.58,10.460000000000036
OPEN_SHORT,2866.04,75318,2866.04,0.0
CLOSE_SHORT,2858.23,75323,2866.04,7.809999999999945
OPEN_LONG,2858.23,75323,2858.23,0.0
CLOSE_LONG,2872.75,75326,2858.23,14.519999999999982
OPEN_SHORT,2872.75,75326,2872.75,0.0
CLOSE_SHORT,2890.06,75335,2872.75,-17.309999999999945
OPEN_LONG,2890.06,75335,2890.06,0.0
CLOSE_LONG,2894.45,75341,2890.06,4.389999999999873
OPEN_SHORT,2894.45,75341,2894.45,0.0
CLOSE_SHORT,2962.99,75371,2894.45,-68.53999999999996
OPEN_LONG,2962.99,75371,2962.99,0.0
CLOSE_LONG,2971.69,75375,2962.99,8.700000000000273
OPEN_SHORT,2971.69,75375,2971.69,0.0
CLOSE_SHORT,3002.89,75400,2971.69,-31.199999999999818
OPEN_LONG,3002.89,75400,3002.89,0.0
CLOSE_LONG,3014.67,75404,3002.89,11.7800000000002
OPEN_SHORT,3014.67,75404,3014.67,0.0
CLOSE_SHORT,3012.24,75416,3014.67,2.430000000000291
OPEN_LONG,3012.24,75416,3012.24,0.0
CLOSE_LONG,2997.0,75431,3012.24,-15.239999999999782
OPEN_SHORT,2997.0,75431,2997.0,0.0
CLOSE_SHORT,2987.87,75446,2997.0,9.13000000000011
OPEN_LONG,2987.87,75446,2987.87,0.0
CLOSE_LONG,3001.12,75456,2987.87,13.25
OPEN_SHORT,3001.12,75456,3001.12,0.0
CLOSE_SHORT,2993.91,75462,3001.12,7.210000000000036
OPEN_LONG,2993.91,75462,2993.91,0.0
CLOSE_LONG,3005.93,75481,2993.91,12.019999999999982
OPEN_SHORT,3005.93,75481,3005.93,0.0
CLOSE_SHORT,3026.2,75499,3005.93,-20.269999999999982
OPEN_LONG,3026.2,75499,3026.2,0.0
CLOSE_LONG,3026.7,75554,3026.2,0.5
OPEN_SHORT,3026.7,75554,3026.7,0.0
CLOSE_SHORT,3020.25,75562,3026.7,6.449999999999818
OPEN_LONG,3020.25,75562,3020.25,0.0
CLOSE_LONG,3017.32,75585,3020.25,-2.9299999999998363
OPEN_SHORT,3017.32,75585,3017.32,0.0
CLOSE_SHORT,3018.29,75597,3017.32,-0.9699999999997999
OPEN_LONG,3018.29,75597,3018.29,0.0
CLOSE_LONG,3005.7,75767,3018.29,-12.590000000000146
OPEN_SHORT,3005.7,75767,3005.7,0.0
CLOSE_SHORT,2999.05,75770,3005.7,6.649999999999636
OPEN_LONG,2999.05,75770,2999.05,0.0
CLOSE_LONG,3010.67,75775,2999.05,11.61999999999989
OPEN_SHORT,3010.67,75775,3010.67,0.0
CLOSE_SHORT,3009.85,75827,3010.67,0.8200000000001637
OPEN_LONG,3009.85,75827,3009.85,0.0
CLOSE_LONG,3019.09,75990,3009.85,9.240000000000236
OPEN_SHORT,3019.09,75990,3019.09,0.0
CLOSE_SHORT,3016.29,75998,3019.09,2.800000000000182
OPEN_LONG,3016.29,75998,3016.29,0.0
CLOSE_LONG,3021.0,76006,3016.29,4.710000000000036
OPEN_SHORT,3021.0,76006,3021.0,0.0
CLOSE_SHORT,3033.52,76022,3021.0,-12.519999999999982
OPEN_LONG,3033.52,76022,3033.52,0.0
CLOSE_LONG,3039.74,76026,3033.52,6.2199999999998
OPEN_SHORT,3039.74,76026,3039.74,0.0
CLOSE_SHORT,3033.41,76033,3039.74,6.329999999999927
OPEN_LONG,3033.41,76033,3033.41,0.0
CLOSE_LONG,3029.96,76080,3033.41,-3.449999999999818
OPEN_SHORT,3029.96,76080,3029.96,0.0
CLOSE_SHORT,3029.4,76124,3029.96,0.5599999999999454
OPEN_LONG,3029.4,76124,3029.4,0.0
CLOSE_LONG,3055.97,76173,3029.4,26.56999999999971
OPEN_SHORT,3055.97,76173,3055.97,0.0
CLOSE_SHORT,3058.41,76193,3055.97,-2.4400000000000546
OPEN_LONG,3058.41,76193,3058.41,0.0
CLOSE_LONG,3064.31,76231,3058.41,5.900000000000091
OPEN_SHORT,3064.31,76231,3064.31,0.0
CLOSE_SHORT,3057.36,76236,3064.31,6.949999999999818
OPEN_LONG,3057.36,76236,3057.36,0.0
CLOSE_LONG,3064.95,76245,3057.36,7.589999999999691
OPEN_SHORT,3064.95,76245,3064.95,0.0
CLOSE_SHORT,3071.14,76283,3064.95,-6.190000000000055
OPEN_LONG,3071.14,76283,3071.14,0.0
CLOSE_LONG,3062.26,76323,3071.14,-8.879999999999654
OPEN_SHORT,3062.26,76323,3062.26,0.0
CLOSE_SHORT,3057.34,76331,3062.26,4.920000000000073
OPEN_LONG,3057.34,76331,3057.34,0.0
CLOSE_LONG,3055.06,76436,3057.34,-2.2800000000002
OPEN_SHORT,3055.06,76436,3055.06,0.0
CLOSE_SHORT,3063.58,76512,3055.06,-8.519999999999982
OPEN_LONG,3063.58,76512,3063.58,0.0
CLOSE_LONG,3059.75,76533,3063.58,-3.8299999999999272
OPEN_SHORT,3059.75,76533,3059.75,0.0
CLOSE_SHORT,3056.0,76538,3059.75,3.75
OPEN_LONG,3056.0,76538,3056.0,0.0
CLOSE_LONG,3059.99,76562,3056.0,3.9899999999997817
OPEN_SHORT,3059.99,76562,3059.99,0.0
CLOSE_SHORT,3071.04,76596,3059.99,-11.050000000000182
OPEN_LONG,3071.04,76596,3071.04,0.0
CLOSE_LONG,3083.15,76651,3071.04,12.110000000000127
OPEN_SHORT,3083.15,76651,3083.15,0.0
CLOSE_SHORT,3087.76,76683,3083.15,-4.610000000000127
OPEN_LONG,3087.76,76683,3087.76,0.0
CLOSE_LONG,3092.22,76697,3087.76,4.459999999999582
OPEN_SHORT,3092.22,76697,3092.22,0.0
CLOSE_SHORT,3087.67,76720,3092.22,4.549999999999727
OPEN_LONG,3087.67,76720,3087.67,0.0
CLOSE_LONG,3046.05,76731,3087.67,-41.61999999999989
OPEN_SHORT,3046.05,76731,3046.05,0.0
CLOSE_SHORT,3052.28,76733,3046.05,-6.230000000000018
OPEN_LONG,3052.28,76733,3052.28,0.0
CLOSE_LONG,3056.32,76734,3052.28,4.039999999999964
OPEN_SHORT,3056.32,76734,3056.32,0.0
CLOSE_SHORT,3047.25,76736,3056.32,9.070000000000164
OPEN_LONG,3047.25,76736,3047.25,0.0
CLOSE_LONG,3068.0,76740,3047.25,20.75
OPEN_SHORT,3068.0,76740,3068.0,0.0
CLOSE_SHORT,3055.66,76742,3068.0,12.340000000000146
OPEN_LONG,3055.66,76742,3055.66,0.0
CLOSE_LONG,3069.96,76747,3055.66,14.300000000000182
OPEN_SHORT,3069.96,76747,3069.96,0.0
CLOSE_SHORT,3063.72,76752,3069.96,6.2400000000002365
OPEN_LONG,3063.72,76752,3063.72,0.0
CLOSE_LONG,3086.73,76760,3063.72,23.01000000000022
OPEN_SHORT,3086.73,76760,3086.73,0.0
CLOSE_SHORT,3111.14,76769,3086.73,-24.409999999999854
OPEN_LONG,3111.14,76769,3111.14,0.0
CLOSE_LONG,3085.44,76779,3111.14,-25.699999999999818
OPEN_SHORT,3085.44,76779,3085.44,0.0
CLOSE_SHORT,3074.64,76781,3085.44,10.800000000000182
OPEN_LONG,3074.64,76781,3074.64,0.0
CLOSE_LONG,3101.99,76785,3074.64,27.34999999999991
OPEN_SHORT,3101.99,76785,3101.99,0.0
CLOSE_SHORT,3087.19,76790,3101.99,14.799999999999727
OPEN_LONG,3087.19,76790,3087.19,0.0
CLOSE_LONG,3075.81,76808,3087.19,-11.38000000000011
OPEN_SHORT,3075.81,76808,3075.81,0.0
CLOSE_SHORT,3073.01,76811,3075.81,2.799999999999727
OPEN_LONG,3073.01,76811,3073.01,0.0
CLOSE_LONG,3087.61,76830,3073.01,14.599999999999909
OPEN_SHORT,3087.61,76830,3087.61,0.0
CLOSE_SHORT,3080.77,76836,3087.61,6.8400000000001455
OPEN_LONG,3080.77,76836,3080.77,0.0
CLOSE_LONG,3088.85,76842,3080.77,8.079999999999927
OPEN_SHORT,3088.85,76842,3088.85,0.0
CLOSE_SHORT,3078.65,76848,3088.85,10.199999999999818
OPEN_LONG,3078.65,76848,3078.65,0.0
CLOSE_LONG,3074.34,76858,3078.65,-4.309999999999945
OPEN_SHORT,3074.34,76858,3074.34,0.0
CLOSE_SHORT,3075.17,76866,3074.34,-0.8299999999999272
OPEN_LONG,3075.17,76866,3075.17,0.0
CLOSE_LONG,3089.72,76873,3075.17,14.549999999999727
OPEN_SHORT,3089.72,76873,3089.72,0.0
CLOSE_SHORT,3101.33,76885,3089.72,-11.610000000000127
OPEN_LONG,3101.33,76885,3101.33,0.0
CLOSE_LONG,3096.74,76904,3101.33,-4.5900000000001455
OPEN_SHORT,3096.74,76904,3096.74,0.0
CLOSE_SHORT,3094.36,76920,3096.74,2.3799999999996544
OPEN_LONG,3094.36,76920,3094.36,0.0
CLOSE_LONG,3113.09,76939,3094.36,18.730000000000018
OPEN_SHORT,3113.09,76939,3113.09,0.0
CLOSE_SHORT,3120.26,76978,3113.09,-7.170000000000073
OPEN_LONG,3120.26,76978,3120.26,0.0
CLOSE_LONG,3129.37,76990,3120.26,9.109999999999673
OPEN_SHORT,3129.37,76990,3129.37,0.0
CLOSE_SHORT,3132.08,77009,3129.37,-2.7100000000000364
OPEN_LONG,3132.08,77009,3132.08,0.0
CLOSE_LONG,3116.39,77023,3132.08,-15.690000000000055
OPEN_SHORT,3116.39,77023,3116.39,0.0
CLOSE_SHORT,3117.52,77035,3116.39,-1.1300000000001091
OPEN_LONG,3117.52,77035,3117.52,0.0
CLOSE_LONG,3122.47,77042,3117.52,4.949999999999818
OPEN_SHORT,3122.47,77042,3122.47,0.0
CLOSE_SHORT,3117.88,77047,3122.47,4.589999999999691
OPEN_LONG,3117.88,77047,3117.88,0.0
CLOSE_LONG,3152.4,77134,3117.88,34.51999999999998
OPEN_SHORT,3152.4,77134,3152.4,0.0
CLOSE_SHORT,3139.96,77139,3152.4,12.440000000000055
OPEN_LONG,3139.96,77139,3139.96,0.0
CLOSE_LONG,3139.5,77147,3139.96,-0.4600000000000364
OPEN_SHORT,3139.5,77147,3139.5,0.0
CLOSE_SHORT,3142.49,77153,3139.5,-2.9899999999997817
OPEN_LONG,3142.49,77153,3142.49,0.0
CLOSE_LONG,3151.46,77157,3142.49,8.970000000000255
OPEN_SHORT,3151.46,77157,3151.46,0.0
CLOSE_SHORT,3150.84,77204,3151.46,0.6199999999998909
OPEN_LONG,3150.84,77204,3150.84,0.0
CLOSE_LONG,3157.32,77209,3150.84,6.480000000000018
OPEN_SHORT,3157.32,77209,3157.32,0.0
CLOSE_SHORT,3155.29,77229,3157.32,2.0300000000002
OPEN_LONG,3155.29,77229,3155.29,0.0
CLOSE_LONG,3163.14,77231,3155.29,7.849999999999909
OPEN_SHORT,3163.14,77231,3163.14,0.0
CLOSE_SHORT,3179.41,77254,3163.14,-16.269999999999982
OPEN_LONG,3179.41,77254,3179.41,0.0
CLOSE_LONG,3186.33,77258,3179.41,6.920000000000073
OPEN_SHORT,3186.33,77258,3186.33,0.0
CLOSE_SHORT,3199.08,77267,3186.33,-12.75
OPEN_LONG,3199.08,77267,3199.08,0.0
CLOSE_LONG,3192.81,77326,3199.08,-6.269999999999982
OPEN_SHORT,3192.81,77326,3192.81,0.0
CLOSE_SHORT,3178.08,77333,3192.81,14.730000000000018
OPEN_LONG,3178.08,77333,3178.08,0.0
CLOSE_LONG,3184.01,77339,3178.08,5.930000000000291
OPEN_SHORT,3184.01,77339,3184.01,0.0
CLOSE_SHORT,3182.09,77350,3184.01,1.9200000000000728
OPEN_LONG,3182.09,77350,3182.09,0.0
CLOSE_LONG,3193.08,77363,3182.09,10.989999999999782
OPEN_SHORT,3193.08,77363,3193.08,0.0
CLOSE_SHORT,3193.15,77368,3193.08,-0.07000000000016371
OPEN_LONG,3193.15,77368,3193.15,0.0
CLOSE_LONG,3212.91,77392,3193.15,19.759999999999764
OPEN_SHORT,3212.91,77392,3212.91,0.0
CLOSE_SHORT,3218.56,77398,3212.91,-5.650000000000091
OPEN_LONG,3218.56,77398,3218.56,0.0
CLOSE_LONG,3211.39,77453,3218.56,-7.170000000000073
OPEN_SHORT,3211.39,77453,3211.39,0.0
CLOSE_SHORT,3212.06,77465,3211.39,-0.6700000000000728
OPEN_LONG,3212.06,77465,3212.06,0.0
CLOSE_LONG,3214.33,77468,3212.06,2.269999999999982
OPEN_SHORT,3214.33,77468,3214.33,0.0
CLOSE_SHORT,3206.64,77472,3214.33,7.690000000000055
OPEN_LONG,3206.64,77472,3206.64,0.0
CLOSE_LONG,3215.72,77476,3206.64,9.079999999999927
OPEN_SHORT,3215.72,77476,3215.72,0.0
CLOSE_SHORT,3216.4,77491,3215.72,-0.680000000000291
OPEN_LONG,3216.4,77491,3216.4,0.0
CLOSE_LONG,3209.47,77714,3216.4,-6.930000000000291
OPEN_SHORT,3209.47,77714,3209.47,0.0
CLOSE_SHORT,3204.6,77727,3209.47,4.869999999999891
OPEN_LONG,3204.6,77727,3204.6,0.0
CLOSE_LONG,3195.3,77759,3204.6,-9.299999999999727
OPEN_SHORT,3195.3,77759,3195.3,0.0
CLOSE_SHORT,3194.14,77765,3195.3,1.1600000000003092
OPEN_LONG,3194.14,77765,3194.14,0.0
CLOSE_LONG,3173.14,78124,3194.14,-21.0
OPEN_SHORT,3173.14,78124,3173.14,0.0
CLOSE_SHORT,3182.47,78131,3173.14,-9.329999999999927
OPEN_LONG,3182.47,78131,3182.47,0.0
CLOSE_LONG,3180.14,78142,3182.47,-2.3299999999999272
OPEN_SHORT,3180.14,78142,3180.14,0.0
CLOSE_SHORT,3171.15,78146,3180.14,8.989999999999782
OPEN_LONG,3171.15,78146,3171.15,0.0
CLOSE_LONG,3177.6,78169,3171.15,6.449999999999818
OPEN_SHORT,3177.6,78169,3177.6,0.0
CLOSE_SHORT,3169.99,78191,3177.6,7.610000000000127
OPEN_LONG,3169.99,78191,3169.99,0.0
CLOSE_LONG,3181.84,78196,3169.99,11.850000000000364
OPEN_SHORT,3181.84,78196,3181.84,0.0
CLOSE_SHORT,3155.34,78211,3181.84,26.5
OPEN_LONG,3155.34,78211,3155.34,0.0
CLOSE_LONG,3152.0,78222,3155.34,-3.3400000000001455
OPEN_SHORT,3152.0,78222,3152.0,0.0
CLOSE_SHORT,3164.06,78245,3152.0,-12.059999999999945
OPEN_LONG,3164.06,78245,3164.06,0.0
CLOSE_LONG,3169.68,78250,3164.06,5.619999999999891
OPEN_SHORT,3169.68,78250,3169.68,0.0
CLOSE_SHORT,3197.73,78267,3169.68,-28.050000000000182
OPEN_LONG,3197.73,78267,3197.73,0.0
CLOSE_LONG,3206.07,78272,3197.73,8.340000000000146
OPEN_SHORT,3206.07,78272,3206.07,0.0
CLOSE_SHORT,3199.33,78282,3206.07,6.7400000000002365
OPEN_LONG,3199.33,78282,3199.33,0.0
CLOSE_LONG,3201.03,78289,3199.33,1.7000000000002728
OPEN_SHORT,3201.03,78289,3201.03,0.0
CLOSE_SHORT,3194.17,78294,3201.03,6.860000000000127
OPEN_LONG,3194.17,78294,3194.17,0.0
CLOSE_LONG,3212.3,78299,3194.17,18.13000000000011
OPEN_SHORT,3212.3,78299,3212.3,0.0
CLOSE_SHORT,3208.39,78309,3212.3,3.9100000000003092
OPEN_LONG,3208.39,78309,3208.39,0.0
CLOSE_LONG,3184.15,78327,3208.39,-24.23999999999978
OPEN_SHORT,3184.15,78327,3184.15,0.0
CLOSE_SHORT,3168.63,78329,3184.15,15.519999999999982
OPEN_LONG,3168.63,78329,3168.63,0.0
CLOSE_LONG,3171.74,78340,3168.63,3.1099999999996726
OPEN_SHORT,3171.74,78340,3171.74,0.0
CLOSE_SHORT,3163.04,78345,3171.74,8.699999999999818
OPEN_LONG,3163.04,78345,3163.04,0.0
CLOSE_LONG,3162.85,78424,3163.04,-0.19000000000005457
OPEN_SHORT,3162.85,78424,3162.85,0.0
CLOSE_SHORT,3153.32,78427,3162.85,9.529999999999745
OPEN_LONG,3153.32,78427,3153.32,0.0
CLOSE_LONG,3144.16,78450,3153.32,-9.16000000000031
OPEN_SHORT,3144.16,78450,3144.16,0.0
CLOSE_SHORT,3132.49,78455,3144.16,11.670000000000073
OPEN_LONG,3132.49,78455,3132.49,0.0
CLOSE_LONG,3138.83,78460,3132.49,6.3400000000001455
OPEN_SHORT,3138.83,78460,3138.83,0.0
CLOSE_SHORT,3127.05,78463,3138.83,11.779999999999745
OPEN_LONG,3127.05,78463,3127.05,0.0
CLOSE_LONG,3078.8,78485,3127.05,-48.25
OPEN_SHORT,3078.8,78485,3078.8,0.0
CLOSE_SHORT,3112.59,78526,3078.8,-33.789999999999964
OPEN_LONG,3112.59,78526,3112.59,0.0
CLOSE_LONG,3115.56,78533,3112.59,2.9699999999998
OPEN_SHORT,3115.56,78533,3115.56,0.0
CLOSE_SHORT,3113.37,78535,3115.56,2.1900000000000546
OPEN_LONG,3113.37,78535,3113.37,0.0
CLOSE_LONG,3121.79,78547,3113.37,8.420000000000073
OPEN_SHORT,3121.79,78547,3121.79,0.0
CLOSE_SHORT,3114.88,78549,3121.79,6.9099999999998545
OPEN_LONG,3114.88,78549,3114.88,0.0
CLOSE_LONG,3133.8,78565,3114.88,18.920000000000073
OPEN_SHORT,3133.8,78565,3133.8,0.0
CLOSE_SHORT,3133.29,78624,3133.8,0.5100000000002183
OPEN_LONG,3133.29,78624,3133.29,0.0
CLOSE_LONG,3133.37,78642,3133.29,0.07999999999992724
OPEN_SHORT,3133.37,78642,3133.37,0.0
CLOSE_SHORT,3139.56,78687,3133.37,-6.190000000000055
OPEN_LONG,3139.56,78687,3139.56,0.0
CLOSE_LONG,3133.96,78750,3139.56,-5.599999999999909
OPEN_SHORT,3133.96,78750,3133.96,0.0
CLOSE_SHORT,3132.59,78773,3133.96,1.3699999999998909
OPEN_LONG,3132.59,78773,3132.59,0.0
CLOSE_LONG,3148.55,78783,3132.59,15.960000000000036
OPEN_SHORT,3148.55,78783,3148.55,0.0
CLOSE_SHORT,3146.02,78788,3148.55,2.5300000000002
OPEN_LONG,3146.02,78788,3146.02,0.0
CLOSE_LONG,3154.47,78826,3146.02,8.449999999999818
OPEN_SHORT,3154.47,78826,3154.47,0.0
CLOSE_SHORT,3148.63,78834,3154.47,5.839999999999691
OPEN_LONG,3148.63,78834,3148.63,0.0
CLOSE_LONG,3157.01,78838,3148.63,8.38000000000011
OPEN_SHORT,3157.01,78838,3157.01,0.0
CLOSE_SHORT,3181.72,78954,3157.01,-24.70999999999958
OPEN_LONG,3181.72,78954,3181.72,0.0
CLOSE_LONG,3173.44,79001,3181.72,-8.279999999999745
OPEN_SHORT,3173.44,79001,3173.44,0.0
CLOSE_SHORT,3174.99,79017,3173.44,-1.5499999999997272
OPEN_LONG,3174.99,79017,3174.99,0.0
CLOSE_LONG,3175.01,79187,3174.99,0.020000000000436557
OPEN_SHORT,3175.01,79187,3175.01,0.0
CLOSE_SHORT,3167.99,79242,3175.01,7.020000000000437
OPEN_LONG,3167.99,79242,3167.99,0.0
CLOSE_LONG,3139.76,79384,3167.99,-28.229999999999563
OPEN_SHORT,3139.76,79384,3139.76,0.0
CLOSE_SHORT,3135.4,79407,3139.76,4.360000000000127
OPEN_LONG,3135.4,79407,3135.4,0.0
CLOSE_LONG,3138.57,79424,3135.4,3.1700000000000728
OPEN_SHORT,3138.57,79424,3138.57,0.0
CLOSE_SHORT,3125.1,79443,3138.57,13.470000000000255
OPEN_LONG,3125.1,79443,3125.1,0.0
CLOSE_LONG,3127.7,79448,3125.1,2.599999999999909
OPEN_SHORT,3127.7,79448,3127.7,0.0
CLOSE_SHORT,3112.88,79453,3127.7,14.819999999999709
OPEN_LONG,3112.88,79453,3112.88,0.0
CLOSE_LONG,3117.98,79458,3112.88,5.099999999999909
OPEN_SHORT,3117.98,79458,3117.98,0.0
CLOSE_SHORT,3124.33,79490,3117.98,-6.349999999999909
OPEN_LONG,3124.33,79490,3124.33,0.0
CLOSE_LONG,3128.58,79548,3124.33,4.25
OPEN_SHORT,3128.58,79548,3128.58,0.0
CLOSE_SHORT,3123.4,79553,3128.58,5.179999999999836
OPEN_LONG,3123.4,79553,3123.4,0.0
CLOSE_LONG,3128.37,79559,3123.4,4.9699999999998
OPEN_SHORT,3128.37,79559,3128.37,0.0
CLOSE_SHORT,3115.02,79567,3128.37,13.349999999999909
OPEN_LONG,3115.02,79567,3115.02,0.0
CLOSE_LONG,3113.72,79576,3115.02,-1.300000000000182
OPEN_SHORT,3113.72,79576,3113.72,0.0
CLOSE_SHORT,3105.19,79578,3113.72,8.529999999999745
OPEN_LONG,3105.19,79578,3105.19,0.0
CLOSE_LONG,3102.63,79591,3105.19,-2.5599999999999454
OPEN_SHORT,3102.63,79591,3102.63,0.0
CLOSE_SHORT,3097.66,79598,3102.63,4.970000000000255
OPEN_LONG,3097.66,79598,3097.66,0.0
CLOSE_LONG,3111.3,79609,3097.66,13.640000000000327
OPEN_SHORT,3111.3,79609,3111.3,0.0
CLOSE_SHORT,3099.14,79612,3111.3,12.16000000000031
OPEN_LONG,3099.14,79612,3099.14,0.0
CLOSE_LONG,3110.13,79632,3099.14,10.990000000000236
OPEN_SHORT,3110.13,79632,3110.13,0.0
CLOSE_SHORT,3101.71,79635,3110.13,8.420000000000073
OPEN_LONG,3101.71,79635,3101.71,0.0
CLOSE_LONG,3103.15,79644,3101.71,1.4400000000000546
OPEN_SHORT,3103.15,79644,3103.15,0.0
CLOSE_SHORT,3091.62,79646,3103.15,11.5300000000002
OPEN_LONG,3091.62,79646,3091.62,0.0
CLOSE_LONG,3100.97,79652,3091.62,9.349999999999909
OPEN_SHORT,3100.97,79652,3100.97,0.0
CLOSE_SHORT,3130.73,79668,3100.97,-29.76000000000022
OPEN_LONG,3130.73,79668,3130.73,0.0
CLOSE_LONG,3139.35,79672,3130.73,8.61999999999989
OPEN_SHORT,3139.35,79672,3139.35,0.0
CLOSE_SHORT,3129.87,79677,3139.35,9.480000000000018
OPEN_LONG,3129.87,79677,3129.87,0.0
CLOSE_LONG,3135.42,79682,3129.87,5.550000000000182
OPEN_SHORT,3135.42,79682,3135.42,0.0
CLOSE_SHORT,3132.73,79697,3135.42,2.6900000000000546
OPEN_LONG,3132.73,79697,3132.73,0.0
CLOSE_LONG,3066.6,79739,3132.73,-66.13000000000011
OPEN_SHORT,3066.6,79739,3066.6,0.0
CLOSE_SHORT,3065.01,79746,3066.6,1.5899999999996908
OPEN_LONG,3065.01,79746,3065.01,0.0
CLOSE_LONG,3024.86,79773,3065.01,-40.15000000000009
OPEN_SHORT,3024.86,79773,3024.86,0.0
CLOSE_SHORT,3029.19,79781,3024.86,-4.329999999999927
OPEN_LONG,3029.19,79781,3029.19,0.0
CLOSE_LONG,3021.99,79824,3029.19,-7.200000000000273
OPEN_SHORT,3021.99,79824,3021.99,0.0
CLOSE_SHORT,3028.24,79836,3021.99,-6.25
OPEN_LONG,3028.24,79836,3028.24,0.0
CLOSE_LONG,3038.28,79844,3028.24,10.040000000000418
OPEN_SHORT,3038.28,79844,3038.28,0.0
CLOSE_SHORT,3049.99,79852,3038.28,-11.709999999999582
OPEN_LONG,3049.99,79852,3049.99,0.0
CLOSE_LONG,3030.01,79869,3049.99,-19.979999999999563
OPEN_SHORT,3030.01,79869,3030.01,0.0
CLOSE_SHORT,3018.39,79877,3030.01,11.620000000000346
OPEN_LONG,3018.39,79877,3018.39,0.0
CLOSE_LONG,3010.55,79885,3018.39,-7.839999999999691
OPEN_SHORT,3010.55,79885,3010.55,0.0
CLOSE_SHORT,3006.68,79893,3010.55,3.8700000000003456
OPEN_LONG,3006.68,79893,3006.68,0.0
CLOSE_LONG,3006.49,79896,3006.68,-0.19000000000005457
OPEN_SHORT,3006.49,79896,3006.49,0.0
CLOSE_SHORT,2988.89,79899,3006.49,17.59999999999991
OPEN_LONG,2988.89,79899,2988.89,0.0
CLOSE_LONG,2992.38,79904,2988.89,3.4900000000002365
OPEN_SHORT,2992.38,79904,2992.38,0.0
CLOSE_SHORT,3025.69,79946,2992.38,-33.309999999999945
OPEN_LONG,3025.69,79946,3025.69,0.0
CLOSE_LONG,3044.62,79956,3025.69,18.929999999999836
OPEN_SHORT,3044.62,79956,3044.62,0.0
CLOSE_SHORT,3034.31,79960,3044.62,10.309999999999945
OPEN_LONG,3034.31,79960,3034.31,0.0
CLOSE_LONG,3039.12,79974,3034.31,4.809999999999945
OPEN_SHORT,3039.12,79974,3039.12,0.0
CLOSE_SHORT,3037.19,79987,3039.12,1.9299999999998363
OPEN_LONG,3037.19,79987,3037.19,0.0
CLOSE_LONG,3023.8,80015,3037.19,-13.389999999999873
OPEN_SHORT,3023.8,80015,3023.8,0.0
CLOSE_SHORT,3026.1,80043,3023.8,-2.299999999999727
OPEN_LONG,3026.1,80043,3026.1,0.0
CLOSE_LONG,3027.28,80117,3026.1,1.180000000000291
OPEN_SHORT,3027.28,80117,3027.28,0.0
CLOSE_SHORT,3019.45,80140,3027.28,7.830000000000382
OPEN_LONG,3019.45,80140,3019.45,0.0
CLOSE_LONG,3022.45,80187,3019.45,3.0
OPEN_SHORT,3022.45,80187,3022.45,0.0
CLOSE_SHORT,3011.93,80219,3022.45,10.519999999999982
OPEN_LONG,3011.93,80219,3011.93,0.0
CLOSE_LONG,3029.0,80267,3011.93,17.070000000000164
OPEN_SHORT,3029.0,80267,3029.0,0.0
CLOSE_SHORT,3022.73,80284,3029.0,6.269999999999982
OPEN_LONG,3022.73,80284,3022.73,0.0
CLOSE_LONG,3038.8,80384,3022.73,16.070000000000164
OPEN_SHORT,3038.8,80384,3038.8,0.0
CLOSE_SHORT,3036.98,80395,3038.8,1.8200000000001637
OPEN_LONG,3036.98,80395,3036.98,0.0
CLOSE_LONG,3032.86,80841,3036.98,-4.119999999999891
OPEN_SHORT,3032.86,80841,3032.86,0.0
CLOSE_SHORT,3033.34,80930,3032.86,-0.4800000000000182
OPEN_LONG,3033.34,80930,3033.34,0.0
CLOSE_LONG,3048.88,81053,3033.34,15.539999999999964
OPEN_SHORT,3048.88,81053,3048.88,0.0
CLOSE_SHORT,3048.72,81060,3048.88,0.16000000000030923
OPEN_LONG,3048.72,81060,3048.72,0.0
CLOSE_LONG,3047.99,81068,3048.72,-0.7300000000000182
OPEN_SHORT,3047.99,81068,3047.99,0.0
CLOSE_SHORT,3047.72,81100,3047.99,0.2699999999999818
OPEN_LONG,3047.72,81100,3047.72,0.0
CLOSE_LONG,3037.79,81129,3047.72,-9.929999999999836
OPEN_SHORT,3037.79,81129,3037.79,0.0
CLOSE_SHORT,3033.61,81134,3037.79,4.179999999999836
OPEN_LONG,3033.61,81134,3033.61,0.0
CLOSE_LONG,3042.71,81138,3033.61,9.099999999999909
OPEN_SHORT,3042.71,81138,3042.71,0.0
CLOSE_SHORT,3048.38,81171,3042.71,-5.670000000000073
OPEN_LONG,3048.38,81171,3048.38,0.0
CLOSE_LONG,3053.29,81244,3048.38,4.9099999999998545
OPEN_SHORT,3053.29,81244,3053.29,0.0
CLOSE_SHORT,3049.4,81280,3053.29,3.8899999999998727
OPEN_LONG,3049.4,81280,3049.4,0.0
CLOSE_LONG,3041.3,81474,3049.4,-8.099999999999909
OPEN_SHORT,3041.3,81474,3041.3,0.0
CLOSE_SHORT,3040.53,81570,3041.3,0.7699999999999818
OPEN_LONG,3040.53,81570,3040.53,0.0
CLOSE_LONG,3044.59,81709,3040.53,4.059999999999945
OPEN_SHORT,3044.59,81709,3044.59,0.0
CLOSE_SHORT,3048.26,81850,3044.59,-3.6700000000000728
OPEN_LONG,3048.26,81850,3048.26,0.0
CLOSE_LONG,3032.04,82208,3048.26,-16.220000000000255
OPEN_SHORT,3032.04,82208,3032.04,0.0
CLOSE_SHORT,3029.14,82268,3032.04,2.900000000000091
OPEN_LONG,3029.14,82268,3029.14,0.0
CLOSE_LONG,3040.0,82329,3029.14,10.860000000000127
OPEN_SHORT,3040.0,82329,3040.0,0.0
CLOSE_SHORT,3040.29,82426,3040.0,-0.2899999999999636
OPEN_LONG,3040.29,82426,3040.29,0.0
CLOSE_LONG,2955.41,82512,3040.29,-84.88000000000011
OPEN_SHORT,2955.41,82512,2955.41,0.0
CLOSE_SHORT,2940.61,82516,2955.41,14.799999999999727
OPEN_LONG,2940.61,82516,2940.61,0.0
CLOSE_LONG,2953.12,82543,2940.61,12.509999999999764
OPEN_SHORT,2953.12,82543,2953.12,0.0
CLOSE_SHORT,2955.4,82552,2953.12,-2.2800000000002
OPEN_LONG,2955.4,82552,2955.4,0.0
CLOSE_LONG,2963.0,82569,2955.4,7.599999999999909
OPEN_SHORT,2963.0,82569,2963.0,0.0
CLOSE_SHORT,2975.41,82578,2963.0,-12.409999999999854
OPEN_LONG,2975.41,82578,2975.41,0.0
CLOSE_LONG,2987.35,82589,2975.41,11.940000000000055
OPEN_SHORT,2987.35,82589,2987.35,0.0
CLOSE_SHORT,3011.4,82598,2987.35,-24.050000000000182
OPEN_LONG,3011.4,82598,3011.4,0.0
CLOSE_LONG,3004.88,82610,3011.4,-6.519999999999982
OPEN_SHORT,3004.88,82610,3004.88,0.0
CLOSE_SHORT,3111.59,82695,3004.88,-106.71000000000004
OPEN_LONG,3111.59,82695,3111.59,0.0
CLOSE_LONG,3113.88,82699,3111.59,2.2899999999999636
OPEN_SHORT,3113.88,82699,3113.88,0.0
CLOSE_SHORT,3120.64,82728,3113.88,-6.7599999999997635
OPEN_LONG,3120.64,82728,3120.64,0.0
CLOSE_LONG,3133.79,82734,3120.64,13.150000000000091
OPEN_SHORT,3133.79,82734,3133.79,0.0
CLOSE_SHORT,3135.51,82750,3133.79,-1.7200000000002547
OPEN_LONG,3135.51,82750,3135.51,0.0
CLOSE_LONG,3128.13,82929,3135.51,-7.380000000000109
OPEN_SHORT,3128.13,82929,3128.13,0.0
CLOSE_SHORT,3121.04,82933,3128.13,7.0900000000001455
OPEN_LONG,3121.04,82933,3121.04,0.0
CLOSE_LONG,3055.78,82967,3121.04,-65.25999999999976
OPEN_SHORT,3055.78,82967,3055.78,0.0
CLOSE_SHORT,3039.37,82969,3055.78,16.41000000000031
OPEN_LONG,3039.37,82969,3039.37,0.0
CLOSE_LONG,3044.38,83063,3039.37,5.010000000000218
OPEN_SHORT,3044.38,83063,3044.38,0.0
CLOSE_SHORT,3047.62,83088,3044.38,-3.2399999999997817
OPEN_LONG,3047.62,83088,3047.62,0.0
CLOSE_LONG,3055.8,83099,3047.62,8.180000000000291
OPEN_SHORT,3055.8,83099,3055.8,0.0
CLOSE_SHORT,3059.22,83121,3055.8,-3.419999999999618
OPEN_LONG,3059.22,83121,3059.22,0.0
CLOSE_LONG,3066.04,83126,3059.22,6.820000000000164
OPEN_SHORT,3066.04,83126,3066.04,0.0
CLOSE_SHORT,3116.94,83178,3066.04,-50.90000000000009
OPEN_LONG,3116.94,83178,3116.94,0.0
CLOSE_LONG,3098.6,83235,3116.94,-18.340000000000146
OPEN_SHORT,3098.6,83235,3098.6,0.0
CLOSE_SHORT,3103.54,83258,3098.6,-4.940000000000055
OPEN_LONG,3103.54,83258,3103.54,0.0
CLOSE_LONG,3117.87,83340,3103.54,14.329999999999927
OPEN_SHORT,3117.87,83340,3117.87,0.0
CLOSE_SHORT,3125.25,83353,3117.87,-7.380000000000109
OPEN_LONG,3125.25,83353,3125.25,0.0
CLOSE_LONG,3128.83,83372,3125.25,3.5799999999999272
OPEN_SHORT,3128.83,83372,3128.83,0.0
CLOSE_SHORT,3122.82,83377,3128.83,6.0099999999997635
OPEN_LONG,3122.82,83377,3122.82,0.0
CLOSE_LONG,3132.8,83395,3122.82,9.980000000000018
OPEN_SHORT,3132.8,83395,3132.8,0.0
CLOSE_SHORT,3123.01,83457,3132.8,9.789999999999964
OPEN_LONG,3123.01,83457,3123.01,0.0
CLOSE_LONG,3134.91,83473,3123.01,11.899999999999636
OPEN_SHORT,3134.91,83473,3134.91,0.0
CLOSE_SHORT,3128.42,83493,3134.91,6.489999999999782
OPEN_LONG,3128.42,83493,3128.42,0.0
CLOSE_LONG,3144.71,83610,3128.42,16.289999999999964
OPEN_SHORT,3144.71,83610,3144.71,0.0
CLOSE_SHORT,3166.59,83625,3144.71,-21.88000000000011
OPEN_LONG,3166.59,83625,3166.59,0.0
CLOSE_LONG,3162.91,83651,3166.59,-3.680000000000291
OPEN_SHORT,3162.91,83651,3162.91,0.0
CLOSE_SHORT,3158.43,83657,3162.91,4.480000000000018
OPEN_LONG,3158.43,83657,3158.43,0.0
CLOSE_LONG,3159.05,83710,3158.43,0.6200000000003456
OPEN_SHORT,3159.05,83710,3159.05,0.0
CLOSE_SHORT,3154.66,83736,3159.05,4.390000000000327
OPEN_LONG,3154.66,83736,3154.66,0.0
CLOSE_LONG,3155.58,83866,3154.66,0.9200000000000728
OPEN_SHORT,3155.58,83866,3155.58,0.0
CLOSE_SHORT,3146.23,83870,3155.58,9.349999999999909
OPEN_LONG,3146.23,83870,3146.23,0.0
CLOSE_LONG,3149.95,83899,3146.23,3.7199999999998
OPEN_SHORT,3149.95,83899,3149.95,0.0
CLOSE_SHORT,3146.49,83906,3149.95,3.4600000000000364
OPEN_LONG,3146.49,83906,3146.49,0.0
CLOSE_LONG,3148.84,83920,3146.49,2.350000000000364
OPEN_SHORT,3148.84,83920,3148.84,0.0
CLOSE_SHORT,3144.05,83937,3148.84,4.789999999999964
OPEN_LONG,3144.05,83937,3144.05,0.0
CLOSE_LONG,3144.98,83945,3144.05,0.9299999999998363
OPEN_SHORT,3144.98,83945,3144.98,0.0
CLOSE_SHORT,3139.64,83951,3144.98,5.3400000000001455
OPEN_LONG,3139.64,83951,3139.64,0.0
CLOSE_LONG,3155.06,83958,3139.64,15.420000000000073
OPEN_SHORT,3155.06,83958,3155.06,0.0
CLOSE_SHORT,3156.37,83964,3155.06,-1.3099999999999454
OPEN_LONG,3156.37,83964,3156.37,0.0
CLOSE_LONG,3162.0,83968,3156.37,5.630000000000109
OPEN_SHORT,3162.0,83968,3162.0,0.0
CLOSE_SHORT,3140.97,83971,3162.0,21.0300000000002
OPEN_LONG,3140.97,83971,3140.97,0.0
CLOSE_LONG,3137.57,83979,3140.97,-3.399999999999636
OPEN_SHORT,3137.57,83979,3137.57,0.0
CLOSE_SHORT,3122.69,83983,3137.57,14.88000000000011
OPEN_LONG,3122.69,83983,3122.69,0.0
CLOSE_LONG,3115.75,84056,3122.69,-6.940000000000055
OPEN_SHORT,3115.75,84056,3115.75,0.0
CLOSE_SHORT,3117.24,84061,3115.75,-1.4899999999997817
OPEN_LONG,3117.24,84061,3117.24,0.0
CLOSE_LONG,3127.7,84067,3117.24,10.460000000000036
OPEN_SHORT,3127.7,84067,3127.7,0.0
CLOSE_SHORT,3119.46,84070,3127.7,8.239999999999782
OPEN_LONG,3119.46,84070,3119.46,0.0
CLOSE_LONG,3117.97,84100,3119.46,-1.4900000000002365
OPEN_SHORT,3117.97,84100,3117.97,0.0
CLOSE_SHORT,3102.34,84119,3117.97,15.629999999999654
OPEN_LONG,3102.34,84119,3102.34,0.0
CLOSE_LONG,3104.85,84124,3102.34,2.5099999999997635
OPEN_SHORT,3104.85,84124,3104.85,0.0
CLOSE_SHORT,3122.13,84179,3104.85,-17.2800000000002
OPEN_LONG,3122.13,84179,3122.13,0.0
CLOSE_LONG,3111.68,84191,3122.13,-10.450000000000273
OPEN_SHORT,3111.68,84191,3111.68,0.0
CLOSE_SHORT,3118.41,84204,3111.68,-6.730000000000018
OPEN_LONG,3118.41,84204,3118.41,0.0
CLOSE_LONG,3104.0,84219,3118.41,-14.409999999999854
OPEN_SHORT,3104.0,84219,3104.0,0.0
CLOSE_SHORT,3100.57,84225,3104.0,3.4299999999998363
OPEN_LONG,3100.57,84225,3100.57,0.0
CLOSE_LONG,3106.8,84234,3100.57,6.230000000000018
OPEN_SHORT,3106.8,84234,3106.8,0.0
CLOSE_SHORT,3110.72,84256,3106.8,-3.919999999999618
OPEN_LONG,3110.72,84256,3110.72,0.0
CLOSE_LONG,3122.17,84263,3110.72,11.450000000000273
OPEN_SHORT,3122.17,84263,3122.17,0.0
CLOSE_SHORT,3116.76,84271,3122.17,5.4099999999998545
OPEN_LONG,3116.76,84271,3116.76,0.0
CLOSE_LONG,3127.51,84277,3116.76,10.75
OPEN_SHORT,3127.51,84277,3127.51,0.0
CLOSE_SHORT,3127.15,84286,3127.51,0.36000000000012733
OPEN_LONG,3127.15,84286,3127.15,0.0
CLOSE_LONG,3131.48,84324,3127.15,4.329999999999927
OPEN_SHORT,3131.48,84324,3131.48,0.0
CLOSE_SHORT,3131.12,84332,3131.48,0.36000000000012733
OPEN_LONG,3131.12,84332,3131.12,0.0
CLOSE_LONG,3135.61,84339,3131.12,4.4900000000002365
OPEN_SHORT,3135.61,84339,3135.61,0.0
CLOSE_SHORT,3136.66,84372,3135.61,-1.0499999999997272
OPEN_LONG,3136.66,84372,3136.66,0.0
CLOSE_LONG,3141.18,84378,3136.66,4.519999999999982
OPEN_SHORT,3141.18,84378,3141.18,0.0
CLOSE_SHORT,3131.99,84407,3141.18,9.190000000000055
OPEN_LONG,3131.99,84407,3131.99,0.0
CLOSE_LONG,3131.83,84442,3131.99,-0.15999999999985448
OPEN_SHORT,3131.83,84442,3131.83,0.0
CLOSE_SHORT,3126.42,84446,3131.83,5.4099999999998545
OPEN_LONG,3126.42,84446,3126.42,0.0
CLOSE_LONG,3137.46,84532,3126.42,11.039999999999964
OPEN_SHORT,3137.46,84532,3137.46,0.0
CLOSE_SHORT,3127.06,84545,3137.46,10.400000000000091
OPEN_LONG,3127.06,84545,3127.06,0.0
CLOSE_LONG,3125.31,84551,3127.06,-1.75
OPEN_SHORT,3125.31,84551,3125.31,0.0
CLOSE_SHORT,3114.61,84566,3125.31,10.699999999999818
OPEN_LONG,3114.61,84566,3114.61,0.0
CLOSE_LONG,3101.89,84718,3114.61,-12.720000000000255
OPEN_SHORT,3101.89,84718,3101.89,0.0
CLOSE_SHORT,3118.9,84784,3101.89,-17.01000000000022
OPEN_LONG,3118.9,84784,3118.9,0.0
CLOSE_LONG,3103.99,84836,3118.9,-14.91000000000031
OPEN_SHORT,3103.99,84836,3103.99,0.0
CLOSE_SHORT,3112.0,84855,3103.99,-8.010000000000218
OPEN_LONG,3112.0,84855,3112.0,0.0
CLOSE_LONG,3105.98,84921,3112.0,-6.019999999999982
OPEN_SHORT,3105.98,84921,3105.98,0.0
CLOSE_SHORT,3116.21,85073,3105.98,-10.230000000000018
OPEN_LONG,3116.21,85073,3116.21,0.0
CLOSE_LONG,3107.48,85217,3116.21,-8.730000000000018
OPEN_SHORT,3107.48,85217,3107.48,0.0
CLOSE_SHORT,3123.85,85328,3107.48,-16.36999999999989
OPEN_LONG,3123.85,85328,3123.85,0.0
CLOSE_LONG,3161.72,85415,3123.85,37.86999999999989
OPEN_SHORT,3161.72,85415,3161.72,0.0
CLOSE_SHORT,3146.7,85420,3161.72,15.019999999999982
OPEN_LONG,3146.7,85420,3146.7,0.0
CLOSE_LONG,3136.32,85432,3146.7,-10.379999999999654
OPEN_SHORT,3136.32,85432,3136.32,0.0
CLOSE_SHORT,3131.79,85436,3136.32,4.5300000000002
OPEN_LONG,3131.79,85436,3131.79,0.0
CLOSE_LONG,3144.6,85441,3131.79,12.809999999999945
OPEN_SHORT,3144.6,85441,3144.6,0.0
CLOSE_SHORT,3146.1,85447,3144.6,-1.5
OPEN_LONG,3146.1,85447,3146.1,0.0
CLOSE_LONG,3157.94,85450,3146.1,11.840000000000146
OPEN_SHORT,3157.94,85450,3157.94,0.0
CLOSE_SHORT,3282.56,85491,3157.94,-124.61999999999989
OPEN_LONG,3282.56,85491,3282.56,0.0
CLOSE_LONG,3289.81,85497,3282.56,7.25
OPEN_SHORT,3289.81,85497,3289.81,0.0
CLOSE_SHORT,3359.0,85528,3289.81,-69.19000000000005
OPEN_LONG,3359.0,85528,3359.0,0.0
CLOSE_LONG,3372.2,85530,3359.0,13.199999999999818
OPEN_SHORT,3372.2,85530,3372.2,0.0
CLOSE_SHORT,3381.71,85550,3372.2,-9.510000000000218
OPEN_LONG,3381.71,85550,3381.71,0.0
CLOSE_LONG,3371.7,85574,3381.71,-10.010000000000218
OPEN_SHORT,3371.7,85574,3371.7,0.0
CLOSE_SHORT,3366.72,85578,3371.7,4.980000000000018
OPEN_LONG,3366.72,85578,3366.72,0.0
CLOSE_LONG,3375.68,85582,3366.72,8.960000000000036
OPEN_SHORT,3375.68,85582,3375.68,0.0
CLOSE_SHORT,3369.5,85589,3375.68,6.179999999999836
OPEN_LONG,3369.5,85589,3369.5,0.0
CLOSE_LONG,3376.87,85649,3369.5,7.369999999999891
OPEN_SHORT,3376.87,85649,3376.87,0.0
CLOSE_SHORT,3372.12,85651,3376.87,4.75
OPEN_LONG,3372.12,85651,3372.12,0.0
CLOSE_LONG,3324.59,85744,3372.12,-47.529999999999745
OPEN_SHORT,3324.59,85744,3324.59,0.0
CLOSE_SHORT,3316.81,85745,3324.59,7.7800000000002
OPEN_LONG,3316.81,85745,3316.81,0.0
CLOSE_LONG,3334.72,85751,3316.81,17.909999999999854
OPEN_SHORT,3334.72,85751,3334.72,0.0
CLOSE_SHORT,3326.46,85755,3334.72,8.259999999999764
OPEN_LONG,3326.46,85755,3326.46,0.0
CLOSE_LONG,3333.42,85797,3326.46,6.960000000000036
OPEN_SHORT,3333.42,85797,3333.42,0.0
CLOSE_SHORT,3329.7,85802,3333.42,3.7200000000002547
OPEN_LONG,3329.7,85802,3329.7,0.0
CLOSE_LONG,3302.18,85830,3329.7,-27.519999999999982
OPEN_SHORT,3302.18,85830,3302.18,0.0
CLOSE_SHORT,3297.0,85835,3302.18,5.179999999999836
OPEN_LONG,3297.0,85835,3297.0,0.0
CLOSE_LONG,3308.23,85840,3297.0,11.230000000000018
OPEN_SHORT,3308.23,85840,3308.23,0.0
CLOSE_SHORT,3316.4,85848,3308.23,-8.170000000000073
OPEN_LONG,3316.4,85848,3316.4,0.0
CLOSE_LONG,3318.16,85866,3316.4,1.7599999999997635
OPEN_SHORT,3318.16,85866,3318.16,0.0
CLOSE_SHORT,3328.85,85886,3318.16,-10.690000000000055
OPEN_LONG,3328.85,85886,3328.85,0.0
CLOSE_LONG,3309.0,86094,3328.85,-19.84999999999991
OPEN_SHORT,3309.0,86094,3309.0,0.0
CLOSE_SHORT,3298.53,86119,3309.0,10.4699999999998
OPEN_LONG,3298.53,86119,3298.53,0.0
CLOSE_LONG,3309.47,86132,3298.53,10.9399999999996
OPEN_SHORT,3309.47,86132,3309.47,0.0
CLOSE_SHORT,3322.27,86273,3309.47,-12.800000000000182
OPEN_LONG,3322.27,86273,3322.27,0.0
CLOSE_LONG,3328.63,86433,3322.27,6.360000000000127
OPEN_SHORT,3328.63,86433,3328.63,0.0
CLOSE_SHORT,3325.82,86461,3328.63,2.8099999999999454
OPEN_LONG,3325.82,86461,3325.82,0.0
CLOSE_LONG,3337.53,86540,3325.82,11.710000000000036
OPEN_SHORT,3337.53,86540,3337.53,0.0
CLOSE_SHORT,3334.81,86545,3337.53,2.7200000000002547
OPEN_LONG,3334.81,86545,3334.81,0.0
CLOSE_LONG,3344.3,86550,3334.81,9.490000000000236
OPEN_SHORT,3344.3,86550,3344.3,0.0
CLOSE_SHORT,3353.58,86560,3344.3,-9.279999999999745
OPEN_LONG,3353.58,86560,3353.58,0.0
CLOSE_LONG,3321.35,86715,3353.58,-32.23000000000002
OPEN_SHORT,3321.35,86715,3321.35,0.0
CLOSE_SHORT,3324.36,86774,3321.35,-3.0100000000002183
OPEN_LONG,3324.36,86774,3324.36,0.0
CLOSE_LONG,3330.29,86824,3324.36,5.929999999999836
OPEN_SHORT,3330.29,86824,3330.29,0.0
CLOSE_SHORT,3322.31,86829,3330.29,7.980000000000018
OPEN_LONG,3322.31,86829,3322.31,0.0
CLOSE_LONG,3325.38,86835,3322.31,3.0700000000001637
OPEN_SHORT,3325.38,86835,3325.38,0.0
CLOSE_SHORT,3315.76,86838,3325.38,9.61999999999989
OPEN_LONG,3315.76,86838,3315.76,0.0
CLOSE_LONG,3323.4,86853,3315.76,7.639999999999873
OPEN_SHORT,3323.4,86853,3323.4,0.0
CLOSE_SHORT,3324.76,86860,3323.4,-1.3600000000001273
OPEN_LONG,3324.76,86860,3324.76,0.0
CLOSE_LONG,3343.54,86924,3324.76,18.779999999999745
OPEN_SHORT,3343.54,86924,3343.54,0.0
CLOSE_SHORT,3344.2,86945,3343.54,-0.6599999999998545
OPEN_LONG,3344.2,86945,3344.2,0.0
CLOSE_LONG,3350.31,86950,3344.2,6.110000000000127
OPEN_SHORT,3350.31,86950,3350.31,0.0
CLOSE_SHORT,3355.0,86967,3350.31,-4.690000000000055
OPEN_LONG,3355.0,86967,3355.0,0.0
CLOSE_LONG,3354.99,86977,3355.0,-0.010000000000218279
OPEN_SHORT,3354.99,86977,3354.99,0.0
CLOSE_SHORT,3367.32,87001,3354.99,-12.330000000000382
OPEN_LONG,3367.32,87001,3367.32,0.0
CLOSE_LONG,3368.61,87016,3367.32,1.2899999999999636
OPEN_SHORT,3368.61,87016,3368.61,0.0
CLOSE_SHORT,3364.51,87050,3368.61,4.099999999999909
OPEN_LONG,3364.51,87050,3364.51,0.0
CLOSE_LONG,3370.59,87060,3364.51,6.079999999999927
OPEN_SHORT,3370.59,87060,3370.59,0.0
CLOSE_SHORT,3391.04,87073,3370.59,-20.449999999999818
OPEN_LONG,3391.04,87073,3391.04,0.0
CLOSE_LONG,3400.06,87078,3391.04,9.019999999999982
OPEN_SHORT,3400.06,87078,3400.06,0.0
CLOSE_SHORT,3397.65,87084,3400.06,2.4099999999998545
OPEN_LONG,3397.65,87084,3397.65,0.0
CLOSE_LONG,3402.29,87092,3397.65,4.639999999999873
OPEN_SHORT,3402.29,87092,3402.29,0.0
CLOSE_SHORT,3374.99,87094,3402.29,27.300000000000182
OPEN_LONG,3374.99,87094,3374.99,0.0
CLOSE_LONG,3380.67,87100,3374.99,5.680000000000291
OPEN_SHORT,3380.67,87100,3380.67,0.0
CLOSE_SHORT,3388.0,87109,3380.67,-7.329999999999927
OPEN_LONG,3388.0,87109,3388.0,0.0
CLOSE_LONG,3388.79,87124,3388.0,0.7899999999999636
OPEN_SHORT,3388.79,87124,3388.79,0.0
CLOSE_SHORT,3395.96,87131,3388.79,-7.170000000000073
OPEN_LONG,3395.96,87131,3395.96,0.0
CLOSE_LONG,3383.55,87144,3395.96,-12.409999999999854
OPEN_SHORT,3383.55,87144,3383.55,0.0
CLOSE_SHORT,3378.31,87151,3383.55,5.2400000000002365
OPEN_LONG,3378.31,87151,3378.31,0.0
CLOSE_LONG,3380.95,87157,3378.31,2.6399999999998727
OPEN_SHORT,3380.95,87157,3380.95,0.0
CLOSE_SHORT,3407.44,87170,3380.95,-26.490000000000236
OPEN_LONG,3407.44,87170,3407.44,0.0
CLOSE_LONG,3403.2,87178,3407.44,-4.2400000000002365
OPEN_SHORT,3403.2,87178,3403.2,0.0
CLOSE_SHORT,3387.4,87182,3403.2,15.799999999999727
OPEN_LONG,3387.4,87182,3387.4,0.0
CLOSE_LONG,3352.05,87226,3387.4,-35.34999999999991
OPEN_SHORT,3352.05,87226,3352.05,0.0
CLOSE_SHORT,3355.25,87240,3352.05,-3.199999999999818
OPEN_LONG,3355.25,87240,3355.25,0.0
CLOSE_LONG,3353.94,87248,3355.25,-1.3099999999999454
OPEN_SHORT,3353.94,87248,3353.94,0.0
CLOSE_SHORT,3350.89,87253,3353.94,3.050000000000182
OPEN_LONG,3350.89,87253,3350.89,0.0
CLOSE_LONG,3345.55,87313,3350.89,-5.339999999999691
OPEN_SHORT,3345.55,87313,3345.55,0.0
CLOSE_SHORT,3343.49,87318,3345.55,2.0600000000004
OPEN_LONG,3343.49,87318,3343.49,0.0
CLOSE_LONG,3349.19,87328,3343.49,5.700000000000273
OPEN_SHORT,3349.19,87328,3349.19,0.0
CLOSE_SHORT,3335.39,87340,3349.19,13.800000000000182
OPEN_LONG,3335.39,87340,3335.39,0.0
CLOSE_LONG,3259.4,87477,3335.39,-75.98999999999978
OPEN_SHORT,3259.4,87477,3259.4,0.0
CLOSE_SHORT,3262.57,87488,3259.4,-3.1700000000000728
OPEN_LONG,3262.57,87488,3262.57,0.0
CLOSE_LONG,3228.3,87534,3262.57,-34.26999999999998
OPEN_SHORT,3228.3,87534,3228.3,0.0
CLOSE_SHORT,3219.48,87537,3228.3,8.820000000000164
OPEN_LONG,3219.48,87537,3219.48,0.0
CLOSE_LONG,3222.78,87551,3219.48,3.300000000000182
OPEN_SHORT,3222.78,87551,3222.78,0.0
CLOSE_SHORT,3212.84,87556,3222.78,9.940000000000055
OPEN_LONG,3212.84,87556,3212.84,0.0
CLOSE_LONG,3217.57,87563,3212.84,4.730000000000018
OPEN_SHORT,3217.57,87563,3217.57,0.0
CLOSE_SHORT,3193.98,87573,3217.57,23.590000000000146
OPEN_LONG,3193.98,87573,3193.98,0.0
CLOSE_LONG,3187.8,87591,3193.98,-6.179999999999836
OPEN_SHORT,3187.8,87591,3187.8,0.0
CLOSE_SHORT,3178.9,87598,3187.8,8.900000000000091
OPEN_LONG,3178.9,87598,3178.9,0.0
CLOSE_LONG,3183.94,87607,3178.9,5.039999999999964
OPEN_SHORT,3183.94,87607,3183.94,0.0
CLOSE_SHORT,3178.53,87612,3183.94,5.4099999999998545
OPEN_LONG,3178.53,87612,3178.53,0.0
CLOSE_LONG,3185.23,87619,3178.53,6.699999999999818
OPEN_SHORT,3185.23,87619,3185.23,0.0
CLOSE_SHORT,3180.83,87633,3185.23,4.400000000000091
OPEN_LONG,3180.83,87633,3180.83,0.0
CLOSE_LONG,3192.0,87638,3180.83,11.170000000000073
OPEN_SHORT,3192.0,87638,3192.0,0.0
CLOSE_SHORT,3198.35,87771,3192.0,-6.349999999999909
OPEN_LONG,3198.35,87771,3198.35,0.0
CLOSE_LONG,3201.26,87781,3198.35,2.9100000000003092
OPEN_SHORT,3201.26,87781,3201.26,0.0
CLOSE_SHORT,3200.46,87792,3201.26,0.8000000000001819
OPEN_LONG,3200.46,87792,3200.46,0.0
CLOSE_LONG,3193.97,87922,3200.46,-6.4900000000002365
OPEN_SHORT,3193.97,87922,3193.97,0.0
CLOSE_SHORT,3203.19,87966,3193.97,-9.220000000000255
OPEN_LONG,3203.19,87966,3203.19,0.0
CLOSE_LONG,3193.48,88018,3203.19,-9.710000000000036
OPEN_SHORT,3193.48,88018,3193.48,0.0
CLOSE_SHORT,3192.96,88051,3193.48,0.5199999999999818
OPEN_LONG,3192.96,88051,3192.96,0.0
CLOSE_LONG,3193.85,88131,3192.96,0.8899999999998727
OPEN_SHORT,3193.85,88131,3193.85,0.0
CLOSE_SHORT,3197.1,88177,3193.85,-3.25
OPEN_LONG,3197.1,88177,3197.1,0.0
CLOSE_LONG,3189.3,88268,3197.1,-7.799999999999727
OPEN_SHORT,3189.3,88268,3189.3,0.0
CLOSE_SHORT,3192.87,88271,3189.3,-3.569999999999709
OPEN_LONG,3192.87,88271,3192.87,0.0
CLOSE_LONG,3179.97,88296,3192.87,-12.900000000000091
OPEN_SHORT,3179.97,88296,3179.97,0.0
CLOSE_SHORT,3176.7,88301,3179.97,3.269999999999982
OPEN_LONG,3176.7,88301,3176.7,0.0
CLOSE_LONG,3189.78,88310,3176.7,13.080000000000382
OPEN_SHORT,3189.78,88310,3189.78,0.0
CLOSE_SHORT,3188.8,88319,3189.78,0.9800000000000182
OPEN_LONG,3188.8,88319,3188.8,0.0
CLOSE_LONG,3179.93,88335,3188.8,-8.870000000000346
OPEN_SHORT,3179.93,88335,3179.93,0.0
CLOSE_SHORT,3170.28,88340,3179.93,9.649999999999636
OPEN_LONG,3170.28,88340,3170.28,0.0
CLOSE_LONG,3166.59,88370,3170.28,-3.6900000000000546
OPEN_SHORT,3166.59,88370,3166.59,0.0
CLOSE_SHORT,3159.34,88381,3166.59,7.25
OPEN_LONG,3159.34,88381,3159.34,0.0
CLOSE_LONG,3169.81,88386,3159.34,10.4699999999998
OPEN_SHORT,3169.81,88386,3169.81,0.0
CLOSE_SHORT,3176.03,88404,3169.81,-6.220000000000255
OPEN_LONG,3176.03,88404,3176.03,0.0
CLOSE_LONG,3179.87,88426,3176.03,3.8399999999996908
OPEN_SHORT,3179.87,88426,3179.87,0.0
CLOSE_SHORT,3189.46,88445,3179.87,-9.590000000000146
OPEN_LONG,3189.46,88445,3189.46,0.0
CLOSE_LONG,3202.27,88447,3189.46,12.809999999999945
OPEN_SHORT,3202.27,88447,3202.27,0.0
CLOSE_SHORT,3186.1,88451,3202.27,16.170000000000073
OPEN_LONG,3186.1,88451,3186.1,0.0
CLOSE_LONG,3184.56,88463,3186.1,-1.5399999999999636
OPEN_SHORT,3184.56,88463,3184.56,0.0
CLOSE_SHORT,3215.21,88519,3184.56,-30.65000000000009
OPEN_LONG,3215.21,88519,3215.21,0.0
CLOSE_LONG,3208.76,88530,3215.21,-6.449999999999818
OPEN_SHORT,3208.76,88530,3208.76,0.0
CLOSE_SHORT,3200.39,88535,3208.76,8.370000000000346
OPEN_LONG,3200.39,88535,3200.39,0.0
CLOSE_LONG,3200.2,88547,3200.39,-0.19000000000005457
OPEN_SHORT,3200.2,88547,3200.2,0.0
CLOSE_SHORT,3214.72,88571,3200.2,-14.519999999999982
OPEN_LONG,3214.72,88571,3214.72,0.0
CLOSE_LONG,3200.54,88592,3214.72,-14.179999999999836
OPEN_SHORT,3200.54,88592,3200.54,0.0
CLOSE_SHORT,3212.53,88607,3200.54,-11.990000000000236
OPEN_LONG,3212.53,88607,3212.53,0.0
CLOSE_LONG,3214.12,88623,3212.53,1.5899999999996908
OPEN_SHORT,3214.12,88623,3214.12,0.0
CLOSE_SHORT,3210.14,88628,3214.12,3.980000000000018
OPEN_LONG,3210.14,88628,3210.14,0.0
CLOSE_LONG,3217.76,88630,3210.14,7.620000000000346
OPEN_SHORT,3217.76,88630,3217.76,0.0
CLOSE_SHORT,3211.08,88635,3217.76,6.680000000000291
OPEN_LONG,3211.08,88635,3211.08,0.0
CLOSE_LONG,3224.29,88646,3211.08,13.210000000000036
OPEN_SHORT,3224.29,88646,3224.29,0.0
CLOSE_SHORT,3217.09,88652,3224.29,7.199999999999818
OPEN_LONG,3217.09,88652,3217.09,0.0
CLOSE_LONG,3232.51,88658,3217.09,15.420000000000073
OPEN_SHORT,3232.51,88658,3232.51,0.0
CLOSE_SHORT,3243.18,88671,3232.51,-10.669999999999618
OPEN_LONG,3243.18,88671,3243.18,0.0
CLOSE_LONG,3257.39,88679,3243.18,14.210000000000036
OPEN_SHORT,3257.39,88679,3257.39,0.0
CLOSE_SHORT,3258.65,88685,3257.39,-1.2600000000002183
OPEN_LONG,3258.65,88685,3258.65,0.0
CLOSE_LONG,3256.44,88692,3258.65,-2.2100000000000364
OPEN_SHORT,3256.44,88692,3256.44,0.0
CLOSE_SHORT,3255.81,88699,3256.44,0.6300000000001091
OPEN_LONG,3255.81,88699,3255.81,0.0
CLOSE_LONG,3261.32,88724,3255.81,5.510000000000218
OPEN_SHORT,3261.32,88724,3261.32,0.0
CLOSE_SHORT,3246.54,88727,3261.32,14.7800000000002
OPEN_LONG,3246.54,88727,3246.54,0.0
CLOSE_LONG,3241.36,88742,3246.54,-5.179999999999836
OPEN_SHORT,3241.36,88742,3241.36,0.0
CLOSE_SHORT,3234.72,88752,3241.36,6.640000000000327
OPEN_LONG,3234.72,88752,3234.72,0.0
CLOSE_LONG,3243.7,88850,3234.72,8.980000000000018
OPEN_SHORT,3243.7,88850,3243.7,0.0
CLOSE_SHORT,3232.59,88855,3243.7,11.109999999999673
OPEN_LONG,3232.59,88855,3232.59,0.0
CLOSE_LONG,3209.62,88899,3232.59,-22.970000000000255
OPEN_SHORT,3209.62,88899,3209.62,0.0
CLOSE_SHORT,3227.85,88916,3209.62,-18.230000000000018
OPEN_LONG,3227.85,88916,3227.85,0.0
CLOSE_LONG,3239.28,88923,3227.85,11.430000000000291
OPEN_SHORT,3239.28,88923,3239.28,0.0
CLOSE_SHORT,3235.95,88929,3239.28,3.330000000000382
OPEN_LONG,3235.95,88929,3235.95,0.0
CLOSE_LONG,3250.7,88963,3235.95,14.75
OPEN_SHORT,3250.7,88963,3250.7,0.0
CLOSE_SHORT,3247.65,88968,3250.7,3.049999999999727
OPEN_LONG,3247.65,88968,3247.65,0.0
CLOSE_LONG,3249.39,88988,3247.65,1.7399999999997817
OPEN_SHORT,3249.39,88988,3249.39,0.0
CLOSE_SHORT,3253.38,89021,3249.39,-3.9900000000002365
OPEN_LONG,3253.38,89021,3253.38,0.0
CLOSE_LONG,3253.94,89191,3253.38,0.5599999999999454
OPEN_SHORT,3253.94,89191,3253.94,0.0
CLOSE_SHORT,3251.8,89235,3253.94,2.1399999999998727
OPEN_LONG,3251.8,89235,3251.8,0.0
CLOSE_LONG,3253.73,89277,3251.8,1.9299999999998363
OPEN_SHORT,3253.73,89277,3253.73,0.0
CLOSE_SHORT,3243.78,89286,3253.73,9.949999999999818
OPEN_LONG,3243.78,89286,3243.78,0.0
CLOSE_LONG,3250.44,89291,3243.78,6.6599999999998545
OPEN_SHORT,3250.44,89291,3250.44,0.0
CLOSE_SHORT,3246.49,89300,3250.44,3.950000000000273
OPEN_LONG,3246.49,89300,3246.49,0.0
CLOSE_LONG,3243.45,89602,3246.49,-3.0399999999999636
OPEN_SHORT,3243.45,89602,3243.45,0.0
CLOSE_SHORT,3240.67,89637,3243.45,2.7799999999997453
OPEN_LONG,3240.67,89637,3240.67,0.0
CLOSE_LONG,3236.22,89689,3240.67,-4.450000000000273
OPEN_SHORT,3236.22,89689,3236.22,0.0
CLOSE_SHORT,3226.5,89695,3236.22,9.7199999999998
OPEN_LONG,3226.5,89695,3226.5,0.0
CLOSE_LONG,3236.08,89701,3226.5,9.579999999999927
OPEN_SHORT,3236.08,89701,3236.08,0.0
CLOSE_SHORT,3236.1,89710,3236.08,-0.01999999999998181
OPEN_LONG,3236.1,89710,3236.1,0.0
CLOSE_LONG,3077.79,89797,3236.1,-158.30999999999995
OPEN_SHORT,3077.79,89797,3077.79,0.0
CLOSE_SHORT,3067.03,89800,3077.79,10.759999999999764
OPEN_LONG,3067.03,89800,3067.03,0.0
CLOSE_LONG,3077.5,89814,3067.03,10.4699999999998
OPEN_SHORT,3077.5,89814,3077.5,0.0
CLOSE_SHORT,3075.3,89819,3077.5,2.199999999999818
OPEN_LONG,3075.3,89819,3075.3,0.0
CLOSE_LONG,3063.09,89838,3075.3,-12.210000000000036
OPEN_SHORT,3063.09,89838,3063.09,0.0
CLOSE_SHORT,3062.79,89844,3063.09,0.3000000000001819
OPEN_LONG,3062.79,89844,3062.79,0.0
CLOSE_LONG,3078.16,89855,3062.79,15.36999999999989
OPEN_SHORT,3078.16,89855,3078.16,0.0
CLOSE_SHORT,3081.3,89870,3078.16,-3.1400000000003274
OPEN_LONG,3081.3,89870,3081.3,0.0
CLOSE_LONG,3071.56,89882,3081.3,-9.740000000000236
OPEN_SHORT,3071.56,89882,3071.56,0.0
CLOSE_SHORT,3072.09,89931,3071.56,-0.5300000000002001
OPEN_LONG,3072.09,89931,3072.09,0.0
CLOSE_LONG,3076.62,89935,3072.09,4.529999999999745
OPEN_SHORT,3076.62,89935,3076.62,0.0
CLOSE_SHORT,3085.02,89965,3076.62,-8.400000000000091
OPEN_LONG,3085.02,89965,3085.02,0.0
CLOSE_LONG,3079.44,89993,3085.02,-5.579999999999927
OPEN_SHORT,3079.44,89993,3079.44,0.0
CLOSE_SHORT,3070.98,89998,3079.44,8.460000000000036
OPEN_LONG,3070.98,89998,3070.98,0.0
CLOSE_LONG,3072.24,90010,3070.98,1.2599999999997635
OPEN_SHORT,3072.24,90010,3072.24,0.0
CLOSE_SHORT,3063.46,90015,3072.24,8.779999999999745
OPEN_LONG,3063.46,90015,3063.46,0.0
CLOSE_LONG,3067.54,90020,3063.46,4.079999999999927
OPEN_SHORT,3067.54,90020,3067.54,0.0
CLOSE_SHORT,3067.36,90043,3067.54,0.1799999999998363
OPEN_LONG,3067.36,90043,3067.36,0.0
CLOSE_LONG,3086.7,90096,3067.36,19.33999999999969
OPEN_SHORT,3086.7,90096,3086.7,0.0
CLOSE_SHORT,3085.77,90295,3086.7,0.9299999999998363
OPEN_LONG,3085.77,90295,3085.77,0.0
CLOSE_LONG,3097.06,90762,3085.77,11.289999999999964
OPEN_SHORT,3097.06,90762,3097.06,0.0
CLOSE_SHORT,3124.8,90891,3097.06,-27.740000000000236
OPEN_LONG,3124.8,90891,3124.8,0.0
CLOSE_LONG,3117.99,91171,3124.8,-6.8100000000004
OPEN_SHORT,3117.99,91171,3117.99,0.0
CLOSE_SHORT,3110.92,91209,3117.99,7.069999999999709
OPEN_LONG,3110.92,91209,3110.92,0.0
CLOSE_LONG,3108.52,91355,3110.92,-2.400000000000091
OPEN_SHORT,3108.52,91355,3108.52,0.0
CLOSE_SHORT,3100.5,91552,3108.52,8.019999999999982
OPEN_LONG,3100.5,91552,3100.5,0.0
CLOSE_LONG,3101.29,91565,3100.5,0.7899999999999636
OPEN_SHORT,3101.29,91565,3101.29,0.0
CLOSE_SHORT,3102.91,91569,3101.29,-1.6199999999998909
OPEN_LONG,3102.91,91569,3102.91,0.0
CLOSE_LONG,3112.42,91661,3102.91,9.510000000000218
OPEN_SHORT,3112.42,91661,3112.42,0.0
CLOSE_SHORT,3108.7,91709,3112.42,3.7200000000002547
OPEN_LONG,3108.7,91709,3108.7,0.0
CLOSE_LONG,3120.72,91753,3108.7,12.019999999999982
OPEN_SHORT,3120.72,91753,3120.72,0.0
CLOSE_SHORT,3122.0,91791,3120.72,-1.2800000000002
OPEN_LONG,3122.0,91791,3122.0,0.0
CLOSE_LONG,3076.4,92416,3122.0,-45.59999999999991
OPEN_SHORT,3076.4,92416,3076.4,0.0
CLOSE_SHORT,3077.9,92426,3076.4,-1.5
OPEN_LONG,3077.9,92426,3077.9,0.0
CLOSE_LONG,3081.44,92436,3077.9,3.5399999999999636
OPEN_SHORT,3081.44,92436,3081.44,0.0
CLOSE_SHORT,3098.0,92476,3081.44,-16.559999999999945
OPEN_LONG,3098.0,92476,3098.0,0.0
CLOSE_LONG,3091.0,92509,3098.0,-7.0
OPEN_SHORT,3091.0,92509,3091.0,0.0
CLOSE_SHORT,3093.93,92563,3091.0,-2.9299999999998363
OPEN_LONG,3093.93,92563,3093.93,0.0
CLOSE_LONG,3074.39,92622,3093.93,-19.539999999999964
OPEN_SHORT,3074.39,92622,3074.39,0.0
CLOSE_SHORT,3073.86,92634,3074.39,0.5299999999997453
OPEN_LONG,3073.86,92634,3073.86,0.0
CLOSE_LONG,3081.02,92638,3073.86,7.1599999999998545
OPEN_SHORT,3081.02,92638,3081.02,0.0
CLOSE_SHORT,3080.93,92654,3081.02,0.09000000000014552
OPEN_LONG,3080.93,92654,3080.93,0.0
CLOSE_LONG,3092.43,92686,3080.93,11.5
OPEN_SHORT,3092.43,92686,3092.43,0.0
CLOSE_SHORT,3089.23,92698,3092.43,3.199999999999818
OPEN_LONG,3089.23,92698,3089.23,0.0
CLOSE_LONG,3090.35,92705,3089.23,1.1199999999998909
OPEN_SHORT,3090.35,92705,3090.35,0.0
CLOSE_SHORT,3084.6,92739,3090.35,5.75
OPEN_LONG,3084.6,92739,3084.6,0.0
CLOSE_LONG,3086.86,92750,3084.6,2.2600000000002183
OPEN_SHORT,3086.86,92750,3086.86,0.0
CLOSE_SHORT,3078.77,92786,3086.86,8.090000000000146
OPEN_LONG,3078.77,92786,3078.77,0.0
CLOSE_LONG,3088.14,92791,3078.77,9.36999999999989
OPEN_SHORT,3088.14,92791,3088.14,0.0
CLOSE_SHORT,3090.13,92808,3088.14,-1.9900000000002365
OPEN_LONG,3090.13,92808,3090.13,0.0
CLOSE_LONG,3093.2,92873,3090.13,3.069999999999709
OPEN_SHORT,3093.2,92873,3093.2,0.0
CLOSE_SHORT,3086.18,92886,3093.2,7.019999999999982
OPEN_LONG,3086.18,92886,3086.18,0.0
CLOSE_LONG,3094.68,92920,3086.18,8.5
OPEN_SHORT,3094.68,92920,3094.68,0.0
CLOSE_SHORT,3091.1,92925,3094.68,3.5799999999999272
OPEN_LONG,3091.1,92925,3091.1,0.0
CLOSE_LONG,3077.7,93086,3091.1,-13.400000000000091
OPEN_SHORT,3077.7,93086,3077.7,0.0
CLOSE_SHORT,3066.18,93089,3077.7,11.519999999999982
OPEN_LONG,3066.18,93089,3066.18,0.0
CLOSE_LONG,3051.01,93123,3066.18,-15.169999999999618
OPEN_SHORT,3051.01,93123,3051.01,0.0
CLOSE_SHORT,3056.05,93129,3051.01,-5.039999999999964
OPEN_LONG,3056.05,93129,3056.05,0.0
CLOSE_LONG,3065.48,93137,3056.05,9.429999999999836
OPEN_SHORT,3065.48,93137,3065.48,0.0
CLOSE_SHORT,3060.18,93142,3065.48,5.300000000000182
OPEN_LONG,3060.18,93142,3060.18,0.0
CLOSE_LONG,3080.14,93147,3060.18,19.960000000000036
OPEN_SHORT,3080.14,93147,3080.14,0.0
CLOSE_SHORT,3067.14,93152,3080.14,13.0
OPEN_LONG,3067.14,93152,3067.14,0.0
CLOSE_LONG,3064.88,93162,3067.14,-2.2599999999997635
OPEN_SHORT,3064.88,93162,3064.88,0.0
CLOSE_SHORT,3068.34,93181,3064.88,-3.4600000000000364
OPEN_LONG,3068.34,93181,3068.34,0.0
CLOSE_LONG,3061.95,93192,3068.34,-6.390000000000327
OPEN_SHORT,3061.95,93192,3061.95,0.0
CLOSE_SHORT,3065.8,93213,3061.95,-3.850000000000364
OPEN_LONG,3065.8,93213,3065.8,0.0
CLOSE_LONG,3074.08,93218,3065.8,8.279999999999745
OPEN_SHORT,3074.08,93218,3074.08,0.0
CLOSE_SHORT,3131.8,93291,3074.08,-57.720000000000255
OPEN_LONG,3131.8,93291,3131.8,0.0
CLOSE_LONG,3120.83,93335,3131.8,-10.970000000000255
OPEN_SHORT,3120.83,93335,3120.83,0.0
CLOSE_SHORT,3111.68,93357,3120.83,9.150000000000091
OPEN_LONG,3111.68,93357,3111.68,0.0
CLOSE_LONG,3138.21,93554,3111.68,26.5300000000002
OPEN_SHORT,3138.21,93554,3138.21,0.0
CLOSE_SHORT,3128.56,93568,3138.21,9.650000000000091
OPEN_LONG,3128.56,93568,3128.56,0.0
CLOSE_LONG,3131.53,93633,3128.56,2.9700000000002547
OPEN_SHORT,3131.53,93633,3131.53,0.0
CLOSE_SHORT,3125.64,93638,3131.53,5.890000000000327
OPEN_LONG,3125.64,93638,3125.64,0.0
CLOSE_LONG,3154.32,93736,3125.64,28.68000000000029
OPEN_SHORT,3154.32,93736,3154.32,0.0
CLOSE_SHORT,3164.67,93781,3154.32,-10.349999999999909
OPEN_LONG,3164.67,93781,3164.67,0.0
CLOSE_LONG,3145.64,94022,3164.67,-19.0300000000002
OPEN_SHORT,3145.64,94022,3145.64,0.0
CLOSE_SHORT,3127.93,94026,3145.64,17.710000000000036
OPEN_LONG,3127.93,94026,3127.93,0.0
CLOSE_LONG,3045.65,94050,3127.93,-82.27999999999975
OPEN_SHORT,3045.65,94050,3045.65,0.0
CLOSE_SHORT,3036.97,94055,3045.65,8.680000000000291
OPEN_LONG,3036.97,94055,3036.97,0.0
CLOSE_LONG,3004.42,94075,3036.97,-32.54999999999973
OPEN_SHORT,3004.42,94075,3004.42,0.0
CLOSE_SHORT,3003.4,94077,3004.42,1.0199999999999818
OPEN_LONG,3003.4,94077,3003.4,0.0
CLOSE_LONG,3007.76,94078,3003.4,4.360000000000127
OPEN_SHORT,3007.76,94078,3007.76,0.0
CLOSE_SHORT,2999.4,94080,3007.76,8.360000000000127
OPEN_LONG,2999.4,94080,2999.4,0.0
CLOSE_LONG,3011.21,94089,2999.4,11.809999999999945
OPEN_SHORT,3011.21,94089,3011.21,0.0
CLOSE_SHORT,3013.0,94095,3011.21,-1.7899999999999636
OPEN_LONG,3013.0,94095,3013.0,0.0
CLOSE_LONG,2975.15,94155,3013.0,-37.84999999999991
OPEN_SHORT,2975.15,94155,2975.15,0.0
CLOSE_SHORT,2975.88,94168,2975.15,-0.7300000000000182
OPEN_LONG,2975.88,94168,2975.88,0.0
CLOSE_LONG,2978.94,94173,2975.88,3.0599999999999454
OPEN_SHORT,2978.94,94173,2978.94,0.0
CLOSE_SHORT,2961.02,94196,2978.94,17.920000000000073
OPEN_LONG,2961.02,94196,2961.02,0.0
CLOSE_LONG,2958.46,94206,2961.02,-2.5599999999999454
OPEN_SHORT,2958.46,94206,2958.46,0.0
CLOSE_SHORT,2942.02,94214,2958.46,16.440000000000055
OPEN_LONG,2942.02,94214,2942.02,0.0
CLOSE_LONG,2913.54,94264,2942.02,-28.480000000000018
OPEN_SHORT,2913.54,94264,2913.54,0.0
CLOSE_SHORT,2948.59,94292,2913.54,-35.05000000000018
OPEN_LONG,2948.59,94292,2948.59,0.0
CLOSE_LONG,2939.7,94302,2948.59,-8.890000000000327
OPEN_SHORT,2939.7,94302,2939.7,0.0
CLOSE_SHORT,2944.65,94313,2939.7,-4.950000000000273
OPEN_LONG,2944.65,94313,2944.65,0.0
CLOSE_LONG,2953.02,94315,2944.65,8.36999999999989
OPEN_SHORT,2953.02,94315,2953.02,0.0
CLOSE_SHORT,2937.39,94330,2953.02,15.63000000000011
OPEN_LONG,2937.39,94330,2937.39,0.0
CLOSE_LONG,2942.16,94339,2937.39,4.769999999999982
OPEN_SHORT,2942.16,94339,2942.16,0.0
CLOSE_SHORT,2932.88,94344,2942.16,9.279999999999745
OPEN_LONG,2932.88,94344,2932.88,0.0
CLOSE_LONG,2923.5,94366,2932.88,-9.38000000000011
OPEN_SHORT,2923.5,94366,2923.5,0.0
CLOSE_SHORT,2929.95,94391,2923.5,-6.449999999999818
OPEN_LONG,2929.95,94391,2929.95,0.0
CLOSE_LONG,2945.8,94460,2929.95,15.850000000000364
OPEN_SHORT,2945.8,94460,2945.8,0.0
CLOSE_SHORT,2951.06,94636,2945.8,-5.2599999999997635
OPEN_LONG,2951.06,94636,2951.06,0.0
CLOSE_LONG,2956.99,94730,2951.06,5.929999999999836
OPEN_SHORT,2956.99,94730,2956.99,0.0
CLOSE_SHORT,2957.2,94736,2956.99,-0.21000000000003638
OPEN_LONG,2957.2,94736,2957.2,0.0
CLOSE_LONG,2948.22,94765,2957.2,-8.980000000000018
OPEN_SHORT,2948.22,94765,2948.22,0.0
CLOSE_SHORT,2939.71,94771,2948.22,8.509999999999764
OPEN_LONG,2939.71,94771,2939.71,0.0
CLOSE_LONG,2932.3,94802,2939.71,-7.4099999999998545
OPEN_SHORT,2932.3,94802,2932.3,0.0
CLOSE_SHORT,2930.34,94830,2932.3,1.9600000000000364
OPEN_LONG,2930.34,94830,2930.34,0.0
CLOSE_LONG,2907.03,94878,2930.34,-23.309999999999945
OPEN_SHORT,2907.03,94878,2907.03,0.0
CLOSE_SHORT,2918.52,94932,2907.03,-11.489999999999782
OPEN_LONG,2918.52,94932,2918.52,0.0
CLOSE_LONG,2935.09,94953,2918.52,16.570000000000164
OPEN_SHORT,2935.09,94953,2935.09,0.0
CLOSE_SHORT,2934.39,95018,2935.09,0.7000000000002728
OPEN_LONG,2934.39,95018,2934.39,0.0
CLOSE_LONG,2932.41,95156,2934.39,-1.9800000000000182
OPEN_SHORT,2932.41,95156,2932.41,0.0
CLOSE_SHORT,2949.44,95232,2932.41,-17.0300000000002
OPEN_LONG,2949.44,95232,2949.44,0.0
CLOSE_LONG,2948.08,95240,2949.44,-1.3600000000001273
OPEN_SHORT,2948.08,95240,2948.08,0.0
CLOSE_SHORT,2937.79,95246,2948.08,10.289999999999964
OPEN_LONG,2937.79,95246,2937.79,0.0
CLOSE_LONG,2942.99,95251,2937.79,5.199999999999818
OPEN_SHORT,2942.99,95251,2942.99,0.0
CLOSE_SHORT,2951.76,95325,2942.99,-8.770000000000437
OPEN_LONG,2951.76,95325,2951.76,0.0
CLOSE_LONG,2906.79,95424,2951.76,-44.970000000000255
