timestamp,open,high,low,close,volume,turnover
2023-05-31 12:00:00+00:00,1864.98,1866.3,1844.91,1857.34,81052.54,150450681.2484
2024-06-27 08:00:00+00:00,3373.46,3413.3,3366.56,3402.36,77802.15,264130181.9918
2024-06-27 12:00:00+00:00,3402.36,3475.84,3402.11,3450.14,244107.91,840471842.6132
2024-06-27 16:00:00+00:00,3450.14,3466.12,3437.04,3448.25,67058.27,231486267.7765
2024-06-27 20:00:00+00:00,3448.25,3453.39,3437.9,3448.56,44694.2,154003603.4416
2024-06-28 00:00:00+00:00,3448.56,3486.54,3433.0,3458.9,126401.33,437572563.155
2024-06-28 04:00:00+00:00,3458.9,3459.55,3424.47,3430.42,61008.89,210063780.92069998
2024-06-28 08:00:00+00:00,3430.42,3460.45,3419.0,3451.34,60302.27,207347509.9447
2024-06-28 12:00:00+00:00,3451.34,3476.01,3401.02,3411.41,192244.21,660808727.5853
2024-06-28 16:00:00+00:00,3411.41,3415.1,3362.48,3378.25,168827.59,571729495.2229
2024-06-28 20:00:00+00:00,3378.25,3393.25,3366.39,3378.37,57987.26,195975781.3499
2024-06-29 00:00:00+00:00,3378.37,3397.89,3378.02,3383.96,47966.55,162482678.7498
2024-06-29 04:00:00+00:00,3383.96,3407.25,3378.84,3397.82,40239.37,136500345.3038
2024-06-29 08:00:00+00:00,3397.82,3404.85,3384.73,3398.73,39486.53,134049894.1083
2024-06-29 12:00:00+00:00,3398.73,3401.87,3380.43,3392.87,42096.13,142686392.8665
2024-06-29 16:00:00+00:00,3392.87,3395.47,3374.56,3385.15,26813.41,90740964.0808
2024-06-29 20:00:00+00:00,3385.15,3387.77,3367.75,3377.0,25753.47,87023337.8741
2024-06-30 00:00:00+00:00,3377.0,3388.32,3352.79,3369.65,42929.4,144587893.6176
2024-06-30 04:00:00+00:00,3369.65,3398.8,3356.19,3392.68,56864.93,192272937.4075
2024-06-30 08:00:00+00:00,3392.68,3397.81,3383.28,3387.66,37900.31,128520358.89
2024-06-30 12:00:00+00:00,3387.66,3402.95,3377.56,3398.56,45484.74,154304334.8118
2024-06-30 16:00:00+00:00,3398.56,3431.97,3390.23,3426.43,56243.77,192017728.4656
2024-06-30 20:00:00+00:00,3426.43,3459.29,3406.41,3436.4,74872.85,257182769.341
2024-07-01 00:00:00+00:00,3436.4,3523.57,3430.48,3496.54,162184.98,565968880.9552
2024-07-01 04:00:00+00:00,3496.54,3497.91,3481.91,3488.74,43630.69,152154937.9822
2024-07-01 08:00:00+00:00,3488.74,3493.71,3456.02,3458.2,67539.52,234582044.952
2024-07-01 12:00:00+00:00,3458.2,3479.94,3450.0,3473.14,77031.94,266854497.8573
2024-07-01 16:00:00+00:00,3473.14,3498.32,3460.55,3469.54,80571.28,280279806.0649
2024-07-01 20:00:00+00:00,3469.54,3474.33,3419.28,3440.0,74847.19,257717045.43580002
2024-07-02 00:00:00+00:00,3440.0,3462.96,3431.64,3455.53,27840.0,95961005.4304
2024-07-02 04:00:00+00:00,3455.53,3462.79,3432.0,3437.14,38487.31,132709961.1658
2024-07-02 08:00:00+00:00,3437.14,3453.98,3430.4,3452.13,38322.95,132033419.1641
2024-07-02 12:00:00+00:00,3452.13,3463.28,3398.61,3414.63,132815.98,454737349.7598
2024-07-02 16:00:00+00:00,3414.63,3432.43,3407.05,3414.53,44162.74,151058041.8444
2024-07-02 20:00:00+00:00,3414.53,3428.7,3411.49,3419.95,36388.39,124485903.7081
2024-07-03 00:00:00+00:00,3419.95,3431.32,3326.87,3358.97,174835.64,590310369.8926
2024-07-03 04:00:00+00:00,3358.97,3372.0,3350.02,3350.38,59379.15,199504461.1599
2024-07-03 08:00:00+00:00,3350.38,3355.95,3277.84,3305.45,193572.14,641761980.0149
2024-07-03 12:00:00+00:00,3305.45,3324.5,3271.19,3302.33,147369.61,486355195.1494
2024-07-03 16:00:00+00:00,3302.33,3321.67,3251.13,3264.45,150069.76,493449138.2183
2024-07-03 20:00:00+00:00,3264.45,3305.15,3246.36,3294.29,82941.78,271974108.5403
2024-07-04 00:00:00+00:00,3294.29,3312.57,3147.42,3241.71,274896.57,888308583.1087
2024-07-04 04:00:00+00:00,3241.71,3245.0,3166.63,3180.23,119897.64,384042268.94879997
2024-07-04 08:00:00+00:00,3180.23,3194.85,3122.47,3158.21,248357.61000000002,783942172.6009
2024-07-04 12:00:00+00:00,3158.21,3160.28,3084.95,3137.29,315305.48,983048866.8001
2024-07-04 16:00:00+00:00,3137.29,3151.65,3111.4,3131.99,110683.4,346874930.5573
2024-07-04 20:00:00+00:00,3131.99,3168.92,3047.96,3058.64,167221.77,519496482.3987
2024-07-05 00:00:00+00:00,3058.64,3108.34,2866.06,2920.11,654939.07,1954824694.914
2024-07-05 04:00:00+00:00,2920.11,2927.39,2802.87,2881.26,514589.24,1478367046.738
2024-07-05 08:00:00+00:00,2881.26,2956.61,2820.88,2946.8,315594.82,911608741.8861
2024-07-05 12:00:00+00:00,2946.8,3005.94,2921.0,2990.05,307424.99,910049861.2309
2024-07-05 16:00:00+00:00,2990.05,3000.34,2956.82,2986.27,129509.74,386027174.5856
2024-07-05 20:00:00+00:00,2986.27,2991.94,2961.06,2980.0,54043.48,160888294.1677
2024-07-06 00:00:00+00:00,2980.0,3026.28,2952.1,2979.01,111530.13,332769832.4761
2024-07-06 04:00:00+00:00,2979.01,3015.12,2960.0,3002.77,90946.03,272110899.56589997
2024-07-06 08:00:00+00:00,3002.77,3013.29,2982.7,3004.69,65932.51,197850204.9898
2024-07-06 12:00:00+00:00,3004.69,3029.37,2988.1,3018.61,76214.22,229382395.4083
2024-07-06 16:00:00+00:00,3018.61,3066.0,3014.2,3056.27,120896.07,368342073.5402
2024-07-06 20:00:00+00:00,3056.27,3081.46,3054.4,3065.39,65701.04,201561480.0971
2024-07-07 00:00:00+00:00,3065.39,3071.95,3037.8,3049.33,68305.69,208467342.4541
2024-07-07 04:00:00+00:00,3049.33,3049.52,2992.0,3002.75,98837.82,298279989.9236
2024-07-07 08:00:00+00:00,3002.75,3031.0,3002.53,3013.63,53323.68,160607700.2875
2024-07-07 12:00:00+00:00,3013.63,3022.94,2953.5,2969.39,120500.24,358769322.6586
2024-07-07 16:00:00+00:00,2969.39,3008.0,2961.56,2983.68,61584.37,184075517.6599
2024-07-07 20:00:00+00:00,2983.68,2999.53,2918.03,2929.87,140064.16,412847307.0629
2024-07-08 00:00:00+00:00,2929.87,2950.57,2820.0,2878.07,377671.02,1083232159.6968
2024-07-08 04:00:00+00:00,2878.07,2932.13,2873.39,2925.83,103024.39,299939371.767
2024-07-08 08:00:00+00:00,2925.83,3096.0,2921.27,3053.63,344966.13,1045598875.0582
2024-07-08 12:00:00+00:00,3053.63,3063.0,2886.29,2966.99,453719.33,1353849481.0196
2024-07-08 16:00:00+00:00,2966.99,3008.96,2942.86,3003.17,161768.64,481687752.1971
2024-07-08 20:00:00+00:00,3003.17,3047.07,2981.91,3017.91,128628.62,387961367.035
2024-07-09 00:00:00+00:00,3017.91,3076.59,3001.61,3063.48,176052.05,535066766.6051
2024-07-09 04:00:00+00:00,3063.48,3089.65,3053.15,3061.36,125648.22,385791105.0611
2024-07-09 08:00:00+00:00,3061.36,3115.0,3054.07,3082.41,137744.13,424923829.018
2024-07-09 12:00:00+00:00,3082.41,3108.22,3034.08,3066.07,201119.46,616727656.9871
2024-07-09 16:00:00+00:00,3066.07,3088.24,3045.0,3067.82,100663.34,308616277.8284
2024-07-09 20:00:00+00:00,3067.82,3078.4,3045.36,3065.17,55627.43,170386635.07
2024-07-10 00:00:00+00:00,3065.17,3082.0,3021.5,3078.93,94204.46,287436815.6312
2024-07-10 04:00:00+00:00,3078.93,3129.77,3078.93,3094.86,139409.32,432674833.0463
2024-07-10 08:00:00+00:00,3094.86,3108.9,3076.67,3101.53,95245.23,294611254.8503
2024-07-10 12:00:00+00:00,3101.53,3128.57,3075.72,3120.6,172465.89,535334566.62160003
2024-07-10 16:00:00+00:00,3120.6,3151.35,3088.64,3106.03,126029.98,392993037.2819
2024-07-10 20:00:00+00:00,3106.03,3110.7,3078.08,3099.34,63298.65,195995987.5732
2024-07-11 00:00:00+00:00,3099.34,3129.32,3051.22,3075.0,106492.5,328726604.3886
2024-07-11 04:00:00+00:00,3075.0,3123.0,3071.22,3116.67,67208.25,208210080.0836
2024-07-11 08:00:00+00:00,3116.67,3156.35,3113.08,3145.22,111087.52,348374902.3345
2024-07-11 12:00:00+00:00,3145.22,3216.9,3102.04,3116.2,412947.31,1306003091.1901
2024-07-11 16:00:00+00:00,3116.2,3147.84,3095.67,3105.46,121906.01000000001,381014836.7683
2024-07-11 20:00:00+00:00,3105.46,3121.0,3083.31,3097.97,83836.73,259982336.1832
2024-07-12 00:00:00+00:00,3097.97,3116.91,3052.37,3084.03,111866.7,344814321.889
2024-07-12 04:00:00+00:00,3084.03,3097.89,3056.0,3070.05,69576.15,214143677.9547
2024-07-12 08:00:00+00:00,3070.05,3084.18,3042.0,3068.89,96098.07,294437866.1051
2024-07-12 12:00:00+00:00,3068.89,3139.8,3055.53,3130.8,172287.53,534697538.0086
2024-07-12 16:00:00+00:00,3130.8,3156.92,3111.23,3114.2,144499.87,453152148.2153
2024-07-12 20:00:00+00:00,3114.2,3134.83,3087.08,3133.2,93546.69,291016897.2234
2024-07-13 00:00:00+00:00,3133.2,3139.29,3118.44,3119.25,26834.05,83960695.4928
2024-07-13 04:00:00+00:00,3119.25,3141.81,3111.28,3139.44,39103.41,122300877.9982
2024-07-13 08:00:00+00:00,3139.44,3172.38,3127.51,3156.2,83426.08,263179963.0359
2024-07-13 12:00:00+00:00,3156.2,3164.38,3137.61,3153.76,40914.1,128929241.2425
2024-07-13 16:00:00+00:00,3153.76,3164.48,3144.71,3162.55,26462.81,83450723.0343
2024-07-13 20:00:00+00:00,3162.55,3201.67,3142.37,3174.26,110981.02,352475489.7152
2024-07-14 00:00:00+00:00,3174.26,3192.88,3160.39,3171.12,53814.48,170929190.8109
2024-07-14 04:00:00+00:00,3171.12,3205.82,3169.43,3194.41,62525.98,199527065.7739
2024-07-14 08:00:00+00:00,3194.41,3226.25,3194.24,3201.39,72059.72,231214828.2167
2024-07-14 12:00:00+00:00,3201.39,3203.0,3171.2,3189.23,64604.05,205928179.6152
2024-07-14 16:00:00+00:00,3189.23,3196.67,3181.43,3189.56,24560.920000000002,78312006.2867
2024-07-14 20:00:00+00:00,3189.56,3266.94,3188.62,3243.4,122749.12,397430210.5522
2024-07-15 00:00:00+00:00,3243.4,3341.96,3230.16,3327.43,176887.58,583273402.3023
2024-07-15 04:00:00+00:00,3327.43,3367.0,3318.81,3354.39,105934.6,353973704.1649
2024-07-15 08:00:00+00:00,3354.39,3371.13,3325.91,3338.6,96760.76,323912675.3149
2024-07-15 12:00:00+00:00,3338.6,3393.55,3331.82,3365.69,138114.61,464163851.8577
2024-07-15 16:00:00+00:00,3365.69,3430.0,3355.68,3403.6,274940.93,933903680.216
2024-07-15 20:00:00+00:00,3403.6,3493.04,3401.04,3481.07,191957.45,662542734.0459
2024-07-16 00:00:00+00:00,3481.07,3496.4,3452.2,3468.16,94062.87,326420440.4807
2024-07-16 04:00:00+00:00,3468.16,3477.1,3370.5,3376.05,240898.74,822421833.4996
2024-07-16 08:00:00+00:00,3376.05,3424.35,3345.06,3418.17,179073.38999999998,606483778.5835
2024-07-16 12:00:00+00:00,3418.17,3485.52,3372.64,3475.39,243679.35,833843419.3279
2024-07-16 16:00:00+00:00,3475.39,3494.4,3440.24,3473.0,166383.24,576279345.6503
2024-07-16 20:00:00+00:00,3473.0,3474.0,3412.11,3443.31,105094.01,361447977.8652
2024-07-17 00:00:00+00:00,3443.31,3517.74,3440.42,3479.24,108641.86,378475594.9083
2024-07-17 04:00:00+00:00,3479.24,3513.72,3470.3,3485.06,85090.8,297195157.4298
2024-07-17 08:00:00+00:00,3485.06,3500.97,3439.57,3447.39,135789.94,471752759.7833
2024-07-17 12:00:00+00:00,3447.39,3474.91,3430.22,3434.81,165932.31,572843572.374
2024-07-17 16:00:00+00:00,3434.81,3437.3,3374.06,3415.33,174572.39,594347879.7703
2024-07-17 20:00:00+00:00,3415.33,3426.55,3382.84,3385.81,113456.11,386033024.8029
2024-07-18 00:00:00+00:00,3385.81,3442.35,3381.4,3430.69,107106.91,365763455.0945
2024-07-18 04:00:00+00:00,3430.69,3453.47,3407.2,3431.47,85566.37,293481476.1425
2024-07-18 08:00:00+00:00,3431.47,3459.57,3429.43,3457.34,64866.46,223480807.0196
2024-07-18 12:00:00+00:00,3457.34,3488.0,3382.54,3387.41,235736.33,810291622.2047
2024-07-18 16:00:00+00:00,3387.41,3422.75,3365.28,3404.34,126066.36,428274748.3771
2024-07-18 20:00:00+00:00,3404.34,3436.42,3395.0,3425.4,55211.45,188867593.9274
2024-07-19 00:00:00+00:00,3425.4,3433.18,3382.41,3428.73,109013.02,371786032.8629
2024-07-19 04:00:00+00:00,3428.73,3449.89,3385.0,3389.65,90212.71,308418911.4934
2024-07-19 08:00:00+00:00,3389.65,3410.58,3374.15,3402.67,118188.14,400961697.2716
2024-07-19 12:00:00+00:00,3402.67,3474.33,3394.3,3463.56,208793.62,719045499.3645
2024-07-19 16:00:00+00:00,3463.56,3539.96,3463.03,3521.09,238911.85,836539872.7693
2024-07-19 20:00:00+00:00,3521.09,3526.64,3490.33,3503.18,99570.3,349293491.3983
2024-07-20 00:00:00+00:00,3503.18,3508.0,3478.02,3493.96,49506.39,172837902.52380002
2024-07-20 04:00:00+00:00,3493.96,3506.84,3485.6,3485.8,45124.3,157835991.477
2024-07-20 08:00:00+00:00,3485.8,3493.65,3478.25,3483.99,46588.979999999996,162342107.0329
2024-07-20 12:00:00+00:00,3483.99,3506.9,3479.46,3502.52,43939.48,153487590.8456
2024-07-20 16:00:00+00:00,3502.52,3538.78,3488.49,3512.95,125005.7,439255684.8127
2024-07-20 20:00:00+00:00,3512.95,3524.99,3497.65,3516.09,33062.18,116153269.4153
2024-07-21 00:00:00+00:00,3516.09,3527.57,3502.25,3508.81,23552.95,82769979.6689
2024-07-21 04:00:00+00:00,3508.81,3511.83,3475.05,3483.04,54168.27,189105561.247
2024-07-21 08:00:00+00:00,3483.04,3506.32,3481.67,3497.29,33986.42,118724866.4995
2024-07-21 12:00:00+00:00,3497.29,3516.83,3480.0,3498.18,62160.75,217585379.3551
2024-07-21 16:00:00+00:00,3496.63,3525.18,3408.01,3489.42,282234.22,977856242.3907
2024-07-21 20:00:00+00:00,3489.42,3546.76,3480.5,3534.64,116204.65,408532854.6976
2024-07-22 00:00:00+00:00,3534.64,3563.28,3513.43,3515.59,85931.54000000001,303699232.3436
2024-07-22 04:00:00+00:00,3515.59,3522.52,3457.04,3476.78,96683.8,337188495.1983
2024-07-22 08:00:00+00:00,3476.78,3503.0,3467.04,3498.99,57942.69,201977419.7209
2024-07-22 12:00:00+00:00,3498.99,3506.65,3433.3,3455.41,147927.04,512672452.3926
2024-07-22 16:00:00+00:00,3455.41,3498.55,3442.34,3497.19,84524.0,293293775.2373
2024-07-22 20:00:00+00:00,3497.19,3499.44,3420.01,3438.34,170732.53,589804630.3566
2024-07-23 00:00:00+00:00,3438.34,3489.99,3434.33,3474.0,112118.79,389405503.2758
2024-07-23 04:00:00+00:00,3474.0,3482.63,3420.67,3454.6,157370.65,542302069.456
2024-07-23 08:00:00+00:00,3454.6,3541.28,3451.54,3514.95,301260.24,1057733875.0773001
2024-07-23 12:00:00+00:00,3514.95,3518.28,3426.01,3452.63,534496.46,1853445073.8041
2024-07-23 16:00:00+00:00,3452.63,3496.0,3386.95,3456.38,368028.0,1265153401.2604
2024-07-23 20:00:00+00:00,3456.38,3500.83,3453.73,3481.33,224410.92,780477346.0018
2024-07-24 00:00:00+00:00,3481.33,3487.11,3425.91,3446.42,126680.18000000001,437445291.7014
2024-07-24 04:00:00+00:00,3446.42,3450.87,3427.75,3445.95,60700.2,208787954.9112
2024-07-24 08:00:00+00:00,3445.95,3472.69,3442.05,3458.85,71896.92,248825969.3868
2024-07-24 12:00:00+00:00,3458.85,3472.01,3406.3,3413.32,210888.4,725246840.9823
2024-07-24 16:00:00+00:00,3413.32,3431.69,3355.01,3361.47,211805.41,718637096.2862
2024-07-24 20:00:00+00:00,3361.47,3375.76,3287.46,3334.46,265627.02,885005502.8123
2024-07-25 00:00:00+00:00,3334.46,3341.4,3150.04,3166.0,503038.08,1619817168.5751
2024-07-25 04:00:00+00:00,3166.0,3193.5,3124.21,3170.27,189808.76,601539866.6934
2024-07-25 08:00:00+00:00,3170.27,3186.77,3148.5,3170.78,131427.32,416190190.8539
2024-07-25 12:00:00+00:00,3170.78,3183.04,3100.86,3140.58,411911.13,1296922642.8125
2024-07-25 16:00:00+00:00,3140.58,3172.33,3096.21,3121.79,211689.62,663451232.3953
2024-07-25 20:00:00+00:00,3121.79,3199.21,3084.67,3174.01,225015.63,709564298.629
2024-07-26 00:00:00+00:00,3174.01,3259.3,3169.55,3235.52,206932.51,665836168.1664
2024-07-26 04:00:00+00:00,3235.52,3276.3,3231.71,3249.8,145778.17,474946988.4224
2024-07-26 08:00:00+00:00,3249.8,3263.69,3233.0,3245.67,100491.31,326498496.9672
2024-07-26 12:00:00+00:00,3245.67,3270.44,3217.55,3253.64,202041.51,655404091.9398
2024-07-26 16:00:00+00:00,3253.64,3284.23,3241.05,3272.5,97993.44,319642212.2353
2024-07-26 20:00:00+00:00,3272.5,3284.49,3249.0,3272.86,61571.99,201123988.0327
2024-07-27 00:00:00+00:00,3272.86,3273.36,3240.76,3243.41,73571.83,239351065.3611
2024-07-27 04:00:00+00:00,3243.41,3277.13,3242.5,3271.3,45419.82,148240515.1289
2024-07-27 08:00:00+00:00,3271.3,3281.99,3261.58,3277.34,48358.23,158261547.521
2024-07-27 12:00:00+00:00,3277.34,3326.86,3264.82,3279.99,204712.64,675153648.6201
2024-07-27 16:00:00+00:00,3279.99,3290.49,3227.44,3260.4,182360.94,594067703.2365
2024-07-27 20:00:00+00:00,3260.4,3294.69,3188.0,3247.06,305552.66,991719363.0315
2024-07-28 00:00:00+00:00,3247.06,3254.6,3223.93,3236.4,59826.42,193952539.7254
2024-07-28 04:00:00+00:00,3236.4,3243.22,3194.48,3226.57,85262.72,274310149.2178
2024-07-28 08:00:00+00:00,3226.57,3264.38,3213.87,3255.58,68257.11,221394095.0919
2024-07-28 12:00:00+00:00,3255.58,3278.86,3252.75,3267.9,70526.67,230407219.2531
2024-07-28 16:00:00+00:00,3267.9,3284.09,3260.91,3270.79,34612.27,113247317.2486
2024-07-28 20:00:00+00:00,3270.79,3272.88,3248.44,3268.41,37218.6,121361345.0116
2024-07-29 00:00:00+00:00,3268.41,3356.82,3265.68,3348.64,150888.88,499783638.5915
2024-07-29 04:00:00+00:00,3348.64,3388.65,3339.34,3366.56,121571.78,408984446.3153
2024-07-29 08:00:00+00:00,3366.56,3396.45,3360.84,3374.42,102371.74,346251788.8577
2024-07-29 12:00:00+00:00,3374.42,3386.5,3288.88,3306.87,236683.35,789664642.4916
2024-07-29 16:00:00+00:00,3306.87,3322.43,3255.73,3310.01,258142.74,849594644.7913
2024-07-29 20:00:00+00:00,3310.01,3352.14,3308.01,3316.23,110397.06,367446168.4584
2024-07-30 00:00:00+00:00,3316.23,3337.0,3279.33,3319.49,162142.42,536665474.0729
2024-07-30 04:00:00+00:00,3319.49,3352.0,3296.45,3339.86,82446.04,274015523.5431
2024-07-30 08:00:00+00:00,3339.86,3355.0,3325.03,3333.46,70444.0,235142444.0227
2024-07-30 12:00:00+00:00,3333.46,3366.05,3288.19,3319.57,189637.27,630801630.8961
2024-07-30 16:00:00+00:00,3319.57,3327.3,3257.89,3271.34,144724.73,476079358.3772
2024-07-30 20:00:00+00:00,3271.34,3284.16,3227.14,3277.13,133708.01,435967631.0415
2024-07-31 00:00:00+00:00,3277.13,3304.16,3259.52,3292.55,70074.45,230108940.9549
2024-07-31 04:00:00+00:00,3292.55,3332.0,3260.9,3316.13,123026.01,406063866.9079
2024-07-31 08:00:00+00:00,3316.13,3326.46,3305.5,3321.44,57962.51,192185022.7856
2024-07-31 12:00:00+00:00,3321.44,3349.94,3294.9,3300.42,135785.18,451201913.6377
2024-07-31 16:00:00+00:00,3300.42,3325.96,3241.0,3264.8,207485.58,682511316.9312
2024-07-31 20:00:00+00:00,3264.8,3270.39,3211.71,3231.63,186087.44,601621792.5333
2024-08-01 00:00:00+00:00,3231.63,3242.1,3168.64,3176.67,177326.92,567410263.5957
2024-08-01 04:00:00+00:00,3176.67,3188.68,3134.03,3164.86,182326.6,577082261.2607
2024-08-01 08:00:00+00:00,3164.86,3193.64,3163.41,3187.24,67953.65,216306259.1453
2024-08-01 12:00:00+00:00,3187.24,3207.66,3100.0,3114.45,253930.0,800324529.9005
2024-08-01 16:00:00+00:00,3114.45,3134.78,3077.2,3130.47,210746.55,654047941.1181
2024-08-01 20:00:00+00:00,3130.47,3217.88,3119.13,3202.0,159593.82,506372670.815
2024-08-02 00:00:00+00:00,3202.0,3217.41,3134.08,3166.69,129737.84,411756804.0288
2024-08-02 04:00:00+00:00,3166.69,3174.58,3124.12,3145.3,103004.58,324431410.5072
2024-08-02 08:00:00+00:00,3145.3,3165.59,3132.38,3152.11,55924.29,176235505.4272
2024-08-02 12:00:00+00:00,3152.11,3181.74,2982.35,3036.64,506383.01,1560440690.7125
2024-08-02 16:00:00+00:00,3036.64,3046.73,2991.12,3010.07,201163.18,607480903.5013
2024-08-02 20:00:00+00:00,3010.07,3040.5,2964.11,2987.34,247314.15,741046951.719
2024-08-03 00:00:00+00:00,2987.34,3001.78,2911.92,2980.33,199185.06,588103904.3759
2024-08-03 04:00:00+00:00,2980.33,2995.39,2958.54,2981.85,59988.97,178594788.8635
2024-08-03 08:00:00+00:00,2981.85,3004.43,2972.49,2995.62,51535.28,153963999.6746
2024-08-03 12:00:00+00:00,2995.62,3016.8,2936.53,2940.91,117315.94,349742061.666
2024-08-03 16:00:00+00:00,2940.91,2954.3,2875.79,2892.12,346614.36,1010513378.1428
2024-08-03 20:00:00+00:00,2892.12,2921.11,2855.58,2901.87,205856.72999999998,595622338.1269
2024-08-04 00:00:00+00:00,2901.87,2933.54,2874.25,2914.24,87855.17,255449539.5757
2024-08-04 04:00:00+00:00,2914.24,2920.71,2885.12,2891.48,47865.86,139022539.5987
2024-08-04 08:00:00+00:00,2891.48,2923.85,2873.68,2912.86,66543.96,193211690.9305
2024-08-04 12:00:00+00:00,2912.86,2924.62,2816.86,2825.36,294220.41,842245855.8767
2024-08-04 16:00:00+00:00,2825.36,2836.66,2620.0,2755.95,737724.34,2016516001.4628
2024-08-04 20:00:00+00:00,2755.95,2771.0,2678.62,2687.41,195509.83,533726019.2617
2024-08-05 00:00:00+00:00,2687.41,2695.74,2086.92,2311.65,1876307.82,4450561105.0292
2024-08-05 04:00:00+00:00,2311.65,2386.25,2152.98,2356.7,1103039.72,2523314137.4685
2024-08-05 08:00:00+00:00,2356.7,2362.48,2222.22,2289.31,585668.69,1339278172.6348
2024-08-05 12:00:00+00:00,2289.31,2461.16,2181.34,2449.33,1070377.68,2481509776.7223
2024-08-05 16:00:00+00:00,2449.33,2520.42,2360.94,2403.54,511267.01,1247714707.096
2024-08-05 20:00:00+00:00,2403.54,2473.67,2400.2,2418.38,244382.69,594392808.7906
2024-08-06 00:00:00+00:00,2418.38,2545.79,2414.21,2490.48,286712.05,717321134.533
2024-08-06 04:00:00+00:00,2490.48,2534.1,2477.0,2522.35,159157.58,399266834.5438
2024-08-06 08:00:00+00:00,2522.35,2524.02,2438.33,2456.84,249228.85,613829501.7174
2024-08-06 12:00:00+00:00,2456.84,2554.66,2412.17,2526.48,389128.04,968118465.1893
2024-08-06 16:00:00+00:00,2526.48,2547.43,2478.87,2491.17,246530.6,619163743.2943
2024-08-06 20:00:00+00:00,2491.17,2512.43,2444.12,2459.73,207936.23,515109372.9715
2024-08-07 00:00:00+00:00,2459.73,2528.91,2423.27,2505.87,217872.0,540504047.0472
2024-08-07 04:00:00+00:00,2505.87,2533.3,2483.08,2509.66,157140.16,394495186.4952
2024-08-07 08:00:00+00:00,2509.66,2551.3,2469.35,2471.61,222530.92,558772853.0016
2024-08-07 12:00:00+00:00,2471.61,2486.89,2363.16,2411.79,506012.85,1226121838.3417
2024-08-07 16:00:00+00:00,2411.79,2415.0,2325.03,2349.1,311381.33,737266912.6511999
2024-08-07 20:00:00+00:00,2349.1,2368.88,2306.16,2341.5,190980.92,447226542.7499
2024-08-08 00:00:00+00:00,2341.5,2464.46,2318.48,2428.2,284085.6,684700231.1498001
2024-08-08 04:00:00+00:00,2428.2,2444.11,2409.06,2412.59,123313.24,299191224.035
2024-08-08 08:00:00+00:00,2412.59,2460.15,2406.0,2446.41,151023.93,368088305.7005
2024-08-08 12:00:00+00:00,2446.41,2526.67,2409.46,2505.87,496956.06,1230074420.5365
2024-08-08 16:00:00+00:00,2505.87,2606.66,2502.61,2572.05,414266.83,1064472956.1623
2024-08-08 20:00:00+00:00,2572.05,2724.73,2565.22,2681.52,310556.58,822852507.6604
2024-08-09 00:00:00+00:00,2681.52,2701.17,2645.69,2693.47,192409.15,514185585.9871
2024-08-09 04:00:00+00:00,2693.47,2707.94,2648.15,2668.75,179511.18,480694015.5765
2024-08-09 08:00:00+00:00,2668.75,2679.78,2615.4,2633.23,173664.24,459068061.3902
2024-08-09 12:00:00+00:00,2633.23,2663.22,2555.2,2556.72,366567.67,953918104.0725
2024-08-09 16:00:00+00:00,2556.72,2608.29,2550.54,2588.87,116181.86,300215476.2923
2024-08-09 20:00:00+00:00,2588.87,2613.18,2560.01,2597.7,96042.99,248590335.533
2024-08-10 00:00:00+00:00,2597.7,2643.88,2574.08,2601.26,138494.25,360368599.1068
2024-08-10 04:00:00+00:00,2601.26,2636.84,2586.7,2632.89,65152.3,170391419.337
2024-08-10 08:00:00+00:00,2632.89,2641.88,2621.53,2635.66,60768.48,159917520.5675
2024-08-10 12:00:00+00:00,2635.66,2637.13,2595.38,2598.13,68652.03,179531883.8441
2024-08-10 16:00:00+00:00,2598.13,2622.18,2588.0,2601.61,74487.21,193962960.3573
2024-08-10 20:00:00+00:00,2601.61,2616.74,2595.0,2608.56,27929.43,72756675.42300001
2024-08-11 00:00:00+00:00,2608.56,2668.02,2604.57,2645.36,69725.93000000001,183979634.6019
2024-08-11 04:00:00+00:00,2645.36,2683.34,2632.23,2676.09,79670.16,211750731.1686
2024-08-11 08:00:00+00:00,2676.09,2718.68,2642.97,2651.4,185943.33,498100579.1696
2024-08-11 12:00:00+00:00,2651.4,2654.71,2591.87,2612.49,165535.56,434648462.395
2024-08-11 16:00:00+00:00,2612.49,2645.0,2594.11,2598.01,130492.86,342013568.8236
2024-08-11 20:00:00+00:00,2598.01,2601.79,2537.53,2554.38,281825.27999999997,722237089.7398
2024-08-12 00:00:00+00:00,2554.38,2576.88,2508.28,2539.86,194074.99,492671716.5942
2024-08-12 04:00:00+00:00,2539.86,2582.72,2514.52,2566.0,129001.59,328838458.6903
2024-08-12 08:00:00+00:00,2566.0,2682.0,2556.29,2672.06,271609.09,711579961.7172999
2024-08-12 12:00:00+00:00,2672.06,2724.87,2590.02,2687.94,600619.94,1602045164.4614
2024-08-12 16:00:00+00:00,2687.94,2697.58,2625.77,2658.6,156437.41,416324317.25699997
2024-08-12 20:00:00+00:00,2658.6,2750.73,2656.62,2721.39,234207.97,632663543.2319
2024-08-13 00:00:00+00:00,2721.39,2737.76,2647.88,2655.3,249757.67,672427634.0845
2024-08-13 04:00:00+00:00,2655.3,2663.42,2633.44,2647.06,124515.99,330031942.7408
2024-08-13 08:00:00+00:00,2647.06,2656.83,2608.61,2643.01,136492.72,359188873.2401
2024-08-13 12:00:00+00:00,2643.01,2674.0,2631.88,2651.16,221725.45,588099732.4149
2024-08-13 16:00:00+00:00,2651.16,2730.39,2648.76,2710.38,308054.09,831777440.2883
2024-08-13 20:00:00+00:00,2710.38,2733.59,2690.92,2701.25,102893.83,278868705.3991
2024-08-14 00:00:00+00:00,2701.25,2725.0,2683.79,2707.74,78575.71,212528668.3947
2024-08-14 04:00:00+00:00,2707.74,2749.95,2706.22,2726.3,128590.96,350828717.3326
2024-08-14 08:00:00+00:00,2726.3,2761.98,2712.3,2748.39,184308.44,504963803.2186
2024-08-14 12:00:00+00:00,2748.39,2783.84,2628.51,2672.35,584488.56,1571716599.7813
2024-08-14 16:00:00+00:00,2672.35,2672.51,2639.2,2667.63,181205.96,481527172.5867
2024-08-14 20:00:00+00:00,2667.63,2679.35,2638.27,2659.8,87928.31,234234978.0095
2024-08-15 00:00:00+00:00,2659.8,2672.45,2631.42,2651.0,101352.76,268713234.4368
2024-08-15 04:00:00+00:00,2651.0,2655.91,2587.7,2613.59,153986.62,403694840.1251
2024-08-15 08:00:00+00:00,2613.59,2643.0,2603.88,2636.25,99694.93,261476249.8175
2024-08-15 12:00:00+00:00,2636.25,2674.4,2631.43,2667.24,201337.75,534281964.5496
2024-08-15 16:00:00+00:00,2667.24,2674.46,2519.71,2548.0,414361.16,1066253849.6235
2024-08-15 20:00:00+00:00,2548.0,2588.42,2512.3,2568.74,204148.14,520532014.8452
2024-08-16 00:00:00+00:00,2568.74,2609.18,2549.57,2578.55,115288.37,297475059.8487
2024-08-16 04:00:00+00:00,2578.55,2627.94,2576.31,2616.23,92325.67,240563992.4108
2024-08-16 08:00:00+00:00,2616.23,2625.78,2604.59,2610.92,85610.37,223968306.9148
2024-08-16 12:00:00+00:00,2610.92,2617.95,2548.52,2567.0,287122.81,741822661.8368
2024-08-16 16:00:00+00:00,2567.0,2629.57,2561.87,2618.81,214773.64,558889334.4961
2024-08-16 20:00:00+00:00,2618.81,2625.03,2585.27,2591.53,87193.19,227133049.65670002
2024-08-17 00:00:00+00:00,2591.53,2606.8,2585.56,2594.33,44629.38,115895223.547
2024-08-17 04:00:00+00:00,2594.33,2602.4,2589.1,2598.68,29365.739999999998,76237228.542
2024-08-17 08:00:00+00:00,2598.68,2606.22,2591.9,2598.05,44854.74,116558237.4727
2024-08-17 12:00:00+00:00,2598.05,2617.88,2595.4,2605.4,67750.29,176623558.264
2024-08-17 16:00:00+00:00,2605.4,2626.73,2605.3,2613.94,45016.05,117732118.409
2024-08-17 20:00:00+00:00,2613.94,2617.04,2597.66,2613.47,32159.53,83876929.6923
2024-08-18 00:00:00+00:00,2613.47,2638.0,2603.15,2605.18,91429.0,239569205.90289998
2024-08-18 04:00:00+00:00,2605.18,2609.16,2592.5,2606.44,46735.71,121620334.5106
2024-08-18 08:00:00+00:00,2606.44,2671.42,2604.02,2648.17,159211.15,421051304.0977
2024-08-18 12:00:00+00:00,2648.17,2687.0,2641.71,2670.99,103259.53,275373559.2138
2024-08-18 16:00:00+00:00,2670.99,2677.62,2641.87,2666.8,54670.14,145324095.8192
2024-08-18 20:00:00+00:00,2666.8,2669.44,2608.1,2610.51,98333.65,259217417.4101
2024-08-19 00:00:00+00:00,2610.51,2647.11,2601.0,2643.49,114348.17,300211128.5351
2024-08-19 04:00:00+00:00,2643.49,2647.1,2610.13,2612.79,77799.87,204180112.2096
2024-08-19 08:00:00+00:00,2612.79,2621.1,2564.5,2586.23,200855.88,519283456.55910003
2024-08-19 12:00:00+00:00,2586.23,2603.54,2560.37,2583.0,157584.15,406656129.7525
2024-08-19 16:00:00+00:00,2583.0,2629.72,2572.37,2605.45,156145.74,406110780.6187
2024-08-19 20:00:00+00:00,2605.45,2641.1,2602.84,2635.23,83756.09999999999,219743738.8258
2024-08-20 00:00:00+00:00,2635.23,2676.87,2619.49,2660.99,143122.22,379733524.1858
2024-08-20 04:00:00+00:00,2660.99,2695.0,2655.87,2673.75,139669.54,373790834.839
2024-08-20 08:00:00+00:00,2673.75,2674.77,2638.26,2640.9,83509.14,221788148.2701
2024-08-20 12:00:00+00:00,2640.9,2655.36,2552.98,2573.46,330899.41,861166268.3478
2024-08-20 16:00:00+00:00,2573.46,2606.0,2563.59,2600.85,131717.38999999998,340626808.4271
2024-08-20 20:00:00+00:00,2600.85,2608.74,2562.19,2570.97,100088.39,258516499.0061
2024-08-21 00:00:00+00:00,2570.97,2596.6,2555.5,2589.99,59019.85,152069762.0629
2024-08-21 04:00:00+00:00,2589.99,2605.28,2586.83,2599.28,44427.62,115380895.2383
2024-08-21 08:00:00+00:00,2599.28,2606.84,2564.6,2576.34,83329.49,215202358.78869998
2024-08-21 12:00:00+00:00,2576.34,2617.5,2532.93,2600.53,380138.56,983264359.8683
2024-08-21 16:00:00+00:00,2600.53,2649.59,2590.83,2645.12,187356.35,491988685.3214
2024-08-21 20:00:00+00:00,2645.12,2663.0,2618.07,2629.12,109569.13,289096859.3356
2024-08-22 00:00:00+00:00,2629.12,2639.66,2582.4,2614.96,113622.94,296653566.5513
2024-08-22 04:00:00+00:00,2614.96,2642.66,2612.23,2635.05,55674.87,146089094.1843
2024-08-22 08:00:00+00:00,2635.05,2643.86,2617.7,2640.41,59203.65,155826948.9084
2024-08-22 12:00:00+00:00,2640.41,2643.84,2588.73,2598.15,177100.6,462798680.8836
2024-08-22 16:00:00+00:00,2598.15,2617.99,2595.78,2605.45,78287.88,204086967.4567
2024-08-22 20:00:00+00:00,2605.45,2627.44,2605.16,2622.0,66993.84,175465504.3205
2024-08-23 00:00:00+00:00,2622.0,2652.57,2620.25,2634.55,66647.93,175772948.8525
2024-08-23 04:00:00+00:00,2634.55,2690.0,2633.18,2668.4,183963.94,490941161.5484
2024-08-23 08:00:00+00:00,2668.4,2679.79,2650.18,2651.76,84570.44,225454614.5555
2024-08-23 12:00:00+00:00,2651.76,2699.0,2630.89,2669.99,289933.97000000003,772534534.6145
2024-08-23 16:00:00+00:00,2669.99,2749.99,2661.8,2745.2,302223.25,820174446.1019
2024-08-23 20:00:00+00:00,2745.2,2799.5,2739.0,2761.55,216250.6,598510437.5025
2024-08-24 00:00:00+00:00,2761.55,2769.1,2741.17,2745.55,51642.65,142186159.5917
2024-08-24 04:00:00+00:00,2745.55,2764.93,2736.75,2757.01,58324.24,160579651.0278
2024-08-24 08:00:00+00:00,2757.01,2783.64,2753.56,2754.48,84193.12,233011096.6318
2024-08-24 12:00:00+00:00,2754.48,2763.3,2750.4,2760.26,72854.09,200869206.6362
2024-08-24 16:00:00+00:00,2760.26,2818.6,2759.02,2791.42,224426.54,627173051.6382
2024-08-24 20:00:00+00:00,2791.42,2806.3,2730.15,2766.6,137045.88999999998,378878716.8775
2024-08-25 00:00:00+00:00,2766.6,2781.73,2747.28,2763.38,71662.73,198035425.4753
2024-08-25 04:00:00+00:00,2763.38,2769.2,2731.44,2741.97,63545.76,174797236.5875
2024-08-25 08:00:00+00:00,2741.97,2760.59,2735.83,2749.99,50540.5,139044905.673
2024-08-25 12:00:00+00:00,2749.99,2771.96,2744.78,2762.8,54780.97,151226865.7197
2024-08-25 16:00:00+00:00,2762.8,2773.02,2759.02,2764.7,38741.1,107138644.7408
2024-08-25 20:00:00+00:00,2764.7,2791.34,2737.21,2744.49,95414.56999999999,264127114.9031
2024-08-26 00:00:00+00:00,2744.49,2760.85,2716.06,2742.64,92193.5,252600102.8834
2024-08-26 04:00:00+00:00,2742.64,2751.03,2726.43,2731.76,72893.61,199682258.4504
2024-08-26 08:00:00+00:00,2731.76,2748.0,2707.67,2736.01,105312.16,287776767.1215
2024-08-26 12:00:00+00:00,2736.01,2741.21,2701.6,2720.51,172914.4,470072718.2644
2024-08-26 16:00:00+00:00,2720.51,2731.0,2674.47,2679.74,147063.76,396731442.2984
2024-08-26 20:00:00+00:00,2679.74,2692.17,2665.15,2679.23,78215.76,209619189.5886
2024-08-27 00:00:00+00:00,2679.23,2692.95,2665.45,2683.99,71873.33,192644094.4578
2024-08-27 04:00:00+00:00,2683.99,2699.0,2672.27,2686.99,66162.73,177751733.3515
2024-08-27 08:00:00+00:00,2686.99,2691.0,2615.37,2625.16,207100.95,548158861.9976
2024-08-27 12:00:00+00:00,2625.16,2627.4,2551.0,2577.8,408836.72,1061106008.6515
2024-08-27 16:00:00+00:00,2577.8,2591.3,2561.76,2583.2,128247.17,330533956.8037
2024-08-27 20:00:00+00:00,2583.2,2587.68,2387.3,2456.0,644285.67,1596885346.875
2024-08-28 00:00:00+00:00,2456.0,2480.04,2417.06,2477.03,228307.28,558397216.967
2024-08-28 04:00:00+00:00,2477.03,2484.89,2431.58,2435.58,150690.04,371000199.1055
2024-08-28 08:00:00+00:00,2435.58,2550.29,2427.0,2521.49,242527.55,606675217.993
2024-08-28 12:00:00+00:00,2521.49,2538.2,2466.65,2494.61,292579.58,731758751.7647
2024-08-28 16:00:00+00:00,2494.61,2545.43,2453.04,2503.24,304493.44,762020057.8869
2024-08-28 20:00:00+00:00,2503.24,2553.88,2502.33,2527.33,197762.13,500474406.8886
2024-08-29 00:00:00+00:00,2527.33,2537.23,2509.57,2522.17,64092.63,161729130.66
2024-08-29 04:00:00+00:00,2522.17,2558.85,2517.21,2545.96,84714.79,215297489.4654
2024-08-29 08:00:00+00:00,2545.96,2573.77,2536.52,2553.73,90339.16,230544595.6135
2024-08-29 12:00:00+00:00,2553.73,2594.63,2550.75,2574.38,194848.23,501059311.7598
2024-08-29 16:00:00+00:00,2574.38,2584.48,2508.19,2527.38,235635.47,599119390.8234
2024-08-29 20:00:00+00:00,2527.38,2542.88,2503.45,2526.05,100052.8,252734065.9596
2024-08-30 00:00:00+00:00,2526.05,2533.7,2503.5,2515.48,68040.66,171389294.9282
2024-08-30 04:00:00+00:00,2515.48,2532.75,2502.15,2515.97,68034.37,171363147.8115
2024-08-30 08:00:00+00:00,2515.97,2527.59,2506.02,2511.26,55041.91,138528604.6891
2024-08-30 12:00:00+00:00,2511.26,2554.52,2432.37,2447.31,381638.97,947660192.1763
2024-08-30 16:00:00+00:00,2447.31,2542.73,2428.56,2505.36,355533.22000000003,883977600.2784
2024-08-30 20:00:00+00:00,2505.36,2529.56,2504.8,2524.78,54482.27,137138637.2249
2024-08-31 00:00:00+00:00,2524.78,2533.23,2516.8,2522.37,28132.28,71016572.9134
2024-08-31 04:00:00+00:00,2522.37,2528.94,2516.25,2519.6,24517.02,61855314.3918
2024-08-31 08:00:00+00:00,2519.6,2529.21,2510.01,2524.33,48874.07,123085475.2758
2024-08-31 12:00:00+00:00,2524.33,2526.52,2512.64,2517.84,37621.62,94817426.3667
2024-08-31 16:00:00+00:00,2517.84,2518.78,2490.5,2498.43,78919.62,197426873.1985
2024-08-31 20:00:00+00:00,2498.43,2528.1,2492.34,2511.82,48057.42,120745389.5185
2024-09-01 00:00:00+00:00,2511.82,2515.0,2474.47,2487.57,85813.63,213706262.035
2024-09-01 04:00:00+00:00,2487.57,2490.05,2457.25,2485.79,118268.79,292583642.3262
2024-09-01 08:00:00+00:00,2485.79,2492.14,2456.7,2476.67,100612.32,249082078.6463
2024-09-01 12:00:00+00:00,2476.67,2488.21,2435.0,2479.66,199747.45,491338519.8053
2024-09-01 16:00:00+00:00,2479.66,2513.8,2455.6,2500.26,125260.95,311298904.8065
2024-09-01 20:00:00+00:00,2500.26,2515.28,2396.52,2424.25,220650.35,538910615.8217
2024-09-02 00:00:00+00:00,2424.25,2454.0,2421.58,2449.1,124283.41,303263951.4456
2024-09-02 04:00:00+00:00,2449.1,2464.98,2431.77,2440.0,98344.27,240489807.0266
2024-09-02 08:00:00+00:00,2440.0,2536.75,2437.22,2514.41,224501.41,560789475.3993
2024-09-02 12:00:00+00:00,2514.41,2527.0,2490.61,2512.4,145959.43,366622666.5865
2024-09-02 16:00:00+00:00,2512.4,2530.89,2504.6,2523.12,79322.26,199731132.7477
2024-09-02 20:00:00+00:00,2523.12,2564.65,2521.1,2536.76,123931.92,315454375.8647
2024-09-03 00:00:00+00:00,2536.76,2553.29,2513.2,2514.68,78691.73,199315064.0305
2024-09-03 04:00:00+00:00,2514.68,2524.65,2510.88,2519.02,48761.32,122709713.79
2024-09-03 08:00:00+00:00,2519.02,2519.73,2491.83,2507.9,70831.82,177317419.5662
2024-09-03 12:00:00+00:00,2507.9,2518.33,2433.29,2442.56,248156.16,611729454.094
2024-09-03 16:00:00+00:00,2442.56,2468.46,2433.21,2446.4,129738.02,317646098.3941
2024-09-03 20:00:00+00:00,2446.4,2469.87,2409.04,2423.82,98160.14,239831719.7842
2024-09-04 00:00:00+00:00,2423.82,2447.98,2302.53,2371.57,460149.94,1085857852.5741
2024-09-04 04:00:00+00:00,2371.57,2413.35,2361.89,2399.93,153905.82,366285997.0505
2024-09-04 08:00:00+00:00,2399.93,2409.79,2385.53,2397.61,93313.24,223647377.3728
2024-09-04 12:00:00+00:00,2397.61,2458.26,2391.08,2454.01,258205.0,625579055.5441
2024-09-04 16:00:00+00:00,2454.01,2489.84,2436.91,2450.73,187998.63,462955426.085
2024-09-04 20:00:00+00:00,2450.73,2468.85,2441.17,2449.08,56163.01,137881892.6654
2024-09-05 00:00:00+00:00,2449.08,2464.75,2402.84,2404.35,118491.79,288131783.7556
2024-09-05 04:00:00+00:00,2404.35,2417.5,2375.0,2411.08,148479.87,356340650.6032
2024-09-05 08:00:00+00:00,2411.08,2414.75,2381.05,2388.57,93066.22,222831199.3291
2024-09-05 12:00:00+00:00,2388.57,2414.76,2353.31,2369.67,326337.09,777649872.3723
2024-09-05 16:00:00+00:00,2369.67,2394.72,2346.0,2362.41,132889.69,315252998.58889997
2024-09-05 20:00:00+00:00,2362.41,2377.41,2347.95,2367.28,81863.37,193735859.8842
2024-09-06 00:00:00+00:00,2367.28,2407.39,2356.05,2391.39,104705.9,250002647.9798
2024-09-06 04:00:00+00:00,2391.39,2396.19,2319.01,2342.93,209355.41,491250229.6726
2024-09-06 08:00:00+00:00,2342.93,2379.2,2336.8,2372.19,136975.97,323344615.6107
2024-09-06 12:00:00+00:00,2372.19,2408.26,2263.55,2289.15,644764.35,1506606849.0542
2024-09-06 16:00:00+00:00,2289.15,2292.43,2205.8,2221.41,668483.87,1500534340.6176
2024-09-06 20:00:00+00:00,2221.41,2229.4,2148.42,2223.75,508393.33,1113197356.2129
2024-09-07 00:00:00+00:00,2223.75,2241.42,2220.53,2236.98,77789.46,173553911.454
2024-09-07 04:00:00+00:00,2236.98,2292.99,2236.34,2286.74,140942.6,319478438.28679997
2024-09-07 08:00:00+00:00,2286.74,2298.69,2273.86,2282.64,83977.36,191951674.3551
2024-09-07 12:00:00+00:00,2282.64,2310.95,2280.58,2299.23,107509.52,246732923.7023
2024-09-07 16:00:00+00:00,2299.23,2303.34,2262.0,2288.67,122082.32,278553514.1745
2024-09-07 20:00:00+00:00,2288.67,2289.93,2255.49,2272.21,70167.56,159208358.2051
2024-09-08 00:00:00+00:00,2272.21,2287.32,2261.87,2284.42,55452.64,126285519.2287
2024-09-08 04:00:00+00:00,2284.42,2304.31,2281.95,2293.55,66109.45,151525919.6551
2024-09-08 08:00:00+00:00,2293.55,2308.64,2286.29,2294.95,68621.65,157786915.5826
2024-09-08 12:00:00+00:00,2294.95,2297.8,2239.02,2244.43,152565.0,346340508.1178
2024-09-08 16:00:00+00:00,2244.43,2281.89,2241.81,2270.78,106087.15,240100247.1259
2024-09-08 20:00:00+00:00,2270.78,2332.32,2265.83,2296.21,215812.6,496960501.8042
2024-09-09 00:00:00+00:00,2296.21,2320.0,2286.21,2303.61,105879.74,243853734.8332
2024-09-09 04:00:00+00:00,2303.61,2315.87,2281.84,2313.26,100720.4,231453295.8206
2024-09-09 08:00:00+00:00,2313.26,2337.22,2309.37,2314.0,158329.13999999998,367669659.2453
2024-09-09 12:00:00+00:00,2314.0,2324.72,2271.05,2291.29,207683.21,476854075.7249
2024-09-09 16:00:00+00:00,2291.29,2352.79,2289.69,2349.4,260628.18,608009699.3229
2024-09-09 20:00:00+00:00,2349.4,2384.81,2335.79,2358.02,151445.26,357929432.6042
2024-09-10 00:00:00+00:00,2358.02,2359.04,2334.11,2339.58,77904.76,182575307.5767
2024-09-10 04:00:00+00:00,2339.58,2366.0,2327.5,2362.39,80115.25,188139933.709
2024-09-10 08:00:00+00:00,2362.39,2371.92,2337.22,2349.61,75590.19,177868892.9541
2024-09-10 12:00:00+00:00,2349.61,2363.28,2318.83,2323.58,175559.4,410385728.6622
2024-09-10 16:00:00+00:00,2323.58,2391.31,2322.67,2379.44,157016.62,370868237.0936
2024-09-10 20:00:00+00:00,2379.44,2398.96,2371.01,2387.62,77706.12,185214440.4638
2024-09-11 00:00:00+00:00,2387.62,2388.58,2337.01,2346.89,154814.76,364924907.8126
2024-09-11 04:00:00+00:00,2346.89,2346.89,2317.34,2340.26,110631.52,257844006.5077
2024-09-11 08:00:00+00:00,2340.26,2340.79,2306.02,2326.66,107100.03,248589735.2733
2024-09-11 12:00:00+00:00,2326.66,2355.0,2275.77,2324.79,396421.12,916360914.465
2024-09-11 16:00:00+00:00,2324.79,2368.11,2323.4,2339.05,190635.9,447428402.0536
2024-09-11 20:00:00+00:00,2339.05,2350.53,2331.35,2339.52,37215.38,87133245.3444
2024-09-12 00:00:00+00:00,2339.52,2393.87,2338.26,2367.07,137841.08000000002,326240265.9283
2024-09-12 04:00:00+00:00,2367.07,2378.95,2351.4,2358.52,74642.78,176245743.9262
2024-09-12 08:00:00+00:00,2358.52,2364.85,2342.1,2347.32,56115.22,131978885.7602
2024-09-12 12:00:00+00:00,2347.32,2366.81,2313.59,2321.86,224029.0,524021385.9322
2024-09-12 16:00:00+00:00,2321.86,2360.85,2321.0,2359.98,110128.11,258093482.2418
2024-09-12 20:00:00+00:00,2359.98,2373.47,2339.8,2361.03,89041.1,209792116.3103
2024-09-13 00:00:00+00:00,2361.03,2363.81,2348.48,2355.26,37678.05,88777751.3934
2024-09-13 04:00:00+00:00,2355.26,2358.43,2336.11,2347.79,45464.35,106656434.8086
2024-09-13 08:00:00+00:00,2347.79,2375.5,2340.44,2353.2,95320.51,224832369.4029
2024-09-13 12:00:00+00:00,2353.2,2412.39,2341.3,2406.82,251449.78,597457049.9906
2024-09-13 16:00:00+00:00,2406.82,2428.16,2394.7,2420.09,165541.36000000002,399602469.5608
2024-09-13 20:00:00+00:00,2420.09,2465.0,2412.0,2438.36,124126.7,303155369.3835
2024-09-14 00:00:00+00:00,2438.36,2439.92,2420.14,2431.85,49579.29,120441786.3347
2024-09-14 04:00:00+00:00,2431.85,2432.63,2412.19,2419.22,33083.48,80066632.3858
2024-09-14 08:00:00+00:00,2419.22,2420.79,2407.12,2416.0,46222.909999999996,111574708.8696
2024-09-14 12:00:00+00:00,2416.0,2422.81,2411.22,2417.54,48081.18,116266251.193
2024-09-14 16:00:00+00:00,2417.54,2420.34,2372.79,2407.65,113863.46,273139291.8965
2024-09-14 20:00:00+00:00,2407.65,2421.95,2406.06,2416.77,35978.43,86848621.5904
2024-09-15 00:00:00+00:00,2416.77,2429.67,2415.17,2419.54,26881.91,65132985.6506
2024-09-15 04:00:00+00:00,2419.54,2423.33,2412.7,2421.86,22711.81,54924669.5846
2024-09-15 08:00:00+00:00,2421.86,2422.22,2400.33,2405.99,40749.92,98196403.329
2024-09-15 12:00:00+00:00,2405.99,2418.0,2394.98,2407.51,63530.74,152936091.7124
2024-09-15 16:00:00+00:00,2407.51,2407.91,2360.73,2371.07,162570.98,387142146.5382
2024-09-15 20:00:00+00:00,2371.07,2371.09,2281.0,2314.46,248124.49,577547696.0606
2024-09-16 00:00:00+00:00,2314.46,2321.22,2250.21,2277.13,240940.57,549861202.8727
2024-09-16 04:00:00+00:00,2277.13,2311.92,2275.14,2309.25,92102.47,211031960.1469
2024-09-16 08:00:00+00:00,2309.25,2334.66,2286.37,2306.85,137436.48,317412336.7003
2024-09-16 12:00:00+00:00,2306.85,2311.99,2267.29,2286.59,196224.45,449120973.1376
2024-09-16 16:00:00+00:00,2286.59,2311.13,2267.75,2273.81,145059.94,331853401.01
2024-09-16 20:00:00+00:00,2273.81,2300.78,2265.55,2294.59,79727.67,181875705.9412
2024-09-17 00:00:00+00:00,2294.59,2297.96,2261.14,2282.91,81400.79,185427669.761
2024-09-17 04:00:00+00:00,2282.91,2309.8,2281.09,2308.03,60882.27,139867386.1576
2024-09-17 08:00:00+00:00,2308.03,2323.17,2300.96,2307.28,103552.77,239360382.0486
2024-09-17 12:00:00+00:00,2307.28,2392.9,2301.15,2382.65,304861.38,716241633.8321
2024-09-17 16:00:00+00:00,2382.65,2389.11,2326.28,2352.03,187805.0,442642099.5089
2024-09-17 20:00:00+00:00,2352.03,2360.5,2326.96,2340.28,87514.58,205166305.3868
2024-09-18 00:00:00+00:00,2340.28,2341.12,2308.04,2333.48,99408.12,231218769.8758
2024-09-18 04:00:00+00:00,2333.48,2334.86,2310.69,2328.59,60845.9,141405859.6735
2024-09-18 08:00:00+00:00,2328.59,2328.65,2275.56,2299.15,139071.24,319964817.3856
2024-09-18 12:00:00+00:00,2299.15,2317.38,2285.91,2294.96,115359.86,265268090.4433
2024-09-18 16:00:00+00:00,2294.96,2363.98,2286.66,2314.08,312950.77,727709277.6898
2024-09-18 20:00:00+00:00,2314.08,2375.59,2288.0,2374.0,138124.78,321924792.112
2024-09-19 00:00:00+00:00,2374.0,2412.4,2371.7,2402.57,223862.06,535030215.0831
2024-09-19 04:00:00+00:00,2402.57,2442.7,2398.5,2436.89,163261.98,394760905.0225
2024-09-19 08:00:00+00:00,2436.89,2441.66,2421.94,2434.01,106693.51,259485082.2502
2024-09-19 12:00:00+00:00,2434.01,2452.46,2419.08,2438.52,174802.86000000002,425527604.3133
2024-09-19 16:00:00+00:00,2438.52,2494.39,2432.08,2460.03,269848.23,665718062.2654
2024-09-19 20:00:00+00:00,2460.03,2478.38,2451.54,2464.43,85917.56,211741205.1096
2024-09-20 00:00:00+00:00,2464.43,2521.32,2436.45,2519.74,131149.75,323805493.6893
2024-09-20 04:00:00+00:00,2519.74,2571.34,2515.74,2559.96,268791.57,684276458.1721001
2024-09-20 08:00:00+00:00,2559.96,2565.81,2537.84,2544.0,125134.85,318855637.54399997
2024-09-20 12:00:00+00:00,2544.0,2569.42,2514.48,2558.98,261826.82,665212134.8275
2024-09-20 16:00:00+00:00,2558.98,2568.38,2524.11,2539.86,149736.86000000002,381049029.368
2024-09-20 20:00:00+00:00,2539.86,2561.71,2537.41,2560.85,62145.72,158341795.5053
2024-09-21 00:00:00+00:00,2560.85,2587.21,2532.57,2542.9,133737.13,342332346.4732
2024-09-21 04:00:00+00:00,2542.9,2557.9,2527.56,2554.74,59306.72,150778249.9615
2024-09-21 08:00:00+00:00,2554.74,2556.55,2543.45,2555.09,42626.93,108647358.556
2024-09-21 12:00:00+00:00,2555.09,2575.98,2548.53,2558.62,72018.64,184491030.1635
2024-09-21 16:00:00+00:00,2558.62,2576.84,2555.0,2570.57,56483.07,144969711.7519
2024-09-21 20:00:00+00:00,2570.57,2621.73,2558.8,2611.25,104848.27,271980664.3332
2024-09-22 00:00:00+00:00,2611.25,2632.68,2586.05,2593.29,142248.06,370760929.308
2024-09-22 04:00:00+00:00,2593.29,2603.46,2574.1,2586.23,62175.69,160794094.7328
2024-09-22 08:00:00+00:00,2586.23,2594.83,2568.0,2579.36,79549.4,205267178.5692
2024-09-22 12:00:00+00:00,2579.36,2586.95,2552.36,2569.11,113193.46,290709350.2099
2024-09-22 16:00:00+00:00,2569.11,2592.52,2550.46,2577.33,113376.2,291807092.614
2024-09-22 20:00:00+00:00,2577.33,2593.46,2522.74,2580.01,171310.33,439070572.0794
2024-09-23 00:00:00+00:00,2580.01,2687.0,2538.23,2675.98,328076.77,861046000.0453
2024-09-23 04:00:00+00:00,2675.98,2681.59,2634.53,2645.35,139814.69,371581367.1308
2024-09-23 08:00:00+00:00,2645.35,2661.59,2631.51,2644.93,131517.15,347880976.4476
2024-09-23 12:00:00+00:00,2644.93,2684.9,2627.95,2674.32,191040.43,507297256.3167
2024-09-23 16:00:00+00:00,2674.32,2702.89,2656.21,2671.68,206028.41,551595417.2692
2024-09-23 20:00:00+00:00,2671.68,2681.57,2637.98,2645.75,97950.02,260031945.2722
2024-09-24 00:00:00+00:00,2645.75,2650.61,2608.0,2626.61,171031.51,449281614.6094
2024-09-24 04:00:00+00:00,2626.61,2648.96,2617.52,2646.29,67008.5,176611265.0502
2024-09-24 08:00:00+00:00,2646.29,2667.8,2634.16,2636.25,125261.24,332011998.6712
2024-09-24 12:00:00+00:00,2636.25,2646.0,2590.01,2611.44,253711.57,664103389.2284
2024-09-24 16:00:00+00:00,2611.44,2656.6,2609.51,2649.21,129860.02,342463503.1736
2024-09-24 20:00:00+00:00,2649.21,2672.43,2638.68,2652.7,174664.73,463762465.1886
2024-09-25 00:00:00+00:00,2652.7,2673.75,2631.61,2645.91,96476.2,255536285.7193
2024-09-25 04:00:00+00:00,2645.91,2646.11,2608.19,2620.25,110698.14,290353919.0612
2024-09-25 08:00:00+00:00,2620.25,2629.92,2612.31,2626.5,65821.79,172576244.2049
2024-09-25 12:00:00+00:00,2626.5,2629.43,2593.38,2599.64,131050.77,342602030.0653
2024-09-25 16:00:00+00:00,2599.64,2608.26,2564.0,2569.96,161126.35,416335059.8054
2024-09-25 20:00:00+00:00,2569.96,2584.22,2552.18,2578.99,89297.61,229601006.7791
2024-09-26 00:00:00+00:00,2578.99,2608.48,2557.77,2601.67,124215.39,321142728.3689
2024-09-26 04:00:00+00:00,2601.67,2634.0,2590.92,2628.78,99234.5,259401740.5588
2024-09-26 08:00:00+00:00,2628.78,2638.99,2611.63,2627.96,114879.47,301728516.1291
2024-09-26 12:00:00+00:00,2627.96,2663.69,2603.57,2651.01,320663.15,844414671.8557
2024-09-26 16:00:00+00:00,2651.01,2665.7,2625.5,2647.23,167064.34,442194099.961
2024-09-26 20:00:00+00:00,2647.23,2654.31,2615.02,2630.96,102792.19,270945827.5115
2024-09-27 00:00:00+00:00,2630.96,2643.95,2613.76,2637.63,86469.98,227325440.4152
2024-09-27 04:00:00+00:00,2637.63,2668.63,2635.47,2656.01,141647.63999999998,376114384.0305
2024-09-27 08:00:00+00:00,2656.01,2677.53,2639.77,2650.42,131799.23,349976243.308
2024-09-27 12:00:00+00:00,2650.42,2698.75,2640.6,2681.95,216139.79,578192007.3625
2024-09-27 16:00:00+00:00,2681.95,2727.96,2676.7,2699.86,236648.38,639504165.2699
2024-09-27 20:00:00+00:00,2699.86,2707.77,2688.25,2693.31,52788.94,142332367.1484
2024-09-28 00:00:00+00:00,2693.31,2704.37,2686.71,2689.55,48441.38,130539422.7683
2024-09-28 04:00:00+00:00,2689.55,2699.48,2673.54,2676.88,61037.98,163793751.3715
2024-09-28 08:00:00+00:00,2676.88,2677.52,2648.48,2674.32,94012.37,250598424.0238
2024-09-28 12:00:00+00:00,2674.32,2674.56,2651.1,2668.77,86697.95999999999,230961802.5094
2024-09-28 16:00:00+00:00,2668.77,2683.47,2660.83,2676.59,53493.78,143003950.2342
2024-09-28 20:00:00+00:00,2676.59,2681.19,2654.0,2674.09,54089.81,144404738.3723
2024-09-29 00:00:00+00:00,2674.09,2682.77,2662.32,2673.72,33664.52,90007893.1331
2024-09-29 04:00:00+00:00,2673.72,2673.8,2633.11,2639.31,94601.71,250937835.4241
2024-09-29 08:00:00+00:00,2639.31,2654.38,2632.8,2652.01,66826.95,176705908.7123
2024-09-29 12:00:00+00:00,2652.01,2668.6,2639.69,2665.05,96874.77,257142280.0158
2024-09-29 16:00:00+00:00,2665.05,2671.4,2649.33,2665.94,41744.32,111155992.8725
2024-09-29 20:00:00+00:00,2665.94,2672.84,2646.71,2656.42,67021.37,178306284.882
2024-09-30 00:00:00+00:00,2656.42,2662.6,2597.79,2628.28,278877.15,732511627.3981
2024-09-30 04:00:00+00:00,2628.28,2642.47,2621.58,2636.59,84125.33,221516630.3526
2024-09-30 08:00:00+00:00,2636.59,2642.45,2590.01,2628.06,283026.38,740735637.4216
2024-09-30 12:00:00+00:00,2628.06,2638.09,2592.17,2594.95,154382.43,404274177.6406
2024-09-30 16:00:00+00:00,2594.95,2610.02,2572.45,2593.93,219372.91,568813393.3453
2024-09-30 20:00:00+00:00,2593.93,2615.72,2573.43,2600.8,148808.44,386724331.9025
2024-10-01 00:00:00+00:00,2600.8,2632.68,2589.26,2629.0,129265.18,338118701.9309
2024-10-01 04:00:00+00:00,2629.0,2659.17,2626.25,2644.39,105239.69,278303996.5868
2024-10-01 08:00:00+00:00,2644.39,2645.95,2627.61,2627.76,56833.79,149852576.8821
2024-10-01 12:00:00+00:00,2627.76,2632.37,2478.47,2523.01,739264.96,1885677916.5541
2024-10-01 16:00:00+00:00,2523.01,2531.22,2426.18,2487.64,530065.27,1319888954.492
2024-10-01 20:00:00+00:00,2487.64,2491.83,2411.79,2446.63,323626.46,793988546.9196
2024-10-02 00:00:00+00:00,2446.63,2498.68,2440.61,2488.52,127279.02,314976317.1354
2024-10-02 04:00:00+00:00,2488.52,2491.88,2465.28,2480.47,91563.05,227203167.2852
2024-10-02 08:00:00+00:00,2480.47,2485.91,2439.54,2453.79,155818.08000000002,383091443.9012
2024-10-02 12:00:00+00:00,2453.79,2462.72,2416.16,2459.31,340407.4,830565015.5566
2024-10-02 16:00:00+00:00,2459.31,2478.07,2366.45,2370.72,392127.48,946178791.6559
2024-10-02 20:00:00+00:00,2370.72,2391.74,2349.71,2362.61,199280.94,472199072.22179997
2024-10-03 00:00:00+00:00,2362.61,2398.52,2350.83,2398.35,135965.71,323580134.099
2024-10-03 04:00:00+00:00,2398.35,2402.63,2357.92,2363.25,116325.79000000001,277194633.6911
2024-10-03 08:00:00+00:00,2363.25,2369.52,2317.43,2351.07,233717.88,548076227.4483
2024-10-03 12:00:00+00:00,2351.07,2365.11,2308.56,2339.61,380422.14,888873839.2022
2024-10-03 16:00:00+00:00,2339.61,2353.27,2310.45,2352.28,152247.53,355393801.8897
2024-10-03 20:00:00+00:00,2352.28,2356.95,2330.75,2348.71,58484.99,137206734.6133
2024-10-04 00:00:00+00:00,2348.71,2378.54,2338.0,2366.01,121328.13,286818970.9376
2024-10-04 04:00:00+00:00,2366.01,2387.14,2364.33,2380.55,69657.82,165577520.9741
2024-10-04 08:00:00+00:00,2380.55,2393.13,2372.62,2385.12,91089.19,217093565.6693
2024-10-04 12:00:00+00:00,2385.12,2417.61,2350.85,2416.16,296522.25,706266552.3515
2024-10-04 16:00:00+00:00,2416.16,2440.8,2408.23,2427.95,216743.78,525759520.0682
2024-10-04 20:00:00+00:00,2427.95,2430.48,2411.26,2413.36,50655.27,122686091.2628
2024-10-05 00:00:00+00:00,2413.36,2427.2,2388.24,2398.15,69112.5,166244510.0721
2024-10-05 04:00:00+00:00,2398.15,2426.0,2395.58,2413.96,50883.76,122779676.4766
2024-10-05 08:00:00+00:00,2413.96,2427.13,2413.82,2416.16,29772.14,72035910.1636
2024-10-05 12:00:00+00:00,2416.16,2422.86,2403.78,2413.76,57331.62,138317552.3607
2024-10-05 16:00:00+00:00,2413.76,2414.79,2391.0,2395.41,54712.9,131363152.9018
2024-10-05 20:00:00+00:00,2395.41,2419.21,2388.56,2413.48,53805.06,129493290.0969
2024-10-06 00:00:00+00:00,2413.48,2421.78,2405.52,2412.68,38650.53,93312058.349
2024-10-06 04:00:00+00:00,2412.68,2420.0,2408.88,2415.91,24754.79,59786319.3505
2024-10-06 08:00:00+00:00,2415.91,2429.76,2414.28,2425.07,42261.36,102369721.5819
2024-10-06 12:00:00+00:00,2425.07,2457.16,2422.99,2445.44,112040.14,273318489.0894
2024-10-06 16:00:00+00:00,2445.44,2451.89,2433.82,2440.08,67563.18,165070094.3153
2024-10-06 20:00:00+00:00,2440.08,2444.49,2413.25,2438.92,79779.34,193970593.2745
2024-10-07 00:00:00+00:00,2438.92,2512.64,2434.48,2494.44,247607.76,615215519.5007
2024-10-07 04:00:00+00:00,2494.44,2497.79,2475.8,2479.06,64181.090000000004,159587455.0623
2024-10-07 08:00:00+00:00,2479.06,2487.72,2436.16,2474.78,184765.13,454304350.747
2024-10-07 12:00:00+00:00,2474.78,2520.77,2461.26,2472.91,262383.51,652987394.3226
2024-10-07 16:00:00+00:00,2472.91,2479.99,2418.28,2444.39,200078.87,490528274.2613
2024-10-07 20:00:00+00:00,2444.39,2456.86,2401.19,2421.22,172197.77,418654365.3052
2024-10-08 00:00:00+00:00,2421.22,2447.36,2420.9,2437.26,77064.87,187527659.1749
2024-10-08 04:00:00+00:00,2437.26,2444.9,2408.04,2427.29,114593.35,278020008.782
2024-10-08 08:00:00+00:00,2427.29,2440.39,2415.9,2438.39,57519.53,139749523.2571
2024-10-08 12:00:00+00:00,2438.39,2452.18,2398.49,2418.36,217256.99,527256216.4681
2024-10-08 16:00:00+00:00,2418.36,2455.32,2410.14,2438.99,158827.55,386762800.794
2024-10-08 20:00:00+00:00,2438.99,2466.6,2432.67,2439.48,79770.57,195330076.2346
2024-10-09 00:00:00+00:00,2439.48,2472.67,2425.45,2445.47,90923.02,222714305.6762
2024-10-09 04:00:00+00:00,2445.47,2451.55,2430.1,2434.8,57390.409999999996,140103190.6726
2024-10-09 08:00:00+00:00,2434.8,2441.77,2426.09,2440.56,47487.13,115550045.2702
2024-10-09 12:00:00+00:00,2440.56,2471.24,2421.62,2460.27,206520.11000000002,504199734.8648
2024-10-09 16:00:00+00:00,2460.27,2461.95,2406.0,2417.01,199579.24,484523867.3669
2024-10-09 20:00:00+00:00,2417.01,2417.01,2349.01,2369.19,278579.97,661425855.1425
2024-10-10 00:00:00+00:00,2369.19,2400.0,2365.39,2394.2,117619.17,280851598.3496
2024-10-10 04:00:00+00:00,2394.2,2410.57,2390.25,2394.5,58479.45,140399144.0952
2024-10-10 08:00:00+00:00,2394.5,2407.2,2366.71,2405.5,118166.87,282286272.8312
2024-10-10 12:00:00+00:00,2405.5,2408.37,2368.03,2403.79,249235.27,594625891.8709
2024-10-10 16:00:00+00:00,2403.79,2420.43,2328.95,2365.75,353072.63,836649725.9391
2024-10-10 20:00:00+00:00,2365.75,2385.86,2357.18,2385.38,76868.06,182326324.721
2024-10-11 00:00:00+00:00,2385.38,2416.11,2380.86,2409.94,92766.28,222547414.9687
2024-10-11 04:00:00+00:00,2409.94,2417.4,2402.03,2406.4,57700.21,138983907.9088
2024-10-11 08:00:00+00:00,2406.4,2426.76,2401.09,2416.51,93821.25,226538510.8646
2024-10-11 12:00:00+00:00,2416.51,2453.64,2413.26,2442.87,234084.24,569578174.2825
2024-10-11 16:00:00+00:00,2442.87,2472.14,2431.94,2458.6,171771.37,420974507.5983
2024-10-11 20:00:00+00:00,2458.6,2461.56,2432.79,2438.58,103891.22,254200078.7105
2024-10-12 00:00:00+00:00,2438.58,2450.4,2432.52,2437.9,53169.8,129774042.5324
2024-10-12 04:00:00+00:00,2437.9,2451.56,2437.9,2445.46,38142.0,93258700.33
2024-10-12 08:00:00+00:00,2445.46,2467.0,2441.37,2451.33,52374.62,128510802.3387
2024-10-12 12:00:00+00:00,2451.33,2483.4,2447.24,2471.8,96259.59,237567853.7207
2024-10-12 16:00:00+00:00,2471.8,2486.0,2464.91,2471.55,54254.74,134227444.0385
2024-10-12 20:00:00+00:00,2471.55,2489.88,2467.87,2475.21,30782.01,76310690.94849999
2024-10-13 00:00:00+00:00,2475.21,2484.59,2452.2,2456.99,66749.84,164523750.7624
2024-10-13 04:00:00+00:00,2456.99,2468.78,2456.13,2464.18,30162.45,74285141.1545
2024-10-13 08:00:00+00:00,2464.18,2470.98,2456.38,2457.13,41883.35,103158578.3607
2024-10-13 12:00:00+00:00,2457.13,2469.54,2435.03,2439.16,99362.56,243503181.4091
2024-10-13 16:00:00+00:00,2439.16,2462.1,2436.4,2456.95,68881.68,168692289.219
2024-10-13 20:00:00+00:00,2456.95,2483.88,2451.94,2467.79,83018.16,204756161.16820002
2024-10-14 00:00:00+00:00,2467.79,2524.93,2442.0,2520.31,140855.23,350235523.5595
2024-10-14 04:00:00+00:00,2520.31,2548.58,2510.55,2534.99,258537.24,654175564.16
2024-10-14 08:00:00+00:00,2534.99,2546.99,2518.44,2537.14,123016.25,311809119.5998
2024-10-14 12:00:00+00:00,2537.14,2642.67,2533.58,2634.99,389849.74,1010061715.7871
2024-10-14 16:00:00+00:00,2634.99,2640.18,2614.0,2619.28,122634.58,321983313.8821
2024-10-14 20:00:00+00:00,2619.28,2653.67,2614.93,2629.0,119822.73,315557187.0977
2024-10-15 00:00:00+00:00,2629.0,2636.99,2608.41,2612.28,83062.78,217861536.4403
2024-10-15 04:00:00+00:00,2612.28,2623.65,2588.9,2615.0,125922.1,328167656.0938
2024-10-15 08:00:00+00:00,2615.0,2622.11,2577.38,2585.7,107609.03,279974779.8677
2024-10-15 12:00:00+00:00,2585.7,2688.91,2535.21,2572.53,691324.44,1798589115.2224
2024-10-15 16:00:00+00:00,2572.53,2619.61,2570.31,2591.32,177119.25,459138737.323
2024-10-15 20:00:00+00:00,2591.32,2608.59,2560.83,2606.32,110416.28,285099359.8105
2024-10-16 00:00:00+00:00,2606.32,2630.0,2587.35,2616.24,77736.35,203238567.8063
2024-10-16 04:00:00+00:00,2616.24,2623.99,2597.75,2606.29,69465.2,181285812.86360002
2024-10-16 08:00:00+00:00,2606.29,2642.13,2604.24,2629.44,138770.19,363947535.0774
2024-10-16 12:00:00+00:00,2629.44,2647.44,2592.94,2606.49,231869.61,607035300.9437
2024-10-16 16:00:00+00:00,2606.49,2627.4,2590.01,2613.5,80844.28,211166261.7858
2024-10-16 20:00:00+00:00,2613.5,2626.92,2607.14,2610.12,38987.25,102024949.1216
2024-10-17 00:00:00+00:00,2610.12,2644.77,2609.0,2640.1,75368.16,198180998.767
2024-10-17 04:00:00+00:00,2640.1,2647.84,2618.37,2627.59,74754.58,196633717.3734
2024-10-17 08:00:00+00:00,2627.59,2629.87,2595.0,2596.6,89563.08,233809611.6149
2024-10-17 12:00:00+00:00,2596.6,2632.46,2581.8,2630.15,195707.93,510016955.5291
2024-10-17 16:00:00+00:00,2630.15,2630.72,2573.54,2594.39,176156.57,457632864.17579997
2024-10-17 20:00:00+00:00,2594.39,2614.46,2593.2,2604.82,45810.4,119266866.8321
2024-10-18 00:00:00+00:00,2604.82,2651.3,2595.15,2608.91,131182.84,344523808.2421
2024-10-18 04:00:00+00:00,2608.91,2645.18,2608.0,2643.86,96906.49,254517214.3689
2024-10-18 08:00:00+00:00,2643.86,2650.0,2620.0,2621.2,89366.15,235385216.6836
2024-10-18 12:00:00+00:00,2621.2,2664.0,2611.0,2652.2,218143.7,574997132.4178
2024-10-18 16:00:00+00:00,2652.2,2675.99,2628.65,2650.65,149407.12,396239056.2562
2024-10-18 20:00:00+00:00,2650.65,2651.4,2632.35,2641.58,55843.06,147537013.7789
2024-10-19 00:00:00+00:00,2641.58,2663.15,2634.3,2645.95,44085.98,116690463.727
2024-10-19 04:00:00+00:00,2645.95,2650.2,2636.99,2640.29,35675.57,94303692.5394
2024-10-19 08:00:00+00:00,2640.29,2648.34,2630.36,2630.84,35917.41,94863243.0212
2024-10-19 12:00:00+00:00,2630.84,2654.0,2630.4,2645.3,45559.97,120445156.4878
2024-10-19 16:00:00+00:00,2645.3,2647.0,2636.08,2641.13,24392.71,64434525.0658
2024-10-19 20:00:00+00:00,2641.13,2655.58,2640.58,2648.18,24031.24,63629773.5765
2024-10-20 00:00:00+00:00,2648.18,2653.33,2635.0,2640.05,22846.92,60358060.2278
2024-10-20 04:00:00+00:00,2640.05,2651.89,2637.94,2645.89,23080.54,61042022.2163
2024-10-20 08:00:00+00:00,2645.89,2651.49,2642.64,2649.3,23340.66,61798365.3427
2024-10-20 12:00:00+00:00,2649.3,2720.3,2641.34,2706.35,220499.38999999998,592688799.2168
2024-10-20 16:00:00+00:00,2706.35,2709.98,2686.01,2699.65,65345.65,176280337.96
2024-10-20 20:00:00+00:00,2699.65,2760.5,2696.61,2747.16,353054.47000000003,963915889.8823
2024-10-21 00:00:00+00:00,2747.16,2770.67,2726.25,2734.53,129841.2,356738850.4359
2024-10-21 04:00:00+00:00,2734.53,2745.38,2722.16,2722.72,70927.96,193886900.8428
2024-10-21 08:00:00+00:00,2722.72,2730.14,2701.33,2705.01,103692.74,281358276.9225
2024-10-21 12:00:00+00:00,2705.01,2711.6,2658.49,2680.17,270907.58,725341612.7758
2024-10-21 16:00:00+00:00,2680.17,2684.98,2655.2,2679.95,115849.53,309391564.2574
2024-10-21 20:00:00+00:00,2679.95,2683.99,2664.73,2666.25,54698.01,146300410.7526
2024-10-22 00:00:00+00:00,2666.25,2671.51,2610.53,2644.33,209376.63999999998,552500400.2411001
2024-10-22 04:00:00+00:00,2644.33,2659.91,2634.58,2646.53,66019.06,174927266.8996
2024-10-22 08:00:00+00:00,2646.53,2649.09,2612.22,2632.37,147376.24,387505739.3263
2024-10-22 12:00:00+00:00,2632.37,2645.24,2605.37,2624.0,265260.32,696719474.3329
2024-10-22 16:00:00+00:00,2624.0,2633.32,2606.0,2627.39,95206.29,249377558.1169
2024-10-22 20:00:00+00:00,2627.39,2643.32,2616.51,2621.92,73612.58,193795441.0841
2024-10-23 00:00:00+00:00,2621.92,2627.38,2599.53,2615.62,92751.36,242384502.3183
2024-10-23 04:00:00+00:00,2615.62,2624.0,2601.13,2601.68,62497.520000000004,163257977.6502
2024-10-23 08:00:00+00:00,2601.68,2607.42,2561.95,2580.18,196628.47,507782077.9344
2024-10-23 12:00:00+00:00,2580.18,2586.36,2528.36,2539.38,243361.14,622950799.8353
2024-10-23 16:00:00+00:00,2539.38,2542.08,2444.0,2511.6,521805.42,1301139607.6234
2024-10-23 20:00:00+00:00,2511.6,2527.63,2500.53,2523.61,102521.98,257643735.14180002
2024-10-24 00:00:00+00:00,2523.61,2560.6,2508.35,2544.0,108811.21,276574095.256
2024-10-24 04:00:00+00:00,2544.0,2561.78,2539.81,2543.61,70705.26,180420776.6639
2024-10-24 08:00:00+00:00,2543.61,2550.64,2507.27,2528.68,100122.29,252812815.0896
2024-10-24 12:00:00+00:00,2528.68,2545.0,2511.43,2524.79,155327.61000000002,392812615.3623
2024-10-24 16:00:00+00:00,2524.79,2541.2,2505.42,2538.98,101369.08,256067100.3382
2024-10-24 20:00:00+00:00,2538.98,2560.48,2525.65,2535.23,113995.0,289657730.0373
2024-10-25 00:00:00+00:00,2535.23,2538.76,2508.46,2521.05,74975.45,189151840.5687
2024-10-25 04:00:00+00:00,2521.05,2521.93,2460.94,2483.19,182564.15,454116119.787
2024-10-25 08:00:00+00:00,2483.19,2546.84,2475.99,2544.49,206124.36,519170399.0278
2024-10-25 12:00:00+00:00,2544.49,2566.49,2507.59,2524.04,280180.19,712149684.233
2024-10-25 16:00:00+00:00,2524.04,2536.3,2453.76,2475.19,429992.01,1072178781.7026
2024-10-25 20:00:00+00:00,2475.19,2496.0,2380.81,2439.5,386544.8,941161818.7986
2024-10-26 00:00:00+00:00,2439.5,2457.64,2428.57,2451.27,143640.63,350714585.1439
2024-10-26 04:00:00+00:00,2451.27,2478.69,2450.06,2464.25,74001.08,182497596.0066
2024-10-26 08:00:00+00:00,2464.25,2478.19,2462.21,2471.57,56021.78,138344875.7385
2024-10-26 12:00:00+00:00,2471.57,2477.81,2440.84,2456.35,101004.25,248419102.7796
2024-10-26 16:00:00+00:00,2456.35,2487.6,2454.45,2486.01,78738.40000000001,195000602.5584
2024-10-26 20:00:00+00:00,2486.01,2507.49,2480.71,2481.66,71788.47,178945768.34849998
2024-10-27 00:00:00+00:00,2481.66,2484.13,2468.56,2483.76,38857.44,96225742.902
2024-10-27 04:00:00+00:00,2483.76,2486.35,2476.71,2479.92,29158.12,72329324.7974
2024-10-27 08:00:00+00:00,2479.92,2483.4,2463.22,2468.5,51250.86,126630307.98900001
2024-10-27 12:00:00+00:00,2468.5,2506.09,2468.49,2501.43,105324.89,262160192.8621
2024-10-27 16:00:00+00:00,2501.43,2510.8,2484.17,2493.86,61683.91,153975955.8173
2024-10-27 20:00:00+00:00,2493.86,2527.62,2489.16,2507.26,75972.11,190792628.495
2024-10-28 00:00:00+00:00,2507.26,2511.94,2470.01,2476.39,81455.19,202900801.9323
2024-10-28 04:00:00+00:00,2476.39,2526.82,2472.0,2510.97,111612.86,279353188.8454
2024-10-28 08:00:00+00:00,2510.97,2544.8,2504.54,2526.55,123461.67,311937136.6603
2024-10-28 12:00:00+00:00,2526.55,2536.4,2496.92,2499.76,174388.69,439480805.6811
2024-10-28 16:00:00+00:00,2499.76,2523.87,2487.21,2505.78,183634.72,460180828.8475
2024-10-28 20:00:00+00:00,2505.78,2594.83,2504.03,2566.79,215866.39,552607816.2838
2024-10-29 00:00:00+00:00,2566.79,2632.03,2560.6,2607.78,197517.26,514094250.4272
2024-10-29 04:00:00+00:00,2607.78,2626.78,2607.78,2613.27,71968.89,188392075.2243
2024-10-29 08:00:00+00:00,2613.27,2639.19,2612.62,2631.3,89953.72,236385249.7079
2024-10-29 12:00:00+00:00,2631.3,2651.53,2610.53,2648.81,202521.7,532865170.9594
2024-10-29 16:00:00+00:00,2648.81,2682.67,2622.1,2624.4,292817.02,777261732.4245
2024-10-29 20:00:00+00:00,2624.4,2649.25,2606.37,2639.27,129796.73,340713190.9831
2024-10-30 00:00:00+00:00,2639.27,2652.52,2600.13,2642.56,133483.75,350592123.3087
2024-10-30 04:00:00+00:00,2642.56,2686.49,2636.74,2670.24,121465.03,323531232.579
2024-10-30 08:00:00+00:00,2670.24,2698.62,2658.54,2660.67,212226.85,568952636.1416
2024-10-30 12:00:00+00:00,2660.67,2724.61,2653.84,2683.8,402015.99,1083149474.884
2024-10-30 16:00:00+00:00,2683.8,2697.86,2653.43,2655.54,128910.66,344889619.1119
2024-10-30 20:00:00+00:00,2655.54,2687.52,2636.1,2659.99,231607.11,616698408.3093
2024-10-31 00:00:00+00:00,2659.99,2670.22,2637.89,2657.84,84495.59,224526003.6627
2024-10-31 04:00:00+00:00,2657.84,2658.82,2632.23,2647.43,70375.4,186137712.1615
2024-10-31 08:00:00+00:00,2647.43,2649.97,2625.01,2639.51,99387.85,262170171.3431
2024-10-31 12:00:00+00:00,2639.51,2642.03,2541.76,2563.06,348637.32,900364346.9453
2024-10-31 16:00:00+00:00,2563.06,2564.49,2505.63,2514.92,235891.48,597560326.5804
2024-10-31 20:00:00+00:00,2514.92,2529.23,2501.6,2518.92,126684.82,319130115.9698
2024-11-01 00:00:00+00:00,2518.92,2534.0,2466.09,2503.2,228925.49,572752889.4051
2024-11-01 04:00:00+00:00,2503.2,2516.71,2485.07,2504.16,87479.48,218981529.3023
2024-11-01 08:00:00+00:00,2504.16,2526.76,2495.16,2515.96,92427.92,232355276.54
2024-11-01 12:00:00+00:00,2515.96,2587.27,2480.56,2499.81,386485.51,981869892.828
2024-11-01 16:00:00+00:00,2499.81,2538.23,2494.54,2514.54,196852.32,494909183.4694
2024-11-01 20:00:00+00:00,2514.54,2527.86,2484.08,2511.41,92224.31,231186595.8269
2024-11-02 00:00:00+00:00,2511.41,2523.82,2501.58,2506.67,38550.04,96905057.3055
2024-11-02 04:00:00+00:00,2506.67,2513.8,2498.72,2507.27,34333.31,86085346.9278
2024-11-02 08:00:00+00:00,2507.27,2510.1,2490.67,2501.89,52448.479999999996,131096815.0602
2024-11-02 12:00:00+00:00,2501.89,2504.2,2467.96,2488.16,139557.62,346614871.2662
2024-11-02 16:00:00+00:00,2488.16,2497.25,2478.54,2492.52,39668.55,98702642.5424
2024-11-02 20:00:00+00:00,2492.52,2497.35,2484.28,2493.6,23319.579999999998,58091226.2996
2024-11-03 00:00:00+00:00,2493.6,2496.27,2420.01,2448.45,240274.8,588651228.3632
2024-11-03 04:00:00+00:00,2448.45,2463.0,2440.37,2449.21,68489.05,167944333.383
2024-11-03 08:00:00+00:00,2449.21,2462.14,2442.74,2454.0,97707.47,239742386.2967
2024-11-03 12:00:00+00:00,2454.0,2460.53,2410.78,2442.01,233478.81,567068417.6955
2024-11-03 16:00:00+00:00,2442.01,2459.41,2408.09,2452.99,174717.7,425591818.45600003
2024-11-03 20:00:00+00:00,2452.99,2475.72,2445.76,2457.01,124141.87,305668342.7367
2024-11-04 00:00:00+00:00,2457.01,2491.66,2433.69,2472.99,88752.06999999999,218785570.1544
2024-11-04 04:00:00+00:00,2472.99,2482.8,2456.4,2458.77,57563.43,142117742.9699
2024-11-04 08:00:00+00:00,2458.77,2478.0,2446.08,2469.62,76240.66,187784073.3892
2024-11-04 12:00:00+00:00,2469.62,2485.77,2430.61,2441.79,130496.84999999999,320579618.1489
2024-11-04 16:00:00+00:00,2441.79,2445.8,2403.17,2429.78,271465.77999999997,656733999.2264
2024-11-04 20:00:00+00:00,2429.78,2431.43,2355.83,2397.87,385896.49,922629872.5879999
2024-11-05 00:00:00+00:00,2397.87,2421.0,2380.01,2420.28,140112.51,336643162.5712
2024-11-05 04:00:00+00:00,2420.28,2445.25,2417.0,2443.01,75155.71,182704365.3559
2024-11-05 08:00:00+00:00,2443.01,2447.94,2429.6,2440.18,69511.4,169515772.6116
2024-11-05 12:00:00+00:00,2440.18,2479.97,2426.35,2440.75,221324.35,543019396.7338
2024-11-05 16:00:00+00:00,2440.75,2474.4,2400.0,2407.2,205330.2,502014619.3288
2024-11-05 20:00:00+00:00,2407.2,2439.48,2400.41,2421.61,117914.94,285728855.6583
2024-11-06 00:00:00+00:00,2421.61,2640.0,2419.39,2579.72,679007.25,1723714952.5844
2024-11-06 04:00:00+00:00,2579.72,2646.12,2560.84,2595.72,509204.02,1324403847.3031
2024-11-06 08:00:00+00:00,2595.72,2639.13,2572.76,2630.63,284792.48,742714467.1695
2024-11-06 12:00:00+00:00,2630.63,2668.79,2607.15,2634.89,371816.93,979669663.0608
2024-11-06 16:00:00+00:00,2634.89,2688.75,2634.0,2688.25,219032.79,583180836.1437
2024-11-06 20:00:00+00:00,2688.25,2747.55,2670.01,2723.73,347655.58,942034856.7977
2024-11-07 00:00:00+00:00,2723.73,2885.72,2701.05,2855.08,616442.17,1739277964.2894
2024-11-07 04:00:00+00:00,2855.08,2858.24,2781.14,2822.31,245586.36,693224293.0284
2024-11-07 08:00:00+00:00,2822.31,2832.83,2791.73,2794.55,167233.3,471004317.4468
2024-11-07 12:00:00+00:00,2794.55,2851.97,2773.73,2849.16,280659.01,788814136.7486
2024-11-07 16:00:00+00:00,2849.16,2895.99,2825.75,2888.92,389329.27999999997,1114763472.4501
2024-11-07 20:00:00+00:00,2888.92,2919.96,2865.18,2897.12,309903.98,896968767.1704
2024-11-08 00:00:00+00:00,2897.12,2958.2,2887.64,2904.35,293446.92,856860020.1624
2024-11-08 04:00:00+00:00,2904.35,2927.04,2892.01,2914.07,126437.13,368120947.8844
2024-11-08 08:00:00+00:00,2914.07,2933.28,2894.78,2916.47,122289.13,356241690.7989
2024-11-08 12:00:00+00:00,2916.47,2959.06,2904.0,2938.64,320770.08,940738098.0936
2024-11-08 16:00:00+00:00,2938.64,2984.62,2891.41,2951.67,389074.97,1143851070.515
2024-11-08 20:00:00+00:00,2951.67,2978.93,2916.66,2964.21,210173.11000000002,619213494.1851
2024-11-09 00:00:00+00:00,2964.21,2997.45,2956.86,2966.75,206273.98,614344905.465
2024-11-09 04:00:00+00:00,2966.75,3062.0,2959.03,3032.4,321767.63,975145146.3021
2024-11-09 08:00:00+00:00,3032.4,3058.99,3022.63,3053.46,159330.27,485147756.9593
2024-11-09 12:00:00+00:00,3053.46,3057.0,3028.5,3042.26,121676.67,370017731.5396
2024-11-09 16:00:00+00:00,3042.26,3097.1,2992.0,3072.38,284857.49,867271130.976
2024-11-09 20:00:00+00:00,3072.38,3160.57,3067.21,3128.16,274104.92,854860367.9157
2024-11-10 00:00:00+00:00,3128.16,3155.75,3105.29,3137.06,195615.09,612119143.1127
2024-11-10 04:00:00+00:00,3137.06,3223.88,3132.29,3186.73,422295.23,1346375330.0347
2024-11-10 08:00:00+00:00,3186.73,3233.8,3169.26,3223.29,256728.67,821993025.3692
2024-11-10 12:00:00+00:00,3223.29,3240.89,3170.01,3211.66,255444.74,817105436.1661
2024-11-10 16:00:00+00:00,3211.66,3252.81,3145.0,3165.7,426359.84,1369001125.8721
2024-11-10 20:00:00+00:00,3165.7,3230.4,3070.72,3186.15,572321.42,1804154300.0138
2024-11-11 00:00:00+00:00,3186.15,3225.35,3173.73,3197.58,171227.92,547762333.9443
2024-11-11 04:00:00+00:00,3197.58,3199.88,3106.56,3142.01,244181.18,768254519.031
2024-11-11 08:00:00+00:00,3142.01,3215.69,3134.05,3201.24,217754.04,692609984.1424
2024-11-11 12:00:00+00:00,3201.24,3266.4,3138.83,3240.59,645801.3,2062393741.3008
2024-11-11 16:00:00+00:00,3240.59,3349.68,3236.58,3302.09,653958.26,2155823236.6834
2024-11-11 20:00:00+00:00,3302.09,3392.12,3280.02,3374.62,577367.43,1929324644.7057
2024-11-12 00:00:00+00:00,3374.62,3378.15,3245.4,3339.81,474286.12,1571957354.0855
2024-11-12 04:00:00+00:00,3339.81,3397.87,3320.06,3371.45,317812.05,1066366435.3851
2024-11-12 08:00:00+00:00,3371.45,3449.72,3214.0,3285.28,758603.09,2533150165.8424
2024-11-12 12:00:00+00:00,3285.28,3300.12,3211.01,3263.42,458345.61,1493878038.1571
2024-11-12 16:00:00+00:00,3263.42,3308.58,3211.37,3275.27,340149.09,1109478147.7778
2024-11-12 20:00:00+00:00,3275.27,3307.7,3237.37,3245.38,222628.48,728479943.1658
2024-11-13 00:00:00+00:00,3245.38,3287.59,3203.16,3209.7,242093.83,785967433.5909
2024-11-13 04:00:00+00:00,3209.7,3232.37,3114.87,3162.43,327671.27999999997,1036367776.3417
2024-11-13 08:00:00+00:00,3162.43,3194.88,3142.22,3169.84,174829.39,553503835.4768
2024-11-13 12:00:00+00:00,3169.84,3331.66,3153.57,3312.67,541261.94,1761549291.6483
2024-11-13 16:00:00+00:00,3312.67,3335.4,3155.68,3160.33,477559.2,1550135408.5138
2024-11-13 20:00:00+00:00,3160.33,3200.06,3118.01,3189.16,303193.59,958188948.5583
2024-11-14 00:00:00+00:00,3189.16,3230.54,3165.35,3219.72,145595.82,465543059.0249
2024-11-14 04:00:00+00:00,3219.72,3243.32,3175.13,3219.41,157778.24,507099038.1061
2024-11-14 08:00:00+00:00,3219.41,3233.69,3156.47,3187.35,183682.49,586963294.5267
2024-11-14 12:00:00+00:00,3187.35,3201.34,3058.32,3078.64,403568.71,1263384408.8217
2024-11-14 16:00:00+00:00,3078.64,3184.25,3071.77,3147.67,247805.8,776118836.1516
2024-11-14 20:00:00+00:00,3147.67,3147.67,3028.37,3060.08,288455.93,890551490.0449
2024-11-15 00:00:00+00:00,3060.08,3094.36,3035.0,3084.03,134966.95,414236574.8214
2024-11-15 04:00:00+00:00,3084.03,3084.03,3015.0,3039.73,158323.84,482477650.9255
2024-11-15 08:00:00+00:00,3039.73,3116.13,3022.39,3105.91,155772.65,479892500.788
2024-11-15 12:00:00+00:00,3105.91,3133.35,3014.25,3024.19,280672.61,861961573.0322
2024-11-15 16:00:00+00:00,3024.19,3062.18,3015.9,3041.2,175386.36,533163741.2707
2024-11-15 20:00:00+00:00,3041.2,3122.53,3039.6,3091.74,188751.95,582900665.6354
2024-11-16 00:00:00+00:00,3091.74,3159.89,3073.5,3157.86,110227.06,342701919.2526
2024-11-16 04:00:00+00:00,3157.86,3167.78,3103.99,3109.03,104339.03,326483143.1958
2024-11-16 08:00:00+00:00,3109.03,3199.22,3105.6,3198.41,145040.52,456805727.6469
2024-11-16 12:00:00+00:00,3198.41,3225.12,3122.31,3143.06,263561.76,836981561.3039
2024-11-16 16:00:00+00:00,3143.06,3187.61,3130.0,3171.9,110792.74,350363149.3997
2024-11-16 20:00:00+00:00,3171.9,3178.07,3123.35,3134.77,78312.49,246655229.0658
2024-11-17 00:00:00+00:00,3134.77,3156.02,3035.04,3081.84,217553.99,671269673.7113
2024-11-17 04:00:00+00:00,3081.84,3150.65,3076.86,3139.44,161916.61,504921470.546
2024-11-17 08:00:00+00:00,3139.44,3165.76,3102.6,3107.26,164366.13,515445968.787
2024-11-17 12:00:00+00:00,3107.26,3129.45,3068.54,3088.06,153548.9,475788340.193
2024-11-17 16:00:00+00:00,3088.06,3118.8,3073.19,3100.99,125370.73,387558976.5649
2024-11-17 20:00:00+00:00,3100.99,3110.56,3044.18,3078.03,174142.19,535025067.4597
2024-11-18 00:00:00+00:00,3078.03,3127.7,3071.4,3115.3,106440.86,330904788.0503
2024-11-18 04:00:00+00:00,3115.3,3154.72,3099.2,3133.95,133059.09,416468032.8394
2024-11-18 08:00:00+00:00,3133.95,3144.18,3052.84,3058.59,196946.8,610355462.6924
2024-11-18 12:00:00+00:00,3058.59,3161.77,3052.06,3146.8,314863.91,974999875.205
2024-11-18 16:00:00+00:00,3146.8,3203.75,3092.03,3129.56,424024.69,1339946807.1661
2024-11-18 20:00:00+00:00,3129.56,3228.22,3124.79,3210.93,257034.5,815453897.7344
2024-11-19 00:00:00+00:00,3210.93,3225.39,3145.0,3151.08,167482.84,531124531.5279
2024-11-19 04:00:00+00:00,3151.08,3162.49,3109.9,3120.17,145755.13,456320053.13
2024-11-19 08:00:00+00:00,3120.17,3133.0,3091.7,3128.79,140595.23,438202616.1647
2024-11-19 12:00:00+00:00,3128.79,3152.96,3075.07,3107.03,235462.31,732392397.4186
2024-11-19 16:00:00+00:00,3107.03,3148.64,3101.57,3124.63,159944.37,500034513.4157
2024-11-19 20:00:00+00:00,3124.63,3134.0,3066.63,3109.37,233130.03,721858491.3167
2024-11-20 00:00:00+00:00,3109.37,3133.33,3072.6,3098.55,130404.96,404048260.50769997
2024-11-20 04:00:00+00:00,3098.55,3117.96,3089.59,3111.64,62343.28,193739367.8755
2024-11-20 08:00:00+00:00,3111.64,3138.2,3085.31,3101.87,138592.9,431770675.6807
2024-11-20 12:00:00+00:00,3101.87,3162.0,3083.1,3132.19,338855.43,1055779506.9104
2024-11-20 16:00:00+00:00,3132.19,3137.39,3030.04,3059.04,336065.77,1032369703.676
2024-11-20 20:00:00+00:00,3059.04,3094.57,3045.15,3071.1,122349.63,375993891.4564
2024-11-21 00:00:00+00:00,3071.1,3103.68,3033.33,3083.35,159238.56,489408743.2612
2024-11-21 04:00:00+00:00,3083.35,3147.01,3082.0,3139.51,287129.96,896811774.7586
2024-11-21 08:00:00+00:00,3139.51,3157.83,3120.02,3150.29,165764.06,520648666.4545
2024-11-21 12:00:00+00:00,3150.29,3376.88,3148.46,3280.0,1043672.9,3446380921.006
2024-11-21 16:00:00+00:00,3280.0,3391.4,3280.0,3349.92,387799.05,1297274473.3174999
2024-11-21 20:00:00+00:00,3349.92,3382.9,3336.71,3358.87,175725.96,590425357.7305
2024-11-22 00:00:00+00:00,3358.87,3384.44,3307.0,3369.06,230536.68,770316599.804
2024-11-22 04:00:00+00:00,3369.06,3432.0,3357.6,3365.15,261711.23,887561559.7226
2024-11-22 08:00:00+00:00,3365.15,3388.3,3313.62,3347.99,209849.86000000002,703087031.6966
2024-11-22 12:00:00+00:00,3347.99,3360.38,3260.0,3316.6,400891.37,1324424701.2949
2024-11-22 16:00:00+00:00,3316.6,3324.86,3266.0,3284.93,184006.85,606274291.1097
2024-11-22 20:00:00+00:00,3284.93,3332.9,3275.1,3330.49,120401.61,397934512.9981
2024-11-23 00:00:00+00:00,3330.49,3368.0,3315.18,3349.51,172928.08,577542841.0918
2024-11-23 04:00:00+00:00,3349.51,3365.66,3329.45,3344.0,100778.77,337375048.0957
2024-11-23 08:00:00+00:00,3344.0,3408.4,3339.4,3356.78,213114.68,718223020.6754
2024-11-23 12:00:00+00:00,3356.78,3500.99,3351.33,3463.56,455575.58,1569930040.5392
2024-11-23 16:00:00+00:00,3463.56,3474.71,3380.62,3410.28,320836.31,1096939274.601
2024-11-23 20:00:00+00:00,3410.28,3431.0,3381.05,3396.3,134928.11,459226810.2015
2024-11-24 00:00:00+00:00,3396.3,3453.65,3390.84,3430.19,98656.21,338203891.2727
2024-11-24 04:00:00+00:00,3430.19,3435.0,3400.01,3425.63,79599.45,271936229.2554
2024-11-24 08:00:00+00:00,3425.63,3431.84,3341.24,3346.43,225328.21,761271650.3462
2024-11-24 12:00:00+00:00,3346.43,3359.76,3283.46,3296.81,363133.17,1204620968.3281
2024-11-24 16:00:00+00:00,3296.81,3337.41,3289.33,3329.23,142751.38999999998,473919523.0734
2024-11-24 20:00:00+00:00,3329.23,3375.61,3324.16,3363.32,107966.24,361841220.2987
2024-11-25 00:00:00+00:00,3363.32,3373.48,3302.25,3365.16,145821.0,486905633.4522
2024-11-25 04:00:00+00:00,3365.16,3423.2,3363.75,3402.52,125269.79,424557418.0349
2024-11-25 08:00:00+00:00,3402.52,3534.51,3400.0,3476.05,430883.58,1500184201.917
2024-11-25 12:00:00+00:00,3476.05,3544.09,3345.22,3522.42,885412.95,3058612439.6943
2024-11-25 16:00:00+00:00,3522.42,3552.39,3426.3,3466.79,543924.6,1892777492.4842
2024-11-25 20:00:00+00:00,3466.79,3509.3,3365.0,3417.04,467128.65,1606081634.8013
2024-11-26 00:00:00+00:00,3417.04,3465.76,3397.0,3437.09,201295.25,692160380.4165
2024-11-26 04:00:00+00:00,3437.09,3445.92,3383.5,3396.93,171027.95,584444511.4699
2024-11-26 08:00:00+00:00,3396.93,3399.76,3281.53,3325.81,508258.69,1700477725.8597
2024-11-26 12:00:00+00:00,3325.81,3365.34,3291.04,3298.9,353186.44,1175229905.4924
2024-11-26 16:00:00+00:00,3298.9,3341.35,3253.44,3303.28,329343.06,1086169640.4488
2024-11-26 20:00:00+00:00,3303.28,3347.98,3291.02,3327.42,180303.55,598912987.902
2024-11-27 00:00:00+00:00,3327.42,3375.91,3303.63,3363.6,194638.88,650012119.822
2024-11-27 04:00:00+00:00,3363.6,3449.0,3361.8,3426.4,277253.49,946834759.932
2024-11-27 08:00:00+00:00,3426.4,3488.59,3404.59,3463.75,196471.35,676984316.0026
2024-11-27 12:00:00+00:00,3463.75,3577.96,3444.08,3555.31,494145.42,1735734704.6614
2024-11-27 16:00:00+00:00,3555.31,3616.88,3536.73,3593.76,326185.69,1167060217.3694
2024-11-27 20:00:00+00:00,3593.76,3689.79,3591.79,3656.6,347389.54,1265954440.968
2024-11-28 00:00:00+00:00,3656.6,3665.76,3567.48,3601.8,243220.74,881106667.8195
2024-11-28 04:00:00+00:00,3601.8,3622.49,3569.39,3595.29,161630.2,581279631.0553
2024-11-28 08:00:00+00:00,3595.29,3642.2,3575.62,3623.85,217054.77,784323925.6207
2024-11-28 12:00:00+00:00,3623.85,3645.37,3539.0,3544.88,337723.34,1209843487.6833
2024-11-28 16:00:00+00:00,3544.88,3589.0,3531.12,3578.48,142339.37,506837830.3404
2024-11-28 20:00:00+00:00,3578.48,3602.64,3552.95,3581.99,104184.27,373105738.168
2024-11-29 00:00:00+00:00,3581.99,3605.72,3553.08,3586.42,110466.87,395441540.5659
2024-11-29 04:00:00+00:00,3586.42,3599.46,3536.7,3547.16,157093.62,560116503.522
2024-11-29 08:00:00+00:00,3547.16,3603.0,3547.15,3597.68,112815.95,403573836.9239
2024-11-29 12:00:00+00:00,3597.68,3649.3,3577.0,3616.21,219953.39,794941593.9956
2024-11-29 16:00:00+00:00,3616.21,3623.47,3560.71,3585.97,229171.74,822675288.8202
2024-11-29 20:00:00+00:00,3585.97,3607.95,3577.05,3594.49,81878.69,294260916.23870003
2024-11-30 00:00:00+00:00,3594.49,3665.99,3570.07,3661.07,202545.55,732977492.4944
2024-11-30 04:00:00+00:00,3661.07,3729.99,3637.16,3705.88,261465.64,965298590.887
2024-11-30 08:00:00+00:00,3705.88,3721.5,3632.87,3656.56,195553.03,717964759.0412
2024-11-30 12:00:00+00:00,3656.56,3688.74,3653.43,3676.76,144490.14,530773040.7674
2024-11-30 16:00:00+00:00,3676.76,3699.99,3659.52,3692.03,83028.75,305407479.8016
2024-11-30 20:00:00+00:00,3692.03,3742.92,3688.94,3706.23,172470.1,640972730.3589
2024-12-01 00:00:00+00:00,3706.23,3734.91,3661.02,3709.59,238468.0,881821652.7074
2024-12-01 04:00:00+00:00,3709.59,3720.0,3683.84,3705.01,77438.76,286653229.4399
2024-12-01 08:00:00+00:00,3705.01,3720.46,3674.96,3694.88,98155.23,363146761.033
2024-12-01 12:00:00+00:00,3694.88,3750.0,3680.79,3731.87,155197.29,577138109.2164
2024-12-01 16:00:00+00:00,3731.87,3748.91,3695.14,3710.81,124469.37,463264738.5068
2024-12-01 20:00:00+00:00,3710.81,3738.0,3681.17,3710.95,149749.85,555610341.5239
2024-12-02 00:00:00+00:00,3710.95,3767.14,3677.76,3688.63,263714.13,982514606.4617
2024-12-02 04:00:00+00:00,3688.63,3712.49,3651.4,3668.93,257542.22,946867502.9596
2024-12-02 08:00:00+00:00,3668.93,3676.15,3571.59,3591.21,388190.6,1401341524.8011
2024-12-02 12:00:00+00:00,3591.21,3683.36,3585.04,3675.01,257113.27,934531475.7588
2024-12-02 16:00:00+00:00,3675.01,3686.22,3557.96,3615.19,331317.17,1198096313.9
2024-12-02 20:00:00+00:00,3615.19,3648.92,3600.17,3647.13,148687.53,538328084.4431
2024-12-03 00:00:00+00:00,3647.13,3662.09,3610.0,3643.61,136385.52,496437152.9158
2024-12-03 04:00:00+00:00,3643.61,3674.91,3601.47,3618.7,163018.07,593011424.2904
2024-12-03 08:00:00+00:00,3618.7,3638.52,3586.93,3616.55,161044.85,581473707.3762
2024-12-03 12:00:00+00:00,3616.55,3621.25,3502.58,3573.92,546585.77,1949063527.8019
2024-12-03 16:00:00+00:00,3573.92,3597.16,3540.01,3580.04,179740.38999999998,641347306.939
2024-12-03 20:00:00+00:00,3580.04,3637.37,3577.35,3617.8,135548.99,489993558.6178
2024-12-04 00:00:00+00:00,3617.8,3712.67,3617.8,3666.42,280417.94,1029364535.5741
2024-12-04 04:00:00+00:00,3666.42,3725.72,3664.52,3719.07,157125.75,579927188.6158
2024-12-04 08:00:00+00:00,3719.07,3756.91,3700.63,3731.97,224630.72,837207171.8795
2024-12-04 12:00:00+00:00,3731.97,3859.6,3692.04,3827.01,570128.46,2153177761.2976
2024-12-04 16:00:00+00:00,3827.01,3849.03,3737.46,3845.62,452898.56,1719956835.0347
2024-12-04 20:00:00+00:00,3845.62,3891.55,3819.31,3841.6,308680.1,1191268725.5994
2024-12-05 00:00:00+00:00,3841.6,3914.81,3769.13,3838.38,446222.17,1715379832.0618
2024-12-05 04:00:00+00:00,3838.38,3886.16,3823.56,3854.93,244952.73,945485682.8524
2024-12-05 08:00:00+00:00,3854.93,3949.48,3854.93,3935.76,291778.57,1143349267.5317
2024-12-05 12:00:00+00:00,3935.76,3959.86,3861.0,3890.8,340703.08,1333430676.0667
2024-12-05 16:00:00+00:00,3890.8,3930.38,3821.28,3834.65,336033.76,1304518686.7134
2024-12-05 20:00:00+00:00,3834.65,3865.0,3650.01,3787.72,733272.91,2781518273.194
2024-12-06 00:00:00+00:00,3787.72,3919.32,3780.17,3911.1,313994.67,1212526062.4384
2024-12-06 04:00:00+00:00,3911.1,3935.01,3877.78,3896.57,162515.46,634725452.9108
2024-12-06 08:00:00+00:00,3896.57,3913.97,3847.11,3869.5,198089.52,767063090.9178
2024-12-06 12:00:00+00:00,3869.5,4044.93,3833.44,3997.23,662281.73,2621466289.2804
2024-12-06 16:00:00+00:00,3997.23,4078.76,3984.7,4071.18,327789.4,1322072083.2011
2024-12-06 20:00:00+00:00,4071.18,4091.98,3993.0,4003.4,244298.95,987987021.0922
2024-12-07 00:00:00+00:00,4002.41,4028.79,3973.0,3989.84,153974.16,615831994.1337
2024-12-07 04:00:00+00:00,3989.84,4006.86,3970.56,3988.89,85276.45,340147230.2268
2024-12-07 08:00:00+00:00,3988.89,4013.55,3976.41,4002.06,86451.66,345151418.09860003
2024-12-07 12:00:00+00:00,4002.06,4012.64,3978.96,4008.36,99342.49,397191384.8893
2024-12-07 16:00:00+00:00,4008.36,4024.69,3988.0,4015.77,88080.2,352886947.3193
2024-12-07 20:00:00+00:00,4015.77,4027.99,3996.11,3999.15,60612.77,242998275.2138
2024-12-08 00:00:00+00:00,3999.15,4012.75,3989.5,3992.95,42273.44,169134676.4884
2024-12-08 04:00:00+00:00,3992.95,3999.64,3962.13,3983.79,103915.28,413657030.2012
2024-12-08 08:00:00+00:00,3983.79,3985.41,3926.04,3975.15,181531.99,718400157.9833
2024-12-08 12:00:00+00:00,3975.15,4007.45,3957.91,3994.67,161759.01,644832680.7113
2024-12-08 16:00:00+00:00,3994.67,4004.38,3966.38,3993.32,96114.08,383001378.8939
2024-12-08 20:00:00+00:00,3993.32,4020.11,3977.76,4007.98,99056.46,396176620.9781
2024-12-09 00:00:00+00:00,4007.98,4009.62,3906.83,3932.54,241861.22,956900546.9862
2024-12-09 04:00:00+00:00,3932.54,3951.93,3883.0,3920.72,206337.36,807882170.6886
2024-12-09 08:00:00+00:00,3920.72,3923.45,3845.02,3853.82,262684.79,1017856907.3595
2024-12-09 12:00:00+00:00,3853.82,3948.2,3806.38,3826.25,429917.05,1663697929.0019
2024-12-09 16:00:00+00:00,3826.25,3869.9,3788.54,3798.29,268146.59,1027733653.8462
2024-12-09 20:00:00+00:00,3798.29,3806.82,3447.36,3713.0,1362726.5,5004611476.7547
2024-12-10 00:00:00+00:00,3713.0,3783.44,3614.16,3682.71,515047.17,1908882435.0372
2024-12-10 04:00:00+00:00,3682.71,3746.23,3638.01,3735.01,274377.31,1015795049.7565
2024-12-10 08:00:00+00:00,3735.01,3774.0,3714.04,3750.6,180521.66,677226886.5719
2024-12-10 12:00:00+00:00,3750.6,3755.4,3555.0,3567.68,635277.47,2319868332.427
2024-12-10 16:00:00+00:00,3567.68,3634.61,3515.42,3628.37,699915.15,2495833529.5197
2024-12-10 20:00:00+00:00,3628.37,3673.07,3611.69,3627.84,202275.72,736594937.7114
2024-12-11 00:00:00+00:00,3627.84,3668.54,3560.26,3664.88,218048.29,787852391.811
2024-12-11 04:00:00+00:00,3664.88,3681.52,3645.09,3651.47,91354.85,334821613.8129
2024-12-11 08:00:00+00:00,3651.47,3727.29,3650.13,3716.25,111986.74,414057293.4207
2024-12-11 12:00:00+00:00,3716.25,3822.25,3708.0,3786.08,289687.37,1088668241.1665
2024-12-11 16:00:00+00:00,3786.08,3813.87,3752.12,3803.8,167213.02,633459202.8766
2024-12-11 20:00:00+00:00,3803.8,3848.48,3802.5,3831.68,112458.65,430389241.1767
2024-12-12 00:00:00+00:00,3831.68,3949.84,3795.81,3936.61,226472.69,877373791.1142
2024-12-12 04:00:00+00:00,3936.61,3947.27,3894.74,3906.46,176280.5,691681401.6464
2024-12-12 08:00:00+00:00,3906.46,3939.2,3892.11,3915.2,151692.92,594062297.1573
2024-12-12 12:00:00+00:00,3915.2,3989.98,3914.94,3960.05,401801.05,1588626625.2276
2024-12-12 16:00:00+00:00,3960.05,3988.87,3854.0,3871.97,313902.32,1229872948.3398
2024-12-12 20:00:00+00:00,3871.97,3903.94,3836.66,3881.79,224034.87,867814434.1165
2024-12-13 00:00:00+00:00,3881.79,3942.62,3852.6,3933.2,170355.54,663609003.1625
2024-12-13 04:00:00+00:00,3933.2,3936.79,3870.86,3885.58,137646.01,537618331.9389
2024-12-13 08:00:00+00:00,3885.58,3924.81,3872.01,3902.06,109409.11,426315074.4887
2024-12-13 12:00:00+00:00,3902.06,3969.9,3877.0,3885.37,269363.98,1056809663.247
2024-12-13 16:00:00+00:00,3885.37,3948.22,3878.26,3918.38,205048.65,803039738.0488
2024-12-13 20:00:00+00:00,3918.38,3936.6,3889.42,3906.81,112160.72,438356569.8827
2024-12-14 00:00:00+00:00,3906.81,3946.6,3894.74,3911.18,110619.19,433674526.7617
2024-12-14 04:00:00+00:00,3911.18,3937.42,3906.0,3922.11,57711.12,226389148.5286
2024-12-14 08:00:00+00:00,3922.11,3932.93,3886.1,3894.42,84332.72,329321258.2098
2024-12-14 12:00:00+00:00,3894.42,3899.37,3846.0,3888.73,165751.58,642115890.4796
2024-12-14 16:00:00+00:00,3888.73,3898.85,3826.8,3859.39,197237.07,760593271.1427
2024-12-14 20:00:00+00:00,3859.39,3877.2,3822.65,3870.04,114054.42,439452410.7249
2024-12-15 00:00:00+00:00,3870.04,3896.0,3856.13,3874.18,65872.79,255529320.7935
2024-12-15 04:00:00+00:00,3874.18,3912.12,3830.61,3844.45,131816.34,510960136.8294
2024-12-15 08:00:00+00:00,3844.45,3878.97,3836.35,3877.42,89597.29,345793341.2232
2024-12-15 12:00:00+00:00,3877.42,3911.19,3868.0,3894.98,99561.08,387225335.7626
2024-12-15 16:00:00+00:00,3894.98,3920.93,3885.44,3903.64,85713.71,334800578.0413
2024-12-15 20:00:00+00:00,3903.64,3976.0,3842.66,3961.1,296982.27,1161598215.6775
2024-12-16 00:00:00+00:00,3961.1,4027.68,3928.4,3943.4,310107.35,1235305016.104
2024-12-16 04:00:00+00:00,3943.4,3984.8,3936.4,3975.46,105365.49,417836592.6497
2024-12-16 08:00:00+00:00,3975.46,3977.67,3902.15,3910.3,165747.83,653277590.9398
2024-12-16 12:00:00+00:00,3910.3,3960.4,3882.28,3941.72,272964.15,1070053377.2029
2024-12-16 16:00:00+00:00,3941.72,4111.26,3939.64,4059.69,468465.92,1890214744.3528
2024-12-16 20:00:00+00:00,4059.69,4074.8,3980.0,3986.49,213307.04,859589059.5549
2024-12-17 00:00:00+00:00,3986.49,4043.65,3943.62,4036.23,248380.1,990389954.3683
2024-12-17 04:00:00+00:00,4036.23,4036.46,3981.61,3995.0,173794.69,696863078.723
2024-12-17 08:00:00+00:00,3995.0,4032.61,3990.02,3998.19,143550.53,576018116.6946
2024-12-17 12:00:00+00:00,3998.19,4026.53,3912.98,3939.0,380531.1,1512650274.2395
2024-12-17 16:00:00+00:00,3939.0,3986.33,3917.06,3945.01,253847.62,1002828766.0787
2024-12-17 20:00:00+00:00,3945.01,3952.52,3845.22,3891.38,336381.15,1310649899.1333
2024-12-18 00:00:00+00:00,3891.38,3902.31,3830.18,3848.01,251274.9,970760099.7063
2024-12-18 04:00:00+00:00,3848.01,3860.81,3802.0,3846.16,265739.79,1018653664.1059
2024-12-18 08:00:00+00:00,3846.16,3887.32,3840.9,3882.58,162550.36,628096188.291
2024-12-18 12:00:00+00:00,3882.58,3889.94,3822.55,3866.48,234068.43,902858182.7441
2024-12-18 16:00:00+00:00,3866.48,3908.0,3766.2,3767.39,332224.48,1277134111.9235
2024-12-18 20:00:00+00:00,3767.39,3784.61,3615.46,3624.59,838532.85,3094751259.6
2024-12-19 00:00:00+00:00,3624.59,3672.04,3538.56,3667.48,409415.62,1479610104.144
2024-12-19 04:00:00+00:00,3667.48,3696.32,3651.53,3691.42,114385.89,420239971.5693
2024-12-19 08:00:00+00:00,3691.42,3719.01,3662.26,3704.25,132760.28,489712083.3039
2024-12-19 12:00:00+00:00,3704.25,3709.4,3569.21,3612.39,386981.8,1407027880.6958
2024-12-19 16:00:00+00:00,3612.39,3635.99,3372.63,3437.9,1030087.48,3583312604.5021
2024-12-19 20:00:00+00:00,3437.9,3464.0,3321.0,3415.06,563991.3,1913397581.8497999
2024-12-20 00:00:00+00:00,3415.06,3465.33,3368.0,3412.49,276990.59,945758948.2866
2024-12-20 04:00:00+00:00,3412.49,3430.0,3326.36,3389.17,289894.57,980883086.0739
2024-12-20 08:00:00+00:00,3389.17,3389.96,3100.56,3103.08,1065411.22,3432060645.8841
2024-12-20 12:00:00+00:00,3103.08,3394.55,3100.0,3373.07,738841.98,2417066825.8885
2024-12-20 16:00:00+00:00,3373.07,3496.2,3364.56,3477.74,315549.81,1080236981.8946
2024-12-20 20:00:00+00:00,3477.74,3487.77,3390.5,3470.49,213598.84,735180190.2423
2024-12-21 00:00:00+00:00,3470.49,3488.24,3443.24,3466.0,85296.66,295575312.3154
2024-12-21 04:00:00+00:00,3466.0,3553.0,3458.5,3521.64,180778.47,635592074.3537
2024-12-21 08:00:00+00:00,3521.64,3525.78,3420.41,3440.46,238998.02,829312447.5219
2024-12-21 12:00:00+00:00,3440.46,3442.31,3344.56,3388.6,310796.51,1054655614.5915
2024-12-21 16:00:00+00:00,3388.6,3400.16,3323.84,3358.58,215960.85,726132193.2167
2024-12-21 20:00:00+00:00,3358.58,3387.52,3290.44,3337.21,206953.61000000002,690161680.9002
2024-12-22 00:00:00+00:00,3337.21,3372.96,3317.04,3354.36,121608.11,406955197.1371
2024-12-22 04:00:00+00:00,3354.36,3360.4,3293.08,3331.09,112198.78,373173026.2589
2024-12-22 08:00:00+00:00,3331.09,3402.66,3329.46,3379.38,137735.93,465021802.944
2024-12-22 12:00:00+00:00,3379.38,3396.79,3272.7,3300.39,236725.62,788031901.059
2024-12-22 16:00:00+00:00,3300.39,3337.6,3235.2,3245.88,221349.98,730297510.2034
2024-12-22 20:00:00+00:00,3245.88,3309.16,3218.68,3280.99,244602.78,798899845.3469
2024-12-23 00:00:00+00:00,3280.99,3356.02,3214.07,3349.64,272149.91,892537873.0282
2024-12-23 04:00:00+00:00,3349.64,3362.34,3258.4,3303.53,182857.26,604464671.6601
2024-12-23 08:00:00+00:00,3303.53,3354.63,3291.2,3338.11,136248.78,453588962.9866
2024-12-23 12:00:00+00:00,3338.11,3360.92,3267.0,3275.3,309296.31,1026182558.581
2024-12-23 16:00:00+00:00,3275.3,3384.0,3269.12,3336.96,357524.3,1192655266.6957
2024-12-23 20:00:00+00:00,3336.96,3465.98,3327.86,3420.98,251782.87,860802376.8109
2024-12-24 00:00:00+00:00,3420.98,3425.51,3356.02,3395.84,165923.17,562331764.0133
2024-12-24 04:00:00+00:00,3395.84,3434.2,3381.9,3399.55,108042.76,368186405.5456
2024-12-24 08:00:00+00:00,3399.55,3415.98,3383.83,3413.01,87864.95,298797281.6726
2024-12-24 12:00:00+00:00,3413.01,3509.8,3393.54,3492.5,228170.92,788109973.9101
2024-12-24 16:00:00+00:00,3492.5,3539.21,3463.0,3464.14,225693.29,788824773.1512
2024-12-24 20:00:00+00:00,3464.14,3504.15,3429.01,3492.1,182026.14,630731071.5635
2024-12-25 00:00:00+00:00,3492.1,3497.14,3456.76,3476.99,104706.58,364244626.1123
2024-12-25 04:00:00+00:00,3476.99,3509.16,3468.33,3487.9,58438.32,203946636.3718
2024-12-25 08:00:00+00:00,3487.9,3547.26,3464.17,3469.99,173588.56,609223006.1959
2024-12-25 12:00:00+00:00,3469.99,3500.68,3455.86,3471.74,112118.71,389899722.6954
2024-12-25 16:00:00+00:00,3471.74,3487.94,3439.2,3480.1,83199.3,288069841.979
2024-12-25 20:00:00+00:00,3480.1,3498.83,3448.07,3495.37,88047.13,306117544.6928
2024-12-26 00:00:00+00:00,3495.37,3514.27,3448.75,3453.69,101218.82,351795677.013
2024-12-26 04:00:00+00:00,3453.69,3453.97,3415.19,3420.14,117888.57,404955741.7619
2024-12-26 08:00:00+00:00,3420.14,3424.14,3343.56,3371.81,249665.0,842862065.2303
2024-12-26 12:00:00+00:00,3371.81,3372.1,3325.72,3342.13,176535.72,591260876.2233
2024-12-26 16:00:00+00:00,3342.13,3363.61,3311.43,3338.4,140776.12,469433186.6279
2024-12-26 20:00:00+00:00,3338.4,3349.23,3302.26,3333.04,129123.27,429160224.912
2024-12-27 00:00:00+00:00,3333.04,3387.91,3314.83,3377.45,108007.67,362916498.9336
2024-12-27 04:00:00+00:00,3377.45,3397.0,3315.0,3324.07,166519.91,559951635.5443
2024-12-27 08:00:00+00:00,3324.07,3443.0,3324.04,3417.4,237372.66,806301541.1655
2024-12-27 12:00:00+00:00,3417.4,3421.99,3306.0,3324.26,254978.45,855200929.2996
2024-12-27 16:00:00+00:00,3324.26,3365.4,3306.14,3353.76,155937.61000000002,519940611.4648
2024-12-27 20:00:00+00:00,3353.76,3354.2,3308.0,3331.6,105247.33,350247615.8819
2024-12-28 00:00:00+00:00,3331.6,3351.6,3320.17,3343.79,48864.29,163021984.6304
2024-12-28 04:00:00+00:00,3343.79,3359.86,3330.98,3333.76,49630.68,165967307.7167
2024-12-28 08:00:00+00:00,3333.76,3362.15,3331.45,3357.98,42673.28,142857492.5528
2024-12-28 12:00:00+00:00,3357.98,3394.8,3349.11,3366.86,114834.17,387222974.9371
2024-12-28 16:00:00+00:00,3366.86,3412.59,3364.0,3399.9,81189.62,275433225.9542
2024-12-28 20:00:00+00:00,3399.9,3427.2,3387.6,3402.46,54403.47,185183531.4894
2024-12-29 00:00:00+00:00,3402.46,3405.38,3374.01,3381.56,42409.26,143589656.3176
2024-12-29 04:00:00+00:00,3381.56,3406.59,3377.81,3405.51,34703.13,117734963.4514
2024-12-29 08:00:00+00:00,3405.51,3413.26,3388.13,3396.98,49991.46,170090164.0918
2024-12-29 12:00:00+00:00,3396.98,3409.74,3352.16,3371.55,96457.66,325721717.7018
2024-12-29 16:00:00+00:00,3371.55,3374.86,3343.38,3360.57,96332.61,323287173.9796
2024-12-29 20:00:00+00:00,3360.57,3367.2,3323.4,3354.85,127033.37,424813906.1411
2024-12-30 00:00:00+00:00,3354.85,3437.23,3346.13,3402.12,176815.71,601961230.8757
2024-12-30 04:00:00+00:00,3402.12,3431.8,3386.74,3425.62,92268.98,314851495.9724
2024-12-30 08:00:00+00:00,3425.62,3433.31,3393.36,3422.65,83530.4,285445217.38629997
2024-12-30 12:00:00+00:00,3422.65,3429.9,3300.04,3322.3,362535.42,1211479610.5978
2024-12-30 16:00:00+00:00,3322.3,3408.49,3315.41,3401.27,235646.67,795072177.1632
2024-12-30 20:00:00+00:00,3401.27,3420.09,3306.0,3359.92,200577.47,672771550.5478
2024-12-31 00:00:00+00:00,3359.92,3363.2,3313.99,3339.38,94489.45,315430133.8302
2024-12-31 04:00:00+00:00,3339.38,3362.53,3327.24,3352.55,55124.46,184478025.3761
2024-12-31 08:00:00+00:00,3352.55,3409.13,3351.75,3393.82,120591.49,408545489.9488
2024-12-31 12:00:00+00:00,3393.82,3450.87,3391.65,3412.14,199435.72,682184025.2575
2024-12-31 16:00:00+00:00,3412.14,3415.81,3327.32,3354.15,211599.95,712702803.0042
2024-12-31 20:00:00+00:00,3354.15,3363.54,3326.17,3335.61,89551.33,299261240.275
2025-01-01 00:00:00+00:00,3335.61,3366.96,3333.93,3353.01,61538.87,206360752.837
2025-01-01 04:00:00+00:00,3353.01,3354.98,3334.78,3345.67,40873.07,136668782.1452
2025-01-01 08:00:00+00:00,3345.67,3347.93,3312.28,3339.64,90647.68000000001,301839602.2263
2025-01-01 12:00:00+00:00,3339.64,3359.39,3326.53,3351.57,93916.58,313898437.2792
2025-01-01 16:00:00+00:00,3351.57,3364.06,3320.78,3355.75,85571.86,286001420.6167
2025-01-01 20:00:00+00:00,3355.75,3373.96,3350.05,3359.25,76535.58,257243850.7326
2025-01-02 00:00:00+00:00,3359.25,3404.84,3353.01,3387.77,116848.79,395791505.4376
2025-01-02 04:00:00+00:00,3387.77,3426.67,3387.11,3419.16,106753.0,364136044.6395
2025-01-02 08:00:00+00:00,3419.16,3476.75,3413.47,3470.65,134785.3,464864468.7733
2025-01-02 12:00:00+00:00,3470.65,3511.02,3438.8,3462.53,230323.59,799850321.6157
2025-01-02 16:00:00+00:00,3462.53,3488.99,3428.2,3462.2,140125.27,484684569.5105
2025-01-02 20:00:00+00:00,3462.2,3474.76,3419.65,3454.58,98224.81999999999,338430833.6877
2025-01-03 00:00:00+00:00,3454.58,3476.33,3441.36,3469.35,53011.17,183399861.0694
2025-01-03 04:00:00+00:00,3469.35,3469.99,3430.03,3431.59,67191.65,231664223.0893
2025-01-03 08:00:00+00:00,3431.59,3466.66,3420.19,3464.6,88845.76,305785729.26
2025-01-03 12:00:00+00:00,3464.6,3575.89,3460.0,3564.09,286418.36,1007381649.2628
2025-01-03 16:00:00+00:00,3564.09,3630.73,3564.09,3622.32,239777.69,862493044.4993
2025-01-03 20:00:00+00:00,3622.32,3623.25,3594.0,3608.53,114220.9,412297140.1698
2025-01-04 00:00:00+00:00,3608.53,3620.58,3581.28,3597.27,60154.36,216394073.623
2025-01-04 04:00:00+00:00,3597.27,3609.73,3583.04,3593.11,46592.43,167585482.7167
2025-01-04 08:00:00+00:00,3593.11,3604.69,3571.21,3601.04,82119.74,294713358.8086
2025-01-04 12:00:00+00:00,3602.74,3664.82,3591.1,3606.68,246320.6,893848520.0689
2025-01-04 16:00:00+00:00,3606.68,3644.6,3600.5,3630.29,91073.29,330120790.2586
2025-01-04 20:00:00+00:00,3630.29,3672.13,3630.28,3656.33,93617.54,342322599.1893
2025-01-05 00:00:00+00:00,3656.33,3675.4,3628.15,3637.03,52594.13,191708099.1337
2025-01-05 04:00:00+00:00,3637.03,3648.96,3627.33,3630.55,32567.74,118454520.4324
2025-01-05 08:00:00+00:00,3630.55,3632.43,3600.95,3612.71,97322.02,351826082.4614
2025-01-05 12:00:00+00:00,3612.71,3639.22,3591.1,3628.51,124508.93,450166012.0769
2025-01-05 16:00:00+00:00,3628.51,3647.2,3611.55,3636.92,81904.32,297219257.9989
2025-01-05 20:00:00+00:00,3636.92,3657.62,3627.7,3634.63,64879.75,236297825.9321
2025-01-06 00:00:00+00:00,3634.63,3685.0,3608.32,3663.59,141128.63,515692174.8176
2025-01-06 04:00:00+00:00,3663.59,3698.28,3641.47,3649.09,119248.45999999999,437602224.1839
2025-01-06 08:00:00+00:00,3649.09,3659.32,3631.03,3653.26,76254.91,277907716.4499
2025-01-06 12:00:00+00:00,3653.26,3713.76,3620.23,3713.74,242575.0,889778813.8392
2025-01-06 16:00:00+00:00,3713.74,3744.73,3654.12,3686.21,262805.24,971820835.8737
2025-01-06 20:00:00+00:00,3686.21,3702.95,3664.08,3685.54,85325.54,313888833.1665
2025-01-07 00:00:00+00:00,3685.54,3701.35,3661.05,3681.45,79536.25,292889757.6977
2025-01-07 04:00:00+00:00,3681.45,3685.13,3656.66,3665.99,56177.51,206150554.2458
2025-01-07 08:00:00+00:00,3665.99,3678.54,3624.07,3638.17,111716.52,407880257.2006
2025-01-07 12:00:00+00:00,3638.17,3644.81,3405.26,3460.0,765786.28,2698198601.2352
2025-01-07 16:00:00+00:00,3460.0,3491.36,3358.88,3383.58,472584.18,1622083158.9647
2025-01-07 20:00:00+00:00,3383.58,3412.5,3354.05,3379.41,239917.64,811487967.2341
2025-01-08 00:00:00+00:00,3379.41,3413.61,3339.48,3358.49,197719.9,668005260.1364
2025-01-08 04:00:00+00:00,3358.49,3372.01,3305.5,3352.81,286723.02999999997,957079816.6647
2025-01-08 08:00:00+00:00,3352.81,3375.44,3320.2,3348.54,162009.3,543180147.5564001
2025-01-08 12:00:00+00:00,3348.54,3385.75,3330.47,3346.0,265115.02,889877649.9763
2025-01-08 16:00:00+00:00,3346.0,3347.38,3206.02,3279.29,652120.93,2137681718.4159
2025-01-08 20:00:00+00:00,3279.29,3334.23,3263.84,3325.76,123710.4,407908560.3772
2025-01-09 00:00:00+00:00,3325.76,3356.19,3304.71,3323.03,160431.95,534100597.44699997
2025-01-09 04:00:00+00:00,3323.03,3342.73,3279.5,3287.37,120800.45,400160097.3092
2025-01-09 08:00:00+00:00,3287.37,3327.45,3259.58,3300.14,200343.34,661923803.0565
2025-01-09 12:00:00+00:00,3300.14,3335.0,3208.17,3318.99,372512.19,1214802845.2509
2025-01-09 16:00:00+00:00,3318.99,3326.92,3186.87,3193.64,287640.54,936268433.4581
2025-01-09 20:00:00+00:00,3193.64,3239.25,3155.5,3217.98,280533.79,896535808.223
2025-01-10 00:00:00+00:00,3217.98,3260.52,3211.87,3252.52,100528.11,325156652.575
2025-01-10 04:00:00+00:00,3252.52,3312.24,3240.16,3294.33,141343.56,462604236.3329
2025-01-10 08:00:00+00:00,3294.33,3321.07,3286.21,3310.14,119518.26,394750777.969
2025-01-10 12:00:00+00:00,3310.14,3316.03,3192.66,3243.1,521492.17000000004,1695266372.6521
2025-01-10 16:00:00+00:00,3243.1,3322.25,3230.18,3294.0,230665.28,755917275.8437
2025-01-10 20:00:00+00:00,3294.0,3294.34,3254.56,3265.48,79497.93,259841482.5252
2025-01-11 00:00:00+00:00,3265.48,3268.6,3230.0,3235.94,63689.99,206759842.7182
2025-01-11 04:00:00+00:00,3235.94,3250.09,3223.36,3234.57,49077.020000000004,158859824.686
2025-01-11 08:00:00+00:00,3234.57,3279.31,3216.73,3272.66,82049.48,266503166.4136
2025-01-11 12:00:00+00:00,3272.66,3281.85,3256.63,3269.71,67125.76,219458256.5633
2025-01-11 16:00:00+00:00,3269.71,3282.72,3257.15,3277.4,53243.01,174132636.6119
2025-01-11 20:00:00+00:00,3277.4,3319.36,3273.7,3281.79,88849.69,292826590.8599
2025-01-12 00:00:00+00:00,3281.79,3290.07,3272.61,3285.0,39487.68,129564647.7112
2025-01-12 04:00:00+00:00,3285.0,3288.53,3261.61,3265.26,36007.36,117864228.0844
2025-01-12 08:00:00+00:00,3265.26,3270.66,3222.83,3251.82,104224.55,337975035.1298
2025-01-12 12:00:00+00:00,3251.82,3294.56,3246.56,3284.27,93024.34,304184672.7071
2025-01-12 16:00:00+00:00,3284.27,3299.93,3267.08,3278.89,61463.0,201793558.21649998
2025-01-12 20:00:00+00:00,3278.89,3288.63,3232.1,3266.0,84733.35,275932409.2939
2025-01-13 00:00:00+00:00,3266.0,3337.84,3233.72,3240.48,209932.4,688585641.2028
2025-01-13 04:00:00+00:00,3240.48,3259.6,3178.68,3200.0,193074.56,620455366.1503
2025-01-13 08:00:00+00:00,3200.0,3204.47,3053.01,3055.18,415771.27,1298712766.6876
2025-01-13 12:00:00+00:00,3055.18,3089.71,2908.44,3047.56,871152.53,2627621939.5226
2025-01-13 16:00:00+00:00,3047.56,3059.22,2985.01,3023.53,273327.61,825088780.1372
2025-01-13 20:00:00+00:00,3023.53,3142.0,3010.09,3136.39,244567.17,756906457.7384
2025-01-14 00:00:00+00:00,3136.39,3174.8,3124.14,3157.26,107454.71,338258758.603
2025-01-14 04:00:00+00:00,3157.26,3189.15,3156.24,3170.0,86398.54,274070719.6911
2025-01-14 08:00:00+00:00,3170.0,3255.84,3168.4,3216.66,197993.7,637623261.8453
2025-01-14 12:00:00+00:00,3216.66,3233.0,3177.3,3197.88,251731.24,806916801.3867
2025-01-14 16:00:00+00:00,3197.88,3235.11,3170.4,3212.63,132576.79,424676845.9133
2025-01-14 20:00:00+00:00,3212.63,3239.57,3193.21,3224.18,83942.28,270252657.7647
2025-01-15 00:00:00+00:00,3224.18,3244.38,3203.8,3240.3,115572.84,372593205.0069
2025-01-15 04:00:00+00:00,3240.3,3251.25,3213.84,3231.32,80797.66,261044810.0652
2025-01-15 08:00:00+00:00,3231.32,3247.52,3185.26,3198.36,109038.36,350244975.2353
2025-01-15 12:00:00+00:00,3198.36,3353.24,3185.2,3333.53,397483.56,1304833168.2413
2025-01-15 16:00:00+00:00,3333.53,3442.5,3322.16,3434.34,229622.41,774954661.2779
2025-01-15 20:00:00+00:00,3434.34,3473.63,3417.51,3449.99,202593.36000000002,697101682.0209
2025-01-16 00:00:00+00:00,3449.99,3459.76,3345.76,3362.16,175271.95,595247921.0801
2025-01-16 04:00:00+00:00,3362.16,3390.49,3361.0,3383.2,62537.49,211028514.6295
2025-01-16 08:00:00+00:00,3383.2,3384.73,3298.78,3349.82,214958.73,715383042.7187
2025-01-16 12:00:00+00:00,3349.82,3363.99,3263.32,3331.82,327047.01,1082787966.2694001
2025-01-16 16:00:00+00:00,3331.82,3365.49,3308.36,3343.65,202965.02,677645143.4015
2025-01-16 20:00:00+00:00,3343.65,3352.87,3267.0,3306.49,144124.85,476648871.9996
2025-01-17 00:00:00+00:00,3306.49,3396.76,3306.13,3359.95,189726.94,637483754.5683
2025-01-17 04:00:00+00:00,3359.95,3390.12,3344.42,3371.83,94566.33,318372536.9871
2025-01-17 08:00:00+00:00,3371.83,3438.68,3371.22,3422.43,151275.21,515741007.1972
2025-01-17 12:00:00+00:00,3422.43,3449.97,3394.02,3420.89,277699.19,949577742.5692
2025-01-17 16:00:00+00:00,3420.89,3448.12,3405.84,3431.37,170551.66,584562549.672
2025-01-17 20:00:00+00:00,3431.37,3526.02,3424.23,3472.89,292746.33,1020645631.0186
2025-01-18 00:00:00+00:00,3472.89,3493.8,3366.03,3382.78,190763.1,654701066.7058
2025-01-18 04:00:00+00:00,3382.78,3394.11,3278.14,3285.79,330898.54,1101140788.8253999
2025-01-18 08:00:00+00:00,3285.79,3323.13,3225.63,3310.3,334045.86,1092370330.5978
2025-01-18 12:00:00+00:00,3310.3,3346.38,3272.69,3305.75,275278.65,911681855.676
2025-01-18 16:00:00+00:00,3305.75,3315.25,3248.0,3288.7,228127.92,747880042.2509
2025-01-18 20:00:00+00:00,3288.7,3320.0,3256.15,3306.76,101148.33,332259276.22470003
2025-01-19 00:00:00+00:00,3306.76,3377.58,3297.47,3334.84,175649.64,586991391.0925
2025-01-19 04:00:00+00:00,3334.84,3337.46,3257.8,3274.76,215931.07,709936403.7805
2025-01-19 08:00:00+00:00,3274.76,3276.79,3129.14,3149.39,479212.06,1528389665.3459
2025-01-19 12:00:00+00:00,3149.39,3425.77,3143.83,3383.83,786528.38,2610059814.7025
2025-01-19 16:00:00+00:00,3383.83,3449.76,3377.87,3419.49,254301.57,868889671.6252
2025-01-19 20:00:00+00:00,3419.49,3433.16,3150.0,3213.88,921721.31,3003539138.6995
2025-01-20 00:00:00+00:00,3213.88,3281.28,3141.0,3272.02,529486.96,1699426414.2948
2025-01-20 04:00:00+00:00,3272.02,3456.19,3249.44,3383.13,478409.24,1609944785.9035
2025-01-20 08:00:00+00:00,3383.13,3414.42,3333.75,3376.19,296737.98,1001982905.4162999
2025-01-20 12:00:00+00:00,3376.19,3380.98,3256.88,3336.18,511803.84,1702207290.0101
2025-01-20 16:00:00+00:00,3336.18,3391.66,3202.37,3343.79,906470.02,2996538520.5564
2025-01-20 20:00:00+00:00,3343.79,3345.0,3254.56,3283.8,242498.64,800995327.4635
2025-01-21 00:00:00+00:00,3283.8,3290.26,3201.36,3262.64,248013.14,805078196.4228
2025-01-21 04:00:00+00:00,3262.64,3265.96,3212.14,3253.99,133675.91,432948161.5585
2025-01-21 08:00:00+00:00,3253.99,3314.86,3233.14,3305.16,151226.44,496450396.7221
2025-01-21 12:00:00+00:00,3305.16,3335.81,3262.94,3294.62,288173.26,951218044.9007
2025-01-21 16:00:00+00:00,3294.62,3368.95,3289.93,3332.2,249410.35,831035258.6854
2025-01-21 20:00:00+00:00,3332.2,3347.48,3301.2,3327.01,122853.26,408095584.8251
2025-01-22 00:00:00+00:00,3327.01,3366.39,3320.12,3331.0,103125.61,344380753.3378
2025-01-22 04:00:00+00:00,3331.0,3339.59,3283.83,3287.0,106074.06,351002583.6264
2025-01-22 08:00:00+00:00,3287.0,3329.96,3272.05,3325.95,99916.74,329747933.2389
2025-01-22 12:00:00+00:00,3325.95,3332.0,3266.0,3277.73,207970.7,684659090.7204
2025-01-22 16:00:00+00:00,3277.73,3291.28,3237.28,3261.48,161752.59,528639810.9851
2025-01-22 20:00:00+00:00,3261.48,3276.36,3221.06,3241.94,139344.29,452823652.3014
2025-01-23 00:00:00+00:00,3241.94,3261.09,3202.63,3225.43,126558.28,408807847.9406
2025-01-23 04:00:00+00:00,3225.43,3232.15,3181.84,3231.81,110125.69,353278094.3314
2025-01-23 08:00:00+00:00,3231.81,3231.85,3186.5,3212.05,101912.97,326784197.4417
2025-01-23 12:00:00+00:00,3212.05,3286.49,3187.2,3258.0,359598.11,1165918638.6188
2025-01-23 16:00:00+00:00,3258.0,3297.61,3192.63,3203.02,267244.01,868376403.6635
2025-01-23 20:00:00+00:00,3203.02,3348.94,3193.69,3338.31,553622.31,1810097355.3797
2025-01-24 00:00:00+00:00,3338.31,3349.86,3274.0,3300.81,202038.4,667676578.8139
2025-01-24 04:00:00+00:00,3300.81,3420.69,3290.91,3380.81,218271.63999999998,736328922.9457
2025-01-24 08:00:00+00:00,3380.81,3416.94,3375.0,3399.2,128686.05,437713365.1599
2025-01-24 12:00:00+00:00,3399.2,3430.95,3354.41,3383.1,208896.69,708858054.7906
2025-01-24 16:00:00+00:00,3383.1,3409.7,3363.64,3367.77,139482.73,472281793.5483
2025-01-24 20:00:00+00:00,3367.77,3378.05,3302.14,3308.51,187364.05,624621620.397
2025-01-25 00:00:00+00:00,3308.51,3323.6,3267.07,3318.52,123134.53,405642653.1265
2025-01-25 04:00:00+00:00,3318.52,3319.14,3281.69,3289.76,55549.55,183007247.8652
2025-01-25 08:00:00+00:00,3289.76,3310.55,3270.06,3305.72,79073.1,260053641.6458
2025-01-25 12:00:00+00:00,3305.72,3343.81,3292.73,3333.24,105296.4,349746484.9552
2025-01-25 16:00:00+00:00,3333.24,3349.66,3328.62,3339.09,86889.8,290076996.8622
2025-01-25 20:00:00+00:00,3339.09,3349.88,3312.95,3317.99,65069.0,216806028.0495
2025-01-26 00:00:00+00:00,3317.99,3349.84,3312.09,3337.79,53962.8,179620650.5132
2025-01-26 04:00:00+00:00,3337.79,3361.63,3328.62,3337.73,70595.2,236150188.8239
2025-01-26 08:00:00+00:00,3337.73,3343.13,3289.24,3310.66,100574.98,332922844.7828
2025-01-26 12:00:00+00:00,3310.66,3320.05,3295.85,3313.95,54595.71,180505443.1017
2025-01-26 16:00:00+00:00,3313.95,3342.3,3306.44,3337.95,63612.4,211725472.3733
2025-01-26 20:00:00+00:00,3337.95,3342.0,3227.3,3230.5,201059.02,658627278.8777
2025-01-27 00:00:00+00:00,3230.5,3252.97,3158.3,3181.92,270867.18,866532654.2983
2025-01-27 04:00:00+00:00,3181.92,3181.92,3017.8,3068.83,488818.77,1514195017.1703
2025-01-27 08:00:00+00:00,3068.83,3089.1,3032.21,3057.11,222005.29,679767499.9416
2025-01-27 12:00:00+00:00,3057.11,3151.62,3051.56,3132.13,344133.79,1070980673.5474
2025-01-27 16:00:00+00:00,3132.13,3132.13,3045.0,3074.54,197838.16,609611511.7326
2025-01-27 20:00:00+00:00,3074.54,3238.0,3071.49,3181.17,247110.84,781376922.6206
2025-01-28 00:00:00+00:00,3181.17,3217.22,3150.05,3201.93,133126.49,423932191.3407
2025-01-28 04:00:00+00:00,3201.93,3222.29,3187.25,3194.6,98223.43000000001,314867079.1795
2025-01-28 08:00:00+00:00,3194.6,3206.73,3175.66,3185.25,96099.69,306677680.2441
2025-01-28 12:00:00+00:00,3185.25,3214.89,3154.08,3179.78,150941.76,479906817.9375
2025-01-28 16:00:00+00:00,3179.78,3181.92,3119.19,3146.04,192234.51,606188737.8632
2025-01-28 20:00:00+00:00,3146.04,3155.1,3037.34,3075.78,275841.08,850743189.8006
2025-01-29 00:00:00+00:00,3075.78,3132.31,3074.75,3129.2,101153.84,314524927.9146
2025-01-29 04:00:00+00:00,3129.2,3158.97,3115.45,3155.71,74564.94,233944465.9195
2025-01-29 08:00:00+00:00,3155.71,3163.33,3118.0,3133.93,86620.53,271838817.856
2025-01-29 12:00:00+00:00,3133.93,3138.89,3078.35,3099.39,143244.31,444831402.8543
2025-01-29 16:00:00+00:00,3099.39,3151.89,3051.79,3124.83,397112.59,1233318251.5158
2025-01-29 20:00:00+00:00,3124.83,3182.0,3087.2,3112.02,306020.35,959397503.2599
2025-01-30 00:00:00+00:00,3112.02,3201.76,3088.95,3200.42,139238.23,437903232.7123
2025-01-30 04:00:00+00:00,3200.42,3214.91,3176.9,3189.51,117456.59,375075820.7008
2025-01-30 08:00:00+00:00,3189.51,3229.41,3179.68,3221.86,106535.02,342123845.9121
2025-01-30 12:00:00+00:00,3221.86,3281.0,3208.15,3254.53,284054.07,924394651.6692
2025-01-30 16:00:00+00:00,3254.53,3282.88,3247.65,3270.59,119205.62,389431132.3903
2025-01-30 20:00:00+00:00,3270.59,3272.36,3226.07,3246.19,115051.04,373696470.7556
2025-01-31 00:00:00+00:00,3246.19,3279.56,3219.11,3229.6,149627.02,486343103.303
2025-01-31 04:00:00+00:00,3229.6,3276.64,3212.11,3240.52,125928.0,408703771.0927
2025-01-31 08:00:00+00:00,3240.52,3338.89,3232.6,3334.8,227215.91,747218642.2885
2025-01-31 12:00:00+00:00,3334.8,3427.48,3324.5,3426.56,394836.18,1328645734.3722
2025-01-31 16:00:00+00:00,3426.56,3437.11,3292.5,3337.79,554533.29,1859943148.1305
2025-01-31 20:00:00+00:00,3337.79,3337.79,3276.63,3299.52,316255.12,1044804448.194
2025-02-01 00:00:00+00:00,3299.52,3331.12,3281.23,3290.7,131539.95,434936787.9089
2025-02-01 04:00:00+00:00,3290.7,3305.86,3270.65,3278.57,97928.61,322043592.65
2025-02-01 08:00:00+00:00,3278.57,3284.99,3222.15,3250.0,229996.32,747001837.423
2025-02-01 12:00:00+00:00,3250.0,3271.79,3226.21,3249.58,132391.78,430360145.9748
2025-02-01 16:00:00+00:00,3249.58,3266.18,3175.83,3195.1,227339.14,732761994.7766
2025-02-01 20:00:00+00:00,3195.1,3195.11,3099.16,3115.36,313086.73,985316723.1864
2025-02-02 00:00:00+00:00,3115.36,3161.93,3066.45,3075.72,225767.17,702836347.6952
2025-02-02 04:00:00+00:00,3075.72,3137.11,3072.16,3099.71,170721.53,529816727.6918
2025-02-02 08:00:00+00:00,3099.71,3122.47,3050.01,3063.31,197502.23,609924550.5355
2025-02-02 12:00:00+00:00,3063.31,3100.66,3047.34,3079.49,155857.14,478920780.6681
2025-02-02 16:00:00+00:00,3079.49,3080.69,2892.3,2957.38,768963.85,2285719101.2493
2025-02-02 20:00:00+00:00,2957.38,2985.7,2740.67,2868.61,752909.86,2154943456.0522
2025-02-03 00:00:00+00:00,2868.61,2871.84,2079.0,2525.55,2680196.74,6815388080.8479
2025-02-03 04:00:00+00:00,2525.55,2630.71,2445.45,2620.01,548163.17,1380459251.9956
2025-02-03 08:00:00+00:00,2620.01,2620.02,2523.14,2579.5,541126.24,1395642584.0666
2025-02-03 12:00:00+00:00,2579.5,2726.41,2526.74,2698.92,1063883.19,2786158896.8408
2025-02-03 16:00:00+00:00,2698.92,2769.25,2664.87,2762.72,535238.61,1451433390.1574
2025-02-03 20:00:00+00:00,2762.72,2921.18,2693.9,2878.06,677742.22,1905110834.1081
2025-02-04 00:00:00+00:00,2878.06,2887.45,2790.89,2809.84,220347.62,624884668.8222
2025-02-04 04:00:00+00:00,2809.84,2836.0,2659.87,2702.49,564377.68,1534109725.6805
2025-02-04 08:00:00+00:00,2702.49,2789.16,2675.27,2756.99,338498.42,924235988.666
2025-02-04 12:00:00+00:00,2756.99,2844.37,2728.3,2775.94,607672.82,1699193870.5505
2025-02-04 16:00:00+00:00,2775.94,2868.6,2763.04,2769.17,445825.88,1252966458.3973
2025-02-04 20:00:00+00:00,2769.17,2793.34,2629.62,2730.0,654630.49,1769051563.4618
2025-02-05 00:00:00+00:00,2730.0,2767.46,2697.0,2718.85,313734.92,856867768.7364
2025-02-05 04:00:00+00:00,2718.85,2786.7,2707.12,2758.52,268588.21,738421359.2554
2025-02-05 08:00:00+00:00,2758.52,2817.94,2745.01,2799.08,309931.79,861073511.4508001
2025-02-05 12:00:00+00:00,2799.08,2827.81,2755.54,2772.13,335492.76,936414421.3602
2025-02-05 16:00:00+00:00,2772.13,2787.0,2713.45,2774.7,382459.91,1051292751.2324
2025-02-05 20:00:00+00:00,2774.7,2802.35,2736.92,2787.1,222315.24,616080181.6917
2025-02-06 00:00:00+00:00,2787.1,2818.54,2753.45,2805.15,160003.53,446826163.796
2025-02-06 04:00:00+00:00,2805.15,2855.0,2804.2,2830.46,136900.57,387774890.9901
2025-02-06 08:00:00+00:00,2830.46,2857.1,2791.66,2802.29,175616.88,496199030.5332
2025-02-06 12:00:00+00:00,2802.29,2806.9,2680.66,2704.27,483717.78,1328681273.2105
2025-02-06 16:00:00+00:00,2704.27,2725.5,2670.83,2688.47,330693.89,892926102.0897
2025-02-06 20:00:00+00:00,2688.47,2723.45,2651.74,2685.3,217697.06,585434335.0569
2025-02-07 00:00:00+00:00,2685.3,2738.48,2677.0,2714.52,168457.97,456437488.21
2025-02-07 04:00:00+00:00,2714.52,2729.55,2666.66,2711.92,142274.42,384769545.8399
2025-02-07 08:00:00+00:00,2711.92,2763.78,2703.34,2761.6,122793.31999999999,336353819.5943
2025-02-07 12:00:00+00:00,2761.6,2797.04,2708.1,2720.13,498777.02,1373528864.8158
2025-02-07 16:00:00+00:00,2720.13,2726.34,2654.01,2657.79,310484.54,833705870.9739
2025-02-07 20:00:00+00:00,2657.79,2660.39,2559.81,2620.47,424678.9,1104722443.8705
2025-02-08 00:00:00+00:00,2620.47,2667.03,2613.63,2640.29,195625.86,516554985.4096
2025-02-08 04:00:00+00:00,2640.29,2647.96,2592.61,2628.49,143172.99,375093257.2377
2025-02-08 08:00:00+00:00,2628.49,2631.35,2600.12,2612.0,105574.55,276054669.7443
2025-02-08 12:00:00+00:00,2612.0,2635.75,2587.11,2603.82,122389.15,319452942.7992
2025-02-08 16:00:00+00:00,2603.82,2648.92,2588.38,2636.52,116283.86,305133978.3997
2025-02-08 20:00:00+00:00,2636.52,2644.78,2622.57,2631.25,46295.49,121968592.5397
2025-02-09 00:00:00+00:00,2631.25,2698.55,2625.54,2677.25,137088.42,364542603.1086
2025-02-09 04:00:00+00:00,2677.25,2677.49,2647.51,2661.44,65103.31,173294285.5603
2025-02-09 08:00:00+00:00,2661.44,2672.5,2649.6,2653.7,55705.73,148258850.3711
2025-02-09 12:00:00+00:00,2653.7,2660.76,2609.46,2651.79,146125.95,385269369.0759
2025-02-09 16:00:00+00:00,2651.79,2665.52,2615.3,2622.79,87414.44,231019729.3229
2025-02-09 20:00:00+00:00,2622.79,2648.42,2518.0,2626.18,493790.98,1273394318.1003
2025-02-10 00:00:00+00:00,2626.18,2657.91,2558.14,2624.69,316453.81,825033704.1169
2025-02-10 04:00:00+00:00,2624.69,2659.8,2617.16,2636.18,110916.41,292193120.3247
2025-02-10 08:00:00+00:00,2636.18,2661.65,2633.68,2652.25,105331.0,278881539.5132
2025-02-10 12:00:00+00:00,2652.25,2683.49,2629.54,2657.49,236958.9,629184354.5641
2025-02-10 16:00:00+00:00,2657.49,2692.95,2648.81,2671.23,140350.94,374952670.2224
2025-02-10 20:00:00+00:00,2671.23,2685.48,2650.03,2660.12,76822.91,204766943.1787
2025-02-11 00:00:00+00:00,2660.12,2724.68,2659.36,2677.79,230950.89,621305669.5617
2025-02-11 04:00:00+00:00,2677.79,2724.04,2674.96,2710.46,117794.2,318464459.3389
2025-02-11 08:00:00+00:00,2710.46,2720.21,2690.37,2707.62,97221.3,262935266.8986
2025-02-11 12:00:00+00:00,2707.62,2709.32,2625.0,2661.48,245353.99,652912444.9389
2025-02-11 16:00:00+00:00,2661.48,2670.41,2581.28,2588.7,267315.55,700294984.9438
2025-02-11 20:00:00+00:00,2588.7,2630.0,2555.86,2601.17,229264.05,596013496.9467
2025-02-12 00:00:00+00:00,2601.17,2623.52,2567.4,2585.55,124558.19,323377402.4479
2025-02-12 04:00:00+00:00,2585.55,2622.88,2575.69,2617.2,101381.97,263530365.6217
2025-02-12 08:00:00+00:00,2617.2,2638.8,2608.97,2625.81,102719.12,269556624.1573
2025-02-12 12:00:00+00:00,2625.81,2664.28,2545.01,2605.75,652706.08,1693937382.0075
2025-02-12 16:00:00+00:00,2605.75,2683.88,2582.0,2677.49,305602.25,809888995.9484
2025-02-12 20:00:00+00:00,2677.49,2796.09,2668.46,2737.59,437521.46,1194692143.5121
2025-02-13 00:00:00+00:00,2737.59,2757.62,2714.73,2743.54,131490.68,359657647.5719
2025-02-13 04:00:00+00:00,2743.54,2745.0,2670.85,2679.99,166789.93,450571378.7679
2025-02-13 08:00:00+00:00,2679.99,2687.76,2648.35,2654.85,195079.53,520428317.3983
2025-02-13 12:00:00+00:00,2654.85,2677.08,2611.0,2646.59,451072.6,1193621513.4783
2025-02-13 16:00:00+00:00,2646.59,2660.66,2611.43,2639.64,169978.44,447895852.9109
2025-02-13 20:00:00+00:00,2639.64,2678.92,2639.03,2674.54,94114.79,250525302.8544
2025-02-14 00:00:00+00:00,2674.54,2721.0,2663.01,2714.46,127341.0,342770720.0811
2025-02-14 04:00:00+00:00,2714.46,2716.02,2687.78,2697.86,80627.99,217646296.2145
2025-02-14 08:00:00+00:00,2697.86,2715.97,2680.6,2683.86,121498.31999999999,328348462.4077
2025-02-14 12:00:00+00:00,2683.86,2747.0,2675.96,2733.51,239285.07,647941790.6595
2025-02-14 16:00:00+00:00,2733.51,2791.47,2707.99,2736.96,289075.8,795979118.8762
2025-02-14 20:00:00+00:00,2736.96,2750.82,2704.23,2724.37,171518.51,468051139.074
2025-02-15 00:00:00+00:00,2724.37,2738.1,2702.28,2723.2,74972.4,204007272.0372
2025-02-15 04:00:00+00:00,2723.2,2732.55,2692.12,2696.0,84094.7,227940302.307
2025-02-15 08:00:00+00:00,2696.0,2713.78,2693.99,2707.18,65537.15,177117200.2853
2025-02-15 12:00:00+00:00,2707.18,2713.0,2657.0,2689.91,142386.51,382782612.4987
2025-02-15 16:00:00+00:00,2689.91,2707.01,2677.47,2690.55,69695.92,187562037.5983
2025-02-15 20:00:00+00:00,2690.55,2703.57,2677.51,2691.67,62349.74,167739659.5143
2025-02-16 00:00:00+00:00,2691.67,2704.82,2685.89,2697.99,45765.19,123320917.4411
2025-02-16 04:00:00+00:00,2697.99,2726.65,2688.56,2694.25,84074.46,227432788.4673
2025-02-16 08:00:00+00:00,2694.25,2712.19,2687.37,2710.07,67488.78,182243771.66979998
2025-02-16 12:00:00+00:00,2710.07,2711.67,2675.2,2692.92,105346.47,283579597.8026
2025-02-16 16:00:00+00:00,2692.92,2702.34,2657.69,2682.23,105593.37,282876088.9269
2025-02-16 20:00:00+00:00,2682.23,2688.48,2650.14,2659.95,111092.6,296422300.74619997
2025-02-17 00:00:00+00:00,2659.95,2682.78,2656.12,2670.5,77300.01,206220075.9987
2025-02-17 04:00:00+00:00,2670.5,2694.59,2636.22,2680.49,153214.75,408936102.6387
2025-02-17 08:00:00+00:00,2680.49,2774.25,2675.1,2754.4,300592.56,822495168.8052
2025-02-17 12:00:00+00:00,2754.4,2849.0,2745.0,2754.56,518935.7,1450195000.0543
2025-02-17 16:00:00+00:00,2754.56,2764.72,2685.36,2716.32,397616.27,1083041008.5037
2025-02-17 20:00:00+00:00,2716.32,2777.75,2715.01,2742.89,159961.76,439592186.9929
2025-02-18 00:00:00+00:00,2742.89,2756.31,2705.3,2710.25,159415.01,433964107.0344
2025-02-18 04:00:00+00:00,2710.25,2716.53,2650.02,2671.25,264650.06,707878036.7076
2025-02-18 08:00:00+00:00,2671.25,2705.4,2651.62,2678.02,153002.63,410324725.1531
2025-02-18 12:00:00+00:00,2678.02,2732.75,2655.92,2672.17,310392.47000000003,835244066.8546
2025-02-18 16:00:00+00:00,2672.17,2683.79,2601.51,2628.72,437975.7,1153512829.8957
2025-02-18 20:00:00+00:00,2628.72,2671.39,2616.61,2670.77,152754.89,404539565.802
2025-02-19 00:00:00+00:00,2670.77,2699.41,2654.29,2692.74,111424.63,298182473.8044
2025-02-19 04:00:00+00:00,2692.74,2716.33,2663.19,2707.07,170690.2,459272980.9297
2025-02-19 08:00:00+00:00,2707.07,2735.96,2703.28,2726.2,177499.7,483188630.7564
2025-02-19 12:00:00+00:00,2726.2,2730.0,2675.54,2695.69,223366.87,603936355.4259
2025-02-19 16:00:00+00:00,2695.69,2723.71,2692.95,2710.83,130777.83,353928911.7521
2025-02-19 20:00:00+00:00,2710.83,2733.92,2702.98,2713.98,98300.52,267198585.0325
2025-02-20 00:00:00+00:00,2713.98,2750.87,2707.8,2740.49,121156.8,330848624.0446
2025-02-20 04:00:00+00:00,2740.49,2757.6,2720.83,2729.01,104813.85,286664834.635
2025-02-20 08:00:00+00:00,2729.01,2745.94,2723.93,2739.56,88553.77,242163431.0373
2025-02-20 12:00:00+00:00,2739.56,2769.73,2705.01,2710.78,265437.55,726961413.1253
2025-02-20 16:00:00+00:00,2710.78,2767.81,2705.33,2746.51,191342.09,523032416.542
2025-02-20 20:00:00+00:00,2746.51,2760.47,2720.13,2736.79,95528.51,261615215.0451
2025-02-21 00:00:00+00:00,2736.79,2748.35,2724.04,2743.03,75408.47,206433496.7497
2025-02-21 04:00:00+00:00,2743.03,2769.24,2743.02,2755.09,80328.93,221319745.418
2025-02-21 08:00:00+00:00,2755.09,2830.59,2746.5,2787.11,317820.29,886903499.341
2025-02-21 12:00:00+00:00,2787.11,2844.95,2672.0,2722.29,840428.86,2327115509.9627
2025-02-21 16:00:00+00:00,2722.29,2769.99,2623.49,2638.68,654147.71,1765396699.7171
2025-02-21 20:00:00+00:00,2638.68,2665.0,2616.76,2663.96,209953.03,554862295.7765
2025-02-22 00:00:00+00:00,2663.96,2691.76,2653.91,2676.0,106013.98,283756463.6915
2025-02-22 04:00:00+00:00,2676.0,2698.09,2673.14,2685.46,77381.17,207913243.5183
2025-02-22 08:00:00+00:00,2685.46,2757.84,2677.5,2734.9,205169.15,559182050.5370001
2025-02-22 12:00:00+00:00,2734.9,2787.75,2723.22,2777.46,158465.5,435432695.4817
2025-02-22 16:00:00+00:00,2777.46,2800.42,2756.82,2771.7,207781.19,578077617.2687
2025-02-22 20:00:00+00:00,2771.7,2779.6,2759.73,2764.75,58260.34,161361858.6799
2025-02-23 00:00:00+00:00,2764.75,2777.98,2746.0,2753.81,88084.9,243013324.224
2025-02-23 04:00:00+00:00,2753.81,2830.0,2747.3,2826.19,180019.56,504234334.9009
2025-02-23 08:00:00+00:00,2826.19,2833.0,2783.61,2798.91,155796.74,437351451.8773
2025-02-23 12:00:00+00:00,2798.91,2827.92,2772.7,2783.28,238728.98,668298778.0963
2025-02-23 16:00:00+00:00,2783.28,2824.45,2782.32,2807.28,133365.76,374693169.6636
2025-02-23 20:00:00+00:00,2807.28,2859.79,2785.01,2819.85,170144.85,479299292.9504
2025-02-24 00:00:00+00:00,2819.85,2841.03,2710.16,2716.8,290536.99,804529430.8191
2025-02-24 04:00:00+00:00,2716.8,2735.33,2690.57,2721.18,222378.4,603458716.8026
2025-02-24 08:00:00+00:00,2721.18,2721.95,2661.57,2689.0,303892.33999999997,816828666.0905
2025-02-24 12:00:00+00:00,2689.0,2695.97,2633.02,2658.09,331509.83,883497626.4761
2025-02-24 16:00:00+00:00,2658.09,2683.0,2620.67,2639.94,219411.81,582498149.9856
2025-02-24 20:00:00+00:00,2639.94,2662.76,2464.11,2512.18,586256.94,1505079825.0946
2025-02-25 00:00:00+00:00,2512.18,2529.45,2455.19,2493.93,422622.38,1054738591.8591
2025-02-25 04:00:00+00:00,2493.93,2511.8,2309.81,2365.81,702361.33,1690937153.9829001
2025-02-25 08:00:00+00:00,2365.81,2439.76,2355.46,2433.38,497833.0,1190986351.4903
2025-02-25 12:00:00+00:00,2433.38,2449.56,2360.34,2409.33,444478.13,1068971090.7366
2025-02-25 16:00:00+00:00,2409.33,2473.7,2382.59,2471.39,295729.18,716199538.1937
2025-02-25 20:00:00+00:00,2471.39,2534.48,2457.01,2495.48,252116.44,630572658.3232
2025-02-26 00:00:00+00:00,2495.48,2508.0,2471.59,2490.78,136974.83,340713205.4961
2025-02-26 04:00:00+00:00,2490.78,2506.47,2474.83,2483.2,113010.29,281300551.8498
2025-02-26 08:00:00+00:00,2483.2,2495.26,2456.66,2464.24,148394.91,367368506.8069
2025-02-26 12:00:00+00:00,2464.24,2466.49,2367.38,2427.29,536386.8,1296789539.5959
2025-02-26 16:00:00+00:00,2427.29,2432.92,2261.81,2294.61,733605.29,1710148665.6595
2025-02-26 20:00:00+00:00,2294.61,2382.72,2251.01,2334.78,482139.56,1117643640.1904001
2025-02-27 00:00:00+00:00,2334.78,2369.48,2313.38,2330.72,192785.97,450853838.7754
2025-02-27 04:00:00+00:00,2330.72,2372.73,2301.42,2355.34,186903.58,437315115.9331
2025-02-27 08:00:00+00:00,2355.34,2381.44,2342.02,2352.69,158092.15,373333001.1131
2025-02-27 12:00:00+00:00,2352.69,2361.51,2288.81,2322.05,295041.98,687358713.3087
2025-02-27 16:00:00+00:00,2322.05,2336.41,2276.8,2290.81,216423.8,499670329.8762
2025-02-27 20:00:00+00:00,2290.81,2310.69,2228.66,2306.38,329108.66,746019947.8033
2025-02-28 00:00:00+00:00,2306.38,2313.12,2120.0,2145.6,778418.79,1707085369.5846
2025-02-28 04:00:00+00:00,2145.6,2154.27,2071.87,2105.01,652558.46,1379682097.9479
2025-02-28 08:00:00+00:00,2105.01,2151.13,2075.0,2124.02,338695.51,717330706.8801
2025-02-28 12:00:00+00:00,2124.02,2228.24,2103.55,2222.22,424217.86,916912994.1486
2025-02-28 16:00:00+00:00,2222.22,2254.92,2191.73,2229.12,267279.77,594045751.3731999
2025-02-28 20:00:00+00:00,2229.12,2238.7,2197.38,2236.39,117687.09,261098696.2782
2025-03-01 00:00:00+00:00,2236.39,2274.67,2212.01,2261.52,140183.84,315092182.4059
2025-03-01 04:00:00+00:00,2261.52,2279.97,2223.14,2227.98,168227.68,378921958.8585
2025-03-01 08:00:00+00:00,2227.98,2238.86,2169.41,2183.1,205046.27,452862515.6741
2025-03-01 12:00:00+00:00,2183.1,2186.87,2141.52,2172.4,234634.81,507848689.5623
2025-03-01 16:00:00+00:00,2172.4,2234.21,2168.04,2222.18,203516.18,448177106.3699
2025-03-01 20:00:00+00:00,2222.18,2235.68,2189.94,2216.56,141106.5,312632477.5725
2025-03-02 00:00:00+00:00,2216.56,2229.73,2200.0,2218.85,114759.88,254319587.9081
2025-03-02 04:00:00+00:00,2218.85,2234.44,2216.48,2220.51,86333.19,192109740.8083
2025-03-02 08:00:00+00:00,2220.51,2260.51,2207.19,2237.85,155022.22,346590204.898
2025-03-02 12:00:00+00:00,2237.85,2291.7,2171.17,2229.19,518050.44,1155892381.0899
2025-03-02 16:00:00+00:00,2229.19,2519.87,2211.64,2486.72,1394302.89,3375996417.2664
2025-03-02 20:00:00+00:00,2486.72,2552.83,2480.06,2518.56,309602.89,778904805.7282
2025-03-03 00:00:00+00:00,2518.56,2524.4,2418.28,2441.0,260936.32,641811738.6736
2025-03-03 04:00:00+00:00,2441.0,2457.6,2352.36,2386.44,308086.27,737002864.8346
2025-03-03 08:00:00+00:00,2386.44,2387.51,2321.01,2355.84,244099.74,573831176.5729
2025-03-03 12:00:00+00:00,2355.84,2388.86,2265.07,2286.91,489987.96,1139756491.4091
2025-03-03 16:00:00+00:00,2286.91,2296.71,2094.11,2107.71,750254.78,1650132173.6486
2025-03-03 20:00:00+00:00,2107.71,2172.63,2095.32,2147.78,350073.02999999997,745705812.4639
2025-03-04 00:00:00+00:00,2147.78,2166.16,2000.96,2074.07,643108.52,1330105851.917
2025-03-04 04:00:00+00:00,2074.07,2121.86,2066.76,2079.69,281971.36,589650254.0736
2025-03-04 08:00:00+00:00,2079.69,2117.84,2070.0,2100.43,203335.43,426377113.6609
2025-03-04 12:00:00+00:00,2100.43,2158.2,2023.6,2073.4,694276.76,1447639222.4486
2025-03-04 16:00:00+00:00,2073.4,2174.0,1987.5,2171.44,638954.72,1336534033.99
2025-03-04 20:00:00+00:00,2171.44,2221.57,2125.66,2170.7,371881.37,808646556.6217
2025-03-05 00:00:00+00:00,2170.7,2192.93,2154.04,2159.99,176019.62,382607358.8813
2025-03-05 04:00:00+00:00,2159.99,2212.25,2157.21,2205.9,113511.31999999999,248012981.9602
2025-03-05 08:00:00+00:00,2205.9,2273.0,2203.5,2217.02,298115.86,666704172.0351
2025-03-05 12:00:00+00:00,2217.02,2232.57,2165.0,2185.46,367762.54,808246544.175
2025-03-05 16:00:00+00:00,2185.46,2222.31,2160.04,2218.06,271034.72,594650056.0823
2025-03-05 20:00:00+00:00,2218.06,2252.96,2213.15,2240.83,146832.47,327765842.9122
2025-03-06 00:00:00+00:00,2240.83,2295.93,2232.87,2289.31,192313.5,435633015.9161
2025-03-06 04:00:00+00:00,2289.31,2319.74,2274.6,2285.18,150839.29,346656050.4121
2025-03-06 08:00:00+00:00,2285.18,2305.49,2275.38,2296.7,115830.65,265379924.6368
2025-03-06 12:00:00+00:00,2296.7,2297.84,2206.31,2256.43,345788.47,777242443.1542
2025-03-06 16:00:00+00:00,2256.43,2264.79,2175.13,2196.73,252417.98,557144554.9767
2025-03-06 20:00:00+00:00,2196.73,2228.45,2189.82,2200.89,161820.41,357417037.4365
2025-03-07 00:00:00+00:00,2200.89,2226.37,2100.5,2146.57,512635.21,1101865771.0466
2025-03-07 04:00:00+00:00,2146.57,2192.68,2143.28,2191.27,106708.96,231524748.5311
2025-03-07 08:00:00+00:00,2191.27,2210.06,2175.47,2196.4,98605.98,216316597.0671
2025-03-07 12:00:00+00:00,2196.4,2257.22,2163.91,2208.36,480151.48000000004,1059196189.4545
2025-03-07 16:00:00+00:00,2208.36,2214.36,2139.14,2176.75,343930.93,746085660.5514001
2025-03-07 20:00:00+00:00,2176.75,2186.32,2112.25,2140.52,295846.57,634299058.232
2025-03-08 00:00:00+00:00,2140.52,2154.8,2102.97,2136.98,110224.49,234957411.8547
2025-03-08 04:00:00+00:00,2136.98,2152.2,2130.21,2136.52,61064.78,130722524.7924
2025-03-08 08:00:00+00:00,2136.52,2142.58,2125.25,2140.6,76804.66,163812077.8137
2025-03-08 12:00:00+00:00,2140.6,2197.92,2136.42,2180.36,200932.12,437012854.6815
2025-03-08 16:00:00+00:00,2180.36,2233.96,2159.5,2223.58,234612.35,516665466.8674
2025-03-08 20:00:00+00:00,2223.58,2224.91,2191.84,2202.68,111425.26,245954625.6974
2025-03-09 00:00:00+00:00,2202.68,2211.0,2174.32,2184.27,73701.52,161556853.1205
2025-03-09 04:00:00+00:00,2184.27,2196.28,2170.45,2184.02,61554.13,134408674.6448
2025-03-09 08:00:00+00:00,2184.02,2186.77,2126.9,2145.23,157756.64,339826001.9939
2025-03-09 12:00:00+00:00,2145.23,2145.35,2082.88,2096.01,287343.69,607540538.4222
2025-03-09 16:00:00+00:00,2096.01,2108.17,1995.76,2038.64,571175.35,1165188030.5231
2025-03-09 20:00:00+00:00,2038.64,2054.97,1988.0,2019.23,255309.63,515632808.7529
2025-03-10 00:00:00+00:00,2019.23,2069.14,1992.65,2056.5,217378.72,443284103.9622
2025-03-10 04:00:00+00:00,2056.5,2078.69,2053.4,2074.11,105689.74,218391157.0648
2025-03-10 08:00:00+00:00,2074.11,2151.48,2046.14,2126.91,465391.55,980118062.8158
2025-03-10 12:00:00+00:00,2126.91,2134.65,1995.0,2016.38,625984.52,1283255552.5559
2025-03-10 16:00:00+00:00,2016.38,2023.73,1808.33,1868.77,1351081.32,2584711438.5497
2025-03-10 20:00:00+00:00,1868.77,1903.18,1841.78,1864.17,386145.87,724404972.7372
2025-03-11 00:00:00+00:00,1864.17,1889.52,1751.48,1849.03,838943.31,1532038291.7943
2025-03-11 04:00:00+00:00,1849.03,1913.48,1844.42,1903.03,294409.95,555864269.8499
2025-03-11 08:00:00+00:00,1903.03,1928.59,1898.4,1913.21,238453.05,456750008.5628
2025-03-11 12:00:00+00:00,1913.21,1963.22,1839.13,1914.06,1122667.77,2130042819.5172
2025-03-11 16:00:00+00:00,1914.06,1962.8,1885.23,1950.63,463837.55,894338466.1453
2025-03-11 20:00:00+00:00,1950.63,1954.24,1915.71,1922.36,143727.99,278478745.8911
2025-03-12 00:00:00+00:00,1922.36,1931.56,1865.78,1867.49,235171.48,447604085.663
2025-03-12 04:00:00+00:00,1867.49,1916.41,1850.56,1910.79,331350.98,622947863.7946
2025-03-12 08:00:00+00:00,1910.79,1955.81,1869.57,1915.99,677349.72,1291435665.8742
2025-03-12 12:00:00+00:00,1915.99,1947.49,1828.0,1868.89,760793.74,1436311198.0475
2025-03-12 16:00:00+00:00,1868.89,1893.89,1861.89,1877.17,316365.31,593339619.1015
2025-03-12 20:00:00+00:00,1877.17,1915.14,1872.32,1907.24,175535.75,333367736.9647
2025-03-13 00:00:00+00:00,1907.24,1916.62,1881.3,1886.29,133965.24,254329267.877
2025-03-13 04:00:00+00:00,1886.29,1890.93,1857.08,1871.31,177004.74,331129328.2534
2025-03-13 08:00:00+00:00,1871.31,1904.71,1852.18,1899.5,346822.63,653398959.2492
2025-03-13 12:00:00+00:00,1899.5,1923.3,1863.4,1874.51,465637.5,879672417.0548
2025-03-13 16:00:00+00:00,1874.51,1877.15,1820.33,1851.19,342778.95,632928834.2133
2025-03-13 20:00:00+00:00,1851.19,1883.0,1838.53,1863.89,169953.85,316176772.3949
2025-03-14 00:00:00+00:00,1863.89,1894.2,1860.5,1888.83,102071.03,192017013.6735
2025-03-14 04:00:00+00:00,1888.83,1905.11,1886.98,1892.75,91677.48,173632467.5368
2025-03-14 08:00:00+00:00,1892.75,1908.54,1888.28,1901.5,122960.37,233360154.7747
2025-03-14 12:00:00+00:00,1901.5,1941.84,1875.22,1920.78,414478.56,792704006.4205999
2025-03-14 16:00:00+00:00,1920.78,1944.94,1912.7,1933.13,194259.09,375119579.5897
2025-03-14 20:00:00+00:00,1933.13,1934.0,1907.12,1910.52,127814.43000000001,245557375.714
2025-03-15 00:00:00+00:00,1910.52,1922.0,1902.7,1919.74,67383.81,128881990.9067
2025-03-15 04:00:00+00:00,1919.74,1934.4,1913.76,1917.0,80639.24,155218662.7469
2025-03-15 08:00:00+00:00,1917.0,1931.27,1911.83,1928.01,70090.2,134744964.9709
2025-03-15 12:00:00+00:00,1928.01,1938.62,1921.76,1936.69,71664.73,138296527.4472
2025-03-15 16:00:00+00:00,1936.69,1947.56,1927.9,1936.33,101999.45,197593073.8967
2025-03-15 20:00:00+00:00,1936.33,1956.94,1935.34,1936.32,90427.35,175870592.4109
2025-03-16 00:00:00+00:00,1936.32,1940.0,1915.33,1926.43,96010.05,184890777.8529
2025-03-16 04:00:00+00:00,1926.43,1932.9,1920.54,1925.09,49941.5,96211449.0231
2025-03-16 08:00:00+00:00,1925.09,1926.06,1865.35,1872.58,235942.53,446573386.3651
2025-03-16 12:00:00+00:00,1872.58,1897.74,1872.27,1894.19,155183.22,292450280.8232
2025-03-16 16:00:00+00:00,1894.19,1923.85,1858.13,1881.58,269342.97,510437710.1292
2025-03-16 20:00:00+00:00,1881.58,1897.68,1868.69,1885.76,117614.03,221610088.751
2025-03-17 00:00:00+00:00,1885.76,1914.87,1885.23,1908.21,112470.59,214008809.361
2025-03-17 04:00:00+00:00,1908.21,1912.29,1878.53,1899.92,101458.94,192387495.8985
2025-03-17 08:00:00+00:00,1899.92,1917.7,1891.71,1909.8,93998.14,179260350.9836
2025-03-17 12:00:00+00:00,1909.8,1943.78,1885.84,1918.49,359891.17,686756033.0229
2025-03-17 16:00:00+00:00,1918.49,1951.7,1906.72,1941.02,196902.79,380585559.8976
2025-03-17 20:00:00+00:00,1941.02,1948.6,1920.57,1925.18,108178.43,209242111.6984
2025-03-18 00:00:00+00:00,1925.18,1929.4,1896.0,1900.01,140842.18,268826606.0679
2025-03-18 04:00:00+00:00,1900.01,1909.44,1892.5,1903.72,101488.79,192973334.9768
2025-03-18 08:00:00+00:00,1903.72,1912.28,1883.96,1891.28,119097.04,226093117.8799
2025-03-18 12:00:00+00:00,1891.28,1902.36,1870.9,1879.97,246568.67,464917285.4473
2025-03-18 16:00:00+00:00,1879.97,1907.51,1872.17,1903.3,178805.52,337410996.3046
2025-03-18 20:00:00+00:00,1903.3,1935.72,1897.13,1930.82,131303.25,251601802.9625
2025-03-19 00:00:00+00:00,1930.82,1948.79,1926.87,1937.72,129096.47,250091004.4141
2025-03-19 04:00:00+00:00,1937.72,1942.5,1929.46,1931.21,86851.11,168077465.9743
2025-03-19 08:00:00+00:00,1931.21,2033.58,1930.72,2027.19,505951.62,1006205388.4861
2025-03-19 12:00:00+00:00,2027.19,2056.4,1993.87,2047.92,477559.31,966261547.0263001
2025-03-19 16:00:00+00:00,2047.92,2066.59,1995.69,2030.01,489836.99,995465998.8748
2025-03-19 20:00:00+00:00,2030.01,2069.36,2027.28,2055.34,173767.58,355620609.5935
2025-03-20 00:00:00+00:00,2055.34,2067.32,2019.0,2021.58,144971.03,295456909.9643
2025-03-20 04:00:00+00:00,2021.58,2024.48,2003.49,2006.4,125730.35,253154543.6658
2025-03-20 08:00:00+00:00,2006.4,2020.58,1970.52,1987.92,293626.04,585072445.8063
2025-03-20 12:00:00+00:00,1987.92,2009.68,1964.19,1971.12,312050.04,619992114.8335
2025-03-20 16:00:00+00:00,1971.12,1979.3,1951.1,1974.07,237892.52,467504641.3423
2025-03-20 20:00:00+00:00,1974.07,1984.25,1970.29,1982.82,76944.95999999999,152157267.8862
2025-03-21 00:00:00+00:00,1982.82,1995.83,1971.91,1977.04,107678.06,213884636.8652
2025-03-21 04:00:00+00:00,1977.04,1989.0,1965.27,1975.98,96798.28,191094081.6251
2025-03-21 08:00:00+00:00,1975.98,1981.88,1955.4,1966.21,136031.52,267668274.1783
2025-03-21 12:00:00+00:00,1966.21,1973.4,1935.28,1949.69,285056.73,555733152.6634
2025-03-21 16:00:00+00:00,1949.69,1977.14,1945.06,1973.04,142736.13,280506887.3069
2025-03-21 20:00:00+00:00,1973.04,1982.97,1961.43,1965.08,86962.79,171476702.9535
2025-03-22 00:00:00+00:00,1965.08,1986.55,1963.57,1985.3,77271.05,152941176.4953
2025-03-22 04:00:00+00:00,1985.3,1992.32,1982.3,1983.25,51931.46,103197636.8683
2025-03-22 08:00:00+00:00,1983.25,2005.6,1980.56,1989.44,135809.85,270925035.4193
2025-03-22 12:00:00+00:00,1989.44,1997.24,1980.2,1985.6,79090.34,157221771.31689999
2025-03-22 16:00:00+00:00,1985.6,1999.33,1981.39,1994.81,71497.57,142378284.0647
2025-03-22 20:00:00+00:00,1994.81,2003.41,1973.7,1979.56,86913.0,172701986.81149998
2025-03-23 00:00:00+00:00,1979.56,2007.9,1975.5,2007.27,78560.82,156727116.7223
2025-03-23 04:00:00+00:00,2007.27,2019.52,1991.23,2007.15,99231.84,198724489.74560001
2025-03-23 08:00:00+00:00,2007.15,2019.99,2001.32,2007.06,109017.4,219304633.334
2025-03-23 12:00:00+00:00,2007.06,2019.59,2001.29,2006.15,118915.83,238951886.6557
2025-03-23 16:00:00+00:00,2006.15,2007.31,1985.88,1995.46,108922.64,217425613.97550002
2025-03-23 20:00:00+00:00,1995.46,2005.92,1979.34,2005.0,122177.2,243274019.7382
2025-03-24 00:00:00+00:00,2005.0,2020.99,1976.4,2013.79,231556.69,463085880.9856
2025-03-24 04:00:00+00:00,2013.79,2079.37,2013.57,2068.8,369827.89,758734914.77
2025-03-24 08:00:00+00:00,2068.8,2104.42,2068.22,2092.15,250550.18,523309219.2109
2025-03-24 12:00:00+00:00,2092.15,2102.16,2072.8,2088.77,269602.0,562182364.1735001
2025-03-24 16:00:00+00:00,2088.77,2100.56,2066.4,2087.65,199607.6,416271472.1771
2025-03-24 20:00:00+00:00,2087.65,2094.54,2067.1,2080.09,116056.84,241312999.3692
2025-03-25 00:00:00+00:00,2080.09,2097.31,2040.26,2041.96,257180.46,531253507.2897
2025-03-25 04:00:00+00:00,2041.96,2066.0,2035.68,2054.89,154717.26,317113978.7275
2025-03-25 08:00:00+00:00,2054.89,2074.38,2052.62,2067.31,126975.01,262291557.2781
2025-03-25 12:00:00+00:00,2067.31,2080.82,2050.55,2066.52,264106.58,545988031.1993
2025-03-25 16:00:00+00:00,2066.52,2082.89,2055.4,2074.67,148763.67,307801917.0993
2025-03-25 20:00:00+00:00,2074.67,2082.58,2052.3,2065.31,140355.95,290165680.948
2025-03-26 00:00:00+00:00,2065.31,2077.74,2041.32,2048.11,122789.62,253011508.8797
2025-03-26 04:00:00+00:00,2048.11,2071.1,2046.42,2068.61,125061.82,257706680.406
2025-03-26 08:00:00+00:00,2068.61,2075.0,2056.45,2067.9,98001.96,202560553.8443
2025-03-26 12:00:00+00:00,2067.9,2069.9,2005.01,2010.97,440454.74,894221546.4004999
2025-03-26 16:00:00+00:00,2010.97,2021.0,1980.01,1998.9,288479.13,577322394.7231
2025-03-26 20:00:00+00:00,1998.9,2017.7,1991.0,2008.68,179797.26,360523919.5471
2025-03-27 00:00:00+00:00,2008.68,2036.75,2006.2,2030.46,139507.74,282335859.7684
2025-03-27 04:00:00+00:00,2030.46,2032.2,2020.31,2025.05,71748.42,145329926.9364
2025-03-27 08:00:00+00:00,2025.05,2035.26,2011.2,2015.21,148479.02,300472776.5202
2025-03-27 12:00:00+00:00,2015.21,2025.23,1985.71,2004.31,336849.46,676079297.0556
2025-03-27 16:00:00+00:00,2004.31,2014.14,1992.38,2002.96,134204.97,269038220.9037
2025-03-27 20:00:00+00:00,2002.96,2020.13,1998.2,2002.81,99795.89,200352896.5421
2025-03-28 00:00:00+00:00,2002.81,2015.3,1990.23,1998.97,145577.35,291668293.0552
2025-03-28 04:00:00+00:00,1998.97,2003.7,1901.0,1908.91,598716.36,1156845309.185
2025-03-28 08:00:00+00:00,1908.91,1924.3,1855.57,1899.56,369884.3,701536956.3546
2025-03-28 12:00:00+00:00,1899.56,1903.77,1870.55,1871.41,372401.37,702688674.5371
2025-03-28 16:00:00+00:00,1871.41,1886.32,1860.53,1873.19,192309.98,360334374.5048
2025-03-28 20:00:00+00:00,1873.19,1901.0,1872.71,1895.99,138184.75,260772806.1085
2025-03-29 00:00:00+00:00,1895.99,1913.4,1885.15,1899.19,130359.08,247963494.2437
2025-03-29 04:00:00+00:00,1899.19,1904.41,1874.38,1879.4,98048.52,184840547.5622
2025-03-29 08:00:00+00:00,1879.4,1886.71,1832.38,1843.6,318748.82,591925713.0316
2025-03-29 12:00:00+00:00,1843.6,1863.28,1832.66,1839.35,177792.48,328539747.6439
2025-03-29 16:00:00+00:00,1839.35,1847.03,1796.02,1826.91,423055.48,769153009.2535
2025-03-29 20:00:00+00:00,1826.91,1829.88,1810.32,1827.57,106543.35,193747575.9019
2025-03-30 00:00:00+00:00,1827.57,1843.51,1811.28,1833.14,134228.18,245984269.69
2025-03-30 04:00:00+00:00,1833.14,1845.84,1831.56,1836.55,75140.5,138156221.8335
2025-03-30 08:00:00+00:00,1836.55,1848.98,1825.54,1832.17,112801.47,207161966.6997
2025-03-30 12:00:00+00:00,1832.17,1839.43,1788.0,1812.79,271432.76,492298372.3061
2025-03-30 16:00:00+00:00,1812.79,1834.29,1784.01,1813.53,288997.76,522821197.3884
2025-03-30 20:00:00+00:00,1813.53,1820.87,1766.06,1807.0,269036.8,483242946.9086
2025-03-31 00:00:00+00:00,1807.0,1822.95,1775.43,1797.48,291288.3,525290723.84070003
2025-03-31 04:00:00+00:00,1797.48,1813.16,1787.9,1797.98,177344.81,319409050.6579
2025-03-31 08:00:00+00:00,1797.98,1819.09,1776.38,1812.61,278740.11,500666818.1517
2025-03-31 12:00:00+00:00,1812.61,1853.46,1794.08,1841.39,574924.29,1051203523.9427999
2025-03-31 16:00:00+00:00,1841.39,1846.58,1816.34,1826.96,221581.86,406494779.0445
2025-03-31 20:00:00+00:00,1826.96,1834.0,1815.3,1821.68,117290.44,213945868.4608
2025-04-01 00:00:00+00:00,1821.68,1842.54,1817.0,1834.19,125839.39,230315986.2139
2025-04-01 04:00:00+00:00,1834.19,1867.24,1831.28,1853.25,169032.23,313038806.7473
2025-04-01 08:00:00+00:00,1853.25,1891.8,1852.89,1861.3,318358.78,597409735.8063
2025-04-01 12:00:00+00:00,1861.3,1927.89,1841.0,1917.93,521744.08,983137441.9803001
2025-04-01 16:00:00+00:00,1917.93,1923.98,1900.09,1909.15,192724.59,368395662.9574
2025-04-01 20:00:00+00:00,1909.15,1922.74,1895.8,1904.2,144160.18,275264488.8138
2025-04-02 00:00:00+00:00,1904.2,1907.65,1871.15,1875.21,162667.66,306848591.4034
2025-04-02 04:00:00+00:00,1875.21,1882.16,1850.61,1864.08,210563.74,391900753.1801
2025-04-02 08:00:00+00:00,1864.08,1887.45,1861.47,1867.71,166522.7,312237497.0427
2025-04-02 12:00:00+00:00,1867.71,1918.9,1852.86,1899.99,565105.76,1065270284.1614
2025-04-02 16:00:00+00:00,1899.99,1915.84,1881.47,1910.76,237079.85,450462492.0526
2025-04-02 20:00:00+00:00,1910.76,1956.75,1780.35,1794.27,1034221.54,1937780456.5035
2025-04-03 00:00:00+00:00,1794.27,1834.09,1788.0,1823.64,245420.8,446252659.263
2025-04-03 04:00:00+00:00,1823.64,1844.51,1805.7,1814.5,176199.01,321208837.3821
2025-04-03 08:00:00+00:00,1814.5,1823.49,1786.05,1794.21,189962.27,342770076.0044
2025-04-03 12:00:00+00:00,1794.21,1799.92,1747.44,1781.71,583150.38,1032816634.7881
2025-04-03 16:00:00+00:00,1781.71,1798.4,1766.4,1786.34,182725.78,325684386.8236
2025-04-03 20:00:00+00:00,1786.34,1821.43,1778.77,1816.29,155719.42,280882096.239
2025-04-04 00:00:00+00:00,1816.29,1822.65,1770.45,1791.92,184513.21,331316741.0125
2025-04-04 04:00:00+00:00,1791.92,1821.0,1783.05,1816.8,141020.87,254353132.0629
2025-04-04 08:00:00+00:00,1816.8,1835.0,1757.39,1783.0,465384.33,837180068.2642
2025-04-04 12:00:00+00:00,1783.0,1820.28,1768.03,1794.21,600032.28,1074159693.7417
2025-04-04 16:00:00+00:00,1794.21,1828.64,1782.01,1809.46,304323.18,549748190.6919
2025-04-04 20:00:00+00:00,1809.46,1827.17,1806.69,1816.08,98816.89,179536333.879
2025-04-05 00:00:00+00:00,1816.08,1827.08,1808.33,1809.28,70923.82,128942059.6987
2025-04-05 04:00:00+00:00,1809.28,1815.12,1803.22,1812.3,69798.21,126321128.59640001
2025-04-05 08:00:00+00:00,1812.3,1821.5,1805.74,1806.66,90464.17,164150280.4684
2025-04-05 12:00:00+00:00,1806.66,1807.56,1777.01,1781.0,211830.22,379203479.9022
2025-04-05 16:00:00+00:00,1781.0,1794.9,1778.66,1781.12,93957.29,167862242.8845
2025-04-05 20:00:00+00:00,1781.12,1809.65,1762.71,1804.99,165250.38999999998,295653834.2409
2025-04-06 00:00:00+00:00,1804.99,1816.68,1801.09,1809.17,108844.05,196786745.7815
2025-04-06 04:00:00+00:00,1809.17,1812.92,1790.28,1796.99,80430.89,145084562.416
2025-04-06 08:00:00+00:00,1796.99,1797.47,1782.26,1788.21,87419.06,156393579.1643
2025-04-06 12:00:00+00:00,1788.21,1791.23,1735.25,1758.77,342140.31,602285566.3932
2025-04-06 16:00:00+00:00,1758.77,1759.19,1600.84,1625.4,1227175.01,2042130471.6303
2025-04-06 20:00:00+00:00,1625.4,1630.35,1535.83,1579.98,1059908.83,1674049129.4371
2025-04-07 00:00:00+00:00,1579.98,1613.53,1519.79,1542.8,613029.05,962778482.892
2025-04-07 04:00:00+00:00,1542.8,1560.9,1410.12,1459.66,1257372.55,1863963769.5257
2025-04-07 08:00:00+00:00,1459.66,1520.89,1454.74,1482.32,745546.98,1112567461.3328
2025-04-07 12:00:00+00:00,1482.32,1639.91,1477.07,1555.42,1805439.29,2806103780.8003
2025-04-07 16:00:00+00:00,1555.42,1572.0,1525.06,1544.63,553754.14,858689870.5205
2025-04-07 20:00:00+00:00,1544.63,1584.88,1544.14,1552.33,315796.99,494468209.632
2025-04-08 00:00:00+00:00,1552.33,1618.42,1540.38,1584.14,347762.0,549667072.5407
2025-04-08 04:00:00+00:00,1584.14,1601.82,1560.58,1569.96,201646.27,319070174.4076
2025-04-08 08:00:00+00:00,1569.96,1589.7,1553.6,1587.7,221958.37,348557358.7975
2025-04-08 12:00:00+00:00,1587.7,1593.28,1517.09,1530.55,717508.77,1115144911.0279999
2025-04-08 16:00:00+00:00,1530.55,1532.2,1453.25,1465.97,952413.68,1410318643.1113
2025-04-08 20:00:00+00:00,1465.97,1486.12,1443.85,1472.93,359212.39,527126143.5776
2025-04-09 00:00:00+00:00,1472.93,1481.75,1383.76,1417.81,803149.78,1145902490.2439
2025-04-09 04:00:00+00:00,1417.81,1491.73,1413.75,1482.77,543261.12,792065078.7931
2025-04-09 08:00:00+00:00,1482.77,1496.31,1443.62,1454.61,665345.59,976940186.0953
2025-04-09 12:00:00+00:00,1454.61,1501.12,1439.4,1484.84,771633.6,1138227844.9633
2025-04-09 16:00:00+00:00,1484.84,1673.49,1481.46,1639.82,1866653.39,2969009801.6406
2025-04-09 20:00:00+00:00,1639.82,1688.79,1639.42,1669.16,499235.6,831793778.7928
2025-04-10 00:00:00+00:00,1669.16,1669.59,1601.12,1616.43,389030.96,635018713.9844
2025-04-10 04:00:00+00:00,1616.43,1625.35,1582.31,1595.13,348239.31,558368232.7982
2025-04-10 08:00:00+00:00,1595.13,1606.0,1580.59,1593.87,264089.27,420769450.5605
2025-04-10 12:00:00+00:00,1593.87,1626.89,1482.8,1495.4,1299266.94,2021101924.2641
2025-04-10 16:00:00+00:00,1495.4,1531.76,1471.8,1513.56,709592.9,1065752022.3912
2025-04-10 20:00:00+00:00,1513.56,1532.81,1512.99,1521.51,174493.37,265863319.845
2025-04-11 00:00:00+00:00,1521.51,1549.93,1503.89,1543.88,280522.75,429602130.0117
2025-04-11 04:00:00+00:00,1543.88,1562.24,1540.06,1552.25,214930.7,333255715.91789997
2025-04-11 08:00:00+00:00,1552.25,1584.67,1537.37,1557.94,513923.58,801583064.8428
2025-04-11 12:00:00+00:00,1557.94,1580.96,1540.51,1564.79,597028.84,931267806.2789
2025-04-11 16:00:00+00:00,1564.79,1591.76,1555.12,1565.26,373000.9,586540060.4543
2025-04-11 20:00:00+00:00,1565.26,1586.58,1557.06,1565.72,188924.03,296636395.0517
2025-04-12 00:00:00+00:00,1565.72,1568.93,1544.52,1553.39,159767.12,248341747.6904
2025-04-12 04:00:00+00:00,1553.39,1584.68,1549.01,1581.5,203205.76,318703289.2886
2025-04-12 08:00:00+00:00,1581.5,1606.14,1580.23,1593.16,233432.23,372200337.7197
2025-04-12 12:00:00+00:00,1593.16,1670.19,1589.63,1655.41,797621.36,1308475553.3883
2025-04-12 16:00:00+00:00,1655.41,1661.93,1627.68,1642.13,405373.68,666310334.0721
2025-04-12 20:00:00+00:00,1642.13,1659.77,1640.69,1643.52,225654.2,372231392.943
2025-04-13 00:00:00+00:00,1643.52,1649.53,1605.26,1623.6,324098.16,527226454.0953
2025-04-13 04:00:00+00:00,1623.6,1623.89,1595.0,1612.53,268185.95,431506936.5871
2025-04-13 08:00:00+00:00,1612.53,1627.45,1591.0,1603.34,241878.33,389943374.5553
2025-04-13 12:00:00+00:00,1603.34,1608.35,1564.55,1585.7,387195.96,612985948.6196
2025-04-13 16:00:00+00:00,1585.7,1648.08,1559.1,1589.32,792121.59,1272303756.5866
2025-04-13 20:00:00+00:00,1589.32,1616.0,1571.01,1596.91,407604.82,648494572.3979
2025-04-14 00:00:00+00:00,1596.91,1660.26,1594.7,1628.95,446053.4,725857558.4813
2025-04-14 04:00:00+00:00,1628.95,1641.72,1612.03,1635.01,195059.56,317418301.688
2025-04-14 08:00:00+00:00,1635.01,1691.65,1628.3,1674.7,437647.14,727621269.4405
2025-04-14 12:00:00+00:00,1674.7,1689.6,1617.48,1627.21,793797.05,1313068395.9103
2025-04-14 16:00:00+00:00,1627.21,1651.19,1613.55,1635.61,376880.89,615916212.5878
2025-04-14 20:00:00+00:00,1635.61,1637.48,1603.67,1622.91,189547.68,307552440.6311
2025-04-15 00:00:00+00:00,1622.91,1643.17,1613.84,1637.24,195681.4,318625084.58100003
2025-04-15 04:00:00+00:00,1637.24,1647.9,1631.59,1644.35,141286.0,231746637.0561
2025-04-15 08:00:00+00:00,1644.35,1651.27,1621.53,1631.34,209779.21,343418256.9789
2025-04-15 12:00:00+00:00,1631.34,1660.47,1599.0,1620.07,752468.86,1225624251.6373
2025-04-15 16:00:00+00:00,1620.07,1627.45,1595.25,1606.2,314727.33,506844821.7201
2025-04-15 20:00:00+00:00,1606.2,1614.09,1581.57,1587.68,271522.29,433007343.7399
2025-04-16 00:00:00+00:00,1587.68,1603.65,1575.5,1590.19,186508.77,296773816.3572
2025-04-16 04:00:00+00:00,1590.19,1592.89,1549.43,1563.31,444070.67,698355616.0349
2025-04-16 08:00:00+00:00,1563.31,1586.0,1555.69,1583.56,255384.26,402198665.0047
2025-04-16 12:00:00+00:00,1583.56,1613.68,1565.43,1589.67,487947.85,774632595.5868
2025-04-16 16:00:00+00:00,1589.67,1612.0,1535.43,1587.95,863041.46,1356134929.2206
2025-04-16 20:00:00+00:00,1587.95,1598.16,1568.83,1576.6,192196.91,304291407.6089
2025-04-17 00:00:00+00:00,1576.6,1594.65,1573.67,1584.01,143203.15,226847149.75710002
2025-04-17 04:00:00+00:00,1584.01,1609.96,1580.16,1600.99,191864.69,306505375.0115
2025-04-17 08:00:00+00:00,1600.99,1603.73,1587.47,1592.48,128015.68000000001,204089230.5387
2025-04-17 12:00:00+00:00,1592.48,1602.85,1562.31,1582.38,348259.33,551217571.9128
2025-04-17 16:00:00+00:00,1582.38,1616.0,1575.93,1580.4,589577.56,943392105.1439
2025-04-17 20:00:00+00:00,1580.4,1591.2,1578.06,1582.81,173946.98,275684026.1215
2025-04-18 00:00:00+00:00,1582.81,1588.8,1576.23,1583.33,89902.35,142228034.0976
2025-04-18 04:00:00+00:00,1583.33,1584.65,1572.52,1583.61,120020.86,189504558.4592
2025-04-18 08:00:00+00:00,1583.61,1592.28,1581.2,1589.84,100205.34,158996396.4784
2025-04-18 12:00:00+00:00,1589.84,1596.7,1577.64,1582.21,225122.95,357455667.4214
2025-04-18 16:00:00+00:00,1582.21,1594.5,1580.93,1592.61,102312.58,162621794.0189
2025-04-18 20:00:00+00:00,1592.61,1600.73,1586.19,1587.71,94610.1,150716412.1163
2025-04-19 00:00:00+00:00,1587.71,1599.52,1584.0,1596.96,121612.38,193509267.9746
2025-04-19 04:00:00+00:00,1596.96,1612.68,1594.3,1600.28,160801.97,257711613.224
2025-04-19 08:00:00+00:00,1600.28,1606.01,1592.69,1596.14,83708.77,133850681.215
2025-04-19 12:00:00+00:00,1596.14,1612.0,1594.2,1606.6,130174.68000000001,208801131.0054
2025-04-19 16:00:00+00:00,1606.6,1631.35,1597.52,1613.93,207749.82,335153554.5316
2025-04-19 20:00:00+00:00,1613.93,1621.73,1610.06,1612.44,67440.34,108984648.7772
2025-04-20 00:00:00+00:00,1612.44,1618.56,1607.26,1611.06,68356.6,110247383.8892
2025-04-20 04:00:00+00:00,1611.06,1617.37,1583.96,1596.65,159981.58000000002,255870306.0785
2025-04-20 08:00:00+00:00,1596.65,1596.77,1564.72,1571.87,308973.82,487951845.0953
2025-04-20 12:00:00+00:00,1571.87,1583.34,1570.03,1572.71,139584.03,220010836.3051
2025-04-20 16:00:00+00:00,1572.71,1587.2,1570.52,1585.35,61258.49,96768249.0729
2025-04-20 20:00:00+00:00,1585.35,1599.84,1573.54,1586.71,209645.51,332299048.0957
2025-04-21 00:00:00+00:00,1586.71,1644.98,1585.37,1633.83,451847.39,732549441.5032
2025-04-21 04:00:00+00:00,1633.83,1658.33,1630.4,1645.3,222962.56,366726809.5076
2025-04-21 08:00:00+00:00,1645.3,1654.5,1616.7,1625.49,246352.6,402326079.2764
2025-04-21 12:00:00+00:00,1625.49,1641.58,1607.5,1622.39,457510.62,743326597.5558
2025-04-21 16:00:00+00:00,1622.39,1625.42,1562.11,1572.82,620058.32,982703786.8312
2025-04-21 20:00:00+00:00,1572.82,1580.3,1570.4,1578.81,115560.14,182024922.1677
2025-04-22 00:00:00+00:00,1578.81,1593.0,1535.02,1578.41,511719.7,803496770.3744
2025-04-22 04:00:00+00:00,1578.41,1623.44,1572.88,1618.51,284808.52,455445326.6415
2025-04-22 08:00:00+00:00,1618.51,1638.94,1612.61,1630.28,356558.43,579450093.1457
2025-04-22 12:00:00+00:00,1630.28,1725.96,1625.71,1702.37,994286.4,1663995746.3178
2025-04-22 16:00:00+00:00,1702.37,1710.33,1682.32,1697.7,334470.33,567207478.4857
2025-04-22 20:00:00+00:00,1697.7,1779.08,1691.38,1755.55,660180.38,1148014576.4854
2025-04-23 00:00:00+00:00,1755.55,1806.95,1744.57,1794.57,502590.84,893159563.3696
2025-04-23 04:00:00+00:00,1794.57,1817.4,1773.09,1791.07,388378.64,697362735.3587
2025-04-23 08:00:00+00:00,1791.07,1811.98,1778.07,1796.48,334457.23,600302992.6337
2025-04-23 12:00:00+00:00,1796.48,1835.54,1760.24,1793.62,1005161.49,1807341265.0571
2025-04-23 16:00:00+00:00,1793.62,1809.48,1773.34,1785.28,362712.75,649997611.278
2025-04-23 20:00:00+00:00,1785.28,1806.39,1784.82,1794.18,122178.74,219342899.1195
2025-04-24 00:00:00+00:00,1794.18,1802.15,1765.3,1767.05,216566.47,386350046.9024
2025-04-24 04:00:00+00:00,1767.05,1775.35,1750.49,1755.68,212804.84,375642376.1723
2025-04-24 08:00:00+00:00,1755.68,1759.76,1721.67,1754.5,372074.37,647309777.4655
2025-04-24 12:00:00+00:00,1754.5,1777.32,1743.62,1763.96,406121.36,715015832.1731
2025-04-24 16:00:00+00:00,1763.96,1777.44,1745.01,1762.29,418383.37,737008186.922
2025-04-24 20:00:00+00:00,1762.29,1774.13,1748.07,1768.87,151393.71,266622774.8396
2025-04-25 00:00:00+00:00,1768.87,1789.75,1737.74,1759.91,250348.36000000002,440706520.7729
2025-04-25 04:00:00+00:00,1759.91,1781.24,1757.19,1776.48,151732.66,268542072.9331
2025-04-25 08:00:00+00:00,1776.48,1793.23,1763.37,1789.81,293692.56,522481335.726
2025-04-25 12:00:00+00:00,1789.81,1826.94,1756.05,1805.56,735339.68,1318512871.1226
2025-04-25 16:00:00+00:00,1805.56,1810.53,1781.65,1801.86,308213.12,553446568.25
2025-04-25 20:00:00+00:00,1801.86,1808.82,1782.61,1783.65,205080.71,368413226.6949
2025-04-26 00:00:00+00:00,1783.65,1815.43,1783.5,1796.55,198497.3,357513706.3118
2025-04-26 04:00:00+00:00,1796.55,1810.07,1788.0,1799.53,126083.91,226794245.4689
2025-04-26 08:00:00+00:00,1799.53,1840.81,1778.0,1784.7,423440.19,765153427.3508999
2025-04-26 12:00:00+00:00,1784.7,1804.0,1779.0,1799.64,209207.24,374966100.6858
2025-04-26 16:00:00+00:00,1799.64,1814.67,1795.05,1812.6,91807.62,165591739.55
2025-04-26 20:00:00+00:00,1812.6,1830.74,1804.83,1820.12,127943.58,232508829.6666
2025-04-27 00:00:00+00:00,1820.12,1857.15,1800.0,1808.9,346427.87,632836544.8409
2025-04-27 04:00:00+00:00,1808.9,1810.99,1789.0,1802.96,136619.49,245866916.1565
2025-04-27 08:00:00+00:00,1802.96,1814.81,1800.66,1805.24,99058.45,179096951.9559
2025-04-27 12:00:00+00:00,1805.24,1806.99,1779.7,1792.96,223202.5,400593921.083
2025-04-27 16:00:00+00:00,1792.96,1807.93,1786.2,1807.08,110469.78,198697049.5833
2025-04-27 20:00:00+00:00,1807.08,1807.26,1783.61,1790.31,164200.35,294813059.1783
2025-04-28 00:00:00+00:00,1790.31,1793.12,1750.85,1783.49,402979.73,714331660.3277
2025-04-28 04:00:00+00:00,1783.49,1811.27,1783.43,1803.85,235139.8,422580821.8703
2025-04-28 08:00:00+00:00,1803.85,1826.59,1786.66,1815.49,290356.12,525506594.7435
2025-04-28 12:00:00+00:00,1815.49,1816.48,1751.6,1761.96,439964.4,785104816.5384
2025-04-28 16:00:00+00:00,1761.96,1804.92,1742.01,1796.37,368346.15,653949694.3632
2025-04-28 20:00:00+00:00,1796.37,1805.88,1780.21,1798.96,222221.83,398798702.1406
2025-04-29 00:00:00+00:00,1798.96,1811.0,1786.22,1801.31,266220.07,478473620.4339
2025-04-29 04:00:00+00:00,1801.31,1824.25,1787.01,1820.68,255815.29,462948804.9045
2025-04-29 08:00:00+00:00,1820.68,1842.87,1815.47,1828.91,422612.52999999997,773041211.6419
2025-04-29 12:00:00+00:00,1828.91,1832.79,1801.18,1814.32,518800.08,942711555.1238
2025-04-29 16:00:00+00:00,1814.32,1831.67,1805.88,1821.06,319720.9,582053581.1097
2025-04-29 20:00:00+00:00,1821.06,1825.03,1779.22,1796.57,303938.53,546605362.3971
2025-04-30 00:00:00+00:00,1796.57,1812.24,1787.52,1808.0,147370.65,265381806.9303
2025-04-30 04:00:00+00:00,1808.0,1812.09,1789.48,1795.66,132592.89,239105282.8865
2025-04-30 08:00:00+00:00,1795.66,1815.91,1791.79,1814.76,128742.96,232368746.85029998
2025-04-30 12:00:00+00:00,1814.76,1815.59,1730.0,1763.56,633895.2,1119390337.0227
2025-04-30 16:00:00+00:00,1763.56,1792.42,1754.87,1786.07,219251.24,389322159.1281
2025-04-30 20:00:00+00:00,1786.07,1809.0,1783.84,1792.71,170556.52,306518420.1368
2025-05-01 00:00:00+00:00,1792.71,1818.94,1791.67,1807.19,157313.71,284381543.6616
2025-05-01 04:00:00+00:00,1807.19,1816.27,1801.49,1809.68,112502.81,203559307.637
2025-05-01 08:00:00+00:00,1809.68,1858.64,1808.01,1844.89,356180.82,653877600.7751
2025-05-01 12:00:00+00:00,1844.89,1872.78,1824.19,1852.21,522996.68,965655388.1073
2025-05-01 16:00:00+00:00,1852.21,1870.0,1838.23,1842.1,330377.74,612394925.4026
2025-05-01 20:00:00+00:00,1842.1,1850.42,1832.3,1837.33,139045.51,255919180.1086
2025-05-02 00:00:00+00:00,1837.33,1850.94,1833.59,1846.84,116476.63,214765971.62849998
2025-05-02 04:00:00+00:00,1846.84,1850.75,1814.5,1815.11,207838.19,380244725.019
2025-05-02 08:00:00+00:00,1815.11,1834.65,1811.54,1832.46,161705.22,295031082.9615
2025-05-02 12:00:00+00:00,1832.46,1853.83,1822.12,1840.02,341423.37,627910607.0575
2025-05-02 16:00:00+00:00,1840.02,1870.49,1830.05,1838.48,356388.56,659922639.6833
2025-05-02 20:00:00+00:00,1838.48,1847.03,1831.95,1841.26,87746.61,161352857.8999
2025-05-03 00:00:00+00:00,1841.26,1842.23,1825.02,1833.99,84698.44,155226970.9714
2025-05-03 04:00:00+00:00,1833.99,1838.63,1823.61,1825.48,83465.37,152706520.561
2025-05-03 08:00:00+00:00,1825.48,1829.76,1816.38,1823.18,138834.62,253155946.7956
2025-05-03 12:00:00+00:00,1823.18,1839.89,1822.77,1833.57,98923.41,181271004.2171
2025-05-03 16:00:00+00:00,1833.57,1838.34,1808.08,1837.46,200852.41,366103448.9912
2025-05-03 20:00:00+00:00,1837.46,1848.0,1827.74,1832.52,241384.58000000002,443580404.5592
2025-05-04 00:00:00+00:00,1832.52,1848.87,1825.45,1831.31,194785.65,357400746.1212
2025-05-04 04:00:00+00:00,1831.31,1849.46,1829.0,1840.19,118079.72,217270275.5267
2025-05-04 08:00:00+00:00,1840.19,1840.89,1820.53,1826.91,146079.04,267187022.1032
2025-05-04 12:00:00+00:00,1826.91,1833.31,1817.22,1829.94,101124.52,184795306.374
2025-05-04 16:00:00+00:00,1829.94,1832.46,1821.01,1827.62,76530.21,139826247.3532
2025-05-04 20:00:00+00:00,1827.62,1841.92,1801.26,1807.5,322071.95,586995374.9564
2025-05-05 00:00:00+00:00,1807.5,1817.52,1780.16,1793.46,359945.45,646398118.0772
2025-05-05 04:00:00+00:00,1793.46,1829.69,1791.54,1825.87,194969.78,353470898.7693
2025-05-05 08:00:00+00:00,1825.87,1831.0,1797.19,1803.56,230766.14,418475287.1706
2025-05-05 12:00:00+00:00,1803.56,1814.73,1792.92,1800.29,238113.35,429255127.8497
2025-05-05 16:00:00+00:00,1800.29,1827.92,1800.0,1815.58,152070.76,276058057.68840003
2025-05-05 20:00:00+00:00,1815.58,1833.23,1798.3,1819.28,209074.89,380208461.194
2025-05-06 00:00:00+00:00,1819.28,1820.12,1791.53,1805.59,213705.49,385803169.8247
2025-05-06 04:00:00+00:00,1805.59,1808.68,1797.3,1805.01,79586.1,143560633.7295
2025-05-06 08:00:00+00:00,1805.01,1805.4,1756.25,1768.92,328378.39,585352171.6635
2025-05-06 12:00:00+00:00,1768.92,1778.86,1750.67,1769.4,276692.08,489090273.7527
2025-05-06 16:00:00+00:00,1769.4,1798.38,1761.04,1783.89,224578.63,399483357.0663
2025-05-06 20:00:00+00:00,1783.89,1818.98,1764.11,1816.37,379643.36,681054759.9915
2025-05-07 00:00:00+00:00,1816.37,1849.68,1813.61,1825.72,464705.43,851537477.2493
2025-05-07 04:00:00+00:00,1825.72,1837.8,1823.88,1837.34,120361.64,220276475.8436
2025-05-07 08:00:00+00:00,1837.34,1846.51,1829.51,1835.72,238322.08000000002,438045544.607
2025-05-07 12:00:00+00:00,1835.72,1836.33,1813.35,1816.61,265087.85,483919367.9291
2025-05-07 16:00:00+00:00,1816.61,1817.28,1785.68,1795.03,436666.09,786489286.3659
2025-05-07 20:00:00+00:00,1795.03,1825.29,1787.75,1810.26,206596.41,373565021.7154
2025-05-08 00:00:00+00:00,1810.26,1906.31,1807.65,1900.2,591209.32,1093919334.5674
2025-05-08 04:00:00+00:00,1900.2,1943.06,1891.38,1927.55,439853.36,840426682.084
2025-05-08 08:00:00+00:00,1927.55,1967.81,1925.11,1956.73,454754.72000000003,884337050.896
2025-05-08 12:00:00+00:00,1956.73,2075.48,1952.61,2050.5,1201825.76,2410013427.9896
2025-05-08 16:00:00+00:00,2050.5,2140.0,2035.32,2117.2,764375.32,1583012955.7889
2025-05-08 20:00:00+00:00,2117.2,2226.51,2110.45,2206.42,961965.96,2091288070.6333
2025-05-09 00:00:00+00:00,2206.42,2244.8,2183.71,2204.33,614103.48,1357675084.6859
2025-05-09 04:00:00+00:00,2204.33,2393.58,2201.23,2363.4,904598.7,2076235313.1138
2025-05-09 08:00:00+00:00,2363.4,2491.57,2291.02,2350.5,1795814.83,4270919218.0451
2025-05-09 12:00:00+00:00,2350.5,2387.9,2268.67,2300.47,838715.63,1948492837.1322
2025-05-09 16:00:00+00:00,2300.47,2355.17,2273.84,2330.44,501261.69,1163710897.1195
2025-05-09 20:00:00+00:00,2330.44,2351.37,2321.68,2344.58,182151.38999999998,425922956.9495
2025-05-10 00:00:00+00:00,2344.58,2380.44,2314.15,2338.78,287729.8,674665799.1494
2025-05-10 04:00:00+00:00,2338.78,2416.82,2325.04,2399.53,367236.2,869357256.6545
2025-05-10 08:00:00+00:00,2399.53,2435.76,2358.47,2383.31,723021.11,1733774282.1079
2025-05-10 12:00:00+00:00,2383.31,2448.37,2383.31,2432.61,461705.15,1118709016.7949
2025-05-10 16:00:00+00:00,2432.61,2512.73,2427.83,2498.52,840069.85,2079187258.3556
2025-05-10 20:00:00+00:00,2498.52,2599.93,2468.04,2581.65,681573.35,1737879562.4426
2025-05-11 00:00:00+00:00,2581.65,2608.11,2501.34,2536.32,611763.4,1557168204.72
2025-05-11 04:00:00+00:00,2536.32,2561.53,2452.5,2472.7,519825.09,1303965546.4369
2025-05-11 08:00:00+00:00,2472.7,2535.59,2471.02,2529.38,319194.53,798909215.6277
2025-05-11 12:00:00+00:00,2529.38,2531.04,2431.0,2460.94,451098.71,1121558261.3583999
2025-05-11 16:00:00+00:00,2460.94,2524.75,2438.95,2507.04,404207.51,1005300197.853
2025-05-11 20:00:00+00:00,2507.04,2528.25,2481.94,2513.45,240425.93,602049862.7312
2025-05-12 00:00:00+00:00,2513.45,2547.86,2489.19,2519.2,365024.1,919941560.1149
2025-05-12 04:00:00+00:00,2519.2,2624.59,2485.53,2553.5,787958.01,2012521544.146
2025-05-12 08:00:00+00:00,2553.5,2585.27,2520.01,2528.9,456337.44,1165228352.2895
2025-05-12 12:00:00+00:00,2528.9,2576.5,2472.02,2486.46,853823.05,2161953412.5
2025-05-12 16:00:00+00:00,2486.46,2512.0,2406.15,2459.06,626479.92,1538598630.3394
2025-05-12 20:00:00+00:00,2459.06,2499.52,2451.09,2494.7,233961.37,580377303.1047
2025-05-13 00:00:00+00:00,2494.7,2495.01,2413.0,2423.62,351066.81,860304364.6396999
2025-05-13 04:00:00+00:00,2423.62,2479.92,2418.32,2459.79,211257.72,518143349.0884
2025-05-13 08:00:00+00:00,2459.79,2525.64,2450.01,2512.73,322547.29,802324772.016
2025-05-13 12:00:00+00:00,2512.73,2573.33,2490.38,2564.7,793356.21,2014104930.4919
2025-05-13 16:00:00+00:00,2564.7,2738.54,2558.65,2689.94,1211358.1,3199680414.6858
2025-05-13 20:00:00+00:00,2689.94,2708.04,2651.51,2679.08,525250.74,1407163979.5919
2025-05-14 00:00:00+00:00,2679.08,2724.82,2622.0,2645.7,582631.3200000001,1552300498.2262
2025-05-14 04:00:00+00:00,2645.7,2686.73,2635.0,2639.43,279979.5,744757955.5598
2025-05-14 08:00:00+00:00,2639.43,2645.0,2575.8,2624.0,559812.31,1460892586.1074
2025-05-14 12:00:00+00:00,2624.0,2634.32,2556.0,2596.34,555505.87,1438315606.1208
2025-05-14 16:00:00+00:00,2596.34,2616.22,2545.75,2603.48,391116.2,1011635605.8082
2025-05-14 20:00:00+00:00,2603.48,2613.13,2581.4,2608.59,142766.46,370783717.7494
2025-05-15 00:00:00+00:00,2608.59,2647.07,2565.03,2573.23,336508.47,875675414.1049
2025-05-15 04:00:00+00:00,2573.23,2594.99,2514.34,2529.28,373116.39,954068562.0681
2025-05-15 08:00:00+00:00,2529.28,2566.93,2515.66,2553.76,419527.32,1066921891.0288
2025-05-15 12:00:00+00:00,2553.76,2578.65,2476.0,2562.84,812918.53,2056095478.9528
2025-05-15 16:00:00+00:00,2562.84,2603.22,2508.52,2529.47,681821.5,1743556974.5156
2025-05-15 20:00:00+00:00,2529.47,2563.81,2510.31,2547.9,369272.04,936358093.7391
2025-05-16 00:00:00+00:00,2547.9,2584.02,2533.0,2580.22,268293.02,687288153.0553
2025-05-16 04:00:00+00:00,2580.22,2618.86,2563.0,2600.1,271032.71,702191504.3112
2025-05-16 08:00:00+00:00,2600.1,2648.29,2556.6,2619.8,435007.56,1131666833.465
2025-05-16 12:00:00+00:00,2619.8,2621.98,2571.8,2593.74,411317.28,1067500809.22
2025-05-16 16:00:00+00:00,2593.74,2601.22,2568.0,2590.8,240179.06,620557657.9316
2025-05-16 20:00:00+00:00,2590.8,2591.5,2527.29,2535.68,292994.22,748489238.5992
2025-05-17 00:00:00+00:00,2535.68,2536.57,2450.54,2495.65,575513.18,1433530951.658
2025-05-17 04:00:00+00:00,2495.65,2512.14,2474.05,2491.91,230214.52,574151918.083
2025-05-17 08:00:00+00:00,2491.91,2495.44,2465.06,2480.58,188930.6,468660999.8014
2025-05-17 12:00:00+00:00,2480.58,2485.95,2443.76,2473.26,275496.15,680157179.3501
2025-05-17 16:00:00+00:00,2473.26,2490.0,2447.0,2469.02,241704.65,597013119.1295
2025-05-17 20:00:00+00:00,2469.02,2495.51,2451.83,2474.4,176982.1,438032979.1774
2025-05-18 00:00:00+00:00,2474.4,2487.07,2466.96,2476.6,90458.05,224190344.7355
2025-05-18 04:00:00+00:00,2476.6,2515.0,2476.45,2508.48,179803.78,449416832.5575
2025-05-18 08:00:00+00:00,2508.48,2528.71,2497.35,2500.63,185453.22,466033747.7037
2025-05-18 12:00:00+00:00,2500.63,2587.48,2486.33,2578.68,491042.37,1246813711.6411
2025-05-18 16:00:00+00:00,2578.68,2584.07,2401.25,2406.72,1032265.8,2573819385.8265
2025-05-18 20:00:00+00:00,2406.72,2510.7,2316.4,2497.1,983648.87,2362522529.7452
2025-05-19 00:00:00+00:00,2497.1,2512.51,2377.96,2383.99,689101.24,1677283705.9516
2025-05-19 04:00:00+00:00,2383.99,2412.0,2346.7,2402.52,521617.53,1241977196.8156
2025-05-19 08:00:00+00:00,2402.52,2422.79,2387.71,2417.1,331213.8,797094203.3772
2025-05-19 12:00:00+00:00,2417.1,2472.37,2383.51,2465.64,594759.65,1445449445.8058
2025-05-19 16:00:00+00:00,2465.64,2546.28,2449.12,2518.46,863462.84,2160739346.6830997
2025-05-19 20:00:00+00:00,2518.46,2534.12,2491.86,2527.5,292016.76,734397621.8571
2025-05-20 00:00:00+00:00,2527.5,2587.54,2509.18,2552.15,528584.7,1347554149.6667
2025-05-20 04:00:00+00:00,2552.15,2577.3,2520.56,2531.54,352061.95,897826599.558
2025-05-20 08:00:00+00:00,2531.54,2539.25,2490.62,2513.4,268035.71,674746518.9962
2025-05-20 12:00:00+00:00,2513.4,2514.86,2463.03,2481.62,438263.43,1087241274.7891
2025-05-20 16:00:00+00:00,2481.62,2511.17,2441.4,2500.01,496357.28,1230187243.3239
2025-05-20 20:00:00+00:00,2500.01,2540.33,2483.98,2523.41,384637.64,965462044.9949
2025-05-21 00:00:00+00:00,2523.41,2554.12,2507.85,2543.83,309832.39,784882710.9613
2025-05-21 04:00:00+00:00,2543.83,2616.17,2533.65,2550.89,661750.84,1702551430.5149
2025-05-21 08:00:00+00:00,2550.89,2562.14,2513.91,2536.21,406171.78,1029991325.5687
2025-05-21 12:00:00+00:00,2536.21,2581.44,2521.21,2566.01,698740.58,1785541171.6495
2025-05-21 16:00:00+00:00,2566.01,2614.74,2450.72,2511.14,1346814.32,3380060083.4948
2025-05-21 20:00:00+00:00,2511.14,2597.67,2484.91,2549.62,569177.49,1443482454.9226
2025-05-22 00:00:00+00:00,2549.62,2646.94,2542.86,2628.43,601136.45,1558036804.3749
2025-05-22 04:00:00+00:00,2628.43,2646.88,2600.34,2634.4,514592.61,1349068033.0932
2025-05-22 08:00:00+00:00,2634.4,2693.07,2626.13,2649.79,621204.31,1653962175.4873
2025-05-22 12:00:00+00:00,2649.79,2679.86,2620.55,2663.56,541843.0,1437750364.033
2025-05-22 16:00:00+00:00,2663.56,2675.72,2624.63,2630.33,359539.93,953733787.329
2025-05-22 20:00:00+00:00,2633.7,2664.73,2626.59,2663.78,184012.6,486438847.2435
2025-05-23 00:00:00+00:00,2663.78,2733.8,2643.15,2721.13,585186.74,1577772118.4021
2025-05-23 04:00:00+00:00,2721.13,2725.3,2649.42,2654.73,449119.03,1203283781.0199
2025-05-23 08:00:00+00:00,2654.73,2688.08,2548.67,2565.47,700404.58,1838590116.8958
2025-05-23 12:00:00+00:00,2565.47,2592.11,2496.58,2567.19,968638.63,2474259711.6322
2025-05-23 16:00:00+00:00,2567.19,2586.7,2545.04,2559.7,414529.02,1063026493.4527
2025-05-23 20:00:00+00:00,2559.7,2561.7,2502.35,2525.72,402657.51,1020388934.5913
2025-05-24 00:00:00+00:00,2525.72,2555.69,2514.12,2549.39,165992.36,420798208.3243
2025-05-24 04:00:00+00:00,2549.39,2562.6,2534.0,2546.1,144348.68,368116153.4078
2025-05-24 08:00:00+00:00,2546.1,2575.93,2544.02,2562.44,159511.23,408707240.511
2025-05-24 12:00:00+00:00,2562.44,2564.61,2542.31,2554.15,171430.67,437904039.1008
2025-05-24 16:00:00+00:00,2554.15,2567.23,2542.59,2553.3,104609.18000000001,267161939.1533
2025-05-24 20:00:00+00:00,2553.3,2555.66,2515.48,2529.14,152565.97,386225915.3147
2025-05-25 00:00:00+00:00,2529.14,2538.92,2473.82,2512.74,416189.91,1040642300.7336
2025-05-25 04:00:00+00:00,2512.74,2518.38,2486.46,2493.6,118056.83,295559188.6232
2025-05-25 08:00:00+00:00,2493.6,2501.91,2458.92,2496.81,295902.86,735140727.3342
2025-05-25 12:00:00+00:00,2496.81,2524.0,2476.7,2510.46,268662.5,672704530.0007
2025-05-25 16:00:00+00:00,2510.46,2535.31,2494.9,2525.47,133264.14,334958905.8223
2025-05-25 20:00:00+00:00,2525.47,2554.11,2507.0,2550.58,266216.67,674150480.7853
2025-05-26 00:00:00+00:00,2550.58,2576.78,2536.3,2559.3,219577.54,561710513.2134
2025-05-26 04:00:00+00:00,2559.3,2598.82,2556.51,2580.2,176051.68,453644658.3093
2025-05-26 08:00:00+00:00,2580.2,2582.19,2553.17,2566.95,199782.5,512559207.1072
2025-05-26 12:00:00+00:00,2566.95,2573.19,2536.01,2564.98,289254.02,739419123.9896001
2025-05-26 16:00:00+00:00,2564.98,2572.69,2524.0,2540.09,257288.61,653854790.0922999
2025-05-26 20:00:00+00:00,2540.09,2584.98,2535.17,2563.12,214978.25,550383549.4929
2025-05-27 00:00:00+00:00,2563.12,2573.5,2508.2,2548.3,363461.61,922221102.1561
2025-05-27 04:00:00+00:00,2548.3,2618.78,2548.01,2606.93,458878.58,1186500553.525
2025-05-27 08:00:00+00:00,2606.93,2653.88,2606.88,2651.2,497494.59,1309915347.3175
2025-05-27 12:00:00+00:00,2651.2,2682.68,2631.52,2667.17,661689.98,1757799678.359
2025-05-27 16:00:00+00:00,2667.17,2711.0,2657.0,2686.3,476520.07,1278820117.5542
2025-05-27 20:00:00+00:00,2686.3,2692.81,2650.69,2659.63,246905.3,658497029.0996
2025-05-28 00:00:00+00:00,2659.63,2660.44,2616.38,2643.6,267179.3,704989376.8985
2025-05-28 04:00:00+00:00,2643.6,2651.0,2622.19,2635.34,165106.68,435216885.4784
2025-05-28 08:00:00+00:00,2635.34,2657.9,2607.25,2656.05,263995.83,695114582.2385
2025-05-28 12:00:00+00:00,2656.05,2688.27,2612.28,2626.18,631758.0700000001,1672562337.3936
2025-05-28 16:00:00+00:00,2626.18,2664.1,2614.34,2616.18,332607.11,878360516.6109
2025-05-28 20:00:00+00:00,2616.18,2685.68,2609.0,2680.33,291974.05,773497608.2923
2025-05-29 00:00:00+00:00,2680.33,2788.82,2669.15,2761.82,702364.77,1916952432.0885
2025-05-29 04:00:00+00:00,2761.82,2766.53,2701.17,2730.26,399335.9,1089567626.7923
2025-05-29 08:00:00+00:00,2730.26,2744.88,2705.38,2714.82,300720.22000000003,818935321.4884
2025-05-29 12:00:00+00:00,2714.82,2718.21,2620.21,2642.38,902683.97,2406398706.5532
2025-05-29 16:00:00+00:00,2642.38,2673.01,2626.91,2648.49,444953.51,1178976057.5395
2025-05-29 20:00:00+00:00,2648.49,2668.33,2616.2,2630.79,355874.36,941796275.5136
2025-05-30 00:00:00+00:00,2630.79,2644.71,2555.58,2629.99,691749.51,1799592919.7054
2025-05-30 04:00:00+00:00,2629.99,2648.84,2604.8,2617.3,426461.17,1120002371.6549
2025-05-30 08:00:00+00:00,2617.3,2627.5,2586.34,2621.05,328081.3,856840905.0695
2025-05-30 12:00:00+00:00,2621.05,2625.54,2571.15,2596.3,642537.97,1667635361.9728
2025-05-30 16:00:00+00:00,2596.3,2602.9,2530.03,2573.56,703637.1,1799191345.9377
2025-05-30 20:00:00+00:00,2573.56,2588.99,2505.7,2530.11,517769.97,1316485857.4027
2025-05-31 00:00:00+00:00,2530.11,2539.41,2473.08,2512.98,506744.12,1268973882.6977
2025-05-31 04:00:00+00:00,2512.98,2525.8,2503.5,2520.16,137828.85,347046002.3043
2025-05-31 08:00:00+00:00,2520.16,2537.72,2506.65,2518.53,145834.35,367658474.5523
2025-05-31 12:00:00+00:00,2518.53,2549.43,2515.01,2534.89,275768.83,699372828.8008
2025-05-31 16:00:00+00:00,2534.89,2546.84,2521.21,2535.93,125633.57,318480196.5723
2025-05-31 20:00:00+00:00,2535.93,2551.71,2522.2,2526.79,156669.43,397431126.1716
2025-06-01 00:00:00+00:00,2526.79,2529.0,2490.15,2512.12,282890.62,709735688.535
2025-06-01 04:00:00+00:00,2512.12,2526.46,2504.09,2507.62,93134.06,234211373.0116
2025-06-01 08:00:00+00:00,2507.62,2509.6,2476.0,2496.28,199515.51,497411155.375
2025-06-01 12:00:00+00:00,2496.28,2524.29,2466.6,2522.29,306415.23,765623416.8878
2025-06-01 16:00:00+00:00,2522.29,2546.88,2490.45,2525.01,389038.8,981706300.73
2025-06-01 20:00:00+00:00,2525.01,2546.93,2518.0,2538.25,160655.01,407246238.8107
2025-06-02 00:00:00+00:00,2538.25,2541.1,2484.11,2494.94,242898.01,610498725.877
2025-06-02 04:00:00+00:00,2494.94,2512.86,2482.02,2505.68,206576.19,515647225.2611
2025-06-02 08:00:00+00:00,2505.68,2515.0,2473.29,2480.02,310284.33,771328415.3323
2025-06-02 12:00:00+00:00,2480.02,2556.61,2476.93,2543.78,540739.77,1361706481.1794
2025-06-02 16:00:00+00:00,2543.78,2565.57,2523.35,2531.02,347588.52,883914548.9983
2025-06-02 20:00:00+00:00,2531.02,2614.59,2530.67,2606.95,376609.06,970307513.382
2025-06-03 00:00:00+00:00,2606.95,2649.84,2587.56,2602.33,501151.44,1313308355.0391
2025-06-03 04:00:00+00:00,2602.33,2619.99,2588.68,2608.73,171829.84,447738190.2572
2025-06-03 08:00:00+00:00,2608.73,2619.5,2593.28,2600.51,218979.22,570967615.0959
2025-06-03 12:00:00+00:00,2600.51,2655.0,2596.39,2622.67,554272.35,1456283125.3154001
2025-06-03 16:00:00+00:00,2622.67,2627.71,2601.1,2623.62,271192.62,709264797.6385
2025-06-03 20:00:00+00:00,2623.62,2624.49,2575.04,2591.89,314687.63,818250245.428
2025-06-04 00:00:00+00:00,2591.89,2640.0,2581.78,2626.96,270631.95,707654526.23
2025-06-04 04:00:00+00:00,2626.96,2643.94,2618.5,2626.44,193546.9,508755436.7361
2025-06-04 08:00:00+00:00,2626.44,2649.76,2622.61,2623.58,272902.58,719639573.3575
2025-06-04 12:00:00+00:00,2623.58,2679.0,2593.0,2666.67,796803.53,2097839128.5909
2025-06-04 16:00:00+00:00,2666.67,2667.99,2620.0,2622.31,402495.15,1062956866.3972
2025-06-04 20:00:00+00:00,2622.31,2624.06,2597.19,2606.7,335066.22,873982444.8041
2025-06-05 00:00:00+00:00,2606.7,2631.78,2600.03,2623.9,185248.5,484847360.2844
2025-06-05 04:00:00+00:00,2623.9,2633.79,2598.89,2602.63,292861.79,765230880.6228
2025-06-05 08:00:00+00:00,2602.63,2612.67,2578.64,2607.12,290185.37,753816293.1011
2025-06-05 12:00:00+00:00,2607.12,2640.95,2560.72,2588.16,920127.5700000001,2392259836.2971
2025-06-05 16:00:00+00:00,2588.16,2590.62,2503.67,2527.5,921234.62,2350567349.7129
2025-06-05 20:00:00+00:00,2527.5,2534.19,2390.28,2413.12,1126714.19,2751676134.1413
2025-06-06 00:00:00+00:00,2413.12,2456.0,2380.41,2454.66,435791.75,1053545732.5406001
2025-06-06 04:00:00+00:00,2454.66,2467.79,2445.47,2454.12,272861.06,670130978.6326
2025-06-06 08:00:00+00:00,2454.12,2493.86,2452.57,2475.24,285223.38,705850611.5649
2025-06-06 12:00:00+00:00,2475.24,2530.59,2463.49,2508.15,747293.66,1867919902.0179
2025-06-06 16:00:00+00:00,2508.15,2516.73,2481.77,2482.81,286720.34,715576299.6208
2025-06-06 20:00:00+00:00,2482.81,2505.9,2470.66,2475.14,185905.59,462280135.104
2025-06-07 00:00:00+00:00,2475.14,2492.9,2455.43,2488.1,210951.93,521763931.4375
2025-06-07 04:00:00+00:00,2488.1,2501.0,2479.16,2489.9,158599.71,394833576.3963
2025-06-07 08:00:00+00:00,2489.9,2500.51,2480.76,2494.12,120684.31,300514249.3275
2025-06-07 12:00:00+00:00,2494.12,2523.0,2491.02,2518.48,225570.33,565763888.6484
2025-06-07 16:00:00+00:00,2518.48,2524.88,2505.26,2515.53,163005.01,409861073.6375
2025-06-07 20:00:00+00:00,2515.53,2544.91,2515.53,2523.34,182886.37,462375949.4885
2025-06-08 00:00:00+00:00,2523.34,2524.71,2506.22,2510.31,97183.85,244338566.6865
2025-06-08 04:00:00+00:00,2510.31,2518.77,2506.89,2513.51,67589.33,169822980.4064
2025-06-08 08:00:00+00:00,2513.51,2520.93,2485.81,2512.19,223206.06,558794381.0038
2025-06-08 12:00:00+00:00,2512.19,2527.21,2498.71,2513.18,167797.81,421449574.4289
2025-06-08 16:00:00+00:00,2513.18,2539.37,2511.26,2531.16,168427.13999999998,425645860.7375
2025-06-08 20:00:00+00:00,2531.16,2547.5,2498.81,2508.17,267821.2,674397788.659
2025-06-09 00:00:00+00:00,2508.17,2510.85,2480.0,2495.43,231923.34,578650670.781
2025-06-09 04:00:00+00:00,2495.43,2495.87,2476.22,2490.89,132917.3,330319364.3777
2025-06-09 08:00:00+00:00,2490.89,2546.8,2483.29,2541.22,452890.47000000003,1142870070.6083
2025-06-09 12:00:00+00:00,2541.22,2547.88,2508.48,2532.71,403572.41,1021482850.3106
2025-06-09 16:00:00+00:00,2532.71,2589.47,2532.51,2579.52,427697.94,1098032544.5884001
2025-06-09 20:00:00+00:00,2579.52,2693.86,2574.69,2679.32,658479.63,1738100495.9334
2025-06-10 00:00:00+00:00,2679.32,2726.64,2673.88,2688.3,512751.9,1383408721.1808
2025-06-10 04:00:00+00:00,2688.3,2699.01,2653.0,2676.33,335650.72,898030547.1993
2025-06-10 08:00:00+00:00,2676.33,2799.73,2668.25,2773.47,702849.93,1924824465.0354
2025-06-10 12:00:00+00:00,2773.47,2778.93,2685.91,2732.0,810595.91,2220374114.3765
2025-06-10 16:00:00+00:00,2732.0,2806.65,2727.56,2773.03,552640.07,1524616725.1339
2025-06-10 20:00:00+00:00,2773.03,2826.37,2733.35,2815.44,553781.58,1541566351.3544
2025-06-11 00:00:00+00:00,2815.44,2834.4,2770.42,2790.1,342747.75,957876538.1586
2025-06-11 04:00:00+00:00,2790.1,2803.43,2778.54,2790.53,164231.16,458560394.4453
2025-06-11 08:00:00+00:00,2790.53,2792.93,2752.0,2771.41,265210.79,734400886.1595
2025-06-11 12:00:00+00:00,2771.41,2878.54,2762.68,2863.61,1281428.86,3610178130.1051
2025-06-11 16:00:00+00:00,2863.61,2875.0,2800.0,2812.1,725218.66,2054300611.1412
2025-06-11 20:00:00+00:00,2812.1,2830.2,2741.47,2770.34,571678.79,1589439930.7894
2025-06-12 00:00:00+00:00,2770.34,2783.81,2745.0,2763.8,325079.08,898598400.4857
2025-06-12 04:00:00+00:00,2763.8,2775.33,2731.08,2738.71,268102.33999999997,738392300.8693
2025-06-12 08:00:00+00:00,2738.71,2761.33,2719.89,2727.99,371026.75,1016980531.5454
2025-06-12 12:00:00+00:00,2727.99,2772.01,2709.3,2718.6,717604.46,1968096417.4027
2025-06-12 16:00:00+00:00,2718.6,2769.89,2690.25,2693.2,601537.07,1643575313.8561
2025-06-12 20:00:00+00:00,2693.2,2702.0,2615.0,2640.94,776775.79,2061623847.2876
2025-06-13 00:00:00+00:00,2640.94,2644.42,2434.34,2512.85,1819518.16,4580077190.374599
2025-06-13 04:00:00+00:00,2512.85,2541.0,2489.62,2525.38,447607.0,1125332612.1715
2025-06-13 08:00:00+00:00,2525.38,2544.3,2505.01,2543.88,396173.7,999895780.829
2025-06-13 12:00:00+00:00,2543.88,2562.21,2502.45,2550.32,692241.12,1757467776.8001
2025-06-13 16:00:00+00:00,2550.32,2584.4,2508.27,2526.1,564804.26,1434402859.3248
2025-06-13 20:00:00+00:00,2526.1,2582.51,2522.61,2578.12,204035.26,521622650.3868
2025-06-14 00:00:00+00:00,2578.12,2578.54,2545.44,2547.92,172851.76,442667834.6097
2025-06-14 04:00:00+00:00,2547.92,2555.69,2524.0,2535.89,194774.62,495318591.7071
2025-06-14 08:00:00+00:00,2535.89,2538.97,2516.5,2537.13,169790.77,429422999.8554
2025-06-14 12:00:00+00:00,2537.13,2544.99,2503.33,2517.91,234806.92,592806281.3712
2025-06-14 16:00:00+00:00,2517.91,2524.62,2486.59,2506.35,397402.93,995582663.0899
2025-06-14 20:00:00+00:00,2506.35,2538.97,2495.4,2529.26,219985.01,553995048.5142
2025-06-15 00:00:00+00:00,2529.26,2539.9,2523.65,2529.3,98156.55,248531588.1842
2025-06-15 04:00:00+00:00,2529.3,2552.43,2520.77,2527.18,204625.2,519018466.7064
2025-06-15 08:00:00+00:00,2527.18,2528.79,2506.6,2514.89,168192.89,423234490.8117
2025-06-15 12:00:00+00:00,2514.89,2554.28,2514.46,2540.86,286758.97,727975139.5087
2025-06-15 16:00:00+00:00,2540.86,2559.79,2529.0,2535.71,199076.71,506471248.7305
2025-06-15 20:00:00+00:00,2535.71,2548.88,2490.14,2546.32,365736.32,921754441.1538
2025-06-16 00:00:00+00:00,2546.32,2577.98,2513.0,2567.14,380164.88,969846476.3094
2025-06-16 04:00:00+00:00,2567.14,2637.35,2565.5,2627.75,552340.12,1439315964.1318
2025-06-16 08:00:00+00:00,2627.75,2633.14,2591.02,2615.82,368496.84,963444628.6082
2025-06-16 12:00:00+00:00,2615.82,2657.12,2603.11,2630.8,577811.33,1520589931.4391
2025-06-16 16:00:00+00:00,2630.8,2669.34,2625.87,2658.75,366380.22,969533147.4017
2025-06-16 20:00:00+00:00,2658.75,2679.6,2533.74,2543.26,912852.19,2370350429.0841
2025-06-17 00:00:00+00:00,2543.26,2618.24,2522.75,2606.05,612675.14,1574782803.6702
2025-06-17 04:00:00+00:00,2606.05,2609.47,2568.7,2580.95,250843.02,648302904.505
2025-06-17 08:00:00+00:00,2580.95,2584.16,2540.23,2551.13,330021.72000000003,844682148.5608
2025-06-17 12:00:00+00:00,2551.13,2567.35,2480.56,2497.58,776676.47,1963811613.0087
2025-06-17 16:00:00+00:00,2497.58,2543.0,2452.04,2526.69,813910.43,2026551279.6611
2025-06-17 20:00:00+00:00,2526.69,2533.04,2490.63,2508.95,374146.32,940535467.816
2025-06-18 00:00:00+00:00,2508.95,2536.39,2504.41,2526.8,218468.0,550914592.4827
2025-06-18 04:00:00+00:00,2526.8,2545.63,2516.44,2532.61,203061.88,513920702.3796
2025-06-18 08:00:00+00:00,2532.61,2547.64,2486.39,2512.65,377238.7,949005227.9794999
2025-06-18 12:00:00+00:00,2512.65,2537.88,2464.0,2507.74,789719.58,1976696854.4541001
2025-06-18 16:00:00+00:00,2507.74,2517.8,2465.23,2491.21,567718.12,1415020356.0102
2025-06-18 20:00:00+00:00,2491.21,2537.73,2481.29,2523.68,284645.25,717033279.2674
2025-06-19 00:00:00+00:00,2523.68,2546.15,2504.97,2524.61,224081.47,565211112.2595
2025-06-19 04:00:00+00:00,2524.61,2530.36,2512.93,2517.51,109565.38,276225366.4774
2025-06-19 08:00:00+00:00,2517.51,2544.37,2517.51,2530.46,180884.95,458159287.9476
2025-06-19 12:00:00+00:00,2530.46,2535.78,2488.1,2491.23,317563.86,796522127.5989
2025-06-19 16:00:00+00:00,2491.23,2522.17,2483.29,2503.3,303258.06,759910574.6878
2025-06-19 20:00:00+00:00,2503.3,2530.8,2501.4,2519.71,147893.56,372246049.5817
2025-06-20 00:00:00+00:00,2519.71,2530.23,2510.94,2516.23,99328.79,250439950.8737
2025-06-20 04:00:00+00:00,2516.23,2550.25,2501.51,2548.43,245525.71,620899827.0444
2025-06-20 08:00:00+00:00,2548.43,2568.89,2538.28,2548.4,342544.87,874720462.4164
2025-06-20 12:00:00+00:00,2548.4,2558.48,2485.33,2492.39,575991.75,1449116235.2811
2025-06-20 16:00:00+00:00,2492.39,2494.74,2363.95,2413.32,1028758.99,2495224968.2001
2025-06-20 20:00:00+00:00,2413.32,2436.99,2380.03,2405.23,322974.6,778218831.6982
2025-06-21 00:00:00+00:00,2405.23,2431.41,2394.71,2424.29,149280.15,360944297.82809997
2025-06-21 04:00:00+00:00,2424.29,2427.56,2417.36,2425.71,70885.97,171725598.1667
2025-06-21 08:00:00+00:00,2425.71,2447.65,2421.75,2441.34,181599.48,442668704.1437
2025-06-21 12:00:00+00:00,2441.34,2444.0,2410.8,2422.24,255454.94,619185573.9168
2025-06-21 16:00:00+00:00,2422.24,2426.99,2380.49,2383.47,283295.97000000003,679885128.4363
2025-06-21 20:00:00+00:00,2383.47,2408.38,2213.42,2295.0,1320058.97,3023630355.4082
2025-06-22 00:00:00+00:00,2295.0,2313.2,2244.19,2263.58,675248.78,1538230756.575
2025-06-22 04:00:00+00:00,2263.58,2298.27,2260.5,2269.43,231247.12,527623589.7677
2025-06-22 08:00:00+00:00,2269.43,2279.22,2235.17,2272.03,357187.73,807052647.6572
2025-06-22 12:00:00+00:00,2272.03,2286.54,2154.63,2173.92,1306760.03,2877844994.4285
2025-06-22 16:00:00+00:00,2173.92,2219.74,2169.12,2182.95,415250.51,908640662.158
2025-06-22 20:00:00+00:00,2182.95,2236.6,2110.35,2226.68,855512.06,1859263642.4743
2025-06-23 00:00:00+00:00,2226.68,2259.28,2220.81,2233.95,258174.28,577759961.1318
2025-06-23 04:00:00+00:00,2233.95,2274.62,2226.33,2257.86,300803.76,676593798.0441
2025-06-23 08:00:00+00:00,2257.86,2273.61,2237.33,2251.91,243078.34,547301810.8838
2025-06-23 12:00:00+00:00,2251.91,2312.62,2231.12,2247.34,804611.84,1831652662.4215
2025-06-23 16:00:00+00:00,2247.34,2324.99,2186.8,2311.56,1255508.97,2835316083.8489
2025-06-23 20:00:00+00:00,2311.56,2438.72,2302.31,2410.11,1124999.63,2679640662.418
2025-06-24 00:00:00+00:00,2410.11,2416.38,2386.69,2397.61,354524.62,851145045.406
2025-06-24 04:00:00+00:00,2397.61,2433.86,2389.5,2391.91,358341.66,863570900.4071
2025-06-24 08:00:00+00:00,2391.91,2448.8,2375.1,2408.48,618330.51,1487532036.0778
2025-06-24 12:00:00+00:00,2408.48,2453.47,2401.69,2437.09,506297.02,1228489451.5959
2025-06-24 16:00:00+00:00,2437.09,2481.86,2414.34,2432.5,573857.57,1406267103.9032
2025-06-24 20:00:00+00:00,2432.5,2449.18,2428.52,2447.28,151291.58,369015510.7539
2025-06-25 00:00:00+00:00,2447.28,2468.15,2435.19,2443.0,185497.2,455007193.9939
2025-06-25 04:00:00+00:00,2443.0,2449.59,2422.74,2443.44,170541.63999999998,415532194.9722
2025-06-25 08:00:00+00:00,2443.44,2447.33,2405.82,2427.75,351801.23,853210164.1408
2025-06-25 12:00:00+00:00,2427.75,2445.88,2385.46,2404.37,668477.32,1616464098.0416
2025-06-25 16:00:00+00:00,2404.37,2438.8,2399.51,2431.41,318360.87,770479615.5225
2025-06-25 20:00:00+00:00,2431.41,2453.76,2406.25,2417.17,237875.79,577458679.1092
2025-06-26 00:00:00+00:00,2417.17,2520.0,2415.79,2487.75,479536.77,1186225872.8731
2025-06-26 04:00:00+00:00,2487.75,2499.34,2465.83,2488.57,203783.23,505759942.1324
2025-06-26 08:00:00+00:00,2488.57,2500.0,2436.33,2449.0,293688.49,723631531.2706
2025-06-26 12:00:00+00:00,2449.0,2459.94,2408.0,2432.33,663126.84,1613129645.5266
2025-06-26 16:00:00+00:00,2432.33,2442.79,2416.42,2434.86,227521.73,552405185.4396
2025-06-26 20:00:00+00:00,2434.86,2456.88,2392.11,2414.5,368757.73,893581760.948
2025-06-27 00:00:00+00:00,2414.5,2447.55,2380.53,2445.69,244588.29,591091899.315
2025-06-27 04:00:00+00:00,2445.69,2458.98,2433.65,2440.79,202108.74,493894186.89419997
2025-06-27 08:00:00+00:00,2440.79,2462.33,2434.08,2446.09,225494.08,552236482.2847
2025-06-27 12:00:00+00:00,2446.09,2455.64,2411.87,2437.19,400824.28,973898065.642
2025-06-27 16:00:00+00:00,2437.19,2448.82,2386.62,2411.87,470502.97,1133369009.1512
2025-06-27 20:00:00+00:00,2411.87,2429.69,2410.16,2422.11,168474.55,407868243.2954
2025-06-28 00:00:00+00:00,2422.11,2422.9,2403.84,2419.69,82289.3,198786536.7608
2025-06-28 04:00:00+00:00,2419.69,2433.56,2416.28,2430.81,76561.22,185586398.4144
2025-06-28 08:00:00+00:00,2430.81,2431.43,2418.4,2426.37,78879.8,191254197.4281
2025-06-28 12:00:00+00:00,2426.37,2442.15,2418.76,2435.13,81426.8,197653571.111
2025-06-28 16:00:00+00:00,2435.13,2446.96,2430.29,2432.41,128896.22,314119654.777
2025-06-28 20:00:00+00:00,2432.41,2441.24,2426.27,2434.79,99934.89,243298936.6606
2025-06-29 00:00:00+00:00,2434.79,2441.96,2423.0,2426.8,94327.13,229421133.166
2025-06-29 04:00:00+00:00,2426.8,2439.63,2425.34,2439.63,48647.55,118359647.6318
2025-06-29 08:00:00+00:00,2439.63,2463.47,2437.2,2461.05,208319.6,510536239.7428
2025-06-29 12:00:00+00:00,2461.05,2462.53,2432.1,2435.68,192073.85,469670841.3233
2025-06-29 16:00:00+00:00,2435.68,2441.73,2428.0,2436.9,131548.4,320433852.7009
2025-06-29 20:00:00+00:00,2436.9,2524.94,2410.1,2499.27,559761.02,1384534695.6318
2025-06-30 00:00:00+00:00,2499.27,2523.9,2494.3,2498.64,261007.8,654893190.8825
2025-06-30 04:00:00+00:00,2498.64,2504.8,2454.29,2479.34,311261.72000000003,772255218.498
2025-06-30 08:00:00+00:00,2479.34,2486.18,2445.3,2457.01,252854.96,622108693.2208999
2025-06-30 12:00:00+00:00,2457.01,2487.89,2431.99,2473.33,531881.97,1307407339.8774
2025-06-30 16:00:00+00:00,2473.33,2517.75,2459.53,2514.91,418952.48,1042160669.4563
2025-06-30 20:00:00+00:00,2514.91,2521.69,2481.31,2484.0,243640.35,608812893.1143
2025-07-01 00:00:00+00:00,2484.0,2499.44,2475.79,2484.29,157241.94,391163004.8655
2025-07-01 04:00:00+00:00,2484.29,2484.68,2443.18,2463.79,271646.07,668419148.1015
2025-07-01 08:00:00+00:00,2463.79,2463.79,2440.44,2448.19,201546.05,494236272.0857
2025-07-01 12:00:00+00:00,2448.19,2455.53,2405.04,2422.42,525370.19,1277244155.3548
2025-07-01 16:00:00+00:00,2422.42,2433.35,2395.79,2401.5,248322.99,600082594.3425
2025-07-01 20:00:00+00:00,2401.5,2417.55,2383.52,2403.47,240558.78,577734001.4577
2025-07-02 00:00:00+00:00,2403.47,2431.31,2371.42,2429.26,241090.36,579683201.9294
2025-07-02 04:00:00+00:00,2429.26,2453.55,2424.18,2445.87,211198.52,515608126.5264
2025-07-02 08:00:00+00:00,2445.87,2460.07,2440.16,2444.66,198066.75,485180784.015
2025-07-02 12:00:00+00:00,2444.66,2502.63,2430.57,2497.73,521479.55,1287518531.4586
2025-07-02 16:00:00+00:00,2497.73,2607.05,2493.73,2603.64,950836.89,2432841334.3748
2025-07-02 20:00:00+00:00,2603.64,2619.11,2568.28,2569.72,371930.03,964591470.315
2025-07-03 00:00:00+00:00,2569.72,2587.24,2555.03,2560.22,215855.4,554695367.8179
2025-07-03 04:00:00+00:00,2560.22,2605.15,2557.99,2599.41,268007.77,693577326.1265
2025-07-03 08:00:00+00:00,2599.41,2615.98,2579.47,2596.42,330498.5,858189724.2975
2025-07-03 12:00:00+00:00,2596.42,2635.54,2563.21,2569.06,801541.2,2082230795.1980999
2025-07-03 16:00:00+00:00,2569.06,2591.78,2563.59,2584.85,232447.49,598973989.6456
2025-07-03 20:00:00+00:00,2584.85,2602.74,2584.0,2590.21,114819.49,297684586.6323
2025-07-04 00:00:00+00:00,2590.21,2602.23,2570.12,2576.7,172569.78,446112423.5822
2025-07-04 04:00:00+00:00,2576.7,2583.62,2528.39,2533.81,297481.32,759913693.1874
2025-07-04 08:00:00+00:00,2533.81,2557.4,2525.48,2547.84,230761.22,587241738.7493
2025-07-04 12:00:00+00:00,2547.84,2555.01,2496.5,2499.58,496684.86,1251074272.0808
2025-07-04 16:00:00+00:00,2499.58,2502.45,2473.01,2481.6,359059.3,892479759.1590999
2025-07-04 20:00:00+00:00,2481.6,2519.5,2480.07,2506.93,172863.81,432624304.7937
2025-07-05 00:00:00+00:00,2506.93,2523.83,2497.19,2517.11,93518.64,235023881.7342
2025-07-05 04:00:00+00:00,2517.11,2529.16,2511.5,2520.45,98439.94,248093822.6279
2025-07-05 08:00:00+00:00,2520.45,2524.22,2507.11,2516.67,98879.27,248824667.1877
2025-07-05 12:00:00+00:00,2516.67,2520.73,2503.41,2506.88,117730.11,295871254.9652
2025-07-05 16:00:00+00:00,2506.88,2512.0,2486.25,2504.25,174903.27,437065124.7948
2025-07-05 20:00:00+00:00,2504.25,2521.74,2496.73,2515.29,84698.79,212740664.0674
2025-07-06 00:00:00+00:00,2515.29,2519.9,2508.08,2513.93,60558.32,152268406.2289
2025-07-06 04:00:00+00:00,2513.93,2525.71,2507.24,2516.7,107147.43,269801545.888
2025-07-06 08:00:00+00:00,2516.7,2517.3,2501.7,2515.06,112706.14,282930038.78249997
2025-07-06 12:00:00+00:00,2515.06,2569.34,2510.32,2557.4,385257.4,981747666.6408
2025-07-06 16:00:00+00:00,2557.4,2559.91,2522.5,2539.83,180841.98,459324835.8748
2025-07-06 20:00:00+00:00,2539.83,2605.3,2538.9,2569.06,357975.05,923567614.5943
2025-07-07 00:00:00+00:00,2569.06,2589.65,2548.63,2576.14,202166.62,519184395.89350003
2025-07-07 04:00:00+00:00,2576.14,2579.51,2558.32,2577.29,155956.7,400828685.5631
2025-07-07 08:00:00+00:00,2577.29,2588.05,2551.32,2562.04,196828.83,505594527.7221
2025-07-07 12:00:00+00:00,2562.04,2569.03,2525.19,2532.31,485507.29,1235679294.8951
2025-07-07 16:00:00+00:00,2532.31,2556.35,2506.61,2542.4,446721.71,1130936925.629
2025-07-07 20:00:00+00:00,2542.4,2544.42,2521.05,2541.17,148352.29,375981120.0524
2025-07-08 00:00:00+00:00,2541.17,2553.61,2522.0,2536.82,178791.44,453382868.3464
2025-07-08 04:00:00+00:00,2536.82,2562.77,2530.79,2552.33,162961.98,415530132.5587
2025-07-08 08:00:00+00:00,2552.33,2584.79,2541.63,2574.04,213222.3,546471985.6561
2025-07-08 12:00:00+00:00,2574.04,2600.48,2555.67,2563.72,380208.17,979536271.1497
2025-07-08 16:00:00+00:00,2563.72,2628.16,2558.25,2609.67,500943.88,1304637821.5586
2025-07-08 20:00:00+00:00,2609.67,2617.0,2595.67,2614.43,130331.13,339803253.9903
2025-07-09 00:00:00+00:00,2614.43,2626.43,2588.66,2590.64,164688.36,429011983.2736
2025-07-09 04:00:00+00:00,2590.64,2646.59,2589.6,2624.55,290795.17,762602315.8449
2025-07-09 08:00:00+00:00,2624.55,2629.91,2603.06,2625.2,226807.61000000002,593483813.8835
2025-07-09 12:00:00+00:00,2625.2,2674.35,2622.8,2655.48,636236.18,1687384273.6966
2025-07-09 16:00:00+00:00,2655.48,2795.19,2651.1,2763.92,822647.49,2239074113.8933
2025-07-09 20:00:00+00:00,2763.92,2781.98,2730.44,2768.01,488232.41,1345967856.3725
2025-07-10 00:00:00+00:00,2768.01,2797.94,2754.43,2775.1,239143.08,663611981.6879001
2025-07-10 04:00:00+00:00,2775.1,2824.37,2765.08,2790.08,336104.94,939745303.961
2025-07-10 08:00:00+00:00,2790.08,2797.07,2771.27,2777.73,208306.95,579732330.069
2025-07-10 12:00:00+00:00,2777.73,2793.8,2756.17,2768.31,371009.86,1028941484.7498
2025-07-10 16:00:00+00:00,2768.31,2840.03,2767.36,2814.71,712934.16,2003117130.0106
2025-07-10 20:00:00+00:00,2814.71,3005.0,2811.89,2950.5,1017557.9,2978670716.647
2025-07-11 00:00:00+00:00,2950.5,2974.0,2913.33,2968.4,325329.71,958922998.8578
2025-07-11 04:00:00+00:00,2968.4,3029.13,2942.35,2968.36,655044.39,1962157343.4763
2025-07-11 08:00:00+00:00,2968.36,3039.81,2962.5,2983.79,550760.78,1652573318.9002
2025-07-11 12:00:00+00:00,2983.79,3009.61,2938.34,2950.99,580528.64,1730565907.2784
2025-07-11 16:00:00+00:00,2950.99,3010.83,2936.04,3007.31,415370.22,1237211147.0947
2025-07-11 20:00:00+00:00,3007.31,3009.75,2921.67,2957.02,418260.77,1239500451.5347
2025-07-12 00:00:00+00:00,2957.02,2970.16,2930.35,2965.31,164468.22,485821224.5337
2025-07-12 04:00:00+00:00,2965.31,2977.94,2939.67,2961.92,145989.04,431743746.6839
2025-07-12 08:00:00+00:00,2961.92,2981.46,2956.2,2962.64,152510.62,452905317.7549
2025-07-12 12:00:00+00:00,2962.64,2966.85,2902.21,2914.91,491421.27,1439671343.3648
2025-07-12 16:00:00+00:00,2914.91,2946.0,2909.44,2939.7,165633.12,485766519.0856
2025-07-12 20:00:00+00:00,2939.7,2947.11,2912.33,2942.13,130962.95,383897484.6665
2025-07-13 00:00:00+00:00,2942.13,2960.74,2935.06,2953.96,132857.38,391641065.0435
2025-07-13 04:00:00+00:00,2953.96,2967.0,2948.4,2961.58,96822.28,286416557.4046
2025-07-13 08:00:00+00:00,2961.58,2965.97,2942.32,2964.07,117665.49,347617792.021
2025-07-13 12:00:00+00:00,2964.07,3020.18,2957.84,2991.41,434696.06,1299747074.7427
2025-07-13 16:00:00+00:00,2991.41,3011.55,2960.56,2988.45,220963.35,660399794.1273
2025-07-13 20:00:00+00:00,2988.45,2998.0,2938.65,2970.6,266961.63,792086428.9921
2025-07-14 00:00:00+00:00,2970.6,3054.47,2961.6,3036.77,393311.57,1182804681.7682
2025-07-14 04:00:00+00:00,3036.77,3066.21,3016.19,3044.76,434968.11,1322545076.1538
2025-07-14 08:00:00+00:00,3044.76,3085.0,3022.12,3051.71,495222.14,1512370455.8782
2025-07-14 12:00:00+00:00,3051.71,3069.02,2992.03,3012.21,561470.81,1703626058.1871
2025-07-14 16:00:00+00:00,3012.21,3030.08,2979.99,2999.29,384454.98,1155803896.7875
2025-07-14 20:00:00+00:00,2999.29,3018.0,2980.3,3012.38,162046.08,486695633.7499
2025-07-15 00:00:00+00:00,3012.38,3022.17,2930.91,2951.43,569173.09,1689413758.2916
2025-07-15 04:00:00+00:00,2951.43,2995.68,2933.08,2977.32,320068.97,951138488.1815
2025-07-15 08:00:00+00:00,2977.32,2991.67,2958.17,2981.44,258976.28,770251762.9359
2025-07-15 12:00:00+00:00,2981.44,3068.51,2963.81,3040.16,1167116.93,3519784848.4017
2025-07-15 16:00:00+00:00,3040.16,3099.4,3032.0,3041.84,855312.54,2620417442.0798
2025-07-15 20:00:00+00:00,3041.84,3146.25,3030.16,3139.16,446837.09,1381291854.0018
2025-07-16 00:00:00+00:00,3139.16,3155.44,3104.02,3116.68,333864.82,1044757356.0791
2025-07-16 04:00:00+00:00,3116.68,3175.91,3101.0,3162.72,324289.78,1020127569.3232
2025-07-16 08:00:00+00:00,3162.72,3174.91,3144.72,3151.49,251773.22,795212452.1416
2025-07-16 12:00:00+00:00,3151.49,3267.68,3148.0,3244.88,1025353.52,3292800463.0559998
2025-07-16 16:00:00+00:00,3244.88,3382.99,3234.23,3382.98,943393.71,3129160328.6007
2025-07-16 20:00:00+00:00,3382.98,3423.0,3342.3,3370.63,658251.64,2227186800.7292
2025-07-17 00:00:00+00:00,3370.63,3398.06,3310.16,3330.37,457180.46,1531976843.6936
2025-07-17 04:00:00+00:00,3330.37,3471.01,3320.62,3448.54,563694.06,1922043927.399
2025-07-17 08:00:00+00:00,3448.54,3483.7,3426.26,3434.52,488707.04,1688287198.8711
2025-07-17 12:00:00+00:00,3434.52,3442.03,3363.0,3420.56,689420.23,2352498247.6787
2025-07-17 16:00:00+00:00,3420.56,3455.28,3365.21,3411.39,565992.85,1931065982.4118
2025-07-17 20:00:00+00:00,3411.39,3525.79,3370.01,3477.33,889247.4,3077570499.6147
2025-07-18 00:00:00+00:00,3477.33,3629.41,3458.83,3597.57,744475.21,2662680210.0511
2025-07-18 04:00:00+00:00,3597.57,3676.35,3576.24,3607.86,687893.76,2500682573.1409
2025-07-18 08:00:00+00:00,3607.86,3631.94,3584.62,3612.41,372621.89,1345485868.7925
2025-07-18 12:00:00+00:00,3612.41,3674.71,3530.01,3564.7,1010544.53,3635345749.1367
2025-07-18 16:00:00+00:00,3564.7,3625.25,3536.02,3551.31,552727.99,1978782194.6017
2025-07-18 20:00:00+00:00,3551.31,3578.01,3477.41,3547.19,578247.69,2040261166.2116
2025-07-19 00:00:00+00:00,3547.19,3600.0,3507.1,3593.7,273307.43,972463891.9873
2025-07-19 04:00:00+00:00,3593.7,3609.1,3567.22,3571.95,164689.86,590476688.3853
2025-07-19 08:00:00+00:00,3571.95,3579.48,3538.58,3552.88,232924.88,829235653.5984
2025-07-19 12:00:00+00:00,3552.88,3573.71,3524.14,3552.52,263444.29,935508218.2346
2025-07-19 16:00:00+00:00,3552.52,3583.34,3532.02,3578.76,248609.09,884093781.8301
2025-07-19 20:00:00+00:00,3578.76,3600.77,3537.34,3592.5,225686.88999999998,806773882.1916
2025-07-20 00:00:00+00:00,3592.5,3695.0,3580.36,3658.03,386856.11,1404191935.0444999
2025-07-20 04:00:00+00:00,3658.03,3689.99,3633.34,3668.58,247419.13,905148927.8399
2025-07-20 08:00:00+00:00,3668.58,3771.37,3668.57,3756.48,516134.64,1918155229.6592
2025-07-20 12:00:00+00:00,3756.48,3791.97,3725.0,3785.74,469344.38,1761610964.9955
2025-07-20 16:00:00+00:00,3785.74,3826.99,3730.51,3749.38,640305.34,2414660869.5885
2025-07-20 20:00:00+00:00,3749.38,3773.7,3681.42,3757.38,592891.45,2213209082.9917
2025-07-21 00:00:00+00:00,3757.38,3768.0,3701.48,3758.64,303348.4,1132922533.5432
2025-07-21 04:00:00+00:00,3758.64,3815.01,3748.31,3789.67,356478.44,1349154188.8896
2025-07-21 08:00:00+00:00,3789.67,3842.68,3757.49,3810.66,446866.63,1698065550.2217
2025-07-21 12:00:00+00:00,3810.66,3862.19,3776.06,3811.99,638222.06,2439332712.1346
2025-07-21 16:00:00+00:00,3811.99,3819.0,3716.48,3737.54,774878.76,2919181236.5828
2025-07-21 20:00:00+00:00,3737.54,3782.76,3720.14,3762.84,221456.04,832084999.7198
2025-07-22 00:00:00+00:00,3762.84,3801.0,3695.0,3732.2,587484.24,2199879163.0092
2025-07-22 04:00:00+00:00,3732.2,3735.0,3650.0,3677.15,555320.4,2049239792.6967
2025-07-22 08:00:00+00:00,3677.15,3722.2,3615.49,3707.1,611311.64,2238056282.3092
2025-07-22 12:00:00+00:00,3707.1,3732.31,3625.2,3718.89,714395.76,2631697904.857
2025-07-22 16:00:00+00:00,3718.89,3752.47,3655.1,3670.11,508585.43,1885237660.8711
2025-07-22 20:00:00+00:00,3670.11,3752.65,3661.6,3747.0,281036.1,1043244765.3675
2025-07-23 00:00:00+00:00,3747.0,3764.97,3711.06,3729.21,403170.51,1507689362.6036
2025-07-23 04:00:00+00:00,3729.21,3739.98,3663.94,3674.01,257162.07,951997006.1403
2025-07-23 08:00:00+00:00,3674.01,3698.52,3640.44,3672.2,351461.15,1288150180.5339
2025-07-23 12:00:00+00:00,3672.2,3681.44,3578.0,3645.17,830907.86,3010134496.4702
2025-07-23 16:00:00+00:00,3645.17,3645.18,3552.02,3588.17,474926.51,1703951524.335
2025-07-23 20:00:00+00:00,3588.17,3635.72,3524.55,3629.44,443250.84,1584686992.4058
2025-07-24 00:00:00+00:00,3629.44,3666.67,3613.39,3641.69,203168.87,740038334.8159
2025-07-24 04:00:00+00:00,3641.69,3658.68,3505.12,3591.4,590819.86,2109830416.3135
2025-07-24 08:00:00+00:00,3591.4,3661.99,3580.01,3655.58,514952.85,1868209427.1614
2025-07-24 12:00:00+00:00,3655.58,3773.0,3610.0,3732.16,759217.8,2803619798.6897
2025-07-24 16:00:00+00:00,3732.16,3755.43,3667.03,3732.88,526685.01,1956135513.2177
2025-07-24 20:00:00+00:00,3732.88,3745.07,3694.13,3706.98,272769.79,1014527287.4147
2025-07-25 00:00:00+00:00,3706.98,3707.93,3571.76,3595.01,586891.47,2136206503.9814
2025-07-25 04:00:00+00:00,3595.01,3668.91,3577.28,3631.79,556461.28,2017246994.8242
2025-07-25 08:00:00+00:00,3631.79,3750.0,3628.97,3724.5,615456.96,2271917893.733
2025-07-25 12:00:00+00:00,3722.71,3737.09,3600.11,3632.99,693412.57,2544182795.8338
2025-07-25 16:00:00+00:00,3632.99,3659.47,3615.23,3639.9,272408.46,991716254.1069
2025-07-25 20:00:00+00:00,3639.9,3732.54,3638.6,3725.66,334666.06,1239027348.9009
2025-07-26 00:00:00+00:00,3725.66,3769.98,3695.73,3740.39,273874.49,1022339341.4221
2025-07-26 04:00:00+00:00,3740.39,3758.59,3731.97,3743.6,118608.02,444222956.8269
2025-07-26 08:00:00+00:00,3743.6,3784.75,3731.38,3740.85,282587.33,1062262946.5171
2025-07-26 12:00:00+00:00,3740.85,3756.11,3714.0,3736.87,215615.06,805946542.3952
2025-07-26 16:00:00+00:00,3736.87,3756.99,3708.62,3750.92,173455.23,647442986.45
2025-07-26 20:00:00+00:00,3750.92,3798.19,3732.0,3742.05,161743.95,608230727.5225
2025-07-27 00:00:00+00:00,3742.05,3789.98,3730.8,3774.96,124737.43000000001,469795751.9467
2025-07-27 04:00:00+00:00,3774.96,3812.39,3763.08,3768.52,224165.45,848852599.1191
2025-07-27 08:00:00+00:00,3768.52,3842.22,3748.22,3816.03,367369.25,1397864924.1742
2025-07-27 12:00:00+00:00,3816.03,3838.0,3791.58,3819.36,245406.72,936442178.9575
2025-07-27 16:00:00+00:00,3819.36,3871.91,3809.12,3829.13,387504.61,1488160790.6511
2025-07-27 20:00:00+00:00,3829.13,3881.98,3815.0,3873.24,254766.39,980995682.1761
2025-07-28 00:00:00+00:00,3873.24,3908.41,3842.89,3879.96,390790.83,1513962007.5552
2025-07-28 04:00:00+00:00,3879.96,3943.36,3868.21,3893.27,426443.72,1667417202.7522
2025-07-28 08:00:00+00:00,3893.27,3903.0,3858.94,3880.0,215449.29,836569198.2585
2025-07-28 12:00:00+00:00,3880.0,3890.31,3772.19,3807.01,706007.93,2696888333.7885
2025-07-28 16:00:00+00:00,3807.01,3822.01,3752.24,3797.25,390630.61,1478139170.3942
2025-07-28 20:00:00+00:00,3797.25,3805.09,3764.04,3796.64,248891.42,941978293.8554
2025-07-29 00:00:00+00:00,3796.64,3821.71,3727.26,3791.3,432997.0,1633072689.2350001
2025-07-29 04:00:00+00:00,3791.3,3880.8,3774.57,3877.13,358978.61,1374293714.5091
2025-07-29 08:00:00+00:00,3877.13,3887.54,3811.0,3824.65,389015.85,1497485228.6296
2025-07-29 12:00:00+00:00,3824.65,3875.93,3744.82,3759.06,667914.27,2544429251.8329
2025-07-29 16:00:00+00:00,3759.06,3794.95,3714.0,3763.46,535929.29,2013799406.7096
2025-07-29 20:00:00+00:00,3763.46,3801.08,3738.99,3792.3,341554.76,1286240424.1001
2025-07-30 00:00:00+00:00,3792.3,3827.78,3754.25,3816.01,271282.77,1028788059.4945
2025-07-30 04:00:00+00:00,3816.01,3833.73,3786.0,3809.85,223316.89,851057253.8456
2025-07-30 08:00:00+00:00,3809.85,3825.15,3741.66,3756.88,359442.91,1359651941.7091
2025-07-30 12:00:00+00:00,3756.88,3830.61,3747.13,3795.98,429626.86,1625413503.8693
2025-07-30 16:00:00+00:00,3795.98,3822.47,3667.65,3758.87,823218.22,3084595807.0659
2025-07-30 20:00:00+00:00,3758.87,3811.18,3741.34,3809.37,296963.42,1120738187.5042
2025-07-31 00:00:00+00:00,3809.37,3868.24,3800.39,3863.13,275447.84,1057766370.8479
2025-07-31 04:00:00+00:00,3863.13,3877.65,3854.14,3863.1,172882.49,668080600.4638
2025-07-31 08:00:00+00:00,3863.1,3872.94,3825.75,3837.91,182168.56,701287585.4618
2025-07-31 12:00:00+00:00,3837.91,3845.56,3757.86,3785.87,595433.19,2260848363.517
2025-07-31 16:00:00+00:00,3785.87,3816.97,3731.86,3735.35,465308.02,1755426383.977
2025-07-31 20:00:00+00:00,3735.35,3756.45,3682.0,3696.0,482366.31,1794271315.8401
2025-08-01 00:00:00+00:00,3696.0,3722.0,3613.0,3702.61,607167.81,2233438964.9366
2025-08-01 04:00:00+00:00,3702.61,3702.61,3622.0,3648.42,404793.94,1481591811.0744
2025-08-01 08:00:00+00:00,3648.42,3648.42,3582.7,3641.51,481964.67,1743539003.2633
2025-08-01 12:00:00+00:00,3641.51,3673.8,3560.83,3613.94,805663.3,2919583733.2487
2025-08-01 16:00:00+00:00,3613.94,3633.61,3512.7,3517.04,665862.22,2373876600.4645
2025-08-01 20:00:00+00:00,3517.04,3551.61,3429.31,3486.71,674652.85,2354237458.1801
2025-08-02 00:00:00+00:00,3486.71,3532.27,3476.63,3528.0,229585.23,805023447.2209
2025-08-02 04:00:00+00:00,3528.0,3536.47,3453.39,3517.69,386052.72,1349414027.2406
2025-08-02 08:00:00+00:00,3517.69,3523.0,3471.04,3507.3,250498.88,876054023.8865
2025-08-02 12:00:00+00:00,3507.3,3516.3,3449.29,3457.63,367162.74,1278680833.3496
2025-08-02 16:00:00+00:00,3457.63,3479.87,3371.1,3381.75,865579.72,2958997584.2543
2025-08-02 20:00:00+00:00,3381.75,3441.3,3364.0,3392.7,458877.31,1559961740.6836
2025-08-03 00:00:00+00:00,3392.7,3450.97,3350.0,3442.7,366138.68,1245519896.5034
2025-08-03 04:00:00+00:00,3442.7,3457.78,3432.15,3453.98,153649.67,529282418.6841
2025-08-03 08:00:00+00:00,3453.98,3514.56,3452.06,3483.3,238769.27,831296060.8589
2025-08-03 12:00:00+00:00,3483.3,3502.82,3450.17,3474.3,233518.7,811787910.7001
2025-08-03 16:00:00+00:00,3474.3,3513.35,3465.84,3494.88,191837.31,669849771.8821
2025-08-03 20:00:00+00:00,3494.88,3519.95,3481.11,3495.1,217666.45,761704357.7239
2025-08-04 00:00:00+00:00,3495.1,3574.78,3489.47,3555.15,320328.06,1134005928.6453
2025-08-04 04:00:00+00:00,3555.15,3563.98,3518.36,3550.57,205581.66,727579556.9385
2025-08-04 08:00:00+00:00,3550.57,3573.55,3539.63,3554.01,209400.8,744298258.5339
2025-08-04 12:00:00+00:00,3554.01,3665.0,3549.59,3647.2,720992.87,2608693831.3819
2025-08-04 16:00:00+00:00,3647.2,3717.0,3646.98,3668.24,490243.04,1805632498.5387
2025-08-04 20:00:00+00:00,3668.24,3736.38,3658.84,3719.26,338809.55,1256507922.1533
2025-08-05 00:00:00+00:00,3719.26,3720.23,3646.39,3650.41,290861.18,1070586391.6086
2025-08-05 04:00:00+00:00,3650.41,3677.97,3595.76,3612.01,417575.23,1520749119.0574
2025-08-05 08:00:00+00:00,3612.01,3693.61,3606.46,3672.5,373701.19,1366731701.9634
2025-08-05 12:00:00+00:00,3672.5,3680.28,3553.06,3568.49,878036.64,3164532928.027
2025-08-05 16:00:00+00:00,3568.49,3611.84,3556.9,3570.0,325646.26,1166720128.14
2025-08-05 20:00:00+00:00,3570.0,3624.25,3542.46,3609.74,254220.51,911099837.163
2025-08-06 00:00:00+00:00,3609.74,3612.41,3562.17,3582.16,244996.74,877859908.9504
2025-08-06 04:00:00+00:00,3582.16,3661.68,3568.0,3638.68,393376.8,1426551564.6332
2025-08-06 08:00:00+00:00,3638.68,3644.63,3607.71,3617.97,231766.12,839621782.0545
2025-08-06 12:00:00+00:00,3617.97,3670.29,3571.66,3663.16,525926.67,1898594437.7221
2025-08-06 16:00:00+00:00,3663.16,3698.58,3635.6,3682.0,367773.65,1349216410.5433
2025-08-06 20:00:00+00:00,3682.0,3685.65,3650.35,3681.55,154111.12,565880310.1631
2025-08-07 00:00:00+00:00,3681.55,3716.0,3646.04,3655.2,282671.71,1039207569.8384
2025-08-07 04:00:00+00:00,3655.2,3709.9,3653.5,3701.47,190268.86000000002,701419252.1459
2025-08-07 08:00:00+00:00,3701.47,3841.69,3701.3,3825.14,613325.65,2318400782.8579
2025-08-07 12:00:00+00:00,3825.14,3865.23,3802.04,3834.67,542442.96,2080090977.4881
2025-08-07 16:00:00+00:00,3834.67,3876.0,3777.46,3865.8,415825.29,1590987827.2199
2025-08-07 20:00:00+00:00,3865.8,3928.0,3849.34,3908.31,364409.71,1416052954.8342
2025-08-08 00:00:00+00:00,3908.31,3968.97,3876.0,3938.02,433948.62,1698724760.434
2025-08-08 04:00:00+00:00,3938.02,3938.4,3892.97,3914.61,232581.32,909848513.5362
2025-08-08 08:00:00+00:00,3914.61,3926.38,3883.09,3916.31,207326.13,808691365.4235001
2025-08-08 12:00:00+00:00,3916.31,4013.61,3889.54,3953.34,755616.27,2993084122.8084
2025-08-08 16:00:00+00:00,3953.34,4066.23,3949.23,4059.92,540185.09,2171060929.5012
2025-08-08 20:00:00+00:00,4059.92,4072.34,4005.36,4009.14,225655.69,910860310.9932
2025-08-09 00:00:00+00:00,4009.14,4051.25,4005.67,4048.81,168976.81,680553858.4559
2025-08-09 04:00:00+00:00,4048.81,4216.0,4042.49,4170.39,753134.33,3121994762.8293
2025-08-09 08:00:00+00:00,4170.39,4248.78,4165.54,4189.64,537809.3,2261750987.6806
2025-08-09 12:00:00+00:00,4189.64,4226.84,4153.0,4208.03,391027.67,1638145259.2999
2025-08-09 16:00:00+00:00,4208.03,4271.65,4192.02,4257.76,313591.69,1327554048.7355
2025-08-09 20:00:00+00:00,4257.76,4326.98,4241.69,4259.98,540835.28,2314607422.5113
2025-08-10 00:00:00+00:00,4259.98,4333.02,4201.91,4241.09,541804.97,2311255492.3881
2025-08-10 04:00:00+00:00,4241.09,4264.35,4173.17,4185.3,351716.01,1484379782.7224
2025-08-10 08:00:00+00:00,4185.3,4232.13,4160.0,4179.72,321654.59,1351684025.4657
2025-08-10 12:00:00+00:00,4179.72,4238.95,4160.17,4217.01,293061.08,1230445750.4893
2025-08-10 16:00:00+00:00,4217.01,4258.67,4213.27,4247.71,165103.87,699110988.3914
2025-08-10 20:00:00+00:00,4247.71,4253.37,4181.53,4249.46,328934.01,1388471287.2891
2025-08-11 00:00:00+00:00,4249.46,4343.13,4236.91,4308.0,512003.96,2200431673.6526
2025-08-11 04:00:00+00:00,4308.0,4349.0,4262.98,4272.97,339841.06,1463862998.6778
2025-08-11 08:00:00+00:00,4272.97,4283.87,4167.64,4183.6,507029.24,2147735323.6538
2025-08-11 12:00:00+00:00,4183.6,4331.55,4164.3,4328.39,793356.65,3374752286.3677
2025-08-11 16:00:00+00:00,4328.39,4367.75,4224.73,4257.61,730450.26,3143614423.1966
2025-08-11 20:00:00+00:00,4257.61,4257.61,4186.57,4220.79,368082.82,1553804467.2466
2025-08-12 00:00:00+00:00,4220.79,4311.66,4216.3,4284.56,345530.89,1476176305.8335
2025-08-12 04:00:00+00:00,4284.56,4321.4,4264.9,4314.75,270404.97,1162056497.9199
2025-08-12 08:00:00+00:00,4314.75,4332.48,4253.59,4288.83,317522.88,1362475422.6628
2025-08-12 12:00:00+00:00,4288.83,4481.3,4275.43,4471.54,1154879.33,5074928460.7152
2025-08-12 16:00:00+00:00,4471.54,4518.32,4438.37,4515.74,613562.33,2751289603.4197
2025-08-12 20:00:00+00:00,4515.74,4640.0,4502.16,4589.34,713435.19,3272610805.7935
2025-08-13 00:00:00+00:00,4589.34,4657.43,4562.61,4646.27,408920.5,1885005906.6389
2025-08-13 04:00:00+00:00,4646.27,4683.73,4606.79,4625.11,409473.87,1902390920.5749
2025-08-13 08:00:00+00:00,4625.11,4718.45,4606.19,4688.95,528852.82,2469513137.9692
2025-08-13 12:00:00+00:00,4688.95,4738.0,4611.0,4664.0,892181.41,4172015116.0712
2025-08-13 16:00:00+00:00,4664.0,4752.42,4660.0,4739.05,553803.36,2611926404.273
2025-08-13 20:00:00+00:00,4739.05,4785.43,4696.45,4748.51,484201.18,2297610570.5127
2025-08-14 00:00:00+00:00,4748.51,4782.22,4708.12,4776.12,301209.71,1428675350.6465
2025-08-14 04:00:00+00:00,4776.12,4793.97,4716.06,4749.12,392748.37,1867072356.8897
2025-08-14 08:00:00+00:00,4749.12,4767.07,4668.55,4719.52,446046.29,2104619486.4032001
2025-08-14 12:00:00+00:00,4719.52,4736.9,4456.0,4619.0,1930105.93,8876802353.4474
2025-08-14 16:00:00+00:00,4619.0,4624.46,4480.81,4538.36,747550.86,3395670531.8139
2025-08-14 20:00:00+00:00,4538.36,4570.7,4451.5,4545.77,507074.93,2288685799.5316
2025-08-15 00:00:00+00:00,4545.77,4649.12,4534.6,4633.39,333734.43,1533917247.4054
2025-08-15 04:00:00+00:00,4633.39,4662.82,4603.27,4640.64,265544.16,1230405143.6736
2025-08-15 08:00:00+00:00,4640.64,4667.93,4612.14,4634.0,221181.96,1025742245.6158
2025-08-15 12:00:00+00:00,4634.0,4673.14,4391.0,4429.31,1091838.11,4942432356.0724
2025-08-15 16:00:00+00:00,4429.31,4461.87,4371.01,4381.19,643662.18,2836014069.0705
2025-08-15 20:00:00+00:00,4381.19,4490.0,4364.25,4437.01,362699.31,1607059266.5012
2025-08-16 00:00:00+00:00,4437.01,4489.0,4422.89,4430.85,224920.71,1003141070.2771
2025-08-16 04:00:00+00:00,4430.85,4462.83,4405.8,4449.84,160187.63,710201473.7808
2025-08-16 08:00:00+00:00,4449.84,4457.8,4371.18,4385.88,260945.52,1150514203.4186
2025-08-16 12:00:00+00:00,4385.88,4427.4,4372.98,4397.82,237424.26,1044541184.7649
2025-08-16 16:00:00+00:00,4397.82,4443.95,4388.0,4416.61,121086.83,534262178.1684
2025-08-16 20:00:00+00:00,4416.61,4437.0,4400.62,4421.01,87337.39,386112606.8429
2025-08-17 00:00:00+00:00,4421.01,4458.59,4392.08,4450.94,140714.97,622288838.6067
2025-08-17 04:00:00+00:00,4450.94,4488.4,4442.0,4464.89,227811.93,1017880851.6646
2025-08-17 08:00:00+00:00,4464.89,4575.71,4456.13,4549.41,386074.46,1751129598.9136
2025-08-17 12:00:00+00:00,4549.41,4563.99,4515.07,4559.3,221957.69,1007690693.6848
2025-08-17 16:00:00+00:00,4559.3,4564.93,4423.71,4457.6,392574.97,1762758842.0239
2025-08-17 20:00:00+00:00,4457.6,4533.26,4454.65,4470.62,230338.24,1034266668.0991
2025-08-18 00:00:00+00:00,4470.62,4480.89,4273.18,4317.62,788296.0700000001,3443511939.6228
2025-08-18 04:00:00+00:00,4317.62,4345.67,4228.0,4254.8,613509.65,2625716609.9213
2025-08-18 08:00:00+00:00,4254.8,4318.88,4223.6,4271.99,542400.6,2317408714.2944
2025-08-18 12:00:00+00:00,4271.99,4367.73,4267.98,4343.97,692830.01,2990864948.3748
2025-08-18 16:00:00+00:00,4343.97,4386.65,4297.26,4353.2,437946.26,1903060186.2646
2025-08-18 20:00:00+00:00,4353.2,4387.55,4302.39,4311.44,275635.34,1197324407.7288
2025-08-19 00:00:00+00:00,4311.44,4353.62,4210.4,4217.24,455173.87,1948100236.4217
2025-08-19 04:00:00+00:00,4217.24,4248.61,4190.62,4232.02,354694.41,1497277175.6699
2025-08-19 08:00:00+00:00,4232.02,4318.11,4216.26,4306.85,339365.39,1451419396.4681
2025-08-19 12:00:00+00:00,4306.85,4340.5,4165.42,4189.45,850947.53,3606883891.8727
2025-08-19 16:00:00+00:00,4189.45,4204.86,4113.0,4141.76,579051.8,2406612291.9294
2025-08-19 20:00:00+00:00,4141.76,4164.77,4066.06,4074.51,401793.91,1654576062.8199
2025-08-20 00:00:00+00:00,4074.51,4159.6,4059.74,4139.84,366594.41,1506853733.316
2025-08-20 04:00:00+00:00,4139.84,4211.52,4138.26,4184.03,253014.74,1056962843.2342
2025-08-20 08:00:00+00:00,4184.03,4240.15,4148.81,4194.76,438038.23,1841048037.1046
2025-08-20 12:00:00+00:00,4194.76,4307.57,4101.12,4253.2,1025101.29,4310903332.8633995
2025-08-20 16:00:00+00:00,4253.2,4363.93,4252.41,4344.94,750496.67,3235372672.2654
2025-08-20 20:00:00+00:00,4344.94,4376.91,4318.09,4334.36,295449.91,1283840861.1588
2025-08-21 00:00:00+00:00,4334.36,4338.29,4275.34,4293.0,293846.14,1265306960.1601
2025-08-21 04:00:00+00:00,4293.0,4319.44,4267.73,4309.54,214107.07,919725287.8945
2025-08-21 08:00:00+00:00,4309.54,4314.0,4253.69,4277.19,294483.46,1261281086.6088
2025-08-21 12:00:00+00:00,4277.19,4326.5,4223.85,4240.8,686775.53,2931066053.716
2025-08-21 16:00:00+00:00,4240.8,4273.76,4206.0,4222.4,409296.42,1733859252.0884
2025-08-21 20:00:00+00:00,4222.4,4261.11,4202.94,4224.08,316369.29,1339384807.8895
2025-08-22 00:00:00+00:00,4224.08,4314.21,4220.12,4277.07,298780.77999999997,1276996140.1787
2025-08-22 04:00:00+00:00,4277.07,4344.03,4271.0,4326.08,296161.36,1274504176.4528
2025-08-22 08:00:00+00:00,4326.08,4353.0,4270.98,4272.97,320441.19,1381459022.7781
2025-08-22 12:00:00+00:00,4272.97,4666.61,4206.26,4613.88,1984112.3,8890585793.9992
2025-08-22 16:00:00+00:00,4613.88,4859.99,4613.39,4832.36,1146780.74,5476856155.8833
2025-08-22 20:00:00+00:00,4832.36,4888.0,4794.35,4831.62,518323.66,2510520175.0907
2025-08-23 00:00:00+00:00,4828.54,4828.82,4661.39,4695.19,520886.88,2465343191.28
2025-08-23 04:00:00+00:00,4695.19,4765.82,4694.01,4712.99,299457.39,1417865685.9158
2025-08-23 08:00:00+00:00,4712.99,4746.0,4688.0,4703.8,214118.87,1010196729.7756
2025-08-23 12:00:00+00:00,4703.8,4767.93,4691.2,4748.8,268492.45,1270198625.9172
2025-08-23 16:00:00+00:00,4748.8,4760.57,4724.15,4756.71,137406.93,652245950.8837
2025-08-23 20:00:00+00:00,4756.71,4795.96,4735.3,4776.12,118977.20999999999,567178933.3915
2025-08-24 00:00:00+00:00,4776.12,4816.87,4749.82,4787.74,202982.54,970869252.3231
2025-08-24 04:00:00+00:00,4787.74,4799.48,4755.0,4757.22,133468.13,637351191.7633
2025-08-24 08:00:00+00:00,4757.22,4784.99,4716.48,4746.33,204787.51,972851743.9492
2025-08-24 12:00:00+00:00,4746.33,4830.0,4736.64,4796.41,308675.04,1478139180.8771
2025-08-24 16:00:00+00:00,4796.41,4957.96,4743.49,4813.14,1096593.77,5327470121.259
2025-08-24 20:00:00+00:00,4813.14,4823.0,4706.11,4779.11,640732.17,3056581963.2094
2025-08-25 00:00:00+00:00,4779.11,4798.07,4668.33,4725.71,380401.48,1799759437.4354
2025-08-25 04:00:00+00:00,4725.71,4738.1,4579.61,4589.75,515792.75,2401272539.7127
2025-08-25 08:00:00+00:00,4589.75,4614.77,4518.0,4597.7,588149.51,2690172007.5744
2025-08-25 12:00:00+00:00,4597.7,4682.88,4583.0,4610.36,635490.1,2944021744.389
2025-08-25 16:00:00+00:00,4610.36,4643.4,4413.47,4418.18,647054.38,2939948610.2742
2025-08-25 20:00:00+00:00,4418.18,4443.68,4330.39,4374.0,807737.28,3537827529.9258
2025-08-26 00:00:00+00:00,4374.0,4448.44,4308.6,4400.27,611533.84,2677925608.5047
2025-08-26 04:00:00+00:00,4400.27,4452.64,4391.48,4427.03,272984.09,1207666163.5776
2025-08-26 08:00:00+00:00,4427.03,4464.1,4403.01,4425.54,248752.99,1101397584.6531
2025-08-26 12:00:00+00:00,4425.54,4578.08,4403.06,4516.63,910076.17,4095531288.189
2025-08-26 16:00:00+00:00,4516.63,4595.88,4496.27,4594.0,401094.81,1820390754.6722
2025-08-26 20:00:00+00:00,4594.0,4631.99,4559.52,4597.94,267152.51,1227499387.8666
2025-08-27 00:00:00+00:00,4597.94,4625.48,4537.79,4601.27,287734.67,1315701135.5877
2025-08-27 04:00:00+00:00,4601.27,4644.0,4557.51,4578.1,283676.3,1305573105.2105
2025-08-27 08:00:00+00:00,4578.1,4618.0,4551.6,4605.78,244719.6,1122797604.3172
2025-08-27 12:00:00+00:00,4605.78,4663.0,4571.43,4655.86,509580.85,2353037562.0944
2025-08-27 16:00:00+00:00,4655.86,4656.48,4530.68,4562.4,342857.54,1576199517.1343
2025-08-27 20:00:00+00:00,4562.4,4612.9,4477.8,4504.73,545674.21,2479691557.5859
2025-08-28 00:00:00+00:00,4504.73,4547.0,4464.29,4539.54,240830.63,1086118413.8697
2025-08-28 04:00:00+00:00,4539.54,4599.0,4532.18,4594.71,207245.54,946667578.9207
2025-08-28 08:00:00+00:00,4594.71,4632.47,4580.0,4593.6,244809.32,1126195985.7884
2025-08-28 12:00:00+00:00,4593.6,4614.26,4480.57,4500.97,480388.24,2188985758.0306
2025-08-28 16:00:00+00:00,4500.97,4527.62,4432.0,4435.45,355562.86,1594175516.9488
2025-08-28 20:00:00+00:00,4435.45,4513.5,4425.61,4508.69,209342.17,937670515.798
2025-08-29 00:00:00+00:00,4508.69,4515.59,4431.56,4487.19,287125.38,1284357264.3435
2025-08-29 04:00:00+00:00,4487.19,4495.74,4366.0,4379.5,344421.77,1525802275.1201
2025-08-29 08:00:00+00:00,4379.5,4396.34,4316.51,4344.46,369170.64,1604494171.7298
2025-08-29 12:00:00+00:00,4344.46,4452.13,4260.0,4314.18,947519.2,4113293131.5463
2025-08-29 16:00:00+00:00,4314.18,4365.74,4293.92,4338.68,317557.01,1375635483.035
2025-08-29 20:00:00+00:00,4338.68,4380.17,4303.27,4358.91,252823.82,1099108272.9253
2025-08-30 00:00:00+00:00,4358.91,4382.45,4255.01,4351.18,331411.58,1430479174.8366
2025-08-30 04:00:00+00:00,4351.18,4414.0,4345.0,4399.7,226344.27,992205230.5782
2025-08-30 08:00:00+00:00,4399.7,4406.23,4376.36,4390.35,118980.73,522424980.0469
2025-08-30 12:00:00+00:00,4390.35,4391.74,4329.45,4373.85,239203.0,1042354668.0207
2025-08-30 16:00:00+00:00,4373.85,4373.85,4333.03,4352.36,104810.62,456568555.987
2025-08-30 20:00:00+00:00,4352.36,4377.35,4331.8,4372.76,84958.45,370068693.7487
2025-08-31 00:00:00+00:00,4372.76,4486.86,4371.2,4486.0,293840.2,1305096145.498
2025-08-31 04:00:00+00:00,4486.0,4490.02,4430.31,4448.4,181410.77,808164533.355
2025-08-31 08:00:00+00:00,4448.4,4481.44,4436.85,4473.94,202853.05,904899435.022
2025-08-31 12:00:00+00:00,4473.94,4496.43,4446.55,4482.65,224141.9,1002502742.6698
2025-08-31 16:00:00+00:00,4482.65,4489.92,4452.32,4453.78,121239.57,542368338.3521
2025-08-31 20:00:00+00:00,4453.78,4477.22,4375.43,4389.43,254103.96,1124672178.564
2025-09-01 00:00:00+00:00,4389.43,4430.81,4360.0,4402.15,337684.53,1482426832.9354
2025-09-01 04:00:00+00:00,4402.15,4462.24,4355.11,4461.68,288021.41,1267779919.6735
2025-09-01 08:00:00+00:00,4461.68,4490.0,4380.78,4391.0,388965.0,1726588970.1335
2025-09-01 12:00:00+00:00,4391.0,4423.0,4341.92,4360.03,300214.32,1316705839.094
2025-09-01 16:00:00+00:00,4360.03,4369.9,4307.08,4366.41,266304.8,1155261811.0037
2025-09-01 20:00:00+00:00,4366.41,4366.5,4210.0,4312.81,547436.24,2343887359.6336
2025-09-02 00:00:00+00:00,4312.81,4393.85,4288.97,4365.71,308646.8,1339349187.8685
2025-09-02 04:00:00+00:00,4365.71,4414.74,4358.86,4375.53,220968.86,969556708.7413
2025-09-02 08:00:00+00:00,4375.53,4406.99,4337.79,4346.29,204291.97,894683412.0583
2025-09-02 12:00:00+00:00,4346.29,4396.75,4268.69,4292.38,830260.15,3591495417.3683
2025-09-02 16:00:00+00:00,4292.38,4329.76,4254.02,4272.63,397142.53,1704226626.0426
2025-09-02 20:00:00+00:00,4272.63,4335.87,4264.02,4324.97,264448.71,1139904533.7738
2025-09-03 00:00:00+00:00,4324.97,4354.32,4281.34,4333.0,189491.6,818847101.6367
2025-09-03 04:00:00+00:00,4333.0,4341.73,4285.98,4308.41,200202.16,863426267.3346
2025-09-03 08:00:00+00:00,4308.41,4385.0,4301.31,4370.85,258112.66,1122724624.0873
2025-09-03 12:00:00+00:00,4370.85,4485.0,4340.16,4477.91,587661.26,2599078198.3486
2025-09-03 16:00:00+00:00,4477.91,4488.86,4451.88,4473.0,249861.29,1116367953.3167
2025-09-03 20:00:00+00:00,4473.0,4479.91,4434.06,4448.4,112663.17,502475504.0491
2025-09-04 00:00:00+00:00,4448.4,4481.28,4387.55,4396.42,279747.72,1238586959.553
2025-09-04 04:00:00+00:00,4396.42,4413.0,4353.56,4369.21,279942.63,1225188595.3483999
2025-09-04 08:00:00+00:00,4369.21,4432.0,4362.93,4404.79,274622.87,1209069141.1598
2025-09-04 12:00:00+00:00,4404.79,4427.18,4291.5,4302.4,639341.75,2783418403.7873
2025-09-04 16:00:00+00:00,4302.4,4321.47,4262.21,4273.91,344064.06,1476898752.8484
2025-09-04 20:00:00+00:00,4273.91,4352.74,4270.03,4295.45,207970.24,897460413.9086
2025-09-05 00:00:00+00:00,4295.45,4333.89,4288.1,4327.17,210025.41,905445749.9538
2025-09-05 04:00:00+00:00,4327.17,4427.51,4314.0,4414.51,276750.79,1209042569.3686
2025-09-05 08:00:00+00:00,4414.51,4424.88,4371.0,4416.05,326068.6,1435177813.6248
2025-09-05 12:00:00+00:00,4416.05,4494.38,4252.95,4279.88,1208582.58,5284291587.729
2025-09-05 16:00:00+00:00,4279.88,4330.65,4269.06,4329.59,281753.59,1210863522.9334
2025-09-05 20:00:00+00:00,4329.59,4341.92,4283.01,4306.37,227913.18,982891402.2472
2025-09-06 00:00:00+00:00,4306.37,4327.27,4302.0,4318.5,75349.2,325137430.0031
2025-09-06 04:00:00+00:00,4318.5,4318.84,4288.89,4310.55,86490.28,372013804.9488
2025-09-06 08:00:00+00:00,4310.55,4313.46,4283.64,4297.73,82361.13,353872789.8059
2025-09-06 12:00:00+00:00,4297.73,4306.62,4261.0,4267.72,152923.1,654834637.384
2025-09-06 16:00:00+00:00,4267.72,4304.24,4232.95,4253.83,279865.21,1193960418.8968
2025-09-06 20:00:00+00:00,4253.83,4287.26,4252.02,4271.83,70022.51,299178467.9285
2025-09-07 00:00:00+00:00,4271.83,4303.0,4268.86,4296.0,103870.44,445919773.5706
2025-09-07 04:00:00+00:00,4296.0,4306.11,4276.01,4293.12,99731.4,428083721.446
2025-09-07 08:00:00+00:00,4293.12,4314.0,4290.0,4309.29,109971.55,473155954.128
2025-09-07 12:00:00+00:00,4309.29,4310.01,4285.2,4297.19,119827.72,515186927.1432
2025-09-07 16:00:00+00:00,4297.19,4300.01,4268.44,4292.3,145991.85,625055001.8069
2025-09-07 20:00:00+00:00,4292.3,4335.0,4279.16,4304.06,149935.62,645417659.8481
2025-09-08 00:00:00+00:00,4304.06,4329.0,4276.64,4309.83,144597.01,622021162.5498
2025-09-08 04:00:00+00:00,4309.83,4312.2,4285.02,4290.31,107590.75,462217847.0742
2025-09-08 08:00:00+00:00,4290.31,4336.77,4285.83,4309.81,299242.85,1291235762.0777
2025-09-08 12:00:00+00:00,4309.81,4383.0,4303.24,4369.89,429291.16000000003,1864274553.7462
2025-09-08 16:00:00+00:00,4369.89,4372.5,4281.0,4290.82,421982.99,1822625908.9174
2025-09-08 20:00:00+00:00,4290.82,4329.9,4280.0,4304.55,198360.2,853323503.2878
2025-09-09 00:00:00+00:00,4304.55,4314.03,4274.11,4304.47,154728.22,663884398.2612
2025-09-09 04:00:00+00:00,4304.47,4380.0,4300.3,4360.41,285794.04,1242390098.126
2025-09-09 08:00:00+00:00,4360.41,4366.17,4340.12,4346.0,147451.25,641964420.6406
2025-09-09 12:00:00+00:00,4346.0,4366.77,4275.0,4282.12,538945.56,2326285750.5127
2025-09-09 16:00:00+00:00,4282.12,4297.88,4275.3,4292.3,165929.38,711072384.5674
2025-09-09 20:00:00+00:00,4292.3,4319.0,4278.52,4308.67,186400.5,802345662.381
2025-09-10 00:00:00+00:00,4308.67,4325.86,4282.14,4319.57,162513.97,699725020.9514
2025-09-10 04:00:00+00:00,4319.57,4333.45,4293.02,4327.9,168521.08,726728654.857
2025-09-10 08:00:00+00:00,4327.9,4333.34,4304.75,4329.5,143617.89,620734210.0779
2025-09-10 12:00:00+00:00,4329.5,4452.18,4327.26,4402.99,675427.89,2967431472.4806
2025-09-10 16:00:00+00:00,4402.99,4407.32,4297.4,4320.31,443568.02,1928041433.3228
2025-09-10 20:00:00+00:00,4320.31,4354.59,4318.0,4347.51,148879.01,645920066.5060999
2025-09-11 00:00:00+00:00,4347.51,4410.0,4337.0,4403.22,174408.38,762847992.9424
2025-09-11 04:00:00+00:00,4403.22,4449.99,4394.0,4439.17,269431.39,1191312846.5252
2025-09-11 08:00:00+00:00,4439.17,4441.65,4404.43,4428.19,188211.46,832422084.1658
2025-09-11 12:00:00+00:00,4428.19,4484.77,4349.13,4410.62,820392.9500000001,3622427519.6988
2025-09-11 16:00:00+00:00,4410.62,4440.57,4405.62,4422.06,182897.34,808696031.6653
2025-09-11 20:00:00+00:00,4422.06,4468.34,4412.7,4457.11,141252.26,627535490.1340001
2025-09-12 00:00:00+00:00,4457.11,4539.18,4447.94,4503.71,342417.39,1542270471.416
2025-09-12 04:00:00+00:00,4503.71,4562.71,4498.0,4524.89,259748.63,1177629694.0274
2025-09-12 08:00:00+00:00,4524.89,4536.47,4503.2,4520.41,162296.47,733386727.7722
2025-09-12 12:00:00+00:00,4520.41,4570.9,4502.53,4540.88,302253.0,1371639630.6122
2025-09-12 16:00:00+00:00,4540.88,4659.2,4531.95,4655.65,400918.09,1845995874.51
2025-09-12 20:00:00+00:00,4655.65,4754.08,4627.95,4710.31,472992.09,2215307119.665
2025-09-13 00:00:00+00:00,4710.31,4766.07,4689.58,4754.15,209201.26,987178692.3932999
2025-09-13 04:00:00+00:00,4754.15,4754.65,4699.13,4708.87,156487.13999999998,739358860.358
2025-09-13 08:00:00+00:00,4708.87,4737.99,4705.97,4717.87,110512.27,521756725.1905
2025-09-13 12:00:00+00:00,4717.87,4728.99,4640.87,4653.19,327905.72,1535312266.8901
2025-09-13 16:00:00+00:00,4653.19,4666.93,4605.0,4636.92,276034.57,1278731070.4265
2025-09-13 20:00:00+00:00,4636.92,4671.88,4635.6,4665.47,108012.56,503073120.1421
2025-09-14 00:00:00+00:00,4665.47,4692.87,4649.32,4662.45,120131.74,561397639.0662
2025-09-14 04:00:00+00:00,4662.45,4681.8,4632.29,4649.59,143469.17,668506830.7811
2025-09-14 08:00:00+00:00,4649.59,4673.0,4625.22,4633.83,166210.15,773034112.0485
2025-09-14 12:00:00+00:00,4633.83,4645.0,4575.1,4581.98,417270.97,1922810410.5058
2025-09-14 16:00:00+00:00,4581.98,4632.67,4579.0,4615.42,165096.53,760844425.3351
2025-09-14 20:00:00+00:00,4615.42,4637.0,4598.29,4603.52,140260.77,647752957.3112
2025-09-15 00:00:00+00:00,4603.52,4643.0,4579.42,4635.5,155467.63,716958370.6501
2025-09-15 04:00:00+00:00,4635.5,4668.93,4585.0,4596.18,318283.64,1474584333.5398
2025-09-15 08:00:00+00:00,4596.18,4596.18,4496.44,4529.77,545024.09,2471725136.1448
2025-09-15 12:00:00+00:00,4529.77,4541.98,4463.5,4498.0,414258.66,1865863928.0400999
2025-09-15 16:00:00+00:00,4498.0,4513.83,4472.07,4491.46,220300.21,990154829.3824999
2025-09-15 20:00:00+00:00,4491.46,4528.48,4486.31,4521.64,112103.06,505673498.9915
2025-09-16 00:00:00+00:00,4521.64,4536.5,4502.02,4519.29,93825.15,424164038.9424
2025-09-16 04:00:00+00:00,4519.29,4534.31,4485.48,4510.8,198872.4,897097379.1393
2025-09-16 08:00:00+00:00,4510.8,4530.0,4490.48,4499.26,119884.75,540354706.0064
2025-09-16 12:00:00+00:00,4499.26,4511.41,4421.1,4466.0,466115.42,2076861840.2451
2025-09-16 16:00:00+00:00,4466.0,4509.21,4444.36,4489.43,274946.07,1231776402.0743
2025-09-16 20:00:00+00:00,4489.43,4524.0,4481.64,4499.63,187166.22,842826571.5528
2025-09-17 00:00:00+00:00,4499.63,4552.27,4490.11,4495.46,176291.1,796881167.2459
2025-09-17 04:00:00+00:00,4495.46,4553.97,4459.39,4542.22,258237.9,1164153637.962
2025-09-17 08:00:00+00:00,4542.22,4544.13,4476.01,4489.31,206062.2,927297470.5483
2025-09-17 12:00:00+00:00,4489.31,4511.47,4464.0,4487.53,238211.08,1069645874.4837
2025-09-17 16:00:00+00:00,4487.53,4532.68,4400.81,4515.99,912111.96,4082460196.0201
2025-09-17 20:00:00+00:00,4515.99,4616.66,4484.46,4588.79,360862.36,1644320332.4527
2025-09-18 00:00:00+00:00,4588.79,4643.71,4578.4,4612.52,227832.67,1050733544.1184
2025-09-18 04:00:00+00:00,4612.52,4618.78,4551.01,4572.66,203370.31,931480429.3666
2025-09-18 08:00:00+00:00,4572.66,4606.91,4566.4,4573.81,181446.54,832315007.2481999
2025-09-18 12:00:00+00:00,4573.81,4623.82,4556.42,4596.67,379707.07,1744353255.1344
2025-09-18 16:00:00+00:00,4596.67,4634.2,4578.0,4586.14,221266.04,1019484875.2359
2025-09-18 20:00:00+00:00,4586.14,4604.16,4568.16,4585.05,105739.3,485023495.1118
2025-09-19 00:00:00+00:00,4585.05,4618.92,4538.54,4547.75,257940.77,1180883965.9612
2025-09-19 04:00:00+00:00,4547.75,4557.76,4515.82,4537.22,261611.68,1186622072.458
2025-09-19 08:00:00+00:00,4537.22,4548.17,4506.19,4512.13,156510.03,708271106.78
2025-09-19 12:00:00+00:00,4512.13,4542.8,4442.16,4472.62,432484.38,1943806769.0204
2025-09-19 16:00:00+00:00,4472.62,4488.55,4431.0,4438.72,216181.18,963731400.3982999
2025-09-19 20:00:00+00:00,4438.72,4477.78,4436.35,4467.83,122876.36,547932488.5113
2025-09-20 00:00:00+00:00,4467.83,4475.83,4452.55,4464.86,59459.21,265506010.2452
2025-09-20 04:00:00+00:00,4464.86,4483.45,4462.0,4482.43,69668.39,311696539.8973
2025-09-20 08:00:00+00:00,4482.43,4482.43,4455.0,4469.37,59023.16,263714653.9133
2025-09-20 12:00:00+00:00,4469.37,4506.99,4461.44,4497.4,138066.04,619402487.5847
2025-09-20 16:00:00+00:00,4497.4,4508.0,4468.06,4477.95,131197.42,588352709.3288
2025-09-20 20:00:00+00:00,4477.95,4500.24,4476.17,4478.94,49492.08,222132331.6815
2025-09-21 00:00:00+00:00,4478.94,4487.89,4456.0,4476.8,69935.12,312854279.4108
2025-09-21 04:00:00+00:00,4476.8,4491.0,4465.29,4476.71,47656.64,213362459.492
2025-09-21 08:00:00+00:00,4476.71,4478.39,4440.03,4458.3,103686.36,462282301.2876
2025-09-21 12:00:00+00:00,4458.3,4485.0,4457.97,4480.95,70871.85,317045454.4725
2025-09-21 16:00:00+00:00,4480.95,4497.7,4461.82,4492.99,138458.21,620304894.9684
2025-09-21 20:00:00+00:00,4492.99,4493.63,4441.18,4443.11,111466.58,497311033.8658
2025-09-22 00:00:00+00:00,4443.11,4454.6,4258.0,4303.86,659781.3,2862449041.6624
2025-09-22 04:00:00+00:00,4303.86,4308.96,4046.73,4190.62,907353.38,3787639345.419
2025-09-22 08:00:00+00:00,4190.62,4204.88,4133.54,4179.71,295075.93,1230863806.9246
2025-09-22 12:00:00+00:00,4179.71,4218.0,4156.32,4165.46,355032.01,1486659675.7438
2025-09-22 16:00:00+00:00,4165.46,4181.2,4116.64,4132.96,260602.26,1082259159.3165
2025-09-22 20:00:00+00:00,4132.96,4205.99,4131.5,4196.41,135211.22,565308385.8705
2025-09-23 00:00:00+00:00,4196.41,4209.61,4110.94,4186.18,244588.69,1018860363.3111
2025-09-23 04:00:00+00:00,4186.18,4213.84,4152.29,4203.14,166498.88,697683848.9771
2025-09-23 08:00:00+00:00,4203.14,4228.84,4175.7,4189.91,148724.56,624700974.3406
2025-09-23 12:00:00+00:00,4189.91,4209.4,4160.0,4178.97,241941.03,1012562159.6796
2025-09-23 16:00:00+00:00,4178.97,4205.2,4135.0,4151.33,294388.22,1225460552.5413
2025-09-23 20:00:00+00:00,4151.33,4191.0,4137.18,4162.25,118759.5,494979196.0235
2025-09-24 00:00:00+00:00,4162.25,4192.95,4127.18,4145.52,192211.83,799993367.7436
2025-09-24 04:00:00+00:00,4145.52,4182.86,4070.45,4173.6,357616.27,1477437945.8901
2025-09-24 08:00:00+00:00,4173.6,4197.04,4161.84,4179.96,138866.11,580278361.0966
2025-09-24 12:00:00+00:00,4179.96,4205.9,4144.3,4163.66,271727.44,1134909389.1781
2025-09-24 16:00:00+00:00,4163.66,4192.67,4151.89,4158.8,157699.3,657449396.2695
2025-09-24 20:00:00+00:00,4158.8,4170.0,4127.0,4150.28,124359.51,516339907.38890004
2025-09-25 00:00:00+00:00,4150.28,4159.0,4018.04,4060.01,526956.03,2153987228.1719
2025-09-25 04:00:00+00:00,4060.01,4069.0,3960.01,4006.61,517623.99,2075077242.2247
2025-09-25 08:00:00+00:00,4006.61,4050.0,3986.3,3999.96,269857.31,1084835293.608
2025-09-25 12:00:00+00:00,3999.96,4020.98,3921.2,4001.09,712215.64,2835191228.4717
2025-09-25 16:00:00+00:00,4001.09,4004.95,3821.26,3910.49,927596.4400000001,3614972815.1261
2025-09-25 20:00:00+00:00,3910.49,3936.31,3847.01,3872.05,337474.04,1312731465.6721
2025-09-26 00:00:00+00:00,3872.05,3971.29,3864.98,3964.39,279027.53,1096238693.9303
2025-09-26 04:00:00+00:00,3964.39,3976.0,3906.12,3938.1,287575.66,1130919901.1318
2025-09-26 08:00:00+00:00,3938.1,3944.15,3870.84,3904.36,224885.94,878173590.289
2025-09-26 12:00:00+00:00,3904.36,3984.0,3873.04,3944.0,526026.25,2070918056.1963
2025-09-26 16:00:00+00:00,3944.0,4067.82,3940.86,4021.68,399565.99,1606705854.9768
2025-09-26 20:00:00+00:00,4021.68,4038.78,4002.2,4029.69,131534.05,528855443.2712
2025-09-27 00:00:00+00:00,4029.69,4031.04,4003.5,4017.01,68244.43000000001,274164260.8812
2025-09-27 04:00:00+00:00,4017.01,4026.78,4003.82,4006.05,56065.29,225030916.98409998
2025-09-27 08:00:00+00:00,4006.05,4016.8,3970.48,4000.97,193791.93,773785741.5792
2025-09-27 12:00:00+00:00,4000.97,4037.6,3992.86,4017.17,160429.58,644111906.4306
2025-09-27 16:00:00+00:00,4017.17,4018.29,3978.0,4000.69,124373.63,496796361.5161
2025-09-27 20:00:00+00:00,4000.69,4032.4,3998.73,4016.9,60368.74,242431774.7289
2025-09-28 00:00:00+00:00,4016.9,4030.64,3991.95,4000.99,82947.23,332356557.0317
2025-09-28 04:00:00+00:00,4000.99,4018.67,3994.75,4012.2,61648.29,246909305.9392
2025-09-28 08:00:00+00:00,4012.2,4014.31,3981.21,3990.66,100730.23,402335471.874
2025-09-28 12:00:00+00:00,3990.66,4027.36,3960.98,4019.14,190956.32,763753271.5244
2025-09-28 16:00:00+00:00,4019.14,4053.4,4019.14,4037.19,143341.07,578432947.0519
2025-09-28 20:00:00+00:00,4037.19,4143.0,4033.15,4139.5,263898.0,1081234238.712
2025-09-29 00:00:00+00:00,4139.5,4144.15,4101.14,4120.68,135570.06,558709975.9624
2025-09-29 04:00:00+00:00,4120.68,4122.43,4085.9,4106.9,112134.82,460318490.1615
2025-09-29 08:00:00+00:00,4106.9,4139.63,4092.07,4101.53,145625.57,599604457.787
2025-09-29 12:00:00+00:00,4101.53,4204.8,4079.0,4162.99,496286.22,2063388060.1049
2025-09-29 16:00:00+00:00,4162.99,4192.35,4125.33,4186.99,204255.95,848829771.7724
2025-09-29 20:00:00+00:00,4186.99,4234.8,4179.5,4212.56,190577.77,803507782.9344
2025-09-30 00:00:00+00:00,4212.56,4244.74,4185.49,4196.59,180198.33,758326529.5027
2025-09-30 04:00:00+00:00,4196.59,4205.82,4166.74,4180.47,161546.65,676168058.8607
2025-09-30 08:00:00+00:00,4180.47,4181.39,4132.0,4162.28,221353.95,919838890.0541
2025-09-30 12:00:00+00:00,4162.28,4175.82,4091.52,4117.45,342204.02,1414668493.0092
2025-09-30 16:00:00+00:00,4117.45,4169.57,4089.48,4158.46,223071.77,918899845.7115
2025-09-30 20:00:00+00:00,4158.46,4201.72,4115.75,4143.41,275765.33,1146573782.7558
2025-10-01 00:00:00+00:00,4143.41,4172.99,4122.09,4127.28,199711.24,828348316.3355
2025-10-01 04:00:00+00:00,4127.28,4155.87,4121.11,4144.43,121302.49,502125397.4397
2025-10-01 08:00:00+00:00,4144.43,4329.89,4141.27,4296.86,584246.31,2493303056.6814
2025-10-01 12:00:00+00:00,4296.86,4342.83,4277.57,4325.54,308827.89,1331199896.6834
2025-10-01 16:00:00+00:00,4325.54,4338.77,4286.01,4332.07,214169.87,924549160.3471
2025-10-01 20:00:00+00:00,4332.07,4353.85,4285.11,4346.0,158073.98,683321964.54
2025-10-02 00:00:00+00:00,4346.0,4398.58,4330.26,4375.68,299104.38,1307177905.3240001
2025-10-02 04:00:00+00:00,4375.68,4423.21,4356.09,4374.3,313622.5,1377104677.6026
2025-10-02 08:00:00+00:00,4374.3,4395.93,4367.63,4377.33,115766.56999999999,507368473.5187
2025-10-02 12:00:00+00:00,4377.33,4442.11,4330.47,4435.95,569233.58,2499865343.9997
2025-10-02 16:00:00+00:00,4435.95,4515.77,4424.16,4492.85,406742.29,1817237340.4642
2025-10-02 20:00:00+00:00,4492.85,4495.2,4453.43,4481.74,158795.07,710606214.6799
2025-10-03 00:00:00+00:00,4481.74,4558.84,4458.42,4498.77,209724.63,945045699.4502
2025-10-03 04:00:00+00:00,4498.77,4508.81,4451.0,4460.45,166977.37,747206074.0602
2025-10-03 08:00:00+00:00,4460.45,4494.0,4425.38,4476.96,196099.84,874953746.7754
2025-10-03 12:00:00+00:00,4476.96,4541.68,4433.28,4533.61,344377.15,1542336120.2968
2025-10-03 16:00:00+00:00,4533.61,4592.59,4448.57,4517.1,627718.78,2836195385.7006
2025-10-03 20:00:00+00:00,4517.1,4541.28,4489.05,4511.2,102884.77,464690620.2473
2025-10-04 00:00:00+00:00,4511.2,4515.66,4462.0,4484.13,115699.73,518778698.638
2025-10-04 04:00:00+00:00,4484.13,4516.67,4477.08,4497.0,108603.31,488652460.9873
2025-10-04 08:00:00+00:00,4497.0,4503.2,4478.13,4482.77,93614.3,420375078.1531
2025-10-04 12:00:00+00:00,4482.77,4510.5,4437.65,4453.51,200829.06,898560636.0363001
2025-10-04 16:00:00+00:00,4453.51,4476.18,4438.08,4466.5,116890.21,521315920.31380004
2025-10-04 20:00:00+00:00,4466.5,4494.0,4466.5,4485.74,64224.39,287919228.1733
2025-10-05 00:00:00+00:00,4485.74,4574.18,4464.97,4530.01,308870.07,1399047260.5825999
2025-10-05 04:00:00+00:00,4530.01,4614.28,4526.16,4604.65,307670.24,1406805248.3173
2025-10-05 08:00:00+00:00,4604.65,4618.86,4521.71,4549.44,333368.0,1519962396.5732
2025-10-05 12:00:00+00:00,4549.44,4550.05,4524.0,4530.37,138021.48,626158102.2997
2025-10-05 16:00:00+00:00,4530.37,4539.49,4479.0,4484.79,249468.12,1124932169.3997
2025-10-05 20:00:00+00:00,4484.79,4522.42,4471.84,4511.97,108001.18000000001,486274530.40860003
2025-10-06 00:00:00+00:00,4511.97,4551.38,4485.27,4535.07,218640.78,989297871.0587
2025-10-06 04:00:00+00:00,4535.07,4576.85,4506.53,4531.4,185674.66,843531038.3552
2025-10-06 08:00:00+00:00,4531.4,4592.92,4531.31,4569.93,155400.26,709757777.143
2025-10-06 12:00:00+00:00,4569.93,4693.32,4568.23,4671.33,457794.39,2122044828.0137
2025-10-06 16:00:00+00:00,4671.33,4732.36,4657.18,4720.4,289247.98,1358077753.0300999
2025-10-06 20:00:00+00:00,4720.4,4733.96,4667.0,4681.76,143003.42,671532073.7044
2025-10-07 00:00:00+00:00,4681.76,4697.34,4659.85,4688.78,89977.78,421074629.6378
2025-10-07 04:00:00+00:00,4688.78,4729.99,4663.0,4676.92,232983.57,1093210854.2744
2025-10-07 08:00:00+00:00,4676.92,4712.55,4636.0,4707.34,215111.72,1005514473.2138
2025-10-07 12:00:00+00:00,4707.34,4755.7,4472.0,4511.01,1097202.4,5061923151.2059
2025-10-07 16:00:00+00:00,4511.01,4522.73,4445.0,4478.5,577351.77,2588521161.1081
2025-10-07 20:00:00+00:00,4478.5,4516.6,4425.75,4445.65,222012.65,994362348.6097
2025-10-08 00:00:00+00:00,4445.65,4497.11,4431.32,4442.05,191995.37,856649105.0101
2025-10-08 04:00:00+00:00,4442.05,4465.27,4409.59,4461.5,199643.51,886672730.7509
2025-10-08 08:00:00+00:00,4461.5,4505.63,4456.0,4486.0,169092.97,758088215.1053
2025-10-08 12:00:00+00:00,4486.0,4521.99,4433.5,4444.83,360244.86,1611155176.9386
2025-10-08 16:00:00+00:00,4444.83,4556.78,4436.4,4513.13,365558.45,1649562053.9134
2025-10-08 20:00:00+00:00,4513.13,4539.99,4498.0,4524.4,103458.24,467572440.8425
2025-10-09 00:00:00+00:00,4524.4,4530.24,4401.2,4449.2,299883.46,1335712930.4381
2025-10-09 04:00:00+00:00,4449.2,4459.0,4408.25,4424.22,149812.16,664550676.2192
2025-10-09 08:00:00+00:00,4424.22,4425.08,4317.56,4371.14,465497.75,2028157404.8084
2025-10-09 12:00:00+00:00,4371.14,4411.48,4288.0,4312.13,491694.94,2138685461.7453
2025-10-09 16:00:00+00:00,4312.13,4343.97,4262.82,4337.25,325105.12,1400378502.3392
2025-10-09 20:00:00+00:00,4337.25,4382.0,4326.5,4367.14,106510.38,463914689.8908
2025-10-10 00:00:00+00:00,4367.14,4392.9,4341.51,4346.0,147192.85,643230655.5966
2025-10-10 04:00:00+00:00,4346.0,4377.0,4313.3,4321.18,165370.44,717927356.7413
2025-10-10 08:00:00+00:00,4321.18,4350.0,4311.26,4341.59,118749.89,514556313.9745
2025-10-10 12:00:00+00:00,4341.59,4389.64,4067.98,4100.91,961720.38,4061660947.7860003
2025-10-10 16:00:00+00:00,4100.91,4136.03,3946.77,3994.7,811880.4,3289490465.8411
2025-10-10 20:00:00+00:00,3994.7,4022.24,3311.76,3823.77,2638403.87,9927527118.423
2025-10-11 00:00:00+00:00,3823.77,3873.88,3720.93,3788.9,413751.66,1571512640.9197
2025-10-11 04:00:00+00:00,3788.9,3830.79,3731.0,3757.45,290686.27,1099142350.9287
2025-10-11 08:00:00+00:00,3757.45,3857.38,3747.0,3838.27,313910.31,1198273237.0632
2025-10-11 12:00:00+00:00,3838.27,3854.0,3781.73,3822.93,239805.11,915831544.0159
2025-10-11 16:00:00+00:00,3822.93,3846.55,3726.24,3757.42,222383.67,842887254.6275
2025-10-11 20:00:00+00:00,3757.42,3764.95,3637.48,3745.01,362975.43,1346237261.4991
2025-10-12 00:00:00+00:00,3745.01,3818.19,3690.49,3779.66,284791.52,1065317960.1799
2025-10-12 04:00:00+00:00,3779.66,3843.06,3773.62,3825.78,187032.45,713318447.0102
2025-10-12 08:00:00+00:00,3825.78,3866.79,3803.93,3818.01,172113.9,658942872.9785
2025-10-12 12:00:00+00:00,3818.01,4078.0,3790.69,4032.79,762932.99,3016810103.4248
2025-10-12 16:00:00+00:00,4032.79,4175.79,4032.79,4133.6,560321.88,2303891184.5767
2025-10-12 20:00:00+00:00,4133.6,4196.97,4080.53,4150.3,357597.12,1478765289.6069
2025-10-13 00:00:00+00:00,4150.3,4218.74,4121.9,4138.06,226743.05,943561893.8467
2025-10-13 04:00:00+00:00,4138.06,4197.43,4112.64,4177.02,205062.71,851815042.7015
2025-10-13 08:00:00+00:00,4177.02,4194.67,4034.23,4078.07,344709.43,1418297581.6541
2025-10-13 12:00:00+00:00,4078.07,4180.0,4054.06,4133.76,549212.53,2264037517.4031
2025-10-13 16:00:00+00:00,4133.76,4270.0,4126.29,4250.4,373915.91,1571806597.3324
2025-10-13 20:00:00+00:00,4250.4,4290.0,4231.27,4239.36,165475.94,704754915.5708001
2025-10-14 00:00:00+00:00,4239.36,4262.0,4135.0,4150.86,291693.55,1222611891.1296
2025-10-14 04:00:00+00:00,4150.86,4158.64,3961.41,3978.51,611080.14,2472198930.8190002
2025-10-14 08:00:00+00:00,3978.51,4012.3,3885.0,3969.37,564597.21,2234832175.4127
2025-10-14 12:00:00+00:00,3969.37,4087.88,3891.43,4084.02,760735.67,3022329766.643
2025-10-14 16:00:00+00:00,4084.02,4167.96,4044.12,4101.12,739076.4,3034675679.4303
2025-10-14 20:00:00+00:00,4101.12,4144.18,4071.04,4122.81,161779.17,665554575.6274
2025-10-15 00:00:00+00:00,4122.81,4144.83,4058.03,4079.6,238618.16,979114225.6557
2025-10-15 04:00:00+00:00,4079.6,4128.15,4070.0,4120.24,201749.2,827780673.503
2025-10-15 08:00:00+00:00,4120.24,4215.43,4084.62,4097.45,381617.41,1582579756.8107
2025-10-15 12:00:00+00:00,4097.45,4105.77,3956.0,3978.4,561030.95,2267461239.7683
2025-10-15 16:00:00+00:00,3978.4,4012.79,3926.09,3980.98,368341.89,1464867531.405
2025-10-15 20:00:00+00:00,3980.98,3994.12,3923.01,3983.61,266775.37,1057282116.0258
2025-10-16 00:00:00+00:00,3983.61,4034.87,3973.2,4013.04,144371.27,578844199.9945
2025-10-16 04:00:00+00:00,4013.04,4049.37,3977.18,4001.83,198242.38,795153988.0038
2025-10-16 08:00:00+00:00,4001.83,4079.88,3935.14,4060.4,358813.04,1440997120.1858
2025-10-16 12:00:00+00:00,4060.4,4084.0,3888.05,3904.01,624293.59,2494317377.9686
2025-10-16 16:00:00+00:00,3904.01,3966.41,3848.03,3865.26,622878.74,2429225390.8082
2025-10-16 20:00:00+00:00,3865.26,3896.74,3822.74,3892.37,211665.26,817654568.0073
2025-10-17 00:00:00+00:00,3892.37,3949.59,3886.36,3931.72,180204.99,706053205.6449
2025-10-17 04:00:00+00:00,3931.72,3935.34,3750.0,3753.75,429068.5,1642415942.3553
2025-10-17 08:00:00+00:00,3753.75,3816.66,3672.0,3776.22,724800.36,2711555563.664
2025-10-17 12:00:00+00:00,3776.22,3809.66,3712.13,3795.75,517887.13,1951954172.2436001
2025-10-17 16:00:00+00:00,3795.75,3849.31,3776.48,3825.87,367677.1,1403495476.2435
2025-10-17 20:00:00+00:00,3825.87,3881.74,3816.15,3829.88,177486.3,684487540.5197
2025-10-18 00:00:00+00:00,3829.88,3880.45,3817.0,3868.8,120260.58,463481693.5733
2025-10-18 04:00:00+00:00,3868.8,3926.99,3840.0,3891.12,174226.56,676962597.4507
2025-10-18 08:00:00+00:00,3891.12,3904.0,3860.0,3880.21,116758.89,452889901.6326
2025-10-18 12:00:00+00:00,3880.21,3892.24,3845.95,3876.01,108624.21,420176047.2831
2025-10-18 16:00:00+00:00,3876.01,3898.99,3851.8,3892.01,94798.85,367524440.58
2025-10-18 20:00:00+00:00,3892.01,3908.69,3865.89,3886.9,77218.1,300207875.5485
2025-10-19 00:00:00+00:00,3886.9,3905.0,3853.59,3904.71,83720.44,324451206.6843
2025-10-19 04:00:00+00:00,3904.71,3919.88,3870.86,3886.37,97678.81999999999,379989341.1114
2025-10-19 08:00:00+00:00,3886.37,3957.32,3824.1,3922.66,465202.26,1812581089.5034
2025-10-19 12:00:00+00:00,3922.66,4001.55,3903.56,3977.78,238594.56,945009384.3268
2025-10-19 16:00:00+00:00,3977.78,4026.15,3956.13,3983.82,190867.78,761808299.3894
2025-10-19 20:00:00+00:00,3983.82,4031.62,3967.17,3980.97,168609.29,673875538.9282
2025-10-20 00:00:00+00:00,3980.97,4039.25,3906.5,4025.37,321661.61,1272073494.9591
2025-10-20 04:00:00+00:00,4025.37,4084.83,4020.69,4053.67,251562.16,1020176065.2385
2025-10-20 08:00:00+00:00,4053.67,4071.03,4009.44,4032.82,186675.57,753721741.0937
2025-10-20 12:00:00+00:00,4032.82,4049.1,4000.0,4002.12,193478.44,779431675.5513
2025-10-20 16:00:00+00:00,4002.12,4002.12,3920.13,3979.4,403646.74,1597274340.0846999
2025-10-20 20:00:00+00:00,3979.4,4002.19,3968.13,3977.84,89229.87,355580084.8895
2025-10-21 00:00:00+00:00,3977.84,3985.12,3916.11,3920.76,147876.05,583509703.2881
2025-10-21 04:00:00+00:00,3920.76,3920.76,3837.47,3890.33,346204.91,1340427491.0312
2025-10-21 08:00:00+00:00,3890.33,3895.98,3849.54,3888.19,192799.73,746655171.8106999
2025-10-21 12:00:00+00:00,3888.19,4084.54,3850.0,4081.69,840035.88,3326112648.5956
2025-10-21 16:00:00+00:00,4081.69,4110.0,3960.45,3993.81,639694.58,2579254004.0274
2025-10-21 20:00:00+00:00,3993.81,3999.46,3854.83,3870.7,476282.61,1866136046.0755
2025-10-22 00:00:00+00:00,3870.7,3888.29,3815.36,3857.51,249032.57,959668540.343
2025-10-22 04:00:00+00:00,3857.51,3882.65,3835.04,3866.89,157489.68,607536466.0515
2025-10-22 08:00:00+00:00,3866.89,3867.27,3765.6,3826.63,347092.62,1325845077.0876
2025-10-22 12:00:00+00:00,3826.63,3875.82,3776.04,3839.44,631648.5599999999,2418661065.7076
2025-10-22 16:00:00+00:00,3839.44,3860.1,3781.77,3802.8,363427.85,1388940224.677
2025-10-22 20:00:00+00:00,3802.8,3814.97,3703.14,3803.73,340180.75,1279486688.2654
2025-10-23 00:00:00+00:00,3803.73,3835.37,3794.6,3825.63,120992.71,462027908.3279
2025-10-23 04:00:00+00:00,3825.63,3896.15,3820.6,3879.74,229598.21,887604256.1221
2025-10-23 08:00:00+00:00,3879.74,3904.73,3856.64,3861.76,181818.68,706103558.2248
2025-10-23 12:00:00+00:00,3861.76,3887.35,3806.69,3875.0,379919.3,1461321907.5528
2025-10-23 16:00:00+00:00,3875.0,3935.0,3840.47,3857.87,374523.58,1456764214.9057
2025-10-23 20:00:00+00:00,3857.87,3858.89,3815.74,3855.12,167342.06,642458546.3171
2025-10-24 00:00:00+00:00,3855.12,3894.7,3843.25,3889.2,145879.48,564965588.3864
2025-10-24 04:00:00+00:00,3889.2,3987.87,3884.09,3948.0,312295.41,1235242415.5345
2025-10-24 08:00:00+00:00,3948.0,3969.0,3923.55,3945.71,164687.5,650377360.2785
2025-10-24 12:00:00+00:00,3945.71,4029.3,3868.01,3887.24,604612.59,2384191876.8977
2025-10-24 16:00:00+00:00,3887.24,3936.8,3863.72,3924.76,187910.6,732063863.6344
2025-10-24 20:00:00+00:00,3924.76,3944.87,3921.8,3933.76,65517.479999999996,257743265.1794
2025-10-25 00:00:00+00:00,3933.76,3938.93,3910.84,3919.8,74377.36,291921004.7837
2025-10-25 04:00:00+00:00,3919.8,3959.25,3917.65,3927.0,112902.05,443946101.3473
2025-10-25 08:00:00+00:00,3927.0,3955.49,3925.78,3938.71,89200.71,351547936.9224
2025-10-25 12:00:00+00:00,3938.71,3956.89,3922.05,3931.8,83232.02,327895130.9102
2025-10-25 16:00:00+00:00,3931.8,3968.59,3926.08,3956.33,73409.48,289816572.6178
2025-10-25 20:00:00+00:00,3956.33,3963.89,3934.26,3952.01,48200.08,190373018.5055
2025-10-26 00:00:00+00:00,3952.01,3960.41,3913.4,3930.51,100035.41,393345731.91069996
2025-10-26 04:00:00+00:00,3930.51,3955.46,3927.21,3950.24,44267.18,174452835.222
2025-10-26 08:00:00+00:00,3950.24,4055.62,3949.17,4044.0,272213.8,1088633990.0604
2025-10-26 12:00:00+00:00,4044.0,4100.0,4040.0,4073.72,285479.68,1162114122.3431
2025-10-26 16:00:00+00:00,4073.72,4079.58,4045.4,4066.65,89908.01,365329313.3635
2025-10-26 20:00:00+00:00,4066.65,4179.42,4051.17,4157.96,280143.51,1157091726.9612
2025-10-27 00:00:00+00:00,4157.96,4224.29,4147.42,4203.19,260107.01,1089902091.925
2025-10-27 04:00:00+00:00,4203.19,4254.61,4192.58,4200.01,237265.33,1001813409.5174
2025-10-27 08:00:00+00:00,4200.01,4200.37,4130.36,4160.81,284843.36,1185517080.6519
2025-10-27 12:00:00+00:00,4160.81,4186.3,4121.24,4172.0,292100.87,1213284012.1436
2025-10-27 16:00:00+00:00,4172.0,4233.02,4171.54,4191.61,256545.8,1078829927.7236
2025-10-27 20:00:00+00:00,4191.61,4194.06,4092.55,4117.9,300012.7,1239196218.409
2025-10-28 00:00:00+00:00,4117.9,4140.59,4065.0,4091.99,223903.44,917959763.8113999
2025-10-28 04:00:00+00:00,4091.99,4126.07,4064.0,4115.01,160062.49,655766981.5153
2025-10-28 08:00:00+00:00,4115.01,4134.64,4101.31,4110.08,120722.02,497084923.09000003
2025-10-28 12:00:00+00:00,4110.08,4174.83,4067.2,4094.86,465644.7,1919886466.4085
2025-10-28 16:00:00+00:00,4094.86,4149.88,4024.0,4037.06,316308.8,1295414840.8251
2025-10-28 20:00:00+00:00,4037.06,4040.2,3929.2,3976.81,437676.38,1742134299.6549
2025-10-29 00:00:00+00:00,3976.81,4007.67,3961.57,3995.9,136730.61,544761283.5862
2025-10-29 04:00:00+00:00,3995.9,4037.12,3993.61,4023.15,123622.97,497123864.314
2025-10-29 08:00:00+00:00,4023.15,4025.68,3981.58,4008.93,142358.52,569515556.5685
2025-10-29 12:00:00+00:00,4008.93,4027.99,3938.5,3950.0,304925.31,1214367358.5923
2025-10-29 16:00:00+00:00,3950.0,4017.99,3834.28,3902.91,791732.5,3109252442.953
2025-10-29 20:00:00+00:00,3902.91,3963.74,3870.85,3900.65,211606.5,829295333.3752
2025-10-30 00:00:00+00:00,3900.65,3947.67,3882.56,3932.52,147582.92,578846560.8071
2025-10-30 04:00:00+00:00,3932.52,3944.32,3833.78,3938.71,457425.96,1781293412.9917
2025-10-30 08:00:00+00:00,3938.71,3938.98,3874.27,3878.7,175622.56,685474504.9666
2025-10-30 12:00:00+00:00,3878.7,3882.92,3755.49,3771.18,516069.73,1962944589.1719
2025-10-30 16:00:00+00:00,3771.18,3801.3,3675.55,3684.05,462444.27,1727653281.6543
2025-10-30 20:00:00+00:00,3684.05,3806.0,3677.0,3803.06,218064.75,817534928.7717
2025-10-31 00:00:00+00:00,3803.06,3859.91,3794.25,3827.89,237275.78,908754361.7804999
2025-10-31 04:00:00+00:00,3827.89,3872.97,3818.92,3829.5,192390.72,739906501.8975
2025-10-31 08:00:00+00:00,3829.5,3884.34,3816.33,3872.86,160967.62,618877281.9136
2025-10-31 12:00:00+00:00,3872.86,3887.7,3828.36,3857.73,285043.84,1099350906.823
2025-10-31 16:00:00+00:00,3857.73,3905.45,3801.56,3884.3,347147.48,1334708235.701
2025-10-31 20:00:00+00:00,3884.3,3891.48,3837.59,3845.8,75318.83,290930960.7974
2025-11-01 00:00:00+00:00,3845.8,3862.69,3827.09,3859.47,78724.66,302596610.1046
2025-11-01 04:00:00+00:00,3859.47,3867.34,3850.01,3859.42,55749.86,215196923.0644
2025-11-01 08:00:00+00:00,3859.42,3881.5,3858.72,3876.35,59593.29,230782788.6829
2025-11-01 12:00:00+00:00,3876.35,3901.47,3856.0,3893.19,91599.8,355166573.9509
2025-11-01 16:00:00+00:00,3893.19,3908.0,3860.43,3877.99,91436.85,354778338.6443
2025-11-01 20:00:00+00:00,3877.99,3891.08,3860.99,3871.8,60410.8,234043116.71
2025-11-02 00:00:00+00:00,3871.8,3885.87,3860.1,3878.78,37188.64,144011678.8635
2025-11-02 04:00:00+00:00,3878.78,3917.01,3873.67,3904.34,98498.03,384025356.4548
2025-11-02 08:00:00+00:00,3904.34,3909.4,3843.64,3888.13,186617.39,723014043.2579
2025-11-02 12:00:00+00:00,3888.13,3892.77,3836.45,3851.15,141997.5,548363728.6365
2025-11-02 16:00:00+00:00,3851.15,3865.37,3837.07,3854.46,66553.14,256410457.4144
2025-11-02 20:00:00+00:00,3854.46,3915.43,3841.8,3905.15,134725.28,522419610.8059
2025-11-03 00:00:00+00:00,3905.15,3914.02,3723.88,3733.87,402963.25,1532399102.635
2025-11-03 04:00:00+00:00,3733.87,3763.67,3680.0,3712.17,310257.54,1155171493.8576
2025-11-03 08:00:00+00:00,3712.17,3739.53,3658.0,3709.31,353461.93,1308065617.1462
2025-11-03 12:00:00+00:00,3709.31,3747.76,3578.57,3586.82,642966.09,2351540364.3931
2025-11-03 16:00:00+00:00,3586.82,3681.79,3561.0,3629.46,428371.82,1551711174.2083
2025-11-03 20:00:00+00:00,3629.46,3635.0,3554.05,3601.83,278761.89,1000547584.3471
2025-11-04 00:00:00+00:00,3601.83,3653.68,3564.08,3640.41,192659.59,697683895.2455
2025-11-04 04:00:00+00:00,3640.41,3646.73,3470.08,3492.61,554407.9,1955022894.8324
2025-11-04 08:00:00+00:00,3492.61,3534.72,3458.01,3527.21,288420.76,1007594855.8931
2025-11-04 12:00:00+00:00,3527.21,3586.48,3471.1,3505.76,480000.46,1693364601.885
2025-11-04 16:00:00+00:00,3505.76,3519.0,3224.84,3229.47,1029827.44,3453021172.0338
2025-11-04 20:00:00+00:00,3229.47,3303.42,3051.42,3284.8,1169242.91,3729768823.8072
2025-11-05 00:00:00+00:00,3284.8,3347.58,3165.0,3333.35,535850.29,1743328855.4285
2025-11-05 04:00:00+00:00,3333.35,3354.22,3299.18,3329.01,206646.81,687460505.1878
2025-11-05 08:00:00+00:00,3329.01,3329.26,3272.56,3321.78,272245.02999999997,898347342.0843
2025-11-05 12:00:00+00:00,3321.78,3397.98,3311.66,3396.06,451467.52999999997,1511601529.2084
2025-11-05 16:00:00+00:00,3396.06,3477.99,3367.7,3452.58,435302.56,1490991657.0973
2025-11-05 20:00:00+00:00,3452.58,3478.87,3413.03,3422.79,217180.56,747357753.1552
2025-11-06 00:00:00+00:00,3422.79,3449.81,3373.22,3431.29,215508.14,734505283.4119
2025-11-06 04:00:00+00:00,3431.29,3455.0,3359.26,3378.45,245691.49,834783699.9213
2025-11-06 08:00:00+00:00,3378.45,3414.07,3364.02,3398.11,165218.35,559835788.3169
2025-11-06 12:00:00+00:00,3398.11,3404.01,3275.02,3298.85,537811.38,1798029020.9341
2025-11-06 16:00:00+00:00,3298.85,3351.5,3242.67,3323.68,520984.52,1719585963.8527
2025-11-06 20:00:00+00:00,3323.68,3334.79,3285.01,3313.62,170728.67,564632102.8697
2025-11-07 00:00:00+00:00,3313.62,3364.98,3272.14,3343.47,284840.48,946124640.9475
2025-11-07 04:00:00+00:00,3343.47,3369.0,3317.03,3356.14,157049.99,525786959.7613
2025-11-07 08:00:00+00:00,3356.14,3359.26,3223.11,3258.0,286482.21,939033105.1704
2025-11-07 12:00:00+00:00,3258.0,3317.16,3191.51,3295.38,517606.85,1683501996.7761
2025-11-07 16:00:00+00:00,3295.38,3448.6,3271.93,3441.72,400764.66,1352324286.1475
2025-11-07 20:00:00+00:00,3441.72,3471.93,3426.73,3434.39,173482.58,598500079.4718
2025-11-08 00:00:00+00:00,3434.39,3466.81,3405.0,3452.2,182814.62,629021715.2627
2025-11-08 04:00:00+00:00,3452.2,3487.19,3415.76,3446.55,210452.54,725551364.484
2025-11-08 08:00:00+00:00,3446.55,3471.77,3405.0,3411.39,135934.66,467365529.3508
2025-11-08 12:00:00+00:00,3411.39,3416.34,3365.0,3375.09,209468.41999999998,710908935.6902
2025-11-08 16:00:00+00:00,3375.09,3406.0,3353.29,3387.66,177200.62,598861582.0771
2025-11-08 20:00:00+00:00,3387.66,3413.96,3378.96,3400.54,61984.72,210743726.5174
2025-11-09 00:00:00+00:00,3400.54,3402.89,3356.53,3374.84,114683.11,387466987.5254
2025-11-09 04:00:00+00:00,3374.84,3428.42,3368.03,3420.6,124896.53,424754973.2724
2025-11-09 08:00:00+00:00,3420.6,3433.66,3380.0,3427.33,157301.13,536350159.7932
2025-11-09 12:00:00+00:00,3427.33,3563.12,3423.29,3513.29,412512.65,1443169030.8753
2025-11-09 16:00:00+00:00,3513.29,3579.2,3499.19,3579.19,206254.15,728642287.2501
2025-11-09 20:00:00+00:00,3579.19,3622.07,3559.65,3581.23,224679.09,804895782.0507
2025-11-10 00:00:00+00:00,3581.23,3658.0,3546.8,3625.96,279202.2,1010862339.7026
2025-11-10 04:00:00+00:00,3625.96,3630.82,3587.01,3607.13,152092.87,548737035.5149
2025-11-10 08:00:00+00:00,3607.13,3629.94,3585.0,3608.71,145587.49,524811194.1704
2025-11-10 12:00:00+00:00,3608.71,3621.23,3506.18,3517.71,403510.17,1436486150.417
2025-11-10 16:00:00+00:00,3517.71,3574.58,3505.0,3556.48,215022.01,760608707.8567
2025-11-10 20:00:00+00:00,3556.48,3582.45,3525.42,3566.26,139324.7,495329148.7221
2025-11-11 00:00:00+00:00,3566.26,3647.38,3550.68,3604.12,275257.83,990837920.6615
2025-11-11 04:00:00+00:00,3604.12,3608.75,3527.76,3542.31,222502.68,791710417.2145
2025-11-11 08:00:00+00:00,3542.31,3586.23,3541.12,3572.29,136930.08,487909912.9121
2025-11-11 12:00:00+00:00,3572.29,3593.25,3465.85,3479.34,450438.33,1585501843.8547
2025-11-11 16:00:00+00:00,3479.34,3499.0,3443.23,3455.4,239230.98,830399879.7692
2025-11-11 20:00:00+00:00,3455.4,3460.9,3403.01,3415.57,231859.19,794949488.7943
2025-11-12 00:00:00+00:00,3415.57,3454.34,3407.3,3437.79,191313.32,656718029.639
2025-11-12 04:00:00+00:00,3437.79,3456.11,3422.41,3426.39,92269.45,317669577.2955
2025-11-12 08:00:00+00:00,3426.39,3569.76,3426.39,3548.1,308270.13,1080578713.4303
2025-11-12 12:00:00+00:00,3548.1,3587.38,3415.13,3426.4,562297.57,1971643428.6017
2025-11-12 16:00:00+00:00,3426.4,3452.5,3368.17,3406.17,583097.55,1987643521.4867
2025-11-12 20:00:00+00:00,3406.17,3439.99,3390.17,3412.72,137575.3,469675528.0984
2025-11-13 00:00:00+00:00,3412.72,3472.23,3373.05,3451.13,283592.64,972730313.5564
2025-11-13 04:00:00+00:00,3451.13,3564.38,3431.07,3536.7,334735.58,1173913323.3093
2025-11-13 08:00:00+00:00,3536.7,3548.88,3475.0,3499.88,253365.06,889145391.8149999
2025-11-13 12:00:00+00:00,3499.88,3509.88,3363.88,3384.61,630910.9299999999,2165250916.92
2025-11-13 16:00:00+00:00,3384.61,3396.74,3173.08,3195.38,772729.45,2524437981.9342
2025-11-13 20:00:00+00:00,3195.38,3270.73,3151.57,3229.3,433857.16000000003,1388070735.4052
2025-11-14 00:00:00+00:00,3229.3,3250.0,3181.21,3226.26,298232.84,958642225.0316
2025-11-14 04:00:00+00:00,3226.26,3239.78,3105.44,3213.46,572603.79,1817461339.1445
2025-11-14 08:00:00+00:00,3213.46,3217.82,3114.89,3142.99,354220.75,1121783513.5764
2025-11-14 12:00:00+00:00,3142.99,3233.6,3066.85,3195.73,817339.82,2570674114.7784
2025-11-14 16:00:00+00:00,3195.73,3256.55,3152.5,3206.51,383847.15,1229142133.8184
2025-11-14 20:00:00+00:00,3206.51,3212.45,3086.73,3110.56,311877.34,978949987.3563
2025-11-15 00:00:00+00:00,3110.56,3192.77,3108.15,3178.05,161707.98,510974516.6134
2025-11-15 04:00:00+00:00,3178.05,3191.5,3156.14,3175.01,96775.73,307047724.4418
2025-11-15 08:00:00+00:00,3175.01,3176.91,3131.89,3151.15,135257.19,426553430.1867
2025-11-15 12:00:00+00:00,3151.15,3197.24,3145.74,3184.74,108500.08,344812530.8965
2025-11-15 16:00:00+00:00,3184.74,3230.0,3161.08,3196.59,156828.0,501714655.5781
2025-11-15 20:00:00+00:00,3196.59,3199.81,3151.1,3166.38,117488.98,372457476.4024
2025-11-16 00:00:00+00:00,3166.38,3209.04,3130.0,3201.53,166984.55,528235960.6295
2025-11-16 04:00:00+00:00,3201.53,3219.8,3185.28,3218.41,92480.88,296283955.0664
2025-11-16 08:00:00+00:00,3218.41,3248.46,3157.9,3167.4,217855.88,698332329.7373999
2025-11-16 12:00:00+00:00,3167.4,3181.0,3096.0,3103.48,257752.61,811532180.6179
2025-11-16 16:00:00+00:00,3103.48,3128.16,3020.43,3089.93,535688.88,1649150940.8898
2025-11-16 20:00:00+00:00,3089.93,3116.18,3001.0,3093.69,303193.41,929116171.5901
2025-11-17 00:00:00+00:00,3093.69,3179.69,3067.04,3175.82,314667.71,985173321.2829
2025-11-17 04:00:00+00:00,3175.82,3207.74,3165.22,3197.09,164870.66,525349625.1418
2025-11-17 08:00:00+00:00,3197.09,3222.9,3178.24,3202.69,153897.78,492427708.6635
2025-11-17 12:00:00+00:00,3202.69,3210.01,3093.0,3119.28,572935.38,1803048822.0572
2025-11-17 16:00:00+00:00,3119.28,3141.83,2970.53,2980.65,633701.4400000001,1932970600.9555001
2025-11-17 20:00:00+00:00,2980.65,3031.0,2957.4,3030.0,336418.42,1008617555.1073
2025-11-18 00:00:00+00:00,3030.0,3049.22,2943.51,3023.27,494829.73,1485270503.1533
2025-11-18 04:00:00+00:00,3023.27,3034.0,2957.13,3023.37,339230.64,1017747952.464
2025-11-18 08:00:00+00:00,3023.37,3073.3,3023.37,3056.91,291747.74,890419285.9859
2025-11-18 12:00:00+00:00,3056.91,3123.83,3020.09,3105.98,463765.11,1424113463.5474
2025-11-18 16:00:00+00:00,3105.98,3170.0,3098.52,3144.57,363337.64,1142610606.2256
2025-11-18 20:00:00+00:00,3144.57,3149.52,3094.53,3122.03,165732.59,516602802.6013
2025-11-19 00:00:00+00:00,3122.03,3124.83,3066.73,3071.37,229500.43,710754428.0793
2025-11-19 04:00:00+00:00,3071.37,3086.81,2990.17,3083.69,415276.19,1261640571.3602
2025-11-19 08:00:00+00:00,3083.69,3111.37,3051.45,3082.4,285518.07,879920364.3472
2025-11-19 12:00:00+00:00,3082.4,3108.49,2964.66,2971.15,614751.12,1870391019.2037
2025-11-19 16:00:00+00:00,2971.15,2985.0,2871.11,2880.16,618173.88,1805876267.2205
2025-11-19 20:00:00+00:00,2880.16,3027.95,2873.2,3024.3,530253.17,1571388916.6742
2025-11-20 00:00:00+00:00,3024.3,3057.63,3003.73,3038.1,257786.86,782492992.9426
2025-11-20 04:00:00+00:00,3038.1,3063.15,3006.54,3038.36,245337.32,743840355.928
2025-11-20 08:00:00+00:00,3038.36,3045.32,2990.69,3022.66,217428.21,655573640.7932
2025-11-20 12:00:00+00:00,3022.66,3050.0,2950.19,2953.78,657561.42,1969152082.9483
2025-11-20 16:00:00+00:00,2953.78,2959.82,2788.4,2846.44,1124631.94,3209975934.0435
2025-11-20 20:00:00+00:00,2846.44,2904.96,2816.51,2832.85,357193.16,1021790180.8627
2025-11-21 00:00:00+00:00,2832.85,2885.71,2769.35,2807.07,438809.26,1241718576.6049001
2025-11-21 04:00:00+00:00,2807.07,2832.76,2646.3,2719.23,741243.98,2032830379.3284
2025-11-21 08:00:00+00:00,2719.23,2754.63,2662.23,2687.49,581214.56,1573725560.4592
2025-11-21 12:00:00+00:00,2687.49,2780.23,2620.76,2703.89,989722.0,2694574306.3501
2025-11-21 16:00:00+00:00,2703.89,2806.99,2673.49,2750.81,577303.61,1584668963.8193
2025-11-21 20:00:00+00:00,2750.81,2775.43,2706.11,2764.85,269665.15,739467984.6123
2025-11-22 00:00:00+00:00,2764.85,2783.11,2738.0,2751.26,114929.88,317242874.6158
2025-11-22 04:00:00+00:00,2751.26,2769.99,2724.77,2755.36,125475.91,344721049.3092
2025-11-22 08:00:00+00:00,2755.36,2755.52,2702.63,2733.68,183428.07,499977841.0976
2025-11-22 12:00:00+00:00,2733.68,2754.35,2709.62,2737.82,171532.3,468733636.7752
2025-11-22 16:00:00+00:00,2737.82,2758.35,2733.8,2749.11,87438.68000000001,240314730.4876
2025-11-22 20:00:00+00:00,2749.11,2798.79,2731.55,2768.85,142350.2,393578032.4163
2025-11-23 00:00:00+00:00,2768.85,2833.55,2766.68,2823.33,158150.52,443626721.7685
2025-11-23 04:00:00+00:00,2823.33,2852.07,2775.55,2791.97,230666.93,649452990.9365
2025-11-23 08:00:00+00:00,2791.97,2823.0,2791.85,2814.61,107363.89,301499306.4491
2025-11-23 12:00:00+00:00,2814.61,2857.25,2807.98,2834.59,216066.09,611661703.0426
2025-11-23 16:00:00+00:00,2834.59,2845.81,2784.53,2821.37,181921.31,511193091.0043
2025-11-23 20:00:00+00:00,2821.37,2843.99,2793.26,2800.65,146027.07,412031913.132
2025-11-24 00:00:00+00:00,2800.65,2867.04,2761.44,2854.95,315269.51,887691170.4164
2025-11-24 04:00:00+00:00,2854.95,2885.41,2801.21,2828.51,284904.47,810216843.7007
2025-11-24 08:00:00+00:00,2828.51,2841.64,2786.21,2801.96,187780.47,526825432.3433
2025-11-24 12:00:00+00:00,2801.96,2859.96,2782.3,2845.21,327735.19,924194662.2287999
2025-11-24 16:00:00+00:00,2845.21,2979.0,2841.15,2957.31,448903.36,1310507333.724
2025-11-24 20:00:00+00:00,2957.31,2986.25,2945.68,2952.28,201517.19,597501978.1301
2025-11-25 00:00:00+00:00,2952.28,2952.29,2902.54,2910.2,198215.57,580095365.3589
2025-11-25 04:00:00+00:00,2910.2,2941.66,2896.65,2901.27,153028.04,446827976.1037
2025-11-25 08:00:00+00:00,2901.27,2908.25,2863.0,2889.42,237128.13,684268172.2731
2025-11-25 12:00:00+00:00,2889.42,2933.3,2852.29,2894.48,470405.55,1362132951.8634
2025-11-25 16:00:00+00:00,2894.48,2958.66,2870.01,2921.41,346870.29,1012639815.2231
2025-11-25 20:00:00+00:00,2921.41,2979.39,2905.03,2958.0,209887.56,617145916.9262
2025-11-26 00:00:00+00:00,2958.0,2983.2,2917.16,2925.09,167840.39,495759631.6389
2025-11-26 04:00:00+00:00,2925.09,2953.71,2918.42,2942.9,138756.57,407556653.0952
2025-11-26 08:00:00+00:00,2942.9,2948.23,2899.37,2912.84,159644.53,465063244.2372
2025-11-26 12:00:00+00:00,2912.84,2946.4,2886.59,2926.75,312548.08,911639752.9521
2025-11-26 16:00:00+00:00,2926.75,3044.14,2925.09,3030.99,427194.93,1281280258.7321
2025-11-26 20:00:00+00:00,3030.99,3034.93,3006.53,3024.64,108847.35,328953241.2443
2025-11-27 00:00:00+00:00,3024.64,3069.99,3003.0,3032.16,228048.87,693374210.264
2025-11-27 04:00:00+00:00,3032.16,3053.33,3015.62,3032.2,109672.51,332412265.998
2025-11-27 08:00:00+00:00,3032.2,3043.46,3016.17,3026.8,95742.15,289971458.8213
2025-11-27 12:00:00+00:00,3026.8,3028.95,2984.0,3009.54,213217.06,639545230.3158
2025-11-27 16:00:00+00:00,3009.54,3038.0,3002.47,3030.76,120624.78,364450539.6992
2025-11-27 20:00:00+00:00,3030.76,3043.02,3001.82,3013.92,95558.7,289029908.2646
2025-11-28 00:00:00+00:00,3013.92,3022.72,2992.5,3007.1,114037.04,342542530.7011
2025-11-28 04:00:00+00:00,3007.1,3028.2,2998.45,2999.99,110314.38,332512398.0022
2025-11-28 08:00:00+00:00,2999.99,3076.78,2999.71,3032.44,231904.82,705727994.6749
2025-11-28 12:00:00+00:00,3032.44,3097.64,3024.0,3071.98,298857.38,916056324.7267001
2025-11-28 16:00:00+00:00,3071.98,3072.79,3009.28,3048.77,300706.36,912597170.8651
2025-11-28 20:00:00+00:00,3048.77,3058.65,3013.62,3029.62,112660.72,342262915.2428
2025-11-29 00:00:00+00:00,3029.62,3052.06,3015.77,3021.12,82799.8,251154631.3528
2025-11-29 04:00:00+00:00,3021.12,3044.0,2990.0,3003.14,150586.58,453701198.5105
2025-11-29 08:00:00+00:00,3003.14,3010.18,2980.89,2998.35,97359.07,291936330.1092
2025-11-29 12:00:00+00:00,2998.35,3013.33,2984.1,3005.75,108042.95,323974939.80370003
2025-11-29 16:00:00+00:00,3005.75,3010.5,2960.0,2987.12,197932.57,590348524.2202
2025-11-29 20:00:00+00:00,2987.12,2998.0,2980.2,2988.18,59484.68,177779022.2804
2025-11-30 00:00:00+00:00,2988.18,3012.9,2972.61,3000.53,95789.45,286898267.9659
2025-11-30 04:00:00+00:00,3000.53,3008.91,2983.45,3003.6,59095.0,177051704.3559
2025-11-30 08:00:00+00:00,3003.6,3017.84,2997.0,3001.67,87571.84,263372973.6519
2025-11-30 12:00:00+00:00,3001.67,3052.71,2998.2,3027.34,204106.56,619172317.7908
2025-11-30 16:00:00+00:00,3027.34,3048.29,3026.71,3033.45,92730.12,281611821.7066
2025-11-30 20:00:00+00:00,3033.45,3040.2,2987.55,2989.61,146839.46,442480360.1353
2025-12-01 00:00:00+00:00,2989.61,2997.41,2812.02,2824.49,649301.98,1866773725.1279001
2025-12-01 04:00:00+00:00,2824.49,2842.17,2804.65,2838.27,204286.08,576453944.0585
2025-12-01 08:00:00+00:00,2838.27,2853.12,2826.62,2836.23,172721.88,490357302.8943
2025-12-01 12:00:00+00:00,2836.23,2838.78,2718.01,2744.66,648665.83,1811168637.3736
2025-12-01 16:00:00+00:00,2744.66,2758.15,2716.65,2739.1,310618.64,850762040.8687
2025-12-01 20:00:00+00:00,2739.1,2817.94,2738.42,2797.2,262748.35,731234474.0777
2025-12-02 00:00:00+00:00,2797.2,2823.77,2779.33,2803.25,190887.07,534615592.195
2025-12-02 04:00:00+00:00,2803.25,2815.89,2795.8,2804.34,113159.39,317528196.4064
2025-12-02 08:00:00+00:00,2804.34,2833.96,2780.7,2824.81,165227.84,464071879.6261
2025-12-02 12:00:00+00:00,2824.81,3023.8,2815.3,3004.99,707015.84,2061266860.395
2025-12-02 16:00:00+00:00,3004.99,3033.0,2985.37,3014.65,383633.9,1154983975.6743
2025-12-02 20:00:00+00:00,3014.65,3021.17,2971.61,2994.84,226908.81,679886783.33
2025-12-03 00:00:00+00:00,2994.84,3047.68,2983.27,3028.95,205659.42,621436916.1685
2025-12-03 04:00:00+00:00,3028.95,3084.37,3027.54,3056.67,239745.01,733535848.0285
2025-12-03 08:00:00+00:00,3056.67,3078.05,3042.73,3072.08,177181.9,541929297.362
2025-12-03 12:00:00+00:00,3072.08,3144.74,3028.0,3085.0,580218.77,1787948590.4661999
2025-12-03 16:00:00+00:00,3085.0,3141.58,3062.8,3127.14,267079.93,830884000.8083
2025-12-03 20:00:00+00:00,3127.14,3216.01,3115.47,3186.56,365182.87,1154949814.1304
2025-12-04 00:00:00+00:00,3186.56,3239.53,3172.49,3208.19,256793.89,823374284.3356
2025-12-04 04:00:00+00:00,3208.19,3218.52,3167.88,3188.98,247826.84,791871706.1501
2025-12-04 08:00:00+00:00,3188.98,3207.11,3173.11,3185.0,125681.9,400693323.9907
2025-12-04 12:00:00+00:00,3185.0,3224.63,3137.48,3206.58,367356.99,1166545885.3019
2025-12-04 16:00:00+00:00,3206.58,3224.15,3064.22,3117.61,512872.61,1610457966.502
2025-12-04 20:00:00+00:00,3117.61,3150.89,3103.74,3131.9,244761.68,766100026.7579
2025-12-05 00:00:00+00:00,3131.9,3191.63,3130.87,3169.17,154042.32,487493814.7356
2025-12-05 04:00:00+00:00,3169.17,3181.2,3150.0,3172.46,150266.1,475660824.54
2025-12-05 08:00:00+00:00,3172.46,3172.46,3105.98,3130.25,278901.66,873516822.1133
2025-12-05 12:00:00+00:00,3130.25,3157.45,3080.34,3104.39,450400.4,1403128351.9768
2025-12-05 16:00:00+00:00,3104.39,3107.1,2980.01,3036.79,690713.4,2095128473.1242
2025-12-05 20:00:00+00:00,3036.79,3047.88,3004.59,3020.32,129878.31,392888392.0145
2025-12-06 00:00:00+00:00,3020.32,3044.91,3010.61,3038.89,70523.93000000001,213520093.0204
2025-12-06 04:00:00+00:00,3038.89,3041.5,3020.56,3024.55,62652.619999999995,190000450.1683
2025-12-06 08:00:00+00:00,3024.55,3040.66,3011.22,3037.16,91259.52,276077212.1721
2025-12-06 12:00:00+00:00,3037.16,3068.72,3023.58,3040.18,173712.58000000002,528642451.999
2025-12-06 16:00:00+00:00,3040.18,3065.0,3023.62,3028.8,125358.23,381672471.9567
2025-12-06 20:00:00+00:00,3028.8,3053.44,3024.87,3036.68,75888.56,230544479.2027
2025-12-07 00:00:00+00:00,3036.68,3056.26,3030.67,3052.79,60475.77,184192488.495
2025-12-07 04:00:00+00:00,3052.79,3056.99,3029.09,3035.8,55503.42,168818666.3005
2025-12-07 08:00:00+00:00,3035.8,3042.59,3023.0,3034.53,83704.76,253832266.3888
2025-12-07 12:00:00+00:00,3034.53,3052.49,2909.0,3025.89,534620.14,1593820687.9516
2025-12-07 16:00:00+00:00,3025.89,3148.98,2997.92,3136.66,488465.05,1507780421.8234
2025-12-07 20:00:00+00:00,3136.66,3146.17,3011.2,3058.08,349681.7,1073555959.5815
2025-12-08 00:00:00+00:00,3058.08,3133.66,3038.77,3109.38,206847.64,639652575.4139
2025-12-08 04:00:00+00:00,3109.38,3139.47,3107.0,3132.62,163260.66,510683990.1773
2025-12-08 08:00:00+00:00,3132.62,3179.84,3123.45,3141.0,198935.79,627153277.7553
2025-12-08 12:00:00+00:00,3141.0,3177.65,3086.0,3099.49,566736.71,1773586611.3812
2025-12-08 16:00:00+00:00,3099.49,3131.92,3071.68,3117.25,368564.48,1145622764.6915
2025-12-08 20:00:00+00:00,3117.25,3152.75,3111.67,3123.28,150806.93,472415135.7565
2025-12-09 00:00:00+00:00,3123.28,3142.56,3088.63,3128.38,175752.69,546680504.2127
2025-12-09 04:00:00+00:00,3128.38,3130.76,3094.0,3121.34,181690.0,565101700.9337
2025-12-09 08:00:00+00:00,3121.34,3129.76,3090.29,3116.68,152483.93,474269863.2054
2025-12-09 12:00:00+00:00,3116.68,3256.18,3096.02,3244.2,612917.51,1939218943.8009999
2025-12-09 16:00:00+00:00,3244.2,3397.8,3244.19,3356.31,731403.61,2439386797.039
2025-12-09 20:00:00+00:00,3356.31,3359.74,3282.18,3316.08,289095.95,959887840.1362
2025-12-10 00:00:00+00:00,3316.08,3326.45,3286.0,3307.68,122431.18,404713492.8312
2025-12-10 04:00:00+00:00,3307.68,3334.58,3304.51,3326.0,91157.39,302571075.6177
2025-12-10 08:00:00+00:00,3326.0,3376.74,3295.17,3316.47,229686.2,764381821.1935999
2025-12-10 12:00:00+00:00,3316.47,3338.26,3301.4,3326.7,189254.69,628649076.9482
2025-12-10 16:00:00+00:00,3326.7,3434.0,3319.09,3389.14,687719.8,2323453514.7263002
2025-12-10 20:00:00+00:00,3389.14,3447.53,3314.6,3322.04,467194.42,1573539019.1668
2025-12-11 00:00:00+00:00,3322.04,3325.77,3164.51,3189.6,474829.47,1536695767.5261
2025-12-11 04:00:00+00:00,3189.6,3213.95,3178.63,3199.36,209682.15,670891654.9555
2025-12-11 08:00:00+00:00,3199.36,3211.73,3176.16,3190.86,150467.15,480754795.6846
2025-12-11 12:00:00+00:00,3190.86,3210.0,3141.76,3177.79,497408.45,1581298107.7404
2025-12-11 16:00:00+00:00,3177.79,3233.07,3153.42,3192.8,379039.91,1210598943.9955
2025-12-11 20:00:00+00:00,3192.8,3271.4,3190.95,3235.85,299049.96,968640926.0886
2025-12-12 00:00:00+00:00,3235.85,3265.33,3182.21,3243.82,232986.43,752769340.0755
2025-12-12 04:00:00+00:00,3243.82,3263.84,3230.37,3244.88,110091.55,357650376.1567
2025-12-12 08:00:00+00:00,3244.88,3254.6,3223.74,3240.89,117924.43,382060437.5777
2025-12-12 12:00:00+00:00,3240.89,3250.0,3055.0,3070.01,638374.2,2014064158.9415
2025-12-12 16:00:00+00:00,3070.01,3099.5,3042.13,3071.69,515152.97,1582396634.1372
2025-12-12 20:00:00+00:00,3071.69,3094.96,3065.74,3083.26,97223.59,299600406.6933
2025-12-13 00:00:00+00:00,3083.26,3093.52,3076.48,3088.78,59937.74,184947107.2903
2025-12-13 04:00:00+00:00,3088.78,3095.0,3082.57,3092.88,58555.17,180912989.1177
2025-12-13 08:00:00+00:00,3092.88,3135.0,3090.8,3118.05,185881.37,579551946.0509
2025-12-13 12:00:00+00:00,3118.05,3126.0,3092.41,3108.24,145999.99,453794733.1752
2025-12-13 16:00:00+00:00,3108.24,3115.19,3094.7,3106.65,70682.25,219334068.3736
2025-12-13 20:00:00+00:00,3106.65,3118.71,3077.0,3112.58,80581.72,250012506.8049
2025-12-14 00:00:00+00:00,3112.58,3128.19,3101.93,3117.41,64108.71,199827210.8287
2025-12-14 04:00:00+00:00,3117.41,3120.8,3102.34,3113.74,61373.62,190817256.3878
2025-12-14 08:00:00+00:00,3113.74,3118.24,3045.85,3083.1,207644.84,640975843.9499
2025-12-14 12:00:00+00:00,3083.1,3107.0,3067.64,3082.99,203820.28,629536731.9047
2025-12-14 16:00:00+00:00,3082.99,3106.49,3072.04,3091.43,132673.52,409763968.5035
2025-12-14 20:00:00+00:00,3091.43,3096.0,3023.04,3061.88,246743.66,756257861.9103
2025-12-15 00:00:00+00:00,3061.88,3149.99,3055.02,3107.08,246567.44,765349856.9394
2025-12-15 04:00:00+00:00,3107.08,3145.0,3102.37,3127.61,106309.11,332040568.3226
2025-12-15 08:00:00+00:00,3127.61,3176.62,3124.03,3155.95,163050.96,513900462.938
2025-12-15 12:00:00+00:00,3155.95,3158.17,2982.8,3009.02,662721.06,2025649127.8408
2025-12-15 16:00:00+00:00,3009.02,3016.7,2893.0,2938.78,576456.33,1701963476.7505
2025-12-15 20:00:00+00:00,2938.78,2968.14,2914.65,2963.26,192766.37,566761082.9045
2025-12-16 00:00:00+00:00,2963.26,2977.04,2920.38,2935.19,239238.93,704959370.3587
2025-12-16 04:00:00+00:00,2935.19,2949.94,2873.68,2922.16,266726.03,777701918.2707
2025-12-16 08:00:00+00:00,2922.16,2963.54,2918.09,2956.7,167468.98,492387298.6496
2025-12-16 12:00:00+00:00,2956.7,2982.9,2906.4,2906.79,195486.58000000002,575126049.0236
